"Date ","Symbol ","Security Name ","Client Name ","Buy / Sell ","Quantity Traded ","Trade Price / Wght. Avg. Price ","Remarks "
"09-SEP-2024","TRENT","Trent Ltd.","DODONA HOLDINGS LIMITED","SELL","10,18,500","7,020.00",
"09-SEP-2024","TRENT","Trent Ltd.","SIDDHARTHA YOG","BUY","10,18,500","7,020.00",
"10-SEP-2024","TRENT","Trent Ltd.","DODONA HOLDINGS LIMITED","SELL","1,19,900","7,080.00",
"10-SEP-2024","TRENT","Trent Ltd.","SIDDHARTHA YOG","BUY","1,19,900","7,080.00",
"11-SEP-2024","ARVINDFASN","Arvind Fashions Limited","ICICI PRUDENTIAL LIFE INSURANCE CO LTD","BUY","43,48,000","574.85",
"11-SEP-2024","ARVINDFASN","Arvind Fashions Limited","MAHINDRA MANULIFE MUTUAL FUND","BUY","12,75,000","574.85",
"11-SEP-2024","ARVINDFASN","Arvind Fashions Limited","MULTIPLES PRIVATE EQUITY FUND II LLP","SELL","4,58,614","574.85",
"11-SEP-2024","ARVINDFASN","Arvind Fashions Limited","PLENTY CI FUND I LIMITED","SELL","17,76,592","574.85",
"11-SEP-2024","ARVINDFASN","Arvind Fashions Limited","PLENTY PRIVATE EQUITY FUND I LIMITED","SELL","33,87,794","574.85",
"12-SEP-2024","PNBHOUSING","PNB Housing Fin Ltd.","ASIA OPPORTUNITIES V (MAURITIUS) LIMITED","SELL","16,22,000","1,097.30",
"12-SEP-2024","PNBHOUSING","PNB Housing Fin Ltd.","GOLDMAN SACHS (SINGAPORE) PTE.- ODI","BUY","92,000","1,097.30",
"12-SEP-2024","PNBHOUSING","PNB Housing Fin Ltd.","GOVERNMENT OF SINGAPORE","BUY","13,16,168","1,097.30",
"12-SEP-2024","PNBHOUSING","PNB Housing Fin Ltd.","MONETARY AUTHORITY OF SINGAPORE","BUY","2,13,832","1,097.30",
"13-SEP-2024","EDELWEISS","Edelweiss Fin Serv Ltd","ABU DHABI INVESTMENT AUTHORITY","BUY","35,68,500","124.00",
"13-SEP-2024","EDELWEISS","Edelweiss Fin Serv Ltd","ASHOKA INDIA EQUITY INVESTMENT TRUST PLC","BUY","6,60,300","124.00",
"13-SEP-2024","EDELWEISS","Edelweiss Fin Serv Ltd","EDELWEISS EMPLOYEES WELFARE TRUST","SELL","98,79,000","124.00",
"13-SEP-2024","EDELWEISS","Edelweiss Fin Serv Ltd","INDIA ACORN ICAV","BUY","53,73,800","124.00",
"13-SEP-2024","EDELWEISS","Edelweiss Fin Serv Ltd","INDIA ACORN ICAV - ASHOKA WHITEOAK EMERGING MARKETS EQUITY FUND","BUY","2,76,400","124.00",
"13-SEP-2024","JAGSNPHARM","Jagsonpal Pharma Ltd.","INFINITY HOLDINGS","SELL","22,00,000","400.00",
"13-SEP-2024","JAGSNPHARM","Jagsonpal Pharma Ltd.","INFINITY PORTFOLIO HOLDINGS","BUY","22,00,000","400.00",
"16-SEP-2024","EDELWEISS","Edelweiss Fin Serv Ltd","EDELWEISS EMPLOYEES WELFARE TRUST","SELL","27,50,000","124.00",
"16-SEP-2024","EDELWEISS","Edelweiss Fin Serv Ltd","WHITEOAK CAPITAL ASSET MANAGEMENT LIMITED","BUY","12,66,070","124.00",
"16-SEP-2024","EDELWEISS","Edelweiss Fin Serv Ltd","WHITEOAK CAPITAL ASSET MANAGEMENT LIMITED","BUY","14,83,930","124.00",
"16-SEP-2024","GANESHHOUC","Ganesh Housing Corp Ltd","KOTAK JAYESHBHAI TALAKSHIBHAI","BUY","1,75,000","820.00",
"16-SEP-2024","GANESHHOUC","Ganesh Housing Corp Ltd","KUNVARJI INFRA PROPERTIES PRIVATE LIMITED","SELL","1,75,000","820.00",
"17-SEP-2024","NUVOCO","Nuvoco Vistas Corp Ltd","KOTAK SPECIAL SITUATIONS FUND","SELL","45,00,000","352.00",
"17-SEP-2024","NUVOCO","Nuvoco Vistas Corp Ltd","SBI MUTUAL FUND","BUY","45,00,000","352.00",
"17-SEP-2024","TRENT","Trent Ltd.","DODONA HOLDINGS LIMITED","SELL","10,95,820","7,330.00",
"17-SEP-2024","TRENT","Trent Ltd.","SIDDHARTHA YOG","BUY","10,95,820","7,330.00",
"18-SEP-2024","RBA","Restaurant Brand Asia Ltd","MIRAE ASSET MUTUAL FUND","BUY","1,07,46,200","105.00",
"18-SEP-2024","RBA","Restaurant Brand Asia Ltd","QSR ASIA PTE LTD","SELL","1,07,46,200","105.00",
"23-SEP-2024","CAPACITE","Capacite Infraproject Ltd","RAHUL RAMNATH KATYAL","SELL","3,75,000","396.00",
"23-SEP-2024","CAPACITE","Capacite Infraproject Ltd","SUBIR MALHOTRA","BUY","3,75,000","396.00",
"23-SEP-2024","V2RETAIL","V2 Retail Limited","INDIA 2020 FUND II LIMITED","SELL","7,34,800","1,160.00",
"23-SEP-2024","V2RETAIL","V2 Retail Limited","MOTILAL OSWAL MUTUAL FUND - MOTILAL OSWAL LARGE AND MIDCAP FUND","BUY","7,34,800","1,160.00",
"24-SEP-2024","TRENT","Trent Ltd.","DODONA HOLDINGS LIMITED","SELL","10,73,330","7,533.00",
"24-SEP-2024","TRENT","Trent Ltd.","SIDDHARTHA YOG","BUY","10,73,330","7,533.00",
"25-SEP-2024","CAPACITE","Capacite Infraproject Ltd","RAHUL RAMNATH KATYAL","SELL","3,75,000","396.00",
"25-SEP-2024","CAPACITE","Capacite Infraproject Ltd","SUBIR MALHOTRA","BUY","3,75,000","396.00",
"25-SEP-2024","EDELWEISS","Edelweiss Fin Serv Ltd","EDELWEISS EMPLOYEES WELFARE TRUST","SELL","18,37,000","136.05",
"25-SEP-2024","EDELWEISS","Edelweiss Fin Serv Ltd","MADHUSILICA PVT.LTD.","BUY","18,37,000","136.05",
"26-SEP-2024","FIVESTAR","Five-Star Bus Fin Ltd","AWARE SUPER","BUY","9,60,637","800.50",
"26-SEP-2024","FIVESTAR","Five-Star Bus Fin Ltd","BEST INVESTMENT CORPORATION","BUY","4,04,748","800.50",
"26-SEP-2024","FIVESTAR","Five-Star Bus Fin Ltd","CBJ AS TRUSTEE FOR SMBCTB EMERGING MARKETS IMPACT MF","BUY","24,045","800.50",
"26-SEP-2024","FIVESTAR","Five-Star Bus Fin Ltd","DENDANA INVESTMENTS MAURITIUS LIMITED","BUY","28,270","800.50",
"26-SEP-2024","FIVESTAR","Five-Star Bus Fin Ltd","FAST   EMERGING MARKETS FUND","BUY","60,362","800.50",
"26-SEP-2024","FIVESTAR","Five-Star Bus Fin Ltd","FIDEILITY FUND PACIFIC FUND","BUY","3,35,036","800.50",
"26-SEP-2024","FIVESTAR","Five-Star Bus Fin Ltd","FIDELITY EMERGING MARKETS FOCUS INSTITUTIONAL TRUST","BUY","23,616","800.50",
"26-SEP-2024","FIVESTAR","Five-Star Bus Fin Ltd","FIDELITY FUND EMERGING MARKETS FUND A/C FIDELITY FUND EMERGING MARKETS","BUY","13,14,620","800.50",
"26-SEP-2024","FIVESTAR","Five-Star Bus Fin Ltd","FIDELITY FUNDS - EMERGING MARKETS FOCUS FUND","BUY","15,04,810","800.50",
"26-SEP-2024","FIVESTAR","Five-Star Bus Fin Ltd","FIDELITY FUNDS - SUSTAINABLE EMERGING MARKERTS EX CHINA FUND","BUY","6,438","800.50",
"26-SEP-2024","FIVESTAR","Five-Star Bus Fin Ltd","FIDELITY FUNDS.- INDIA FOCUS FUND","BUY","9,99,347","800.50",
"26-SEP-2024","FIVESTAR","Five-Star Bus Fin Ltd","FIDELITY GLOBAL EMERGING MARKETS FUND","BUY","1,32,568","800.50",
"26-SEP-2024","FIVESTAR","Five-Star Bus Fin Ltd","FIDELITY GLOBAL EMERGING MARKETS FUND","BUY","3,28,764","800.50",
"26-SEP-2024","FIVESTAR","Five-Star Bus Fin Ltd","FIDELITY INDIA FUND","BUY","67,996","800.50",
"26-SEP-2024","FIVESTAR","Five-Star Bus Fin Ltd","FIDELITY INSTITUTIONAL FUNDS ICVC EMERGING MARKETS FUND","BUY","7,67,663","800.50",
"26-SEP-2024","FIVESTAR","Five-Star Bus Fin Ltd","FIDELITY MGMT AND RESEARCH CO A/C FIDELITY KOREA   INDIA EQUITY INVESTMENT TRUST   MOTHER","BUY","51,743","800.50",
"26-SEP-2024","FIVESTAR","Five-Star Bus Fin Ltd","FIDELITY RUTLAND SQUARE TRUST II STRATEGIC ADVISERS FID EMG MARKETS FUND","BUY","7,60,617","800.50",
"26-SEP-2024","FIVESTAR","Five-Star Bus Fin Ltd","FIDELITY RUTLAND SQUARE TRUST II: STRATEGIC ADVISERS EMERGING MARKETS FUND","BUY","1,24,773","800.50",
"26-SEP-2024","FIVESTAR","Five-Star Bus Fin Ltd","GENESIS EMERGING MARKETS FUND LIMITED","BUY","3,04,553","800.50",
"26-SEP-2024","FIVESTAR","Five-Star Bus Fin Ltd","HELABA INVEST KAPITALANLAGEGESELLSCHAFT MBH ON BEHALF OF HI-KAPPA-FONDS","BUY","35,193","800.50",
"26-SEP-2024","FIVESTAR","Five-Star Bus Fin Ltd","HELABA INVEST KAPITALANLAGEGESELLSCHAFT MBH ON BEHALF OF HI-SZVA-FONDS","BUY","53,889","800.50",
"26-SEP-2024","FIVESTAR","Five-Star Bus Fin Ltd","INTERNATIONAL BANK FOR RECONSTRUCTION AND DEVELOPMENT","BUY","50,938","800.50",
"26-SEP-2024","FIVESTAR","Five-Star Bus Fin Ltd","INTERNATIONAL BANK FOR RECONSTRUCTION AND DEVELOPMENT","BUY","30,983","800.50",
"26-SEP-2024","FIVESTAR","Five-Star Bus Fin Ltd","INTERNATIONAL BANK FOR RECONSTRUCTION AND DEVELOPMENT","BUY","3,10,641","800.50",
"26-SEP-2024","FIVESTAR","Five-Star Bus Fin Ltd","INTERNATIONAL MONETARY FUND","BUY","5,20,180","800.50",
"26-SEP-2024","FIVESTAR","Five-Star Bus Fin Ltd","JANA EMERGING MARKETS SHARE TRUST","BUY","61,205","800.50",
"26-SEP-2024","FIVESTAR","Five-Star Bus Fin Ltd","LGT SELECT FUNDS-LGT SELECT EQUITY EMERGING MARKETS","BUY","1,70,034","800.50",
"26-SEP-2024","FIVESTAR","Five-Star Bus Fin Ltd","NEF AZIONARIO PACIFICO","BUY","1,00,822","800.50",
"26-SEP-2024","FIVESTAR","Five-Star Bus Fin Ltd","OMNIS PORTFOLIO INVEST ICVC-OMNIS GLOBAL EMERGING MARKETS EQ LEADERS FUND","BUY","5,21,301","800.50",
"26-SEP-2024","FIVESTAR","Five-Star Bus Fin Ltd","OPTIMIX WHOLESALE GLOBAL EMERGING MARKETS SHARE TRUST","BUY","1,86,774","800.50",
"26-SEP-2024","FIVESTAR","Five-Star Bus Fin Ltd","PEAK XV PARTNERS INVESTMENTS V","SELL","64,93,538","800.50",
"26-SEP-2024","FIVESTAR","Five-Star Bus Fin Ltd","SAUDI ARABIAN MONETARY AUTHORITY","BUY","14,33,666","800.50",
"26-SEP-2024","FIVESTAR","Five-Star Bus Fin Ltd","TPG ASIA VII SF PTE LTD","SELL","70,74,385","800.50",
"26-SEP-2024","FIVESTAR","Five-Star Bus Fin Ltd","TT EM EX CHINA EQUITY FUND","BUY","20,805","800.50",
"26-SEP-2024","FIVESTAR","Five-Star Bus Fin Ltd","TT EMERGING MARKETS EQUITY FUND","BUY","2,09,689","800.50",
"26-SEP-2024","FIVESTAR","Five-Star Bus Fin Ltd","TT EMERGING MARKETS OPPORTUNITIES FUND","BUY","30,566","800.50",
"26-SEP-2024","FIVESTAR","Five-Star Bus Fin Ltd","TT EMERGING MARKETS OPPORTUNITIES FUND II LIMITED","BUY","3,91,958","800.50",
"26-SEP-2024","FIVESTAR","Five-Star Bus Fin Ltd","TT EMERGING MARKETS UNCONSTRAINED FUND","BUY","8,82,931","800.50",
"26-SEP-2024","FIVESTAR","Five-Star Bus Fin Ltd","TT HORIZON OPPORTUNITIES FUND LIMITED","BUY","3,37,563","800.50",
"26-SEP-2024","FIVESTAR","Five-Star Bus Fin Ltd","TT SUSTAINABLE EM EQUITY FUND","BUY","18,179","800.50",
"27-SEP-2024","BAJAJFINSV","Bajaj Finserv Limited","BACHHRAJ & CO PRIVATE LIMITED","BUY","2,51,000","2,005.00",
"27-SEP-2024","BAJAJFINSV","Bajaj Finserv Limited","NEELIMA BAJAJ FAMILY TRUST","SELL","2,51,000","2,005.00",
"27-SEP-2024","CAPACITE","Capacite Infraproject Ltd","RAHUL RAMNATH KATYAL","SELL","2,83,000","406.40",
"27-SEP-2024","CAPACITE","Capacite Infraproject Ltd","SUBIR MALHOTRA","BUY","2,83,000","406.40",
"27-SEP-2024","ONWARDTEC","Onward Technologies Ltd","INFINITY DIRECT HOLDINGS","SELL","19,20,000","411.35",
"27-SEP-2024","ONWARDTEC","Onward Technologies Ltd","INFINITY PORTFOLIO HOLDINGS","BUY","19,20,000","411.35",
"27-SEP-2024","SBCL","Shivalik Bimetal Con. Ltd","ADITYA BIRLA SUN LIFE MUTUAL FUND","BUY","10,00,000","610.60",
"27-SEP-2024","SBCL","Shivalik Bimetal Con. Ltd","AMAR ENGINEERING COMPANY PRIVATE LIMITED","SELL","21,21,465","610.60",
"27-SEP-2024","SBCL","Shivalik Bimetal Con. Ltd","AMBIT INVESTMENT ADVISORS PRIVATE LIMITED","BUY","1,77,175","610.60",
"27-SEP-2024","SBCL","Shivalik Bimetal Con. Ltd","ANGAD ESTATES PVT LTD","SELL","49,65,000","610.60",
"27-SEP-2024","SBCL","Shivalik Bimetal Con. Ltd","ASHOKA INDIA EQUITY INVESTMENT TRUST PLC","BUY","6,27,866","610.60",
"27-SEP-2024","SBCL","Shivalik Bimetal Con. Ltd","B. S. SANDHU & ASSOCIATES (P) LTD.","SELL","4,00,000","610.60",
"27-SEP-2024","SBCL","Shivalik Bimetal Con. Ltd","DSP MUTUAL FUND","BUY","9,00,800","610.60",
"27-SEP-2024","SBCL","Shivalik Bimetal Con. Ltd","FRANKLIN TEMPLETON MUTUAL FUND","BUY","17,70,912","610.60",
"27-SEP-2024","SBCL","Shivalik Bimetal Con. Ltd","HSBC MUTUAL FUND","BUY","5,73,207","610.60",
"27-SEP-2024","SBCL","Shivalik Bimetal Con. Ltd","INDIA ACORN FUND LTD","BUY","1,91,000","610.60",
"27-SEP-2024","SBCL","Shivalik Bimetal Con. Ltd","SBI MUTUAL FUND","BUY","31,10,467","610.60",
"27-SEP-2024","SBCL","Shivalik Bimetal Con. Ltd","SBI OPTIMAL EQUITY FUND","BUY","1,65,000","610.60",
"27-SEP-2024","SBCL","Shivalik Bimetal Con. Ltd","SUNDARAM MUTUAL FUND","BUY","6,58,069","610.60",
"27-SEP-2024","SBCL","Shivalik Bimetal Con. Ltd","ULTRA PORTFOLIO MANAGEMENT PRIVATE LIMITED","SELL","28,66,270","610.60",
"27-SEP-2024","SBCL","Shivalik Bimetal Con. Ltd","UTI MUTUAL FUND","BUY","10,14,465","610.60",
"27-SEP-2024","SBCL","Shivalik Bimetal Con. Ltd","WHITEOAK CAPITAL MUTUAL FUND","BUY","1,63,774","610.60",
"30-SEP-2024","BAJAJ-AUTO","Bajaj Auto Limited","BACHHRAJ & CO PRIVATE LIMITED","BUY","39,000","12,350.00",
"30-SEP-2024","BAJAJ-AUTO","Bajaj Auto Limited","NEELIMA BAJAJ FAMILY TRUST","SELL","39,000","12,350.00",
"30-SEP-2024","BAJAJFINSV","Bajaj Finserv Limited","BACHHRAJ & CO PRIVATE LIMITED","BUY","10,00,000","1,985.00",
"30-SEP-2024","BAJAJFINSV","Bajaj Finserv Limited","KUMUD NEELIMA FAMILY TRUST","SELL","5,00,000","1,985.00",
"30-SEP-2024","BAJAJFINSV","Bajaj Finserv Limited","KUMUD NIMISHA FAMILY TRUST","SELL","5,00,000","1,985.00",
"30-SEP-2024","IDEA","Vodafone Idea Limited","FINDOC INVESTMART PRIVATE LIMITED","BUY","99,99,999","10.32",
"30-SEP-2024","IDEA","Vodafone Idea Limited","TRANS GALACTIC TRADING FZ","SELL","99,99,999","10.32",
"30-SEP-2024","TRENT","Trent Ltd.","DODONA HOLDINGS LIMITED","SELL","10,83,570","7,465.00",
"30-SEP-2024","TRENT","Trent Ltd.","SIDDHARTHA YOG","BUY","10,83,570","7,465.00",
"08-OCT-2024","TRENT","Trent Ltd.","DODONA HOLDINGS LIMITED","SELL","10,68,120","7,940.00",
"08-OCT-2024","TRENT","Trent Ltd.","SIDDHARTHA YOG","BUY","10,68,120","7,940.00",
"14-OCT-2024","TARIL","Transformers And Rectifie","ADVANCED SERIES TRUST - AST PRUDENTIAL GROWTH ALLOCATION PORTFOLIO","BUY","24,796","780.30",
"14-OCT-2024","TARIL","Transformers And Rectifie","JITENDRA MAMTORA","SELL","27,00,000","780.30",
"14-OCT-2024","TARIL","Transformers And Rectifie","NEW YORK STATE TEACHERS RETIREMENT SYSTEM","BUY","13,60,047","780.30",
"14-OCT-2024","TARIL","Transformers And Rectifie","PGIM FUNDS PLC- PGIM JENNISON EMERGING MARKETS EQUITY FUND","BUY","66,663","780.30",
"14-OCT-2024","TARIL","Transformers And Rectifie","PRU WORLD FD INC. PGIM JENNISON EMERGING MARKETS EQUITY OPPORTUNITIES FUND","BUY","6,09,522","780.30",
"14-OCT-2024","TARIL","Transformers And Rectifie","SOCIETE GENERALE","BUY","2,38,972","780.30",
"14-OCT-2024","TARIL","Transformers And Rectifie","STALLION ASSET PRIVATE LIMITED","BUY","4,00,000","780.30",
"14-OCT-2024","TRENT","Trent Ltd.","DODONA HOLDINGS LIMITED","SELL","10,42,690","8,115.00",
"14-OCT-2024","TRENT","Trent Ltd.","SIDDHARTHA YOG","BUY","10,42,690","8,115.00",
"18-OCT-2024","ZOMATO","Zomato Limited","DHARAM PAL AGGARWAL","BUY","10,00,000","259.50",
"18-OCT-2024","ZOMATO","Zomato Limited","TRANS GALACTIC TRADING FZ","SELL","10,00,000","259.50",
"22-OCT-2024","TRENT","Trent Ltd.","DODONA HOLDINGS LIMITED","SELL","11,34,840","7,465.00",
"22-OCT-2024","TRENT","Trent Ltd.","SIDDHARTHA YOG","BUY","11,34,840","7,465.00",
"28-OCT-2024","TRENT","Trent Ltd.","DODONA HOLDINGS LIMITED","SELL","11,56,170","7,255.00",
"28-OCT-2024","TRENT","Trent Ltd.","SIDDHARTHA YOG","BUY","11,56,170","7,255.00",
"29-OCT-2024","RAMCOIND","Ramco Industries Ltd","RAJAPALAYAM MILLS LTD","BUY","33,91,500","232.05",
"29-OCT-2024","RAMCOIND","Ramco Industries Ltd","RAMCO MANAGEMENT PRIVATE LIMITED","BUY","1,07,00,000","232.05",
"29-OCT-2024","RAMCOIND","Ramco Industries Ltd","THE RAMCO CEMENTS LIMITED","SELL","1,40,91,500","232.05",
"04-NOV-2024","TRENT","Trent Ltd.","DODONA HOLDINGS LIMITED","SELL","12,00,920","6,985.00",
"04-NOV-2024","TRENT","Trent Ltd.","SIDDHARTHA YOG","BUY","12,00,920","6,985.00",
"05-NOV-2024","MOTILALOFS","Motilal Oswal Financial S","MOTILAL OSWAL FOUNDATION","SELL","3,75,000","933.30",
"05-NOV-2024","MOTILALOFS","Motilal Oswal Financial S","TATA MUTUAL FUND","BUY","3,75,000","933.30",
"06-NOV-2024","AMBUJACEM","Ambuja Cements Ltd","PI OPPORTUNITIES AIF V LLP","BUY","28,96,209","579.35",
"06-NOV-2024","AMBUJACEM","Ambuja Cements Ltd","PRAZIM TRADING AND INVESTMENT COMPANY PRIVATE LIMITED","SELL","28,96,209","579.35",
"06-NOV-2024","DIVISLAB","Divi's Laboratories Limit","PI OPPORTUNITIES AIF V LLP","BUY","80,324","5,979.65",
"06-NOV-2024","DIVISLAB","Divi's Laboratories Limit","PRAZIM TRADING AND INVESTMENT COMPANY PRIVATE LIMITED","SELL","80,324","5,979.65",
"06-NOV-2024","DODLA","Dodla Dairy Limited","BK LEGACY TRUST","BUY","85,500","1,170.00",
"06-NOV-2024","DODLA","Dodla Dairy Limited","VENKAT KRISHNA REDDY BUSIREDDY","SELL","85,500","1,170.00",
"06-NOV-2024","GODREJCP","Godrej Cons Products Ltd","PI OPPORTUNITIES AIF V LLP","BUY","11,42,566","1,269.35",
"06-NOV-2024","GODREJCP","Godrej Cons Products Ltd","PRAZIM TRADING AND INVESTMENT COMPANY PRIVATE LIMITED","SELL","11,42,566","1,269.35",
"06-NOV-2024","HDFCBANK","HDFC Bank Ltd.","PI OPPORTUNITIES AIF V LLP","BUY","12,55,133","1,751.55",
"06-NOV-2024","HDFCBANK","HDFC Bank Ltd.","PRAZIM TRADING AND INVESTMENT COMPANY PRIVATE LIMITED","SELL","12,55,133","1,751.55",
"06-NOV-2024","ICICIBANK","ICICI Bank Ltd.","PI OPPORTUNITIES AIF V LLP","BUY","55,88,695","1,306.85",
"06-NOV-2024","ICICIBANK","ICICI Bank Ltd.","PRAZIM TRADING AND INVESTMENT COMPANY PRIVATE LIMITED","SELL","55,88,695","1,306.85",
"06-NOV-2024","UNITDSPR","United Spirits Limited","PI OPPORTUNITIES AIF V LLP","BUY","14,21,589","1,456.15",
"06-NOV-2024","UNITDSPR","United Spirits Limited","PRAZIM TRADING AND INVESTMENT COMPANY PRIVATE LIMITED","SELL","14,21,589","1,456.15",
"07-NOV-2024","BAJAJHLDNG","Bajaj Holdings & Invs Ltd","CITIGROUP GLOBAL MARKETS MAURITIUS PRIVATE LIMITED","SELL","29,230","10,500.00",
"07-NOV-2024","BAJAJHLDNG","Bajaj Holdings & Invs Ltd","CITIGROUP GLOBAL MARKETS SINGAPORE PTE LIMITED","BUY","29,230","10,500.00",
"07-NOV-2024","HDFCBANK","HDFC Bank Ltd.","PI OPPORTUNITIES AIF V LLP","BUY","8,59,105","1,743.35",
"07-NOV-2024","HDFCBANK","HDFC Bank Ltd.","PRAZIM TRADING AND INVESTMENT COMPANY PRIVATE LIMITED","SELL","8,59,105","1,743.35",
"07-NOV-2024","JIOFIN","Jio Fin Services Ltd","CITIGROUP GLOBAL MARKETS MAURITIUS PRIVATE LIMITED","SELL","19,79,153","322.00",
"07-NOV-2024","JIOFIN","Jio Fin Services Ltd","CITIGROUP GLOBAL MARKETS SINGAPORE PTE LIMITED","BUY","19,79,153","322.00",
"07-NOV-2024","SONACOMS","Sona BLW Precision Frgs L","CITIGROUP GLOBAL MARKETS MAURITIUS PRIVATE LIMITED","SELL","4,32,682","709.00",
"07-NOV-2024","SONACOMS","Sona BLW Precision Frgs L","CITIGROUP GLOBAL MARKETS SINGAPORE PTE LIMITED","BUY","4,32,682","709.00",
"07-NOV-2024","TRENT","Trent Ltd.","DODONA HOLDINGS LIMITED","SELL","13,68,010","6,445.00",
"07-NOV-2024","TRENT","Trent Ltd.","SIDDHARTHA YOG","BUY","13,68,010","6,445.00",
"08-NOV-2024","WIPRO","Wipro Ltd","PRAZIM TRADERS","SELL","4,49,54,128","560.00",
"08-NOV-2024","WIPRO","Wipro Ltd","PRAZIM TRADING AND INVESTMENT COMPANY PVT LTD","BUY","8,49,54,128","560.00",
"08-NOV-2024","WIPRO","Wipro Ltd","ZASH TRADERS","SELL","4,00,00,000","560.00",
"13-NOV-2024","TRENT","Trent Ltd.","DODONA HOLDINGS LIMITED","SELL","13,52,380","6,495.00",
"13-NOV-2024","TRENT","Trent Ltd.","SIDDHARTHA YOG","BUY","13,52,380","6,495.00",
"14-NOV-2024","RKFORGE","Ramkrishna Forgings Ltd","SOCIETE GENERALE - ODI","SELL","2,00,000","922.80",
"14-NOV-2024","RKFORGE","Ramkrishna Forgings Ltd","THINK INDIA OPPORTUNITIES MASTER FUND LP","BUY","2,00,000","922.80",
"18-NOV-2024","MEDPLUS","Medplus Health Serv Ltd","FRANKLIN TEMPLETON MUTUAL FUND","BUY","16,07,867","700.00",
"18-NOV-2024","MEDPLUS","Medplus Health Serv Ltd","INVESCO MUTUAL FUND","BUY","30,71,429","700.00",
"18-NOV-2024","MEDPLUS","Medplus Health Serv Ltd","KOTAK MAHINDRA MUTUAL FUND","BUY","30,71,429","700.00",
"18-NOV-2024","MEDPLUS","Medplus Health Serv Ltd","MORGAN STANLEY ASIA SINGAPORE PTE","BUY","1,42,858","700.00",
"18-NOV-2024","MEDPLUS","Medplus Health Serv Ltd","PI OPPORTUNITIES FUND - I","SELL","68,93,583","700.00",
"18-NOV-2024","MEDPLUS","Medplus Health Serv Ltd","SBI MUTUAL FUND","SELL","10,00,000","700.00",
"19-NOV-2024","SASTASUNDR","Sastasundar Ventures Ltd","LUV-KUSH PROJECTS LIMITED","BUY","3,47,000","291.00",
"19-NOV-2024","SASTASUNDR","Sastasundar Ventures Ltd","MICROSEC VISION TRUST ONE","SELL","3,47,000","291.00",
"19-NOV-2024","TRENT","Trent Ltd.","DODONA HOLDINGS LIMITED","SELL","13,02,164","6,475.00",
"19-NOV-2024","TRENT","Trent Ltd.","SIDDHARTHA YOG","BUY","13,02,164","6,475.00",
"22-NOV-2024","SHREEPUSHK","Shre Push Chem & Fert Ltd","INDIA MAX INVESTMENT FUND LTD","SELL","4,26,683","267.00",
"22-NOV-2024","SHREEPUSHK","Shre Push Chem & Fert Ltd","MAPLE LEAF TRADING AND SERVICES LIMITED","BUY","4,26,683","267.00",
"02-DEC-2024","CIPLA","Cipla Ltd","ABU DHABI INVESTMENT AUTHORITY","BUY","55,300","1,518.75",
"02-DEC-2024","CIPLA","Cipla Ltd","ADITYA BIRLA SUN LIFE MUTUAL FUND","BUY","6,00,847","1,518.75",
"02-DEC-2024","CIPLA","Cipla Ltd","AXIS MUTUAL FUND","BUY","7,23,237","1,518.75",
"02-DEC-2024","CIPLA","Cipla Ltd","BANDHAN MUTUAL FUND","BUY","1,11,266","1,518.75",
"02-DEC-2024","CIPLA","Cipla Ltd","BNP PARIBAS FINANCIAL MARKETS","BUY","66,767","1,518.75",
"02-DEC-2024","CIPLA","Cipla Ltd","BOFA SECURITIES EUROPE SA","BUY","1,39,082","1,518.75",
"02-DEC-2024","CIPLA","Cipla Ltd","BOFA SECURITIES EUROPE SA - ODI","BUY","1,33,519","1,518.75",
"02-DEC-2024","CIPLA","Cipla Ltd","CANARA HSBC LIFE INSURANCE COMPANY LIMITED","BUY","66,764","1,518.75",
"02-DEC-2024","CIPLA","Cipla Ltd","CITIGROUP GLOBAL MARKETS MAURITIUS PRIVATE LIMITED (ODI)","BUY","5,17,391","1,518.75",
"02-DEC-2024","CIPLA","Cipla Ltd","CITIGROUP GLOBAL MARKETS MAURITIUS PVT LTD","BUY","1,39,083","1,518.75",
"02-DEC-2024","CIPLA","Cipla Ltd","COPTHALL MAURITIUS INVESTMENT LIMITED","BUY","66,762","1,518.75",
"02-DEC-2024","CIPLA","Cipla Ltd","COPTHALL MAURITIUS INVESTMENT LTD","BUY","1,11,264","1,518.75",
"02-DEC-2024","CIPLA","Cipla Ltd","DENDANA INVESTMENTS MAURITIUS LIMITED","BUY","1,850","1,518.75",
"02-DEC-2024","CIPLA","Cipla Ltd","DSP INDIA FUND INDIA LONG SHORT STRATEGY FUND WITH CASH MANAGEMENT OPTION","BUY","1,11,266","1,518.75",
"02-DEC-2024","CIPLA","Cipla Ltd","DSP MUTUAL FUND","BUY","22,25,347","1,518.75",
"02-DEC-2024","CIPLA","Cipla Ltd","EDELWEISS LIFE INSURANCE COMPANY LIMITED","BUY","66,766","1,518.75",
"02-DEC-2024","CIPLA","Cipla Ltd","GOLDMAN SACHS (SINGAPORE) PTE","BUY","66,759","1,518.75",
"02-DEC-2024","CIPLA","Cipla Ltd","GOLDMAN SACHS INVESTMENTS (MAURITIUS) I LIMITED  SHORT TERM","BUY","66,763","1,518.75",
"02-DEC-2024","CIPLA","Cipla Ltd","GOVERNMENT OF SINGAPORE","BUY","24,03,202","1,518.75",
"02-DEC-2024","CIPLA","Cipla Ltd","ICICI PRUDENTIAL MUTUAL FUND","BUY","16,69,010","1,518.75",
"02-DEC-2024","CIPLA","Cipla Ltd","INDIA ACORN ICAV A/C AIO","BUY","54,116","1,518.75",
"02-DEC-2024","CIPLA","Cipla Ltd","KOTAK MAHINDRA MUTUAL FUND","BUY","2,78,167","1,518.75",
"02-DEC-2024","CIPLA","Cipla Ltd","MONETARY AUTHORITY OF SINGAPORE","BUY","3,78,482","1,518.75",
"02-DEC-2024","CIPLA","Cipla Ltd","MORGAN STANLEY ASIA SINGAPORE PTE","BUY","2,44,784","1,518.75",
"02-DEC-2024","CIPLA","Cipla Ltd","MOTILAL OSWAL MUTUAL FUND","BUY","1,39,801","1,518.75",
"02-DEC-2024","CIPLA","Cipla Ltd","NORGES BANK ON ACCOUNT OF THE GOVERNMENT PENSION FUND GLOBAL","BUY","2,22,533","1,518.75",
"02-DEC-2024","CIPLA","Cipla Ltd","NORGES BANK ON ACCOUNT OF THE GOVERNMENT PENSION FUND GLOBAL","BUY","19,47,178","1,518.75",
"02-DEC-2024","CIPLA","Cipla Ltd","RUMANA HAMIED","SELL","49,43,250","1,518.75",
"02-DEC-2024","CIPLA","Cipla Ltd","SAMINA HAMIED","SELL","89,54,750","1,518.75",
"02-DEC-2024","CIPLA","Cipla Ltd","SBI LIFE INSURANCE COMPANY LIMITED","BUY","6,11,969","1,518.75",
"02-DEC-2024","CIPLA","Cipla Ltd","SOCIETE GENERALE","BUY","2,16,967","1,518.75",
"02-DEC-2024","CIPLA","Cipla Ltd","TATA AIA LIFE INSURANCE COMPANY LIMITED","BUY","3,22,676","1,518.75",
"02-DEC-2024","CIPLA","Cipla Ltd","UBS PRINCIPAL CAPITAL ASIA LIMITED","BUY","1,39,082","1,518.75",
"04-DEC-2024","RATNAMANI","Ratnamani Metals & Tubes","NALANDA INDIA FUND LIMITED","SELL","7,85,000","3,335.00",
"04-DEC-2024","RATNAMANI","Ratnamani Metals & Tubes","SBI MUTUAL FUND","BUY","7,55,000","3,335.00",
"04-DEC-2024","RATNAMANI","Ratnamani Metals & Tubes","TATA MUTUAL FUND","BUY","30,000","3,335.00",
"05-DEC-2024","INDUSTOWER","Indus Towers Limited","AADI FINANCIAL ADVISORS LLP","BUY","16,38,194","353.70",
"05-DEC-2024","INDUSTOWER","Indus Towers Limited","BLACKSTONE AQUA MASTER SUB-FUND","BUY","2,83,001","353.70",
"05-DEC-2024","INDUSTOWER","Indus Towers Limited","BLUE DAIMOND PROPERTIES PRIVATE LIMITED","BUY","16,38,194","353.70",
"05-DEC-2024","INDUSTOWER","Indus Towers Limited","BOFA SECURITIES EUROPE SA","BUY","1,23,50,005","353.70",
"05-DEC-2024","INDUSTOWER","Indus Towers Limited","BOFA SECURITIES EUROPE SA -FPI","BUY","2,83,001","353.70",
"05-DEC-2024","INDUSTOWER","Indus Towers Limited","COPTHALL MAURITIUS INVESTMENT LIMITED","BUY","10,00,001","353.70",
"05-DEC-2024","INDUSTOWER","Indus Towers Limited","GHISALLO MASTER FUND LP","BUY","60,00,001","353.70",
"05-DEC-2024","INDUSTOWER","Indus Towers Limited","ICICI PRUDENTIAL LIFE INSURANCE COMPANY LIMITED","BUY","15,66,001","353.70",
"05-DEC-2024","INDUSTOWER","Indus Towers Limited","JUPITER INDIA FUND","BUY","15,72,688","353.70",
"05-DEC-2024","INDUSTOWER","Indus Towers Limited","KADENSA MASTER FUND","BUY","11,23,614","353.70",
"05-DEC-2024","INDUSTOWER","Indus Towers Limited","KOTAK MAHINDRA MUTUAL FUND","BUY","1,45,00,001","353.70",
"05-DEC-2024","INDUSTOWER","Indus Towers Limited","MORGAN STANLEY ASIA SINGAPORE PTE -ODI","BUY","2,10,50,010","353.70",
"05-DEC-2024","INDUSTOWER","Indus Towers Limited","NATIONAL PENSION SYSTEM NPS TRUST","BUY","32,90,322","353.70",
"05-DEC-2024","INDUSTOWER","Indus Towers Limited","NATIONAL PENSION SYSTEM NPS TRUST","BUY","32,90,323","353.70",
"05-DEC-2024","INDUSTOWER","Indus Towers Limited","NATIONAL PENSION SYSTEM NPS TRUST","BUY","19,19,356","353.70",
"05-DEC-2024","INDUSTOWER","Indus Towers Limited","OMEGA TELECOM HOLDINGS PRIVATE LIMITED","SELL","5,96,38,460","353.70",
"05-DEC-2024","INDUSTOWER","Indus Towers Limited","OPTIMAS GLOBAL ALPHA FUND","BUY","2,83,001","353.70",
"05-DEC-2024","INDUSTOWER","Indus Towers Limited","QRT MASTER FUND SPC -TORUS FUND SP","BUY","1,89,334","353.70",
"05-DEC-2024","INDUSTOWER","Indus Towers Limited","QUBE MASTER FUND LTD","BUY","94,667","353.70",
"05-DEC-2024","INDUSTOWER","Indus Towers Limited","SOCIETE GENERALE - ODI","BUY","39,29,057","353.70",
"05-DEC-2024","INDUSTOWER","Indus Towers Limited","SUSQUEHANNA PACIFIC PTY LTD","BUY","2,83,001","353.70",
"05-DEC-2024","INDUSTOWER","Indus Towers Limited","THE JUPITER GLOBAL FUND-JUPITER INDIA SELECT","BUY","5,27,313","353.70",
"05-DEC-2024","INDUSTOWER","Indus Towers Limited","USHA MARTIN TELEMATICS LIMITED","SELL","1,95,72,626","353.70",
"05-DEC-2024","INDUSTOWER","Indus Towers Limited","VANGUARD ASIA EX JAPAN SHARES INDEX FUND","BUY","2,503","353.70",
"05-DEC-2024","INDUSTOWER","Indus Towers Limited","VANGUARD EMERGING MARKETS STOCK INDEX FUND A SERIES OF VIEIF","BUY","8,00,001","353.70",
"05-DEC-2024","INDUSTOWER","Indus Towers Limited","VANGUARD ESG INTERNATIONAL STOCK ETF","BUY","10,625","353.70",
"05-DEC-2024","INDUSTOWER","Indus Towers Limited","VANGUARD FIDUCIARY TRUST COMPANY INSTITUTIONAL TOTAL INTERNATIONAL STOCK MARKET INDEX TRUST II","BUY","4,33,924","353.70",
"05-DEC-2024","INDUSTOWER","Indus Towers Limited","VANGUARD FTSE ALL-WORLD EX-US INDEX FUND  A SERIES OF VANGUARD INTERNATIONAL EQUITY INDEX FUNDS","BUY","1,26,599","353.70",
"05-DEC-2024","INDUSTOWER","Indus Towers Limited","VANGUARD FUNDS PLC / VANGUARD ESG GLOBAL ALL CAP UCITS ETF","BUY","1,080","353.70",
"05-DEC-2024","INDUSTOWER","Indus Towers Limited","VANGUARD FUNDS PLC VANGUARD ESG EMERGING MARKETS ALL CAP UCITS ETF","BUY","368","353.70",
"05-DEC-2024","INDUSTOWER","Indus Towers Limited","VANGUARD FUNDS PUBLIC LIMITED COMPANY VANGUARD FTSE ALL WORLD ETF","BUY","23,582","353.70",
"05-DEC-2024","INDUSTOWER","Indus Towers Limited","VANGUARD FUNDS PUBLIC LTD COMPANY VANGUARD FTSE EMERGING MKTS UCITS ETF","BUY","24,403","353.70",
"05-DEC-2024","INDUSTOWER","Indus Towers Limited","VANGUARD INVESTMENT SERIES PLC - VANGUARD ESG EMERGING MARKETS ALL CAP EQUITY INDEX FUND","BUY","7,378","353.70",
"05-DEC-2024","INDUSTOWER","Indus Towers Limited","VANGUARD INVESTMENTS FUNDS ICVC - VANGUARD FTSE GLOBAL ALL CAP INDEX FUND","BUY","4,603","353.70",
"05-DEC-2024","INDUSTOWER","Indus Towers Limited","VANGUARD TOTAL INTERNATIONAL STOCK INDEX FUND","BUY","8,62,780","353.70",
"05-DEC-2024","INDUSTOWER","Indus Towers Limited","VANGUARD TOTAL WORLD STOCK INDEXFUND","BUY","37,303","353.70",
"05-DEC-2024","INDUSTOWER","Indus Towers Limited","VFTC - INSTITUTIONAL TOTAL INTERNATIONAL STOCK MARKET INDEX TRUST","BUY","64,852","353.70",
"11-DEC-2024","AWFIS","Awfis Space Solutions Ltd","ADITYA BIRLA SUN LIFE INSURANCE COMPANY LIMITED","BUY","9,71,968","709.90",
"11-DEC-2024","AWFIS","Awfis Space Solutions Ltd","ASHOKA WHITEOAK ICAV - ASHOKA WHITEOAK INDIA OPPORTUNITIES FUND","BUY","9,15,214","709.90",
"11-DEC-2024","AWFIS","Awfis Space Solutions Ltd","AXIS MUTUAL FUND","BUY","5,91,548","709.90",
"11-DEC-2024","AWFIS","Awfis Space Solutions Ltd","BISQUE LIMITED","SELL","15,90,649","709.90",
"11-DEC-2024","AWFIS","Awfis Space Solutions Ltd","BISQUE LIMITED","SELL","15,90,648","709.90",
"11-DEC-2024","AWFIS","Awfis Space Solutions Ltd","CANARA ROBECO MUTUAL FUND","BUY","2,67,643","709.90",
"11-DEC-2024","AWFIS","Awfis Space Solutions Ltd","CITIGROUP GLOBAL MARKETS MAURITIUS PRIVATE LIMITED","BUY","1,40,873","709.90",
"11-DEC-2024","AWFIS","Awfis Space Solutions Ltd","GOLDMAN SACHS FUNDS - GOLDMAN SACHS INDIA EQUITY PORTFOLIO","BUY","8,56,599","709.90",
"11-DEC-2024","AWFIS","Awfis Space Solutions Ltd","GS INDIA EQUITY","BUY","22,141","709.90",
"11-DEC-2024","AWFIS","Awfis Space Solutions Ltd","HSHK ASIAN SMALL CAPS","BUY","2,04,405","709.90",
"11-DEC-2024","AWFIS","Awfis Space Solutions Ltd","INDIA ACORN FUND LTD","BUY","70,700","709.90",
"11-DEC-2024","AWFIS","Awfis Space Solutions Ltd","INVESCO MUTUAL FUND","BUY","10,84,507","709.90",
"11-DEC-2024","AWFIS","Awfis Space Solutions Ltd","MEDIOLANUM BEST BRANDS- MEDIOLANUM INDIA OPPORTUNITIES","BUY","63,142","709.90",
"11-DEC-2024","AWFIS","Awfis Space Solutions Ltd","MORGAN STANLEY ASIA SINGAPORE PTE","BUY","2,79,276","709.90",
"11-DEC-2024","AWFIS","Awfis Space Solutions Ltd","NEW YORK STATE TEACHERS RETIREMENT SYSTEM","BUY","51,050","709.90",
"11-DEC-2024","AWFIS","Awfis Space Solutions Ltd","NIPPON INDIA MUTUAL FUND","BUY","7,74,757","709.90",
"11-DEC-2024","AWFIS","Awfis Space Solutions Ltd","PEAK XV PARTNERS INVESTMENTS V","SELL","26,75,104","709.90",
"11-DEC-2024","AWFIS","Awfis Space Solutions Ltd","SOCIETE GENERALE","BUY","1,40,872","709.90",
"11-DEC-2024","AWFIS","Awfis Space Solutions Ltd","SOCIETE GENERALE","BUY","2,79,816","709.90",
"11-DEC-2024","AWFIS","Awfis Space Solutions Ltd","UNION MUTUAL FUND","BUY","4,93,027","709.90",
"11-DEC-2024","AWFIS","Awfis Space Solutions Ltd","UTI INDIA DYNAMIC EQUITY FUND","BUY","1,40,870","709.90",
"11-DEC-2024","AWFIS","Awfis Space Solutions Ltd","UTI MUTUAL FUND","BUY","6,19,718","709.90",
"11-DEC-2024","AWFIS","Awfis Space Solutions Ltd","WHITEOAK CAPITAL MUTUAL FUND","BUY","5,63,379","709.90",
"16-DEC-2024","MANGLMCEM","Mangalam Cement Ltd","PILANI INVESTMENT AND INDUSTRIES CORPORATION LIMITED","SELL","4,50,000","927.00",
"16-DEC-2024","MANGLMCEM","Mangalam Cement Ltd","VIDULA CONSULTANCY SERVICES LIMITED","BUY","4,50,000","927.00",
"18-DEC-2024","EDELWEISS","Edelweiss Fin Serv Ltd","EDELWEISS EMPLOYEES WELFARE TRUST","SELL","10,00,000","137.26",
"18-DEC-2024","EDELWEISS","Edelweiss Fin Serv Ltd","SETU SECURITIES PVT LTD","BUY","10,00,000","137.26",
"18-DEC-2024","SHOPERSTOP","Shoppers Stop Limited","360 ONE ASSET MANAGEMENT LIMITED","BUY","2,46,307","627.60",
"18-DEC-2024","SHOPERSTOP","Shoppers Stop Limited","360 ONE EQUITY OPPORTUNITY FUND","BUY","1,59,338","627.60",
"18-DEC-2024","SHOPERSTOP","Shoppers Stop Limited","360 ONE PRIME LIMITED","BUY","2,39,000","627.60",
"18-DEC-2024","SHOPERSTOP","Shoppers Stop Limited","AMAZON.COM NV INVESTMENT HOLDINGS LLC","SELL","43,95,924","627.60",
"18-DEC-2024","SHOPERSTOP","Shoppers Stop Limited","KOTAK MAHINDRA MUTUAL FUND","BUY","9,56,022","627.60",
"18-DEC-2024","SHOPERSTOP","Shoppers Stop Limited","MORGAN STANLEY ASIA SINGAPORE PTE","BUY","6,37,351","627.60",
"18-DEC-2024","SHOPERSTOP","Shoppers Stop Limited","TATA MUTUAL FUND","BUY","19,12,050","627.60",
"18-DEC-2024","SHOPERSTOP","Shoppers Stop Limited","TURNAROUND OPPORTUNITIES FUND","BUY","2,45,856","627.60",
"19-DEC-2024","GODREJIND","Godrej Industries Ltd.","AREL ENTERPRISE LLP","SELL","27,70,983","1,164.00",
"19-DEC-2024","GODREJIND","Godrej Industries Ltd.","GODREJ SEEDS AND GENETICS LIMITED","BUY","27,70,983","1,164.00",
"20-DEC-2024","AMBER","Amber Enterprises (I) Ltd","ASCENT INVESTMENT HOLDINGS PTE.LIMITED.","SELL","3,45,458","6,075.00",
"20-DEC-2024","AMBER","Amber Enterprises (I) Ltd","AXIS MUTUAL FUND","BUY","1,31,500","6,075.00",
"20-DEC-2024","AMBER","Amber Enterprises (I) Ltd","CITIGROUP GLOBAL MARKETS MAURITIUS PRIVATE LIMITED","BUY","16,502","6,075.00",
"20-DEC-2024","AMBER","Amber Enterprises (I) Ltd","GOLDMAN SACHS INVESTMENTS MAURITIUS  I LIMITED","BUY","16,502","6,075.00",
"20-DEC-2024","AMBER","Amber Enterprises (I) Ltd","ICICI PRUDENTIAL LIFE INSURANCE COMPANY LIMITED","BUY","50,004","6,075.00",
"20-DEC-2024","AMBER","Amber Enterprises (I) Ltd","MAHINDRA MANULIFE MUTUAL FUND","BUY","55,800","6,075.00",
"20-DEC-2024","AMBER","Amber Enterprises (I) Ltd","TATA AIA LIFE INSURANCE COMPANY LIMITED","BUY","75,150","6,075.00",
"20-DEC-2024","DIAMONDYD","Prataap Snacks Limited","ALTITUDE INVESTMENT FUND PCC - CELL 1","BUY","4,00,005","980.05",
"20-DEC-2024","DIAMONDYD","Prataap Snacks Limited","KOTAK MAHINDRA MUTUAL FUND","SELL","6,45,677","980.05",
"20-DEC-2024","DIAMONDYD","Prataap Snacks Limited","RASHI FINCORP LIMITED","BUY","2,45,672","980.05",
"20-DEC-2024","GRANULES","Granules India Limited","ADITYA BIRLA SUN LIFE MUTUAL FUND","BUY","2,50,000","596.00",
"20-DEC-2024","GRANULES","Granules India Limited","BANDHAN MUTUAL FUND","BUY","2,86,011","596.00",
"20-DEC-2024","GRANULES","Granules India Limited","BANDHAN MUTUAL FUND","BUY","2,86,963","596.00",
"20-DEC-2024","GRANULES","Granules India Limited","DENDANA INVEST MAURITIUS LTD","SELL","76,031","596.02",
"20-DEC-2024","GRANULES","Granules India Limited","EDELWEISS MUTUAL FUND","BUY","3,35,000","596.00",
"20-DEC-2024","GRANULES","Granules India Limited","FIDELITY FUNDS.- INDIA FOCUS FUND","SELL","29,24,888","596.02",
"20-DEC-2024","GRANULES","Granules India Limited","FIDELITY INDIA FUND","SELL","1,99,081","596.02",
"20-DEC-2024","GRANULES","Granules India Limited","ITI MUTUAL FUND","BUY","5,03,741","596.00",
"20-DEC-2024","GRANULES","Granules India Limited","KOTAK MAHINDRA LIFE INSURANCE COMPANY LIMITED","BUY","3,00,000","596.00",
"20-DEC-2024","GRANULES","Granules India Limited","PAULOMI KETANKUMAR DOSHI","BUY","7,38,285","596.10",
"20-DEC-2024","GRANULES","Granules India Limited","SBI LIFE INSURANCE COMPANY LIMITED","BUY","5,00,000","596.00",
"27-DEC-2024","STARCEMENT","Star Cement Limited","RAHUL CHAMARIA","SELL","35,97,511","227.70",
"27-DEC-2024","STARCEMENT","Star Cement Limited","RAJENDRA CHAMARIA","SELL","1,95,34,116","227.70",
"27-DEC-2024","STARCEMENT","Star Cement Limited","RENU CHAMARIA","SELL","30,03,146","227.70",
"27-DEC-2024","STARCEMENT","Star Cement Limited","SACHIN CHAMARIA","SELL","74,91,941","227.70",
"27-DEC-2024","STARCEMENT","Star Cement Limited","ULTRATECH CEMENT LIMITED","BUY","3,36,26,714","227.70",
"27-DEC-2024","UPL","UPL Limited","NERKA CHEMICALS PRIVATE LTD","BUY","10,00,000","504.00",
"27-DEC-2024","UPL","UPL Limited","UNIPHOS ENTERPRISES LTD","SELL","10,00,000","504.00",
"30-DEC-2024","KOTHARIPRO","Kothari Products Ltd.","ARTI  KOTHARI","BUY","20,89,071","195.30",
"30-DEC-2024","KOTHARIPRO","Kothari Products Ltd.","DHAM SECURITIES PRIVATE LIMITED","SELL","20,89,071","195.30",
"31-DEC-2024","WANBURY","Wanbury Limited","BHATIA SURESH","SELL","3,52,421","283.78",
"31-DEC-2024","WANBURY","Wanbury Limited","SURESH BHATIA","BUY","3,52,421","283.78",
"23-JAN-2025","360ONE","360 ONE WAM LIMITED","UBS AG","BUY","92,912","1,142.35",
"23-JAN-2025","360ONE","360 ONE WAM LIMITED","UBS PRINCIPAL CAPITAL ASIA LIMITED","SELL","92,912","1,142.35",
"23-JAN-2025","AMIORG","Ami Organics Limited","UBS AG","BUY","72,900","2,019.65",
"23-JAN-2025","AMIORG","Ami Organics Limited","UBS PRINCIPAL CAPITAL ASIA LIMITED","SELL","72,900","2,019.65",
"23-JAN-2025","BANKBARODA","Bank of Baroda","UBS AG","BUY","4,60,598","230.75",
"23-JAN-2025","BANKBARODA","Bank of Baroda","UBS PRINCIPAL CAPITAL ASIA LIMITED","SELL","4,60,598","230.75",
"23-JAN-2025","BLUESTARCO","Blue Star Ltd.","UBS AG","BUY","6,26,264","1,930.90",
"23-JAN-2025","BLUESTARCO","Blue Star Ltd.","UBS PRINCIPAL CAPITAL ASIA LIMITED","SELL","6,26,264","1,930.90",
"23-JAN-2025","COFORGE","Coforge Limited","UBS AG","BUY","1,95,476","9,219.05",
"23-JAN-2025","COFORGE","Coforge Limited","UBS PRINCIPAL CAPITAL ASIA LIMITED","SELL","1,95,476","9,219.05",
"23-JAN-2025","FEDERALBNK","Federal Bank Ltd.","UBS AG","BUY","24,68,037","191.65",
"23-JAN-2025","FEDERALBNK","Federal Bank Ltd.","UBS PRINCIPAL CAPITAL ASIA LIMITED","SELL","24,68,037","191.65",
"23-JAN-2025","FORTIS","Fortis Healthcare Limited","UBS AG","BUY","25,75,203","638.65",
"23-JAN-2025","FORTIS","Fortis Healthcare Limited","UBS PRINCIPAL CAPITAL ASIA LIMITED","SELL","25,75,203","638.65",
"23-JAN-2025","GLENMARK","Glenmark Pharma Ltd","UBS AG","BUY","6,71,394","1,510.00",
"23-JAN-2025","GLENMARK","Glenmark Pharma Ltd","UBS PRINCIPAL CAPITAL ASIA LIMITED","SELL","6,71,394","1,510.00",
"23-JAN-2025","GMRP&UI","GMR Pow and Urban Infra L","UBS AG","BUY","11,59,094","119.25",
"23-JAN-2025","GMRP&UI","GMR Pow and Urban Infra L","UBS PRINCIPAL CAPITAL ASIA LIMITED","SELL","11,59,094","119.25",
"23-JAN-2025","GRAVITA","Gravita India Limited","UBS AG","BUY","71,529","2,111.10",
"23-JAN-2025","GRAVITA","Gravita India Limited","UBS PRINCIPAL CAPITAL ASIA LIMITED","SELL","71,529","2,111.10",
"23-JAN-2025","HYUNDAI","Hyundai Motor India Ltd","UBS AG","BUY","6,09,124","1,704.05",
"23-JAN-2025","HYUNDAI","Hyundai Motor India Ltd","UBS PRINCIPAL CAPITAL ASIA LIMITED","SELL","6,09,124","1,704.05",
"23-JAN-2025","INDUSINDBK","IndusInd Bank Ltd.","UBS AG","BUY","3,75,588","976.20",
"23-JAN-2025","INDUSINDBK","IndusInd Bank Ltd.","UBS PRINCIPAL CAPITAL ASIA LIMITED","SELL","3,75,588","976.20",
"23-JAN-2025","INFY","Infosys Limited","UBS AG","BUY","4,85,672","1,868.60",
"23-JAN-2025","INFY","Infosys Limited","UBS PRINCIPAL CAPITAL ASIA LIMITED","SELL","4,85,672","1,868.60",
"23-JAN-2025","JYOTICNC","Jyoti CNC Automation Ltd","UBS AG","BUY","3,79,837","1,222.05",
"23-JAN-2025","JYOTICNC","Jyoti CNC Automation Ltd","UBS PRINCIPAL CAPITAL ASIA LIMITED","SELL","3,79,837","1,222.05",
"23-JAN-2025","KPITTECH","KPIT Technologies Limited","UBS AG","BUY","95,054","1,347.60",
"23-JAN-2025","KPITTECH","KPIT Technologies Limited","UBS PRINCIPAL CAPITAL ASIA LIMITED","SELL","95,054","1,347.60",
"23-JAN-2025","LLOYDSME","Lloyds Metals N Energy L","UBS AG","BUY","2,26,695","1,400.45",
"23-JAN-2025","LLOYDSME","Lloyds Metals N Energy L","UBS PRINCIPAL CAPITAL ASIA LIMITED","SELL","2,26,695","1,400.45",
"23-JAN-2025","MANINFRA","Man Infra Ltd","UBS AG","BUY","5,79,912","211.50",
"23-JAN-2025","MANINFRA","Man Infra Ltd","UBS PRINCIPAL CAPITAL ASIA LIMITED","SELL","5,79,912","211.50",
"23-JAN-2025","MFSL","Max Fin Serv Ltd","UBS AG","BUY","13,60,443","1,060.25",
"23-JAN-2025","MFSL","Max Fin Serv Ltd","UBS PRINCIPAL CAPITAL ASIA LIMITED","SELL","13,60,443","1,060.25",
"23-JAN-2025","PAYTM","One 97 Communications Ltd","UBS AG","BUY","18,66,355","853.25",
"23-JAN-2025","PAYTM","One 97 Communications Ltd","UBS PRINCIPAL CAPITAL ASIA LIMITED","SELL","18,66,355","853.25",
"23-JAN-2025","PERSISTENT","Persistent Systems Ltd","UBS AG","BUY","34,679","6,325.60",
"23-JAN-2025","PERSISTENT","Persistent Systems Ltd","UBS PRINCIPAL CAPITAL ASIA LIMITED","SELL","34,679","6,325.60",
"23-JAN-2025","POLICYBZR","PB Fintech Limited","UBS AG","BUY","1,50,426","1,689.90",
"23-JAN-2025","POLICYBZR","PB Fintech Limited","UBS PRINCIPAL CAPITAL ASIA LIMITED","SELL","1,50,426","1,689.90",
"23-JAN-2025","RECLTD","Rural Electrification Cor","UBS AG","BUY","2,51,392","466.50",
"23-JAN-2025","RECLTD","Rural Electrification Cor","UBS PRINCIPAL CAPITAL ASIA LIMITED","SELL","2,51,392","466.50",
"23-JAN-2025","RELIANCE","Reliance Industries Ltd","UBS AG","BUY","10,96,295","1,263.20",
"23-JAN-2025","RELIANCE","Reliance Industries Ltd","UBS PRINCIPAL CAPITAL ASIA LIMITED","SELL","10,96,295","1,263.20",
"23-JAN-2025","SHILPAMED","Shilpa Medicare Ltd","UBS AG","BUY","1,63,006","818.05",
"23-JAN-2025","SHILPAMED","Shilpa Medicare Ltd","UBS PRINCIPAL CAPITAL ASIA LIMITED","SELL","1,63,006","818.05",
"23-JAN-2025","TBOTEK","TBO Tek Limited","UBS AG","BUY","1,01,450","1,629.50",
"23-JAN-2025","TBOTEK","TBO Tek Limited","UBS PRINCIPAL CAPITAL ASIA LIMITED","SELL","1,01,450","1,629.50",
"23-JAN-2025","TCS","Tata Consultancy Serv Ltd","UBS AG","BUY","1,63,862","4,160.70",
"23-JAN-2025","TCS","Tata Consultancy Serv Ltd","UBS PRINCIPAL CAPITAL ASIA LIMITED","SELL","1,63,862","4,160.70",
"23-JAN-2025","TORNTPHARM","Torrent Pharma Ltd.","UBS AG","BUY","44,810","3,252.10",
"23-JAN-2025","TORNTPHARM","Torrent Pharma Ltd.","UBS PRINCIPAL CAPITAL ASIA LIMITED","SELL","44,810","3,252.10",
"23-JAN-2025","VBL","Varun Beverages Limited","UBS AG","BUY","8,10,700","545.35",
"23-JAN-2025","VBL","Varun Beverages Limited","UBS PRINCIPAL CAPITAL ASIA LIMITED","SELL","8,10,700","545.35",
"23-JAN-2025","ZOMATO","Zomato Limited","UBS AG","BUY","1,20,37,353","221.15",
"23-JAN-2025","ZOMATO","Zomato Limited","UBS PRINCIPAL CAPITAL ASIA LIMITED","SELL","1,20,37,353","221.15",
"05-FEB-2025","MANKIND","Mankind Pharma Limited","COPTHALL MAURITIUS INVESTMENT LIMITED","SELL","45,000","2,555.10",
"05-FEB-2025","MANKIND","Mankind Pharma Limited","ORBIMED GENESIS MASTER FUND L.P.","BUY","45,000","2,555.10",
"06-FEB-2025","JSL","Jindal Stainless Limited","THELEME INDIA MASTER FUND LIMITED","BUY","16,17,479","634.85",
"06-FEB-2025","JSL","Jindal Stainless Limited","THELEME INDIA MASTER FUND LIMITED","SELL","16,17,479","634.85",
"10-FEB-2025","UPL","UPL Limited","NERKA CHEMICALS PRIVATE LTD","BUY","7,80,000","641.00",
"10-FEB-2025","UPL","UPL Limited","UNIPHOS ENTERPRISES LTD","SELL","7,80,000","641.00",
"17-FEB-2025","KOTHARIPRO","Kothari Products Ltd.","DEEPAK KOTHARI","BUY","12,10,927","176.40",
"17-FEB-2025","KOTHARIPRO","Kothari Products Ltd.","DHAM SECURITIES PRIVATE LIMITED","SELL","12,10,927","176.40",
"17-FEB-2025","TVSSCS","TVS Supply Chain Sol L","ALLANZERS FIN NET PRIVATE LIMITED","SELL","20,00,000","128.86",
"17-FEB-2025","TVSSCS","TVS Supply Chain Sol L","TVS MOTOR COMPANY LIMITED","BUY","20,00,000","128.86",
"18-FEB-2025","BHARTIARTL","Bharti Airtel Limited","ABS DIRECT EQUITY FUND LLC - INDIA SERIES 1","BUY","90,800","1,660.00",
"18-FEB-2025","BHARTIARTL","Bharti Airtel Limited","ABU DHABI INVESTMENT AUTHORITY","BUY","3,30,000","1,660.00",
"18-FEB-2025","BHARTIARTL","Bharti Airtel Limited","AL MEHWAR COMMERCIAL INVESTMENTS L.L.C.","BUY","2,13,000","1,660.00",
"18-FEB-2025","BHARTIARTL","Bharti Airtel Limited","ASHOKA INDIA EQUITY INVESTMENT TRUST PLC","BUY","4,71,129","1,660.00",
"18-FEB-2025","BHARTIARTL","Bharti Airtel Limited","AUSTRALIANSUPER","BUY","7,59,061","1,660.00",
"18-FEB-2025","BHARTIARTL","Bharti Airtel Limited","BBH GQG PARTNERS EMERGING MARKETS EQUITY MASTER FUND LP","BUY","3,80,681","1,660.00",
"18-FEB-2025","BHARTIARTL","Bharti Airtel Limited","BHARTI TELECOM LIMITED","BUY","1,20,48,192","1,660.00",
"18-FEB-2025","BHARTIARTL","Bharti Airtel Limited","CAISSE DE DEPOT ET PLACEMENT DU QUEBEC","BUY","2,04,000","1,660.00",
"18-FEB-2025","BHARTIARTL","Bharti Airtel Limited","FIAM SELECT EMERGING MARKETS EQUITY FUND LP","BUY","30,840","1,660.00",
"18-FEB-2025","BHARTIARTL","Bharti Airtel Limited","FIDELITY INSTITUTIONAL FUNDS ICVC SELECT EMERGING MARKETS EQUITIES FUND","BUY","2,620","1,660.00",
"18-FEB-2025","BHARTIARTL","Bharti Airtel Limited","FIDELITY INVESTMENT TR FIDELITY SAI SUSTAINABLE EMERGING MARKETS EQUITY FD","BUY","3,905","1,660.00",
"18-FEB-2025","BHARTIARTL","Bharti Airtel Limited","FIDELITY INVESTMENT TRUST FIDELITY SERIES EMERGING MARKETS FUND","BUY","4,28,743","1,660.00",
"18-FEB-2025","BHARTIARTL","Bharti Airtel Limited","FIDELITY INVESTMENT TRUST FIDELITY SUSTAINABLE EMERGING MARKETS EQUITY FUND","BUY","506","1,660.00",
"18-FEB-2025","BHARTIARTL","Bharti Airtel Limited","FIDELITY RUTLAND SQUARE TRUST II: STRATEGIC ADVISERS EMERGING MARKETS FUND","BUY","1,38,784","1,660.00",
"18-FEB-2025","BHARTIARTL","Bharti Airtel Limited","FIDELITY SELECT GLOBAL PLUS ALL CAP EQUITY INSTITUTIONAL TRUST","BUY","8,108","1,660.00",
"18-FEB-2025","BHARTIARTL","Bharti Airtel Limited","FIDILITY RUTLAND SQUARE TRUST II STRATEGIC ADVISERS FID EMG MARKETS FUND","BUY","3,77,128","1,660.00",
"18-FEB-2025","BHARTIARTL","Bharti Airtel Limited","GOLDMAN SACHS TRUST II-GOLDMAN SACHS GQG PARTNERS INTL OPPORTUNITIES FUND","BUY","1,06,82,838","1,660.00",
"18-FEB-2025","BHARTIARTL","Bharti Airtel Limited","GQG PARTNERS EMERGING MARKETS EQUITY FD A SERIES OF GQG PARTNERS SERIES LLC","BUY","6,98,899","1,660.00",
"18-FEB-2025","BHARTIARTL","Bharti Airtel Limited","GQG PARTNERS EMERGING MARKETS EQUITY FUND","BUY","2,99,725","1,660.00",
"18-FEB-2025","BHARTIARTL","Bharti Airtel Limited","GQG PARTNERS EMERGING MARKETS EQUITY FUND","BUY","67,61,703","1,660.00",
"18-FEB-2025","BHARTIARTL","Bharti Airtel Limited","GQG PARTNERS EMERGING MARKETS EQUITY FUND A SUB FD OF GQG GLOBAL UCITS ICAV","BUY","5,40,983","1,660.00",
"18-FEB-2025","BHARTIARTL","Bharti Airtel Limited","GQG PARTNERS EMERGING MARKETS QUALITY EQUITY FUND","BUY","5,961","1,660.00",
"18-FEB-2025","BHARTIARTL","Bharti Airtel Limited","GQG PARTNERS INTERNATIONAL EQUITY FUND A SERIES OF GQG PARTNERS SERIES LLC","BUY","35,299","1,660.00",
"18-FEB-2025","BHARTIARTL","Bharti Airtel Limited","GQG PARTNERS INTERNATIONAL QUALITY EQUITY FUND","BUY","1,36,163","1,660.00",
"18-FEB-2025","BHARTIARTL","Bharti Airtel Limited","ICICI PRUDENTIAL MUTUAL FUND","BUY","5,44,105","1,660.00",
"18-FEB-2025","BHARTIARTL","Bharti Airtel Limited","ICICI PRUDENTIAL MUTUAL FUND","BUY","1,78,786","1,660.00",
"18-FEB-2025","BHARTIARTL","Bharti Airtel Limited","INDIA ACORN FUND LTD","BUY","2,86,000","1,660.00",
"18-FEB-2025","BHARTIARTL","Bharti Airtel Limited","INDIA ACORN ICAV","BUY","5,78,000","1,660.00",
"18-FEB-2025","BHARTIARTL","Bharti Airtel Limited","INDIA ACORN ICAV ASHOKA INDIA ESG FUND","BUY","11,600","1,660.00",
"18-FEB-2025","BHARTIARTL","Bharti Airtel Limited","INDIAN CONTINENT INVESTMENT LIMITED","SELL","5,11,15,092","1,660.00",
"18-FEB-2025","BHARTIARTL","Bharti Airtel Limited","INTERNATIONAL BANK FOR RECONSTRUCTION AND DEVELOPMENT","BUY","36,504","1,660.00",
"18-FEB-2025","BHARTIARTL","Bharti Airtel Limited","INVESTERINGSFORENINGEN NORDEA INVEST","BUY","60,297","1,660.00",
"18-FEB-2025","BHARTIARTL","Bharti Airtel Limited","JNL GQG EMERGING MARKETS EQUITY FUND","BUY","2,39,095","1,660.00",
"18-FEB-2025","BHARTIARTL","Bharti Airtel Limited","JNL MULTI-MANAGER EMERGING MARKETS EQUITY FUND","BUY","69,730","1,660.00",
"18-FEB-2025","BHARTIARTL","Bharti Airtel Limited","JPMORGAN CHASE RETIREMENT PLAN","BUY","27,926","1,660.00",
"18-FEB-2025","BHARTIARTL","Bharti Airtel Limited","LAZARD ASSET MGT LLC A/C LAZARD INTERNATIONAL EQUITY SELECT PORTFOLIO","BUY","21,681","1,660.00",
"18-FEB-2025","BHARTIARTL","Bharti Airtel Limited","LAZARD EMERGING MARKETS CORE EQUITY PORTFOLIO","BUY","61,645","1,660.00",
"18-FEB-2025","BHARTIARTL","Bharti Airtel Limited","NATIONAL PENSION SYSTEM (NPS) TRUST","BUY","9,03,614","1,660.00",
"18-FEB-2025","BHARTIARTL","Bharti Airtel Limited","NATIONAL PENSION SYSTEM (NPS) TRUST","BUY","18,07,229","1,660.00",
"18-FEB-2025","BHARTIARTL","Bharti Airtel Limited","NATIONAL PENSION SYSTEM (NPS) TRUST-CENTRAL GOVT","BUY","9,03,614","1,660.00",
"18-FEB-2025","BHARTIARTL","Bharti Airtel Limited","NATIONAL PENSION SYSTEM (NPS) TRUST-CG","BUY","9,03,614","1,660.00",
"18-FEB-2025","BHARTIARTL","Bharti Airtel Limited","NATIONAL PENSION SYSTEM (NPS) TRUST-STATE GOVT","BUY","18,07,229","1,660.00",
"18-FEB-2025","BHARTIARTL","Bharti Airtel Limited","NORDEA 1 SICAV","BUY","1,18,379","1,660.00",
"18-FEB-2025","BHARTIARTL","Bharti Airtel Limited","NORDEA 1 SICAV","BUY","1,44,400","1,660.00",
"18-FEB-2025","BHARTIARTL","Bharti Airtel Limited","NORDEA 1 SICAV","BUY","5,81,591","1,660.00",
"18-FEB-2025","BHARTIARTL","Bharti Airtel Limited","NORDEA EQUITY OPPORTUNITIES FUND","BUY","13,283","1,660.00",
"18-FEB-2025","BHARTIARTL","Bharti Airtel Limited","PACE INTERNATIONAL EMERGING MARKETS EQUITY INVESTMENTS","BUY","27,098","1,660.00",
"18-FEB-2025","BHARTIARTL","Bharti Airtel Limited","PRMS GRP TRST FOR EMPLEE BNFT PLNS:PRMS SLCT EMG MKTS EQUITY COMMINGLEDPOOL","BUY","2,09,461","1,660.00",
"18-FEB-2025","BHARTIARTL","Bharti Airtel Limited","PYRAMIS SELECT EMERGING MARKETS EQUITY TRUST","BUY","13,931","1,660.00",
"18-FEB-2025","BHARTIARTL","Bharti Airtel Limited","RBC ASIA PACIFIC EX-JAPAN EQUITY FUND","BUY","5,22,287","1,660.00",
"18-FEB-2025","BHARTIARTL","Bharti Airtel Limited","RBC FUNDS (LUX)","BUY","436","1,660.00",
"18-FEB-2025","BHARTIARTL","Bharti Airtel Limited","REDWHEEL EMERGING MARKETS EQUITY MASTER FUND LIMITED","BUY","13,876","1,660.00",
"18-FEB-2025","BHARTIARTL","Bharti Airtel Limited","REDWHEEL EMERGING MARKETS EQUITY MASTER FUND LIMITED","BUY","4,22,482","1,660.00",
"18-FEB-2025","BHARTIARTL","Bharti Airtel Limited","REDWHEEL FUNDS-REDWHEEL GLOBAL EMERGING MARKETS FUND","BUY","2,94,907","1,660.00",
"18-FEB-2025","BHARTIARTL","Bharti Airtel Limited","REDWHEEL GLOBAL EMERGING EQUITY FUND","BUY","58,166","1,660.00",
"18-FEB-2025","BHARTIARTL","Bharti Airtel Limited","RELIANCE TRUST INSTITUTIONAL RETIREMENT TRUST SERIES ELEVEN","BUY","11,43,698","1,660.00",
"18-FEB-2025","BHARTIARTL","Bharti Airtel Limited","RELIANCE TRUST INSTITUTIONAL RETIREMENT TRUST SERIES TWELVE","BUY","4,16,891","1,660.00",
"18-FEB-2025","BHARTIARTL","Bharti Airtel Limited","RETAIL EMPLOYEES SUPERANNUATION TRUST","BUY","1,62,798","1,660.00",
"18-FEB-2025","BHARTIARTL","Bharti Airtel Limited","SBI LIFE INSURANCE COMPANY LTD","BUY","30,12,048","1,660.00",
"18-FEB-2025","BHARTIARTL","Bharti Airtel Limited","STICHTING DEPOSITARY APG EMERGING MARKETS EQUITY POOL","BUY","2,66,495","1,660.00",
"18-FEB-2025","BHARTIARTL","Bharti Airtel Limited","TEACHERS RETIREMENT SYSTEM OF THE STATE OF ILLINOIS","BUY","26,084","1,660.00",
"18-FEB-2025","BHARTIARTL","Bharti Airtel Limited","TEXAS MUNICIPAL RETIREMENT SYSTEM","BUY","51,890","1,660.00",
"18-FEB-2025","BHARTIARTL","Bharti Airtel Limited","THE STATE OF CONNECTICUT ACTING THROUGH ITS TREASURER","BUY","3,59,265","1,660.00",
"18-FEB-2025","BHARTIARTL","Bharti Airtel Limited","TM REDWHEEL GLOBAL EMERGING MARKETS FUND","BUY","46,544","1,660.00",
"18-FEB-2025","BHARTIARTL","Bharti Airtel Limited","UNITED SUPER PTY LTD AS TRUSTEE FOR C. B. U. S. FUND","BUY","46,323","1,660.00",
"18-FEB-2025","BHARTIARTL","Bharti Airtel Limited","VANGUARD INT'L VALUE FUND","BUY","17,00,661","1,660.00",
"18-FEB-2025","BHARTIARTL","Bharti Airtel Limited","VANTAGETRUST III MASTER COLLECTIVE INVESTMENT FUNDS TRUST","BUY","66,276","1,660.00",
"18-FEB-2025","BHARTIARTL","Bharti Airtel Limited","VFM EMERGING MARKETS TRUST","BUY","72,452","1,660.00",
"18-FEB-2025","BHARTIARTL","Bharti Airtel Limited","WHITE OAK INDIA EQUITY FUND II","BUY","60,345","1,660.00",
"18-FEB-2025","BHARTIARTL","Bharti Airtel Limited","WHITE OAK INDIA EQUITY FUND V","BUY","60,350","1,660.00",
"18-FEB-2025","BHARTIARTL","Bharti Airtel Limited","WHITE OAK INDIA EQUITY FUND VI","BUY","1,04,300","1,660.00",
"18-FEB-2025","BHARTIARTL","Bharti Airtel Limited","WHITE OAK INDIA SELECT EQUITY FUND","BUY","60,355","1,660.00",
"18-FEB-2025","BHARTIARTL","Bharti Airtel Limited","WHITEOAK CAPITAL MUTUAL FUND","BUY","936","1,660.00",
"18-FEB-2025","BHARTIARTL","Bharti Airtel Limited","WHITEOAK CAPITAL MUTUAL FUND","BUY","1,085","1,660.00",
"18-FEB-2025","BHARTIARTL","Bharti Airtel Limited","WHITEOAK CAPITAL MUTUAL FUND","BUY","8,680","1,660.00",
"18-FEB-2025","BHARTIARTL","Bharti Airtel Limited","WHITEOAK CAPITAL MUTUAL FUND","BUY","12,960","1,660.00",
"18-FEB-2025","BHARTIARTL","Bharti Airtel Limited","WHITEOAK CAPITAL MUTUAL FUND","BUY","13,679","1,660.00",
"18-FEB-2025","BHARTIARTL","Bharti Airtel Limited","WHITEOAK CAPITAL MUTUAL FUND","BUY","20,879","1,660.00",
"18-FEB-2025","BHARTIARTL","Bharti Airtel Limited","WHITEOAK CAPITAL MUTUAL FUND","BUY","31,549","1,660.00",
"18-FEB-2025","BHARTIARTL","Bharti Airtel Limited","WHITEOAK CAPITAL MUTUAL FUND","BUY","97,223","1,660.00",
"18-FEB-2025","BHARTIARTL","Bharti Airtel Limited","WHITEOAK CAPITAL MUTUAL FUND","BUY","1,17,299","1,660.00",
"18-FEB-2025","BHARTIARTL","Bharti Airtel Limited","WHITEOAK CAPITAL MUTUAL FUND","BUY","2,19,806","1,660.00",
"18-FEB-2025","BHARTIARTL","Bharti Airtel Limited","WILLIAM BLAIR EMERGING MARKETS EX CHINA GROWTH COLLECTIVE INVESTMENT FUND","BUY","1,27,711","1,660.00",
"18-FEB-2025","BHARTIARTL","Bharti Airtel Limited","WILLIAM BLAIR EMERGING MARKETS EX CHINA GROWTH FUND","BUY","6,687","1,660.00",
"18-FEB-2025","BHARTIARTL","Bharti Airtel Limited","WILLIAM BLAIR SYSTEMATIC INTERNATIONAL ALL CAP CORE FUND LLC","BUY","632","1,660.00",
"19-FEB-2025","LLOYDSME","Lloyds Metals N Energy L","AGARWAL RAVI","BUY","1,77,240","1,165.00",
"19-FEB-2025","LLOYDSME","Lloyds Metals N Energy L","GUPTA RAJESH R","SELL","1,77,240","1,165.00",
"21-FEB-2025","ALKEM","Alkem Laboratories Ltd.","SAMPRADA&NANHAMATI SINGH FAMILY TRUST","SELL","6,41,712","4,680.00",
"21-FEB-2025","ALKEM","Alkem Laboratories Ltd.","SBI MUTUAL FUND","BUY","6,41,712","4,680.00",
"28-FEB-2025","ITC","ITC Ltd.","SEI TRUST COMPANY AS TRUSTEE OBO ALLSPRING EMERGING MARKETS EQUITY CIT","BUY","26,55,000","401.60",
"28-FEB-2025","ITC","ITC Ltd.","WELLS FARGO EMERGING MARKETS EQUITY CIT","SELL","26,55,000","401.60",
"04-MAR-2025","AVANTIFEED","Avanti Feeds Limited","IIFL FACILITIES SERVICES LIMITED","BUY","59,77,413","728.00",
"04-MAR-2025","AVANTIFEED","Avanti Feeds Limited","THAI UNION ASIA INVESTMENT HOLDING LIMITED","SELL","59,77,413","728.00",
"06-MAR-2025","AVANTIFEED","Avanti Feeds Limited","IIFL FACILITIES SERVICES LIMITED","BUY","59,77,413","786.00",
"06-MAR-2025","AVANTIFEED","Avanti Feeds Limited","THAI UNION ASIA INVESTMENT HOLDING LIMITED","SELL","59,77,413","786.00",
"07-MAR-2025","DTIL","Dhunseri Tea & Ind. Ltd.","DHUNSERI INVESTMENTS LIMITED","SELL","48,09,595","187.20",
"07-MAR-2025","DTIL","Dhunseri Tea & Ind. Ltd.","NAGA DHUNSERI GROUP LIMITED","BUY","48,09,595","187.20",
"07-MAR-2025","DVL","Dhunseri Petrochem Limite","DHUNSERI INVESTMENTS LIMITED","BUY","30,78,759","333.50",
"07-MAR-2025","DVL","Dhunseri Petrochem Limite","NAGA DHUNSERI GROUP LIMITED","SELL","30,78,759","333.50",
"10-MAR-2025","BHARTIARTL","Bharti Airtel Limited","SEI TRUST COMPANY AS TRUSTEE OBO ALLSPRING EMERGING MARKETS EQUITY CIT","BUY","9,39,574","1,630.70",
"10-MAR-2025","BHARTIARTL","Bharti Airtel Limited","WELLS FARGO EMERGING MARKETS EQUITY CIT","SELL","9,39,574","1,630.70",
"11-MAR-2025","INFY","Infosys Limited","GAURAV MANCHANDA","SELL","29,84,057","1,657.00",
"11-MAR-2025","INFY","Infosys Limited","SHRUTI SHIBULAL","BUY","29,84,057","1,657.00",
"12-MAR-2025","INFY","Infosys Limited","GAURAV MANCHANDA","SELL","29,84,056","1,574.00",
"12-MAR-2025","INFY","Infosys Limited","SHRUTI SHIBULAL","BUY","29,84,056","1,574.00",
"18-MAR-2025","APTUS","Aptus Value Hsg Fin I Ltd","EAST BRIDGE CAPITAL MASTER FUND I LTD","BUY","9,11,871","289.00",
"18-MAR-2025","APTUS","Aptus Value Hsg Fin I Ltd","EAST BRIDGE CAPITAL MASTER FUND LIMITED","SELL","9,11,871","289.00",
"18-MAR-2025","AXISBANK","Axis Bank Limited","SEI TRUST COMPANY AS TRUSTEE OBO ALLSPRING EMERGING MARKETS EQUITY CIT","BUY","6,28,353","1,034.15",
"18-MAR-2025","AXISBANK","Axis Bank Limited","WELLS FARGO EMERGING MARKETS EQUITY CIT","SELL","6,28,353","1,034.15",
"18-MAR-2025","BAJFINANCE","Bajaj Finance Limited","SEI TRUST COMPANY AS TRUSTEE OBO ALLSPRING EMERGING MARKETS EQUITY CIT","BUY","44,149","8,580.35",
"18-MAR-2025","BAJFINANCE","Bajaj Finance Limited","WELLS FARGO EMERGING MARKETS EQUITY CIT","SELL","44,149","8,580.35",
"18-MAR-2025","JUBLPHARMA","Jubilant Pharmova Ltd","EAST BRIDGE CAPITAL MASTER FUND I LTD","BUY","6,23,585","856.25",
"18-MAR-2025","JUBLPHARMA","Jubilant Pharmova Ltd","EAST BRIDGE CAPITAL MASTER FUND LIMITED","SELL","6,23,585","856.25",
"18-MAR-2025","RELIANCE","Reliance Industries Ltd","SEI TRUST COMPANY AS TRUSTEE OBO ALLSPRING EMERGING MARKETS EQUITY CIT","BUY","1,70,000","1,238.85",
"18-MAR-2025","RELIANCE","Reliance Industries Ltd","WELLS FARGO EMERGING MARKETS EQUITY CIT","SELL","1,70,000","1,238.85",
"25-MAR-2025","FEDERALBNK","Federal Bank Ltd.","INTEGRATED CORE STRATEGIES (ASIA) PTE. LTD.","BUY","9,80,453","195.80",
"25-MAR-2025","FEDERALBNK","Federal Bank Ltd.","UBS AG","SELL","9,80,453","195.80",
"25-MAR-2025","GLENMARK","Glenmark Pharma Ltd","INTEGRATED CORE STRATEGIES (ASIA) PTE. LTD.","BUY","2,64,465","1,492.65",
"25-MAR-2025","GLENMARK","Glenmark Pharma Ltd","UBS AG","SELL","2,64,465","1,492.65",
"25-MAR-2025","MFSL","Max Fin Serv Ltd","INTEGRATED CORE STRATEGIES (ASIA) PTE. LTD.","BUY","11,00,123","1,157.35",
"25-MAR-2025","MFSL","Max Fin Serv Ltd","UBS AG","SELL","11,00,123","1,157.35",
"26-MAR-2025","ATFL","Agro Tech Foods Limited","CAG-TECH (MAURITIUS) LIMITED","BUY","1,55,000","797.80",
"26-MAR-2025","ATFL","Agro Tech Foods Limited","INFINITY PORTFOLIO HOLDINGS","SELL","1,55,000","797.80",
"26-MAR-2025","TRIDENT","Trident Limited","MADHURAJ FOUNDATION","BUY","2,50,00,000","24.90",
"26-MAR-2025","TRIDENT","Trident Limited","TRIDENT LIMITED EMPLOYEES WELFARE TRUST","SELL","2,50,00,000","24.90",
"27-MAR-2025","MFSL","Max Fin Serv Ltd","CITIGROUP GLOBAL MARKETS SINGAPORE PTE LIMITED","BUY","89,945","1,112.00",
"27-MAR-2025","MFSL","Max Fin Serv Ltd","COPTHALL MAURITIUS INVESTMENT LIMITED","BUY","89,967","1,112.00",
"27-MAR-2025","MFSL","Max Fin Serv Ltd","DSP MUTUAL FUND","BUY","11,59,763","1,112.00",
"27-MAR-2025","MFSL","Max Fin Serv Ltd","ICICI PRUDENTIAL MUTUAL FUND","BUY","29,22,662","1,112.00",
"27-MAR-2025","MFSL","Max Fin Serv Ltd","KOTAKMAHINDRALIFEINSURANCECOMPANYLIMITED","BUY","1,90,891","1,112.00",
"27-MAR-2025","MFSL","Max Fin Serv Ltd","KOTAKMAHINDRALIFEINSURANCECOMPANYLIMITED","BUY","46,432","1,112.00",
"27-MAR-2025","MFSL","Max Fin Serv Ltd","KOTAKMAHINDRALIFEINSURANCECOMPANYLIMITED","BUY","254","1,112.00",
"27-MAR-2025","MFSL","Max Fin Serv Ltd","KOTAKMAHINDRALIFEINSURANCECOMPANYLIMITED","BUY","329","1,112.00",
"27-MAR-2025","MFSL","Max Fin Serv Ltd","KOTAKMAHINDRALIFEINSURANCECOMPANYLIMITED","BUY","2,248","1,112.00",
"27-MAR-2025","MFSL","Max Fin Serv Ltd","KOTAKMAHINDRALIFEINSURANCECOMPANYLIMITED","BUY","11,586","1,112.00",
"27-MAR-2025","MFSL","Max Fin Serv Ltd","KOTAKMAHINDRALIFEINSURANCECOMPANYLIMITED","BUY","14,335","1,112.00",
"27-MAR-2025","MFSL","Max Fin Serv Ltd","KOTAKMAHINDRALIFEINSURANCECOMPANYLIMITED","BUY","33,948","1,112.00",
"27-MAR-2025","MFSL","Max Fin Serv Ltd","KOTAKMAHINDRALIFEINSURANCECOMPANYLIMITED","BUY","83,071","1,112.00",
"27-MAR-2025","MFSL","Max Fin Serv Ltd","MAX VENTURES INVESTMENT HOLDINGS PRIVATE LIMITED","SELL","55,00,000","1,112.00",
"27-MAR-2025","MFSL","Max Fin Serv Ltd","MORGAN STANLEY ASIA SINGAPORE PTE","BUY","2,47,302","1,112.00",
"27-MAR-2025","MFSL","Max Fin Serv Ltd","OXBOW MASTER FUND LIMITED","BUY","3,71,673","1,112.00",
"27-MAR-2025","MFSL","Max Fin Serv Ltd","SOCIETE GENERALE","BUY","2,35,594","1,112.00",
"27-MAR-2025","UBL","United Breweries Limited","COPTHALL MAURITIUS INVESTMENT LIMITED","SELL","1,41,378","1,931.15",
"27-MAR-2025","UBL","United Breweries Limited","INTEGRATED CORE STRATEGIES ASIA PTE LTD","BUY","1,41,378","1,931.15",
"27-MAR-2025","UNOMINDA","UNO Minda Limited","COPTHALL MAURITIUS INVESTMENT LIMITED","SELL","2,45,144","934.45",
"27-MAR-2025","UNOMINDA","UNO Minda Limited","INTEGRATED CORE STRATEGIES ASIA PTE LTD","BUY","2,45,144","934.45",
"28-MAR-2025","CARBORUNIV","Carborundum Univ Ltd","NEMISH S. SHAH  (HUF)","BUY","5,00,000","965.00",
"28-MAR-2025","CARBORUNIV","Carborundum Univ Ltd","SANDHYA G PARIKH","BUY","2,50,000","965.00",
"28-MAR-2025","CARBORUNIV","Carborundum Univ Ltd","SHEEL COMMODITIES PRIVATE LIMITED","BUY","2,50,000","965.00",
"28-MAR-2025","CARBORUNIV","Carborundum Univ Ltd","SOUTHERN ENERGY DEVELOPMENT CORPORATION LTD","SELL","10,00,000","965.00",
"28-MAR-2025","IDEAFORGE","Ideaforge Techno Ltd","BLUE DAIMOND PROPERTIES PRIVATE LIMITED","BUY","10,09,221","344.95",
"28-MAR-2025","IDEAFORGE","Ideaforge Techno Ltd","FLORINTREE ENTERPRISE LLP","SELL","10,09,221","344.95",
"28-MAR-2025","NAGAFERT","Nagarjun Fert and Che Ltd","AGRI VESTORS PRIVATE LIMITED","BUY","15,54,12,063","4.31",
"28-MAR-2025","NAGAFERT","Nagarjun Fert and Che Ltd","AMLIKA MERCANTILE PRIVATE LIMITED","SELL","15,54,12,063","4.31",
"09-APR-2025","NORTHARC","Northern Arc Capital Ltd","360 ONE SPECIAL OPPORTUNITIES FUND -  SERIES 2","SELL","5,90,645","173.90",
"09-APR-2025","NORTHARC","Northern Arc Capital Ltd","360 ONE SPECIAL OPPORTUNITIES FUND -  SERIES 3","SELL","20,73,855","173.90",
"09-APR-2025","NORTHARC","Northern Arc Capital Ltd","ASHISH  DHAWAN","BUY","35,00,000","173.90",
"09-APR-2025","NORTHARC","Northern Arc Capital Ltd","DVARA TRUST","SELL","8,35,500","173.90",
"29-APR-2025","SAMHI","Samhi Hotels Limited","BLUE CHANDRA PTE LTD","SELL","87,21,414","174.30",
"29-APR-2025","SAMHI","Samhi Hotels Limited","BOFA SECURITIES EUROPE SA","BUY","5,74,123","174.30",
"29-APR-2025","SAMHI","Samhi Hotels Limited","BOFA SECURITIES EUROPE SA - ODI","BUY","9,17,958","174.30",
"29-APR-2025","SAMHI","Samhi Hotels Limited","CBJ AS TRUSTEE FOR SMBCTB EMERGING MARKETS IMPACT MF","BUY","51,408","174.30",
"29-APR-2025","SAMHI","Samhi Hotels Limited","CITIGROUP GLOBAL MARKETS MAURITIUS PVT LTD","BUY","5,74,121","174.30",
"29-APR-2025","SAMHI","Samhi Hotels Limited","LGT SELECT FUNDS-LGT SELECT EQUITY EMERGING MARKETS","BUY","1,95,046","174.30",
"29-APR-2025","SAMHI","Samhi Hotels Limited","STEINBERG INDIA EMERGING OPPORTUNITIES FUND LIMITED","BUY","28,17,623","174.30",
"29-APR-2025","SAMHI","Samhi Hotels Limited","TATA MUTUAL FUND","BUY","28,17,893","174.30",
"29-APR-2025","SAMHI","Samhi Hotels Limited","TT EM EX CHINA EQUITY FUND","BUY","40,412","174.30",
"29-APR-2025","SAMHI","Samhi Hotels Limited","TT EMERGING MARKETS UNCONSTRAINED FUND","BUY","5,49,165","174.30",
"29-APR-2025","SAMHI","Samhi Hotels Limited","TT HORIZON OPPORTUNITIES FUND LIMITED","BUY","1,65,419","174.30",
"29-APR-2025","SAMHI","Samhi Hotels Limited","TT SUSTAINABLE EM EQUITY FUND","BUY","18,246","174.30",
"02-MAY-2025","PNBHOUSING","PNB Housing Fin Ltd.","ADITYA BIRLA SUN LIFE INSURANCE COMPANY LIMITED","BUY","4,00,004","1,000.20",
"02-MAY-2025","PNBHOUSING","PNB Housing Fin Ltd.","AL MEHWAR COMMERCIAL INVESTMENTS L.L.C.","BUY","2,00,025","1,000.20",
"02-MAY-2025","PNBHOUSING","PNB Housing Fin Ltd.","AL MEHWAR COMMERCIAL INVESTMENTS L.L.C.","BUY","6,00,045","1,000.20",
"02-MAY-2025","PNBHOUSING","PNB Housing Fin Ltd.","ASK ABSOLUTE RETURN FUND","BUY","1,00,208","1,000.20",
"02-MAY-2025","PNBHOUSING","PNB Housing Fin Ltd.","AURIGIN MASTER FUND LIMITED","BUY","1,00,408","1,000.20",
"02-MAY-2025","PNBHOUSING","PNB Housing Fin Ltd.","AXIS MUTUAL FUND","BUY","6,00,041","1,000.20",
"02-MAY-2025","PNBHOUSING","PNB Housing Fin Ltd.","BANK OF INDIA MUTUAL FUND","BUY","2,00,006","1,000.20",
"02-MAY-2025","PNBHOUSING","PNB Housing Fin Ltd.","CANARA ROBECO MUTUAL FUND","BUY","4,50,450","1,000.20",
"02-MAY-2025","PNBHOUSING","PNB Housing Fin Ltd.","CARMIGNAC PORTFOLIO","BUY","2,00,007","1,000.20",
"02-MAY-2025","PNBHOUSING","PNB Housing Fin Ltd.","CITIGROUP GLOBAL MARKETS MAURITIUS PRIVATE LIMITED","BUY","3,20,410","1,000.20",
"02-MAY-2025","PNBHOUSING","PNB Housing Fin Ltd.","COHESION MK BEST IDEAS SUB-TRUST","BUY","2,00,060","1,000.20",
"02-MAY-2025","PNBHOUSING","PNB Housing Fin Ltd.","DISCOVERY GLOBAL OPPORTUNITY MAURITIUS LIMITED","BUY","2,00,006","1,000.20",
"02-MAY-2025","PNBHOUSING","PNB Housing Fin Ltd.","DSP MUTUAL FUND","BUY","3,40,401","1,000.20",
"02-MAY-2025","PNBHOUSING","PNB Housing Fin Ltd.","EDELWEISS LIFE INSURANCE COMPANY LIMITED","BUY","1,00,150","1,000.20",
"02-MAY-2025","PNBHOUSING","PNB Housing Fin Ltd.","FLORIDA RETIREMENT SYSTEM","BUY","87,323","1,000.20",
"02-MAY-2025","PNBHOUSING","PNB Housing Fin Ltd.","GHISALLO MASTER FUND LP","BUY","1,00,403","1,000.20",
"02-MAY-2025","PNBHOUSING","PNB Housing Fin Ltd.","GOLDMAN SACHS (SINGAPORE) PTE","BUY","1,00,510","1,000.20",
"02-MAY-2025","PNBHOUSING","PNB Housing Fin Ltd.","GOLDMAN SACHS INVESTMENTS MAURITIUS I LIMITED","BUY","1,70,212","1,000.20",
"02-MAY-2025","PNBHOUSING","PNB Housing Fin Ltd.","HDFC BANK LIMITED","BUY","1,00,210","1,000.20",
"02-MAY-2025","PNBHOUSING","PNB Housing Fin Ltd.","ITI MUTUAL FUND","BUY","2,00,008","1,000.20",
"02-MAY-2025","PNBHOUSING","PNB Housing Fin Ltd.","JUPITER INDIA FUND","BUY","1,48,374","1,000.20",
"02-MAY-2025","PNBHOUSING","PNB Housing Fin Ltd.","KOTAK MAHINDRA LIFE INSURANCE COMPANY LIMITED","BUY","7,50,122","1,000.20",
"02-MAY-2025","PNBHOUSING","PNB Housing Fin Ltd.","KOTAK MAHINDRA MUTUAL FUND","BUY","21,77,475","1,000.20",
"02-MAY-2025","PNBHOUSING","PNB Housing Fin Ltd.","MAHINDRA MANULIFE MUTUAL FUND","BUY","3,00,337","1,000.20",
"02-MAY-2025","PNBHOUSING","PNB Housing Fin Ltd.","MAX LIFE INSURANCE COMPANY LIMITED","BUY","4,00,410","1,000.20",
"02-MAY-2025","PNBHOUSING","PNB Housing Fin Ltd.","MORGAN STANLEY ASIA SINGAPORE PTE","BUY","8,01,483","1,000.20",
"02-MAY-2025","PNBHOUSING","PNB Housing Fin Ltd.","MORGAN STANLEY ASIA SINGAPORE PTE","BUY","5,00,040","1,000.20",
"02-MAY-2025","PNBHOUSING","PNB Housing Fin Ltd.","MOTILAL OSWAL MUTUAL FUND","BUY","4,00,406","1,000.20",
"02-MAY-2025","PNBHOUSING","PNB Housing Fin Ltd.","NBIF PLC/NEUBERGER BERMAN EMERGING MARKETS EQUITY FUND","BUY","15,249","1,000.20",
"02-MAY-2025","PNBHOUSING","PNB Housing Fin Ltd.","NEUBERGER BERMAN EMERGING MARKETS EQUITY TRUST","BUY","5,414","1,000.20",
"02-MAY-2025","PNBHOUSING","PNB Housing Fin Ltd.","NEUBERGER BERMAN EQUITY FUNDS A/C NEUBERGER BERMAN EMERGING MARKETS EQ FUND","BUY","29,624","1,000.20",
"02-MAY-2025","PNBHOUSING","PNB Housing Fin Ltd.","NEUBERGER BERMAN EUROPE HOLDINGS LLC","BUY","497","1,000.20",
"02-MAY-2025","PNBHOUSING","PNB Housing Fin Ltd.","NEUBERGER BERMAN STRATEGIC INDIA EQUITY MASTER FUND L.P.","BUY","1,040","1,000.20",
"02-MAY-2025","PNBHOUSING","PNB Housing Fin Ltd.","NORGES BANK ON ACCOUNT OF THE GOVERNMENT PENSION FUND GLOBAL","BUY","8,00,004","1,000.20",
"02-MAY-2025","PNBHOUSING","PNB Housing Fin Ltd.","NUVAMA MULTI ASSET STRATEGY RETURN FUND","BUY","1,00,185","1,000.20",
"02-MAY-2025","PNBHOUSING","PNB Housing Fin Ltd.","OPTIMIX WHOLESALE GLOBAL EMERGING MARKETS SHARE TRUST","BUY","22,579","1,000.20",
"02-MAY-2025","PNBHOUSING","PNB Housing Fin Ltd.","OPTIMIX WHOLESALE GLOBAL EMERGING MARKETS SHARE TRUST","BUY","12,686","1,000.20",
"02-MAY-2025","PNBHOUSING","PNB Housing Fin Ltd.","PI OPPORTUNITIES AIF V LLP","BUY","4,00,045","1,000.20",
"02-MAY-2025","PNBHOUSING","PNB Housing Fin Ltd.","PLUTUS WEALTH MANAGEMENT LLP","BUY","3,00,004","1,000.20",
"02-MAY-2025","PNBHOUSING","PNB Housing Fin Ltd.","QUALITY INVESTMENT HOLDINGS PCC","SELL","1,73,16,849","1,000.20",
"02-MAY-2025","PNBHOUSING","PNB Housing Fin Ltd.","SBI LIFE INSURANCE COMPANY LIMITED","BUY","9,00,040","1,000.20",
"02-MAY-2025","PNBHOUSING","PNB Housing Fin Ltd.","SINGULARITY HOLDINGS LIMITED","BUY","1,00,145","1,000.20",
"02-MAY-2025","PNBHOUSING","PNB Housing Fin Ltd.","SOCIETE GENERALE","BUY","10,52,054","1,000.20",
"02-MAY-2025","PNBHOUSING","PNB Housing Fin Ltd.","SUBHKAM VENTURES I PVT LTD","BUY","2,00,045","1,000.20",
"02-MAY-2025","PNBHOUSING","PNB Housing Fin Ltd.","SUNDARAM MUTUAL FUND","BUY","3,00,004","1,000.20",
"02-MAY-2025","PNBHOUSING","PNB Housing Fin Ltd.","TARA EMERGING ASIA LIQUID FUND","BUY","2,00,212","1,000.20",
"02-MAY-2025","PNBHOUSING","PNB Housing Fin Ltd.","TATA AIA LIFE INSURANCE COMPANY LIMITED","BUY","9,00,053","1,000.20",
"02-MAY-2025","PNBHOUSING","PNB Housing Fin Ltd.","TATA MUTUAL FUND","BUY","4,00,003","1,000.20",
"02-MAY-2025","PNBHOUSING","PNB Housing Fin Ltd.","THE JUPITER GLOBAL FUND - JUPITER INDIA SELECT","BUY","51,630","1,000.20",
"02-MAY-2025","PNBHOUSING","PNB Housing Fin Ltd.","THE SAUDI SECOND INVESTMENT COMPANY","BUY","25,605","1,000.20",
"02-MAY-2025","PNBHOUSING","PNB Housing Fin Ltd.","THELEME INDIA MASTER FUND LIMITED","BUY","5,99,941","1,000.20",
"02-MAY-2025","PNBHOUSING","PNB Housing Fin Ltd.","UTI MUTUAL FUND","BUY","2,50,201","1,000.20",
"02-MAY-2025","PNBHOUSING","PNB Housing Fin Ltd.","VALUEQUEST INDIA G.I.F.T. FUND","BUY","2,00,006","1,000.20",
"02-MAY-2025","PNBHOUSING","PNB Housing Fin Ltd.","VIRIDIAN ASIA OPPORTUNITIES MASTER FUND","BUY","2,00,049","1,000.20",
"12-MAY-2025","MOTILALOFS","Motilal Oswal Financial S","CITIGROUP GLOBAL MARKETS MAURITIUS PVT LTD","BUY","2,03,343","679.50",
"12-MAY-2025","MOTILALOFS","Motilal Oswal Financial S","MORGAN STANLEY ASIA SINGAPORE PTE","SELL","2,03,343","679.50",
"12-MAY-2025","TANLA","Tanla Platforms Limited","AMERICAN FUNDS INSURANCE SERIES GLOBAL SMALL CAPITALIZATION FUND","SELL","2,31,010","470.15",
"12-MAY-2025","TANLA","Tanla Platforms Limited","DASARI UDAY KUMAR REDDY","BUY","18,62,256","470.15",
"12-MAY-2025","TANLA","Tanla Platforms Limited","SMALLCAP WORLD FUND INC","SELL","16,31,246","470.15",
"14-MAY-2025","MAXHEALTH","Max Healthcare Ins Ltd","CITIGROUP GLOBAL MARKETS MAURITIUS PVT LTD","BUY","2,58,242","1,172.00",
"14-MAY-2025","MAXHEALTH","Max Healthcare Ins Ltd","MORGAN STANLEY ASIA SINGAPORE PTE","SELL","2,58,242","1,172.00",
"14-MAY-2025","NAUKRI","Info Edge (India) Limited","CITIGROUP GLOBAL MARKETS MAURITIUS PVT LTD","BUY","2,12,700","1,464.50",
"14-MAY-2025","NAUKRI","Info Edge (India) Limited","MORGAN STANLEY ASIA SINGAPORE PTE","SELL","2,12,700","1,464.50",
"14-MAY-2025","NAVINFLUOR","Navin Fluorine Internatio","SBI MUTUAL FUND","BUY","2,10,000","4,287.00",
"14-MAY-2025","NAVINFLUOR","Navin Fluorine Internatio","VISHAD PADMANABH MAFATLAL","SELL","2,10,000","4,287.00",
"14-MAY-2025","WAAREEENER","Waaree Energies Limited","CITIGROUP GLOBAL MARKETS MAURITIUS PVT LTD","BUY","60,398","2,690.10",
"14-MAY-2025","WAAREEENER","Waaree Energies Limited","MORGAN STANLEY ASIA SINGAPORE PTE","SELL","60,398","2,690.10",
"15-MAY-2025","IITL","Industrial Inv Trust Ltd","ONE EARTH CAPITAL LIMITED","SELL","8,88,000","170.58",
"15-MAY-2025","IITL","Industrial Inv Trust Ltd","SIX SIGMA INVESTMENTS FUND","BUY","8,88,000","170.58",
"15-MAY-2025","PAYTM","One 97 Communications Ltd","CITIGROUP GLOBAL MARKETS MAURITIUS PVT LTD","BUY","3,55,000","850.70",
"15-MAY-2025","PAYTM","One 97 Communications Ltd","GOLDMAN SACHS (SINGAPORE) PTE - ODI","SELL","3,55,000","850.70",
"19-MAY-2025","AMIORG","Ami Organics Limited","CHETANKUMAR CHHAGANLAL  VAGHASIA","SELL","13,48,921","1,115.00",
"19-MAY-2025","AMIORG","Ami Organics Limited","KOTAK MAHINDRA MUTUAL FUND","BUY","13,48,921","1,115.00",
"19-MAY-2025","AMIORG","Ami Organics Limited","KOTAK MAHINDRA MUTUAL FUND.","BUY","13,48,921","1,115.00",
"19-MAY-2025","AMIORG","Ami Organics Limited","NARESHKUMAR RAMJIBHAI PATEL","SELL","13,48,921","1,115.00",
"20-MAY-2025","IITL","Industrial Inv Trust Ltd","ONE EARTH CAPITAL LIMITED","SELL","8,83,745","170.00",
"20-MAY-2025","IITL","Industrial Inv Trust Ltd","SIX SIGMA INVESTMENTS FUND","BUY","8,83,745","170.00",
"23-MAY-2025","LLOYDSENGG","LLOYDS ENGG WORK LIMITED","LLOYDS ENTERPRISES LIMITED","SELL","2,68,00,000","48.50",
"23-MAY-2025","LLOYDSENGG","LLOYDS ENGG WORK LIMITED","THRIVENI EARTHMOVERS PRIVATE LIMITED","BUY","2,68,00,000","48.50",
"26-MAY-2025","MANGLMCEM","Mangalam Cement Ltd","PILANI INVESTMENT AND INDUSTRIES CORPORATION LIMITED","SELL","5,00,000","815.00",
"26-MAY-2025","MANGLMCEM","Mangalam Cement Ltd","RAMBARA TRADING PRIVATE LIMITED","BUY","2,50,000","815.00",
"26-MAY-2025","MANGLMCEM","Mangalam Cement Ltd","VIDULA CONSULTANCY SERVICES LIMITED","BUY","2,50,000","815.00",
"26-MAY-2025","NHIT","National Highw Infra Trus","NATIONAL HIGHWAYS AUTHORITY OF INDIA","SELL","8,24,00,000","133.57",
"26-MAY-2025","NHIT","National Highw Infra Trus","SBI LIFE INSURANCE COMPANY LIMITED","BUY","3,74,50,000","133.57",
"26-MAY-2025","NHIT","National Highw Infra Trus","VIDYANITI LLP","BUY","4,49,50,000","133.57",
"29-MAY-2025","BIRLANU","BirlaNu Limited","LTD ASHOK INVESTMENT CORPORAT ION","BUY","44,000","2,320.20",
"29-MAY-2025","BIRLANU","BirlaNu Limited","LTD CENTRAL INDIA INDUSTRIES","BUY","3,32,000","2,320.20",
"29-MAY-2025","BIRLANU","BirlaNu Limited","LTD GWALIOR FINANCE CORPORATION","BUY","1,98,360","2,320.20",
"29-MAY-2025","BIRLANU","BirlaNu Limited","ORIENT PAPER & INDUSTRIES LTD","SELL","9,06,360","2,320.20",
"29-MAY-2025","BIRLANU","BirlaNu Limited","SHEKHAVATI INVESTMENTS AND TRADERS LIMITED","BUY","3,32,000","2,320.20",
"30-MAY-2025","INDIGOPNTS","Indigo Paints Limited","KOTAK MAHINDRA MUTUAL FUND","BUY","15,13,635","1,046.45",
"30-MAY-2025","INDIGOPNTS","Indigo Paints Limited","PEAK XV PARTNERS INVESTMENTS IV","SELL","7,28,175","1,046.45",
"30-MAY-2025","INDIGOPNTS","Indigo Paints Limited","PEAK XV PARTNERS INVESTMENTS V","SELL","7,85,460","1,046.45",
"02-JUN-2025","AUBANK","AU Small Finance Bank Ltd","LEAPFROG RURAL INCLUSION (INDIA) LIMITED","SELL","9,01,261","693.00",
"02-JUN-2025","AUBANK","AU Small Finance Bank Ltd","TATA AIG GENERAL INSURANCE CO LTD","BUY","9,01,261","693.00",
"06-JUN-2025","BAJAJFINSV","Bajaj Finserv Limited","ADITYA BIRLA SUN LIFE MUTUAL FUND","BUY","12,98,684","1,925.20",
"06-JUN-2025","BAJAJFINSV","Bajaj Finserv Limited","ASK ABSOLUTE RETURN FUND","BUY","1,11,394","1,925.20",
"06-JUN-2025","BAJAJFINSV","Bajaj Finserv Limited","BAJAJ HOLDINGS AND INVESTMENT LIMITED","SELL","1,04,00,000","1,925.20",
"06-JUN-2025","BAJAJFINSV","Bajaj Finserv Limited","BARCLAYS MERCHANT BANK (SINGAPORE) LIMITED","BUY","53,468","1,925.20",
"06-JUN-2025","BAJAJFINSV","Bajaj Finserv Limited","BOFA SECURITIES EUROPE SA","BUY","3,11,903","1,925.20",
"06-JUN-2025","BAJAJFINSV","Bajaj Finserv Limited","BOFA SECURITIES EUROPE SA - ODI","BUY","13,09,986","1,925.20",
"06-JUN-2025","BAJAJFINSV","Bajaj Finserv Limited","CITIGROUP GLOBAL MARKETS MAURITIUS PVT LTD","BUY","2,89,624","1,925.20",
"06-JUN-2025","BAJAJFINSV","Bajaj Finserv Limited","COPTHALL MAURITIUS INVESTMENT LIMITED","BUY","66,837","1,925.20",
"06-JUN-2025","BAJAJFINSV","Bajaj Finserv Limited","DFC EMERGING MARKETS EQUITY FUND","BUY","420","1,925.20",
"06-JUN-2025","BAJAJFINSV","Bajaj Finserv Limited","DSP MUTUAL FUND","BUY","54,592","1,925.20",
"06-JUN-2025","BAJAJFINSV","Bajaj Finserv Limited","EASTSPRING INVESTMENTS INDIA CONSUMER EQUITY OPEN LIMITED","BUY","2,35,000","1,925.20",
"06-JUN-2025","BAJAJFINSV","Bajaj Finserv Limited","EASTSPRING INVESTMENTS INDIA EQUITY FUND","BUY","2,10,000","1,925.20",
"06-JUN-2025","BAJAJFINSV","Bajaj Finserv Limited","EASTSPRING INVESTMENTS INDIA EQUITY OPEN LIMITED","BUY","1,95,988","1,925.20",
"06-JUN-2025","BAJAJFINSV","Bajaj Finserv Limited","EDELWEISS MUTUAL FUND","BUY","5,19,481","1,925.20",
"06-JUN-2025","BAJAJFINSV","Bajaj Finserv Limited","GOLDMAN SACHS (SINGAPORE) PTE","BUY","2,22,788","1,925.20",
"06-JUN-2025","BAJAJFINSV","Bajaj Finserv Limited","GOLDMAN SACHS INVESTMENTS (MAURITIUS) I LIMITED  SHORT TERM","BUY","2,22,788","1,925.20",
"06-JUN-2025","BAJAJFINSV","Bajaj Finserv Limited","HDFC MUTUAL FUND","BUY","11,65,845","1,925.20",
"06-JUN-2025","BAJAJFINSV","Bajaj Finserv Limited","ICICI PRUDENTIAL LIFE INSURANCE COMPANY LIMITED","BUY","4,67,533","1,925.20",
"06-JUN-2025","BAJAJFINSV","Bajaj Finserv Limited","ICICI PRUDENTIAL MUTUAL FUND","BUY","77,92,208","1,925.20",
"06-JUN-2025","BAJAJFINSV","Bajaj Finserv Limited","INDIA ACORN ICAV - ASHOKA WHITEOAK EMERGING MARKETS EQUITY FUND","BUY","1,35,065","1,925.20",
"06-JUN-2025","BAJAJFINSV","Bajaj Finserv Limited","INSTITUTIONAL VANDHA A/C","BUY","1,23,139","1,925.20",
"06-JUN-2025","BAJAJFINSV","Bajaj Finserv Limited","JAMNALAL SONS PRIVATE LIMITED","SELL","1,82,00,000","1,925.20",
"06-JUN-2025","BAJAJFINSV","Bajaj Finserv Limited","JAPAN TRUSTEES SERVICE BANK LTD A/C JF INDIA EQUITY OPEN MOTHER FUND","BUY","69,409","1,925.20",
"06-JUN-2025","BAJAJFINSV","Bajaj Finserv Limited","JP MORGAN FUNDS","BUY","1,86,577","1,925.20",
"06-JUN-2025","BAJAJFINSV","Bajaj Finserv Limited","JPMORGAN INDIA FUND","BUY","2,83,430","1,925.20",
"06-JUN-2025","BAJAJFINSV","Bajaj Finserv Limited","JPMORGAN INDIAN INVESTMENT TRUST PLC","BUY","4,65,408","1,925.20",
"06-JUN-2025","BAJAJFINSV","Bajaj Finserv Limited","LANSFORSAKRINGAR TILLVAXTMARKNAD AKTIV","BUY","4,811","1,925.20",
"06-JUN-2025","BAJAJFINSV","Bajaj Finserv Limited","LEADING LIGHT FUND VCC - THE TRIUMPH FUND","BUY","75,748","1,925.20",
"06-JUN-2025","BAJAJFINSV","Bajaj Finserv Limited","MORGAN STANLEY ASIA SINGAPORE PTE","BUY","1,33,674","1,925.20",
"06-JUN-2025","BAJAJFINSV","Bajaj Finserv Limited","MORGAN STANLEY ASIA SINGAPORE PTE","BUY","21,78,856","1,925.20",
"06-JUN-2025","BAJAJFINSV","Bajaj Finserv Limited","NOMURA SINGAPORE LIMITED","BUY","53,471","1,925.20",
"06-JUN-2025","BAJAJFINSV","Bajaj Finserv Limited","NTCC COLL FUNDS FOR EMPLOYEE BENEFIT TRUST -NTCC EMERGING MARKETS FUND FEBT","BUY","2,043","1,925.20",
"06-JUN-2025","BAJAJFINSV","Bajaj Finserv Limited","OP-INDIA FUND","BUY","40,333","1,925.20",
"06-JUN-2025","BAJAJFINSV","Bajaj Finserv Limited","PRUDENTAL ASSET MGT (SINGAPORE) A/C PRU AST MGT SINGAPORE AC INT OPP FD DRAGON PEACOCK","BUY","41,121","1,925.20",
"06-JUN-2025","BAJAJFINSV","Bajaj Finserv Limited","PRUDENTIAL ASSET MGT. (SINGAPORE) A/C DRAGON PEACOCK INVESTMENTS LTD","BUY","62,642","1,925.20",
"06-JUN-2025","BAJAJFINSV","Bajaj Finserv Limited","SBI LIFE INSURANCE COMPANY LIMITED","BUY","3,11,689","1,925.20",
"06-JUN-2025","BAJAJFINSV","Bajaj Finserv Limited","SBI MUTUAL FUND","BUY","77,92,208","1,925.20",
"06-JUN-2025","BAJAJFINSV","Bajaj Finserv Limited","SCOTIA PRIVATE EMERGING MARKETS POOL","BUY","1,041","1,925.20",
"06-JUN-2025","BAJAJFINSV","Bajaj Finserv Limited","SOCIETE GENERALE","BUY","10,11,452","1,925.20",
"06-JUN-2025","BAJAJFINSV","Bajaj Finserv Limited","TARA EMERGING ASIA LIQUID FUND","BUY","51,952","1,925.20",
"06-JUN-2025","BAJAJFINSV","Bajaj Finserv Limited","TATA EQUITY PLUS ABSOLUTE RETURNS FUND","BUY","1,03,897","1,925.20",
"06-JUN-2025","BAJAJFINSV","Bajaj Finserv Limited","TATA MUTUAL FUND","BUY","4,54,284","1,925.20",
"06-JUN-2025","BAJAJFINSV","Bajaj Finserv Limited","THE INCUBATION FUND LIMITED","BUY","23","1,925.20",
"06-JUN-2025","BAJAJFINSV","Bajaj Finserv Limited","VANGUARD EMERGING MARKETS SELECT STOCK FUND","BUY","4,844","1,925.20",
"06-JUN-2025","BAJAJFINSV","Bajaj Finserv Limited","VIRIDIAN ASIA OPPORTUNITIES MASTER FUND","BUY","4,45,575","1,925.20",
"06-JUN-2025","BAJAJFINSV","Bajaj Finserv Limited","WELLINGTON MANAGEMENT FUNDS (LUXEMBOURG) III SICAV - WELLINGTON EMERGING MAR RESEACH EQ CORE FD","BUY","921","1,925.20",
"06-JUN-2025","BAJAJFINSV","Bajaj Finserv Limited","WMF (LUXEMBOURG)- WELLINGTON EMERGING MARKETS RESEARCH EQUITY FUND","BUY","11,575","1,925.20",
"06-JUN-2025","BAJAJFINSV","Bajaj Finserv Limited","WMF LUXEMBOURG II SICAV WELLINGTON GLOBAL MULTI ASSET TARGET RETURN FUND","BUY","552","1,925.20",
"06-JUN-2025","BAJAJFINSV","Bajaj Finserv Limited","WTCNAM CIF TRUST II EMERGING MARKETS RESEARCH EQUITY PORTFOLIO","BUY","6,630","1,925.20",
"06-JUN-2025","BAJAJFINSV","Bajaj Finserv Limited","WTCNAM COMMON TRUST FUNDS TRUST EMERGING MARKETS RESEARCH EQUITY PORTFOLIO","BUY","13,724","1,925.20",
"06-JUN-2025","BAJAJFINSV","Bajaj Finserv Limited","ZURICH INVEST INSTITUTIONAL FUNDS - ZIF AKTIEN EMERGING MARKETS","BUY","5,367","1,925.20",
"06-JUN-2025","ZFCVINDIA","ZF Com Ve Ctr Sys Ind Ltd","ADITYA BIRLA SUNLIFE MUTUAL FUND","BUY","1,23,109","13,191.00",
"06-JUN-2025","ZFCVINDIA","ZF Com Ve Ctr Sys Ind Ltd","BANDHAN MUTUAL FUND","BUY","10,999","13,191.00",
"06-JUN-2025","ZFCVINDIA","ZF Com Ve Ctr Sys Ind Ltd","CITIGROUP GLOBAL MARKETS MAURITIUS PVT LTD","BUY","37,041","13,191.00",
"06-JUN-2025","ZFCVINDIA","ZF Com Ve Ctr Sys Ind Ltd","EDELWEISS MUTUAL FUND","BUY","10,997","13,191.00",
"06-JUN-2025","ZFCVINDIA","ZF Com Ve Ctr Sys Ind Ltd","FRANKLIN TEMPLETON MUTUAL FUND","BUY","1,40,217","13,191.00",
"06-JUN-2025","ZFCVINDIA","ZF Com Ve Ctr Sys Ind Ltd","GHISALLO MASTER FUND LP","BUY","7,631","13,191.00",
"06-JUN-2025","ZFCVINDIA","ZF Com Ve Ctr Sys Ind Ltd","GOLDMAN SACHS (SINGAPORE) PTE","BUY","13,000","13,191.00",
"06-JUN-2025","ZFCVINDIA","ZF Com Ve Ctr Sys Ind Ltd","HDFC STANDARD LIFE INSURANCE COMPANY LIMITED","BUY","18,977","13,191.00",
"06-JUN-2025","ZFCVINDIA","ZF Com Ve Ctr Sys Ind Ltd","ICICI PRUDENTIAL MUTUAL FUND","BUY","15,097","13,191.00",
"06-JUN-2025","ZFCVINDIA","ZF Com Ve Ctr Sys Ind Ltd","INVESCO MUTUAL FUND","BUY","30,013","13,191.00",
"06-JUN-2025","ZFCVINDIA","ZF Com Ve Ctr Sys Ind Ltd","KOTAK MAHINDRA MUTUAL FUND","BUY","7,635","13,191.00",
"06-JUN-2025","ZFCVINDIA","ZF Com Ve Ctr Sys Ind Ltd","NIPPON INDIA MUTUAL FUND","BUY","18,977","13,191.00",
"06-JUN-2025","ZFCVINDIA","ZF Com Ve Ctr Sys Ind Ltd","SOCIETE GENERALE","BUY","35,694","13,191.00",
"06-JUN-2025","ZFCVINDIA","ZF Com Ve Ctr Sys Ind Ltd","SUNDARAM MUTUAL FUND","BUY","1,23,113","13,191.00",
"06-JUN-2025","ZFCVINDIA","ZF Com Ve Ctr Sys Ind Ltd","UTI MUTUAL FUND","BUY","7,633","13,191.00",
"06-JUN-2025","ZFCVINDIA","ZF Com Ve Ctr Sys Ind Ltd","WABCO ASIA PRIVATE LIMITED","SELL","6,00,133","13,191.00",
"09-JUN-2025","SUZLON","Suzlon Energy Limited","ADITYA BIRLA SUN LIFE MUTUAL FUND","BUY","3,02,80,090","66.05",
"09-JUN-2025","SUZLON","Suzlon Energy Limited","ASK ABSOLUTE RETURN FUND","BUY","15,14,072","66.05",
"09-JUN-2025","SUZLON","Suzlon Energy Limited","BAJAJ ALLIANZ LIFE INSURANCE COMPANY LIMITED","BUY","30,28,009","66.05",
"09-JUN-2025","SUZLON","Suzlon Energy Limited","BANDHAN MUTUAL FUND","BUY","48,44,814","66.05",
"09-JUN-2025","SUZLON","Suzlon Energy Limited","EDELWEISS LIFE INSURANCE COMPANY LIMITED","BUY","15,14,010","66.05",
"09-JUN-2025","SUZLON","Suzlon Energy Limited","EDELWEISS MUTUAL FUND","BUY","59,06,879","66.05",
"09-JUN-2025","SUZLON","Suzlon Energy Limited","FUTURE GENERALI INDIA LIFE INSURANCE COMPANY LIMITED","BUY","15,14,011","66.05",
"09-JUN-2025","SUZLON","Suzlon Energy Limited","GOLDMAN SACHS (SINGAPORE) PTE","BUY","15,14,025","66.05",
"09-JUN-2025","SUZLON","Suzlon Energy Limited","GOLDMAN SACHS FUNDS-GOLDMAN SACHS ASIA EQUITY PORTFOLIO","BUY","5,82,89,175","66.05",
"09-JUN-2025","SUZLON","Suzlon Energy Limited","ICICI PRUDENTIAL LIFE INSURANCE COMPANY LIMITED","BUY","1,69,56,850","66.05",
"09-JUN-2025","SUZLON","Suzlon Energy Limited","INVESCO MUTUAL FUND","BUY","48,44,814","66.05",
"09-JUN-2025","SUZLON","Suzlon Energy Limited","JAIDEEP SAMPAT","BUY","15,14,012","66.05",
"09-JUN-2025","SUZLON","Suzlon Energy Limited","KIFS FINSTOCK LIMITED","BUY","30,28,018","66.05",
"09-JUN-2025","SUZLON","Suzlon Energy Limited","MORGAN STANLEY ASIA SINGAPORE PTE","BUY","30,28,031","66.05",
"09-JUN-2025","SUZLON","Suzlon Energy Limited","MOTILAL OSWAL MUTUAL FUND","BUY","4,54,20,099","66.05",
"09-JUN-2025","SUZLON","Suzlon Energy Limited","RAMBHABEN UKABHAI TANTI","SELL","2,75,00,000","66.05",
"09-JUN-2025","SUZLON","Suzlon Energy Limited","SOCIETE GENERALE","BUY","73,97,043","66.05",
"09-JUN-2025","SUZLON","Suzlon Energy Limited","SUNDARAM MUTUAL FUND","BUY","75,70,022","66.05",
"09-JUN-2025","SUZLON","Suzlon Energy Limited","TANTI HOLDINGS PRIVATE LIMITED","SELL","6,69,76,144","66.05",
"09-JUN-2025","SUZLON","Suzlon Energy Limited","TANTI RANCHHODBHAI RAMJIB HAI","SELL","5,08,70,688","66.05",
"09-JUN-2025","SUZLON","Suzlon Energy Limited","VINOD RANCHHODBHAI TANTI","SELL","5,28,17,142","66.05",
"09-JUN-2025","WIPRO","Wipro Ltd","AZIM PREMJI TRUST","SELL","20,23,00,000","250.00",
"09-JUN-2025","WIPRO","Wipro Ltd","HASHAM TRADERS","BUY","11,90,00,000","250.00",
"09-JUN-2025","WIPRO","Wipro Ltd","PRAZIM TRADERS","BUY","5,95,00,000","250.00",
"09-JUN-2025","WIPRO","Wipro Ltd","PRAZIM TRADING AND INVESTMENT COMPANY PRIVATE LIMITED","BUY","2,38,00,000","250.00",
"10-JUN-2025","BAJFINANCE","Bajaj Finance Limited","NEW HORIZON OPPORTUNITIES MASTER FUND","BUY","1,75,000","9,703.00",
"10-JUN-2025","BAJFINANCE","Bajaj Finance Limited","NEW HORIZON OPPORTUNITIES MASTER FUND","SELL","1,75,000","9,703.00",
"10-JUN-2025","PREMIERENE","Premier Energies Limited","360 ONE ASSET MANAGEMENT LIMITED","BUY","4,74,697","1,051.60",
"10-JUN-2025","PREMIERENE","Premier Energies Limited","AGEAS FEDERAL LIFE INSURANCE COMPANY LIMITED","BUY","1,69,000","1,051.60",
"10-JUN-2025","PREMIERENE","Premier Energies Limited","AL MEHWAR COMMERCIAL INVESTMENTS L.L.C.","BUY","2,82,513","1,051.60",
"10-JUN-2025","PREMIERENE","Premier Energies Limited","AXIS MUTUAL FUND","BUY","10,93,675","1,051.60",
"10-JUN-2025","PREMIERENE","Premier Energies Limited","BANDHAN MUTUAL FUND","BUY","1,90,000","1,051.60",
"10-JUN-2025","PREMIERENE","Premier Energies Limited","BLACKSTONE AQUA MASTER SUB-FUND","BUY","4,07,180","1,051.60",
"10-JUN-2025","PREMIERENE","Premier Energies Limited","CITIGROUP GLOBAL MARKETS MAURITIUS PRIVATE LIMITED","BUY","5,70,052","1,051.60",
"10-JUN-2025","PREMIERENE","Premier Energies Limited","CITIGROUP GLOBAL MARKETS MAURITIUS PRIVATE LIMITED","BUY","6,51,488","1,051.60",
"10-JUN-2025","PREMIERENE","Premier Energies Limited","EDELWEISS MUTUAL FUND","BUY","14,26,533","1,051.60",
"10-JUN-2025","PREMIERENE","Premier Energies Limited","GHISALLO MASTER FUND LP","BUY","6,51,488","1,051.60",
"10-JUN-2025","PREMIERENE","Premier Energies Limited","GOLDMAN SACHS (SINGAPORE) PTE","BUY","1,62,872","1,051.60",
"10-JUN-2025","PREMIERENE","Premier Energies Limited","GOLDMAN SACHS INVESTMENTS MAURITIUS I LIMITED","BUY","4,07,180","1,051.60",
"10-JUN-2025","PREMIERENE","Premier Energies Limited","HDFC LIFE INSURANCE COMPANY LIMITED","BUY","2,00,000","1,051.60",
"10-JUN-2025","PREMIERENE","Premier Energies Limited","ICICI PRUDENTIAL MUTUAL FUND","BUY","4,75,511","1,051.60",
"10-JUN-2025","PREMIERENE","Premier Energies Limited","KOTAK MAHINDRA LIFE INSURANCE COMPANY LIMITED","BUY","9,48,303","1,051.60",
"10-JUN-2025","PREMIERENE","Premier Energies Limited","MORGAN STANLEY ASIA SINGAPORE PTE","BUY","1,62,872","1,051.60",
"10-JUN-2025","PREMIERENE","Premier Energies Limited","MORGAN STANLEY ASIA SINGAPORE PTE","BUY","16,77,563","1,051.60",
"10-JUN-2025","PREMIERENE","Premier Energies Limited","MOTILAL OSWAL MUTUAL FUND","BUY","2,37,755","1,051.60",
"10-JUN-2025","PREMIERENE","Premier Energies Limited","NOMURA SINGAPORE LIMITED","BUY","2,44,308","1,051.60",
"10-JUN-2025","PREMIERENE","Premier Energies Limited","PI OPPORTUNITIES AIF V LLP","BUY","33,28,578","1,051.60",
"10-JUN-2025","PREMIERENE","Premier Energies Limited","PUBLIC SECTOR PENSION INVESTMENT BOARD","BUY","4,12,130","1,051.60",
"10-JUN-2025","PREMIERENE","Premier Energies Limited","QUANT MUTUAL FUND","BUY","47,55,111","1,051.60",
"10-JUN-2025","PREMIERENE","Premier Energies Limited","SBI LIFE INSURANCE COMPANY LIMITED","BUY","23,77,555","1,051.60",
"10-JUN-2025","PREMIERENE","Premier Energies Limited","SOCIETE GENERALE","BUY","17,91,592","1,051.60",
"10-JUN-2025","PREMIERENE","Premier Energies Limited","SOUTH ASIA GROWTH FUND II HOLDINGS LLC","SELL","2,50,00,000","1,051.60",
"10-JUN-2025","PREMIERENE","Premier Energies Limited","THELEME INDIA MASTER FUND LIMITED","BUY","19,02,044","1,051.60",
"11-JUN-2025","ABCAPITAL","Aditya Birla Capital Ltd.","EDELWEISS MUTUAL FUND","BUY","8,24,232","242.65",
"11-JUN-2025","ABCAPITAL","Aditya Birla Capital Ltd.","GOLDMAN SACHS ETF TRUST  GOLDMAN SACHS INDIA EQUITY ETF","BUY","4,393","242.65",
"11-JUN-2025","ABCAPITAL","Aditya Birla Capital Ltd.","GOLDMAN SACHS FUNDS  GOLDMAN SACHS INDIA EQUITY PORTFOLIO","BUY","33,63,220","242.65",
"11-JUN-2025","ABCAPITAL","Aditya Birla Capital Ltd.","GREATER INDIA PORTFOLIO","BUY","1,85,981","242.65",
"11-JUN-2025","ABCAPITAL","Aditya Birla Capital Ltd.","GS INDIA EQUITY","BUY","1,20,068","242.65",
"11-JUN-2025","ABCAPITAL","Aditya Birla Capital Ltd.","HSBC MUTUAL FUND","BUY","7,21,203","242.65",
"11-JUN-2025","ABCAPITAL","Aditya Birla Capital Ltd.","JOMEI INVESTMENTS LIMITED","SELL","2,34,00,000","242.65",
"11-JUN-2025","ABCAPITAL","Aditya Birla Capital Ltd.","LIC MUTUAL FUND","BUY","1,03,029","242.65",
"11-JUN-2025","ABCAPITAL","Aditya Birla Capital Ltd.","LIC MUTUAL FUND","BUY","2,06,059","242.65",
"11-JUN-2025","ABCAPITAL","Aditya Birla Capital Ltd.","LIC MUTUAL FUND.","BUY","1,03,029","242.65",
"11-JUN-2025","ABCAPITAL","Aditya Birla Capital Ltd.","MANULIFE GLOBAL FUND INDIA EQUITY FUND","BUY","4,18,319","242.65",
"11-JUN-2025","ABCAPITAL","Aditya Birla Capital Ltd.","MEDIOLANUM BEST BRANDS MEDIOLANUM INDIA OPPORTUNITIES","BUY","2,66,355","242.65",
"11-JUN-2025","ABCAPITAL","Aditya Birla Capital Ltd.","MOTILAL OSWAL MUTUAL FUND","BUY","6,17,200","242.65",
"11-JUN-2025","ABCAPITAL","Aditya Birla Capital Ltd.","MOTILAL OSWAL MUTUAL FUND","BUY","1,46,64,647","242.65",
"11-JUN-2025","ABCAPITAL","Aditya Birla Capital Ltd.","MOTILAL OSWAL MUTUAL FUND","BUY","12,02,800","242.65",
"11-JUN-2025","ABCAPITAL","Aditya Birla Capital Ltd.","NEW YORK STATE TEACHERS RETIREMENT SYSTEM","BUY","1,81,145","242.65",
"11-JUN-2025","ABCAPITAL","Aditya Birla Capital Ltd.","NORDEA 1 SICAV","BUY","4,18,320","242.65",
"11-JUN-2025","BAJFINANCE","Bajaj Finance Limited","NEW HORIZON OPPORTUNITIES MASTER FUND","SELL","1,75,000","9,592.00",
"11-JUN-2025","BAJFINANCE","Bajaj Finance Limited","NEW HORIZON OPPORTUNITIES MASTER FUND","BUY","1,75,000","9,592.00",
"11-JUN-2025","ETERNAL","ETERNAL LIMITED","MARSHALL WACE INVESTMENT STRATEGIES - EUREKA FUND","SELL","60,93,607","255.68",
"11-JUN-2025","ETERNAL","ETERNAL LIMITED","SOCIETE GENERALE","BUY","60,93,607","255.68",
"11-JUN-2025","ICICIBANK","ICICI Bank Ltd.","MARSHALL WACE INVESTMENT STRATEGIES - EUREKA FUND","SELL","1,20,405","1,422.90",
"11-JUN-2025","ICICIBANK","ICICI Bank Ltd.","SOCIETE GENERALE","BUY","1,20,405","1,422.90",
"11-JUN-2025","LT","Larsen & Toubro Limited","PI OPPORTUNITIES AIF V LLP","BUY","2,71,666","3,683.00",
"11-JUN-2025","LT","Larsen & Toubro Limited","PIONEER INVESTMENT FUND","SELL","2,71,666","3,683.00",
"11-JUN-2025","M&M","Mah & Mah Ltd.","MARSHALL WACE INVESTMENT STRATEGIES - EUREKA FUND","SELL","58,663","3,067.50",
"11-JUN-2025","M&M","Mah & Mah Ltd.","PI OPPORTUNITIES AIF V LLP","BUY","3,22,788","3,085.00",
"11-JUN-2025","M&M","Mah & Mah Ltd.","PIONEER INVESTMENT FUND","SELL","3,22,788","3,085.00",
"11-JUN-2025","M&M","Mah & Mah Ltd.","SOCIETE GENERALE","BUY","58,663","3,067.50",
"11-JUN-2025","MARKSANS","Marksans Pharma Limited","BANDHAN MUTUAL FUND","BUY","6,00,000","249.95",
"11-JUN-2025","MARKSANS","Marksans Pharma Limited","CITIGROUP GLOBAL MARKETS SINGAPORE PTE LIMITED","BUY","4,00,081","249.95",
"11-JUN-2025","MARKSANS","Marksans Pharma Limited","ORBIMED ASIA IV MAURITIUS FVCI LIMITED","SELL","1,02,73,443","249.95",
"11-JUN-2025","MARKSANS","Marksans Pharma Limited","SOCIETE GENERALE","BUY","9,20,184","249.95",
"11-JUN-2025","MARKSANS","Marksans Pharma Limited","SUBHKAM VENTURES I PRIVATE LIMITED","BUY","5,37,485","249.95",
"11-JUN-2025","MARKSANS","Marksans Pharma Limited","UNIFI BCAD FUND","BUY","5,60,000","249.95",
"11-JUN-2025","MARKSANS","Marksans Pharma Limited","UNIFI BLEND FUND 2","BUY","30,00,000","249.95",
"11-JUN-2025","MARKSANS","Marksans Pharma Limited","UNIFI CAPITAL PRIVATE LIMITED","BUY","5,94,000","249.95",
"11-JUN-2025","MARKSANS","Marksans Pharma Limited","UNIFI CAPITAL PRIVATE LIMITED -BLENDED RANGOLI","BUY","32,47,600","249.95",
"11-JUN-2025","MARKSANS","Marksans Pharma Limited","UTI MUTUAL FUND","BUY","4,14,093","249.95",
"11-JUN-2025","SCHAEFFLER","Schaeffler India Ltd","MARSHALL WACE INVESTMENT STRATEGIES - EUREKA FUND","SELL","80,807","4,199.40",
"11-JUN-2025","SCHAEFFLER","Schaeffler India Ltd","SOCIETE GENERALE","BUY","80,807","4,199.40",
"11-JUN-2025","UNOMINDA","UNO Minda Limited","MARSHALL WACE INVESTMENT STRATEGIES - EUREKA FUND","SELL","9,90,228","1,096.60",
"11-JUN-2025","UNOMINDA","UNO Minda Limited","SOCIETE GENERALE","BUY","9,90,228","1,096.60",
"11-JUN-2025","WIPRO","Wipro Ltd","AZIM PREMJI TRUST","SELL","18,05,00,000","258.99",
"11-JUN-2025","WIPRO","Wipro Ltd","PRAZIM TRADERS","BUY","5,95,00,000","258.99",
"11-JUN-2025","WIPRO","Wipro Ltd","ZASH TRADERS","BUY","12,10,00,000","258.99",
"12-JUN-2025","ASIANPAINT","Asian Paints Limited","SBI MUTUAL FUND","BUY","3,50,00,000","2,201.00",
"12-JUN-2025","ASIANPAINT","Asian Paints Limited","SIDDHANT COMMERCIALS PRIVATE LIMITED","SELL","3,50,00,000","2,201.00",
"12-JUN-2025","BAJFINANCE","Bajaj Finance Limited","NEW HORIZON OPPORTUNITIES MASTER FUND","BUY","1,75,000","9,519.00",
"12-JUN-2025","BAJFINANCE","Bajaj Finance Limited","NEW HORIZON OPPORTUNITIES MASTER FUND","SELL","1,75,000","9,519.00",
"12-JUN-2025","ETERNAL","ETERNAL LIMITED","MARSHALL WACE INVESTMENT STRATEGIES - EUREKA FUND","SELL","60,93,605","257.07",
"12-JUN-2025","ETERNAL","ETERNAL LIMITED","SOCIETE GENERALE","BUY","60,93,605","257.07",
"12-JUN-2025","SCHAEFFLER","Schaeffler India Ltd","MARSHALL WACE INVESTMENT STRATEGIES - EUREKA FUND","SELL","79,559","4,188.40",
"12-JUN-2025","SCHAEFFLER","Schaeffler India Ltd","SOCIETE GENERALE","BUY","79,559","4,188.40",
"13-JUN-2025","BAJFINANCE","Bajaj Finance Limited","NEW HORIZON OPPORTUNITIES MASTER FUND","BUY","1,48,000","9,419.50",
"13-JUN-2025","BAJFINANCE","Bajaj Finance Limited","NEW HORIZON OPPORTUNITIES MASTER FUND","SELL","1,48,000","9,419.50",
"13-JUN-2025","JUBLFOOD","Jubilant Foodworks Limite","AIMCO AS A TRUSTEE OF THE GOVERNMENT OF THE PROVINCE OF ALBERTA","BUY","6,858","662.00",
"13-JUN-2025","JUBLFOOD","Jubilant Foodworks Limite","BAJAJ ALLIANZ LIFE INSURANCE COMPANY LIMITED","BUY","5,00,000","662.00",
"13-JUN-2025","JUBLFOOD","Jubilant Foodworks Limite","BANDHAN MUTUAL FUND","BUY","1,80,000","662.00",
"13-JUN-2025","JUBLFOOD","Jubilant Foodworks Limite","BNP PARIBAS FINANCIAL MARKETS","BUY","4,00,000","662.00",
"13-JUN-2025","JUBLFOOD","Jubilant Foodworks Limite","CANARA HSBC LIFE INSURANCE COMPANY LIMITED","BUY","2,80,000","662.00",
"13-JUN-2025","JUBLFOOD","Jubilant Foodworks Limite","GHISALLO MASTER FUND LP","BUY","4,00,000","662.00",
"13-JUN-2025","JUBLFOOD","Jubilant Foodworks Limite","GRANDEUR PEAK GLOBAL TRUST GRANDEUR PEAK GLOBAL STALWARTS FUND","BUY","8,081","662.00",
"13-JUN-2025","JUBLFOOD","Jubilant Foodworks Limite","GRANDEUR PEAK GLOBAL TRUST GRANDEUR PEAK INTERNATIONAL STALWARTS FUND","BUY","1,38,741","662.00",
"13-JUN-2025","JUBLFOOD","Jubilant Foodworks Limite","GRANDEUR PEAK INTERNATIONAL STALWARTS L.P.","BUY","15,430","662.00",
"13-JUN-2025","JUBLFOOD","Jubilant Foodworks Limite","HSBC MUTUAL FUND","BUY","10,00,000","662.00",
"13-JUN-2025","JUBLFOOD","Jubilant Foodworks Limite","ICICI PRUDENTIAL LIFE INSURANCE COMPANY LIMITED","BUY","19,00,000","662.00",
"13-JUN-2025","JUBLFOOD","Jubilant Foodworks Limite","INVESCO MUTUAL FUND","BUY","2,80,000","662.00",
"13-JUN-2025","JUBLFOOD","Jubilant Foodworks Limite","JUBILANT CONSUMER PRIVATE LIMITED","SELL","1,06,00,000","662.00",
"13-JUN-2025","JUBLFOOD","Jubilant Foodworks Limite","KOTAK FUNDS - INDIA MIDCAP FUND","BUY","11,50,000","662.00",
"13-JUN-2025","JUBLFOOD","Jubilant Foodworks Limite","KOTAK MAHINDRA MUTUAL FUND","BUY","16,00,000","662.00",
"13-JUN-2025","JUBLFOOD","Jubilant Foodworks Limite","MIRAE ASSET MUTUAL FUND","BUY","4,00,000","662.00",
"13-JUN-2025","JUBLFOOD","Jubilant Foodworks Limite","MORGAN STANLEY ASIA SINGAPORE PTE","BUY","11,70,000","662.00",
"13-JUN-2025","JUBLFOOD","Jubilant Foodworks Limite","SOCIETE GENERALE","BUY","7,40,000","662.00",
"13-JUN-2025","JUBLFOOD","Jubilant Foodworks Limite","TEACHERS RETIREMENT SYSTEM OF THE STATE OF ILLINOIS","BUY","30,890","662.00",
"13-JUN-2025","JUBLFOOD","Jubilant Foodworks Limite","UTI MUTUAL FUND","BUY","4,00,000","662.00",
"13-JUN-2025","JUBLINGREA","Jubilant Ingrevia Limited","AXIS MUTUAL FUND","BUY","19,00,000","676.00",
"13-JUN-2025","JUBLINGREA","Jubilant Ingrevia Limited","BANDHAN MUTUAL FUND","BUY","4,00,000","676.00",
"13-JUN-2025","JUBLINGREA","Jubilant Ingrevia Limited","HDFC MUTUAL FUND","BUY","19,70,000","676.00",
"13-JUN-2025","JUBLINGREA","Jubilant Ingrevia Limited","ICICI PRUDENTIAL LIFE INSURANCE COMPANY LIMITED","BUY","3,60,000","676.00",
"13-JUN-2025","JUBLINGREA","Jubilant Ingrevia Limited","JUBILANT ENPRO PRIVATE LIMITED","SELL","28,27,071","676.00",
"13-JUN-2025","JUBLINGREA","Jubilant Ingrevia Limited","KOTAK MAHINDRA MUTUAL FUND","BUY","44,65,071","676.00",
"13-JUN-2025","JUBLINGREA","Jubilant Ingrevia Limited","MORGAN STANLEY ASIA SINGAPORE PTE","BUY","3,90,000","676.00",
"13-JUN-2025","JUBLINGREA","Jubilant Ingrevia Limited","NIKITA RESOURCES PRIVATE LIMITED","SELL","34,14,540","676.00",
"13-JUN-2025","JUBLINGREA","Jubilant Ingrevia Limited","SHYAM SUNDER BHARTIA FAMILY TRUST","SELL","36,23,460","676.00",
"13-JUN-2025","JUBLINGREA","Jubilant Ingrevia Limited","SOCIETE GENERALE","BUY","3,80,000","676.00",
"13-JUN-2025","SHALBY","Shalby Limited","FIRST WATER FUND","BUY","7,00,000","180.00",
"13-JUN-2025","SHALBY","Shalby Limited","HARESH TIKAMDAS KASWANI","SELL","7,00,000","180.00",
"16-JUN-2025","ASIANPAINT","Asian Paints Limited","ICICI PRUDENTIAL MUTUAL FUND","BUY","85,00,000","2,207.00",
"16-JUN-2025","ASIANPAINT","Asian Paints Limited","SIDDHANT COMMERCIALS PRIVATE LIMITED","SELL","85,00,000","2,207.00",
"16-JUN-2025","SOLARA","Solara Active Pha Sci Ltd","PRONOMZ VENTURES LLP","BUY","20,00,000","495.00",
"16-JUN-2025","SOLARA","Solara Active Pha Sci Ltd","SPIRACCA VENTURES LLP","SELL","20,00,000","495.00",
"17-JUN-2025","TVSSCS","TVS Supply Chain Sol L","AUTHUM INVESTMENT & INFRASTRUCTURE LIMITED","SELL","39,50,000","144.00",
"17-JUN-2025","TVSSCS","TVS Supply Chain Sol L","TVS MOTOR COMPANY LIMITED","BUY","39,50,000","144.00",
"17-JUN-2025","ZYDUSWELL","Zydus Wellness Limited","PPFAS MUTUAL FUND","BUY","46,27,111","1,900.00",
"17-JUN-2025","ZYDUSWELL","Zydus Wellness Limited","THREPSI CARE LLP","SELL","46,27,111","1,900.00",
"18-JUN-2025","BAJAJ-AUTO","Bajaj Auto Limited","BACHHRAJ & CO PRIVATE LIMITED","BUY","12,000","8,530.00",
"18-JUN-2025","BAJAJ-AUTO","Bajaj Auto Limited","SIDDHANT FAMILY TRUST","SELL","12,000","8,530.00",
"24-JUN-2025","AVALON","Avalon Technologies Ltd","ALCHEMY EMERGING LEADERS OF TOMORROW","BUY","4,94,400","809.00",
"24-JUN-2025","AVALON","Avalon Technologies Ltd","ALCHEMY INDIA LONG TERM FUND","BUY","1,85,400","809.00",
"24-JUN-2025","AVALON","Avalon Technologies Ltd","ALCHEMY LEADERS OF TOMORROW","BUY","3,09,000","809.00",
"24-JUN-2025","AVALON","Avalon Technologies Ltd","BHASKAR SRINIVASAN","SELL","11,98,800","809.00",
"24-JUN-2025","AVALON","Avalon Technologies Ltd","ITI MUTUAL FUND","BUY","61,800","809.00",
"24-JUN-2025","AVALON","Avalon Technologies Ltd","ITI MUTUAL FUND","BUY","1,48,200","809.00",
"24-JUN-2025","QUICKHEAL","Quick Heal Tech Ltd","ANUPAMA KAILASH KATKAR","SELL","33,19,498","362.00",
"24-JUN-2025","QUICKHEAL","Quick Heal Tech Ltd","SNEHA KAILASH KATKAR","BUY","33,19,498","362.00",
"26-JUN-2025","DELHIVERY","Delhivery Limited","ASK ABSOLUTE RETURN FUND","BUY","7,73,195","387.00",
"26-JUN-2025","DELHIVERY","Delhivery Limited","AXIS MUTUAL FUND","BUY","7,75,193","387.00",
"26-JUN-2025","DELHIVERY","Delhivery Limited","CITIGROUP GLOBAL MARKETS SINGAPORE PTE LIMITED","BUY","3,33,682","387.00",
"26-JUN-2025","DELHIVERY","Delhivery Limited","HDFC MUTUAL FUND","BUY","10,97,464","387.00",
"26-JUN-2025","DELHIVERY","Delhivery Limited","HILL FORT INDIA FUND LP","BUY","13,30,000","387.00",
"26-JUN-2025","DELHIVERY","Delhivery Limited","MORGAN STANLEY ASIA SINGAPORE PTE","BUY","18,86,852","387.00",
"26-JUN-2025","DELHIVERY","Delhivery Limited","MORGAN STANLEY ASIA SINGAPORE PTE","BUY","28,85,814","387.00",
"26-JUN-2025","DELHIVERY","Delhivery Limited","NEXUS OPPORTUNITY FUND LTD","SELL","17,00,129","387.00",
"26-JUN-2025","DELHIVERY","Delhivery Limited","NEXUS VENTURES III LIMITED","SELL","1,02,12,071","387.00",
"26-JUN-2025","DELHIVERY","Delhivery Limited","TATA EQUITY PLUS ABSOLUTE RETURNS FUND","BUY","3,00,000","387.00",
"26-JUN-2025","DELHIVERY","Delhivery Limited","TATA MUTUAL FUND","BUY","16,45,000","387.00",
"26-JUN-2025","DELHIVERY","Delhivery Limited","VIRIDIAN ASIA OPPORTUNITIES MASTER FUND","BUY","8,85,000","387.00",
"26-JUN-2025","POLICYBZR","PB Fintech Limited","ALOK  BANSAL","SELL","16,50,000","1,821.50",
"26-JUN-2025","POLICYBZR","PB Fintech Limited","CITIGROUP GLOBAL MARKETS MAURITIUS PRIVATE LIMITED","BUY","56,699","1,821.50",
"26-JUN-2025","POLICYBZR","PB Fintech Limited","EDELWEISS LIFE INSURANCE COMPANY LIMITED","BUY","54,903","1,821.50",
"26-JUN-2025","POLICYBZR","PB Fintech Limited","GHISALLO MASTER FUND LP","BUY","7,55,992","1,821.50",
"26-JUN-2025","POLICYBZR","PB Fintech Limited","GOLDMAN SACHS (SINGAPORE) PTE","BUY","56,699","1,821.50",
"26-JUN-2025","POLICYBZR","PB Fintech Limited","GOLDMAN SACHS INVESTMENTS MAURITIUS I LIMITED","BUY","70,874","1,821.50",
"26-JUN-2025","POLICYBZR","PB Fintech Limited","HDFC LIFE INSURANCE COMPANY LIMITED","BUY","7,13,697","1,821.50",
"26-JUN-2025","POLICYBZR","PB Fintech Limited","ICICI PRUDENTIAL LIFE INSURANCE COMPANY LIMITED","BUY","7,55,000","1,821.50",
"26-JUN-2025","POLICYBZR","PB Fintech Limited","MORGAN STANLEY ASIA SINGAPORE PTE","BUY","94,499","1,821.50",
"26-JUN-2025","POLICYBZR","PB Fintech Limited","MORGAN STANLEY ASIA SINGAPORE PTE","BUY","4,81,307","1,821.50",
"26-JUN-2025","POLICYBZR","PB Fintech Limited","SOCIETE GENERALE","BUY","5,24,467","1,821.50",
"26-JUN-2025","POLICYBZR","PB Fintech Limited","SUBHKAM VENTURES I PVT LTD","BUY","2,00,000","1,821.50",
"26-JUN-2025","POLICYBZR","PB Fintech Limited","TARA EMERGING ASIA LIQUID FUND","BUY","70,874","1,821.50",
"26-JUN-2025","POLICYBZR","PB Fintech Limited","TATA MUTUAL FUND","BUY","4,11,748","1,821.50",
"26-JUN-2025","POLICYBZR","PB Fintech Limited","VIRIDIAN ASIA OPPORTUNITIES MASTER FUND","BUY","94,499","1,821.50",
"26-JUN-2025","POLICYBZR","PB Fintech Limited","WF ASIAN RECONNAISSANCE FUND LTD","BUY","1,90,739","1,821.50",
"26-JUN-2025","POLICYBZR","PB Fintech Limited","WF ASIAN SMALLER COMPANIES FUND LTD","BUY","5,18,003","1,821.50",
"26-JUN-2025","POLICYBZR","PB Fintech Limited","YASHISH DAHIYA","SELL","9,00,000","1,821.50",
"26-JUN-2025","POLICYBZR","PB Fintech Limited","YASHISH DAHIYA","SELL","25,00,000","1,821.50",
"27-JUN-2025","PFOCUS","Prime Focus Limited","A2R HOLDINGS","BUY","1,51,15,057","113.00",
"27-JUN-2025","PFOCUS","Prime Focus Limited","NARESH MAHENDRANATH MALHOTRA","SELL","1,51,15,057","113.00",
"03-JUL-2025","MANGLMCEM","Mangalam Cement Ltd","PILANI INVESTMENT AND INDUSTRIES CORPORATION LIMITED","SELL","5,00,000","758.00",
"03-JUL-2025","MANGLMCEM","Mangalam Cement Ltd","RAMBARA TRADING PRIVATE LIMITED","BUY","2,50,000","758.00",
"03-JUL-2025","MANGLMCEM","Mangalam Cement Ltd","VIDULA CONSULTANCY SERVICES LIMITED","BUY","2,50,000","758.00",
"07-JUL-2025","INFIBEAM","Infibeam Avenues Limited","MAYUR MUKUNDBHAI DESAI","BUY","1,00,00,000","15.20",
"07-JUL-2025","INFIBEAM","Infibeam Avenues Limited","SONAL DESAI","SELL","1,00,00,000","15.20",
"11-JUL-2025","AGARWALEYE","Dr Agarwals Health Care L","BOFA SECURITIES EUROPE SA","BUY","2,74,031","436.00",
"11-JUL-2025","AGARWALEYE","Dr Agarwals Health Care L","MORGAN STANLEY ASIA SINGAPORE PTE","SELL","2,74,031","436.00",
"14-JUL-2025","ADANIENT","Adani Enterprises Limited","THE MTBJ LTD. AS TRST FOR GOVRNMNT PENSION INVSTMNT FUND MTBJ400045828","SELL","60,335","2,558.70",
"14-JUL-2025","ADANIENT","Adani Enterprises Limited","THE MTBJ LTD.AS TRST FOR GOVERNMENT PENSION INVESTMENT FUND MTBJ400045849","BUY","60,335","2,558.70",
"14-JUL-2025","ADANIPORTS","ADANI PORT & SEZ LTD","THE MTBJ LTD. AS TRST FOR GOVERNMENT PENSION INVESTMENT FUND MTBJ400045849","BUY","1,98,609","1,431.70",
"14-JUL-2025","ADANIPORTS","ADANI PORT & SEZ LTD","THE MTBJ LTD. AS TRST FOR GOVRNMNT PENSION INVSTMNT FUND MTBJ400045828","SELL","1,98,609","1,431.70",
"14-JUL-2025","APLAPOLLO","Apl Apollo Tubes Ltd","THE MTBJ LTD. AS TRST FOR GOVERNMENT PENSION INVESTMENT FUND MTBJ400045849","BUY","67,357","1,701.00",
"14-JUL-2025","APLAPOLLO","Apl Apollo Tubes Ltd","THE MTBJ LTD. AS TRST FOR GOVRNMNT PENSION INVSTMNT FUND MTBJ400045828","SELL","67,357","1,701.00",
"14-JUL-2025","ASHOKLEY","Ashok Leyland Ltd.","THE MTBJ LTD. AS TRST FOR GOVRNMNT PENSION INVSTMNT FUND MTBJ400045828","SELL","4,60,686","246.25",
"14-JUL-2025","ASHOKLEY","Ashok Leyland Ltd.","THE MTBJ LTD.AS TRST FOR GOVERNMENT PENSION INVESTMENT FUND MTBJ400045849","BUY","4,60,686","246.25",
"14-JUL-2025","ASIANPAINT","Asian Paints Limited","THE MTBJ LTD. AS TRST FOR GOVERNMENT PENSION INVESTMENT FUND MTBJ400045849","BUY","1,41,204","2,439.20",
"14-JUL-2025","ASIANPAINT","Asian Paints Limited","THE MTBJ LTD. AS TRST FOR GOVRNMNT PENSION INVSTMNT FUND MTBJ400045828","SELL","1,41,204","2,439.20",
"14-JUL-2025","AXISBANK","Axis Bank Limited","THE MTBJ LTD. AS TRST FOR GOVERNMENT PENSION INVESTMENT FUND MTBJ400045849","BUY","3,94,749","1,173.00",
"14-JUL-2025","AXISBANK","Axis Bank Limited","THE MTBJ LTD. AS TRST FOR GOVRNMNT PENSION INVSTMNT FUND MTBJ400045828","SELL","3,94,749","1,173.00",
"14-JUL-2025","BAJAJ-AUTO","Bajaj Auto Limited","THE MTBJ LTD. AS TRST FOR GOVERNMENT PENSION INVESTMENT FUND MTBJ400045849","BUY","14,762","8,067.00",
"14-JUL-2025","BAJAJ-AUTO","Bajaj Auto Limited","THE MTBJ LTD. AS TRST FOR GOVRNMNT PENSION INVSTMNT FUND MTBJ400045828","SELL","14,762","8,067.00",
"14-JUL-2025","BAJAJFINSV","Bajaj Finserv Limited","THE MTBJ LTD. AS TRST FOR GOVERNMENT PENSION INVESTMENT FUND MTBJ400045849","BUY","1,40,954","2,017.00",
"14-JUL-2025","BAJAJFINSV","Bajaj Finserv Limited","THE MTBJ LTD. AS TRST FOR GOVRNMNT PENSION INVSTMNT FUND MTBJ400045828","SELL","1,40,954","2,017.00",
"14-JUL-2025","BAJFINANCE","Bajaj Finance Limited","THE MTBJ LTD. AS TRST FOR GOVRNMNT PENSION INVSTMNT FUND MTBJ400045828","SELL","6,85,074","933.50",
"14-JUL-2025","BAJFINANCE","Bajaj Finance Limited","THE MTBJ LTD.AS TRST FOR GOVERNMENT PENSION INVESTMENT FUND MTBJ400045849","BUY","6,85,074","933.50",
"14-JUL-2025","BEL","Bharat Electronics Ltd","THE MTBJ LTD. AS TRST FOR GOVERNMENT PENSION INVESTMENT FUND MTBJ400045849","BUY","13,46,928","409.30",
"14-JUL-2025","BEL","Bharat Electronics Ltd","THE MTBJ LTD. AS TRST FOR GOVRNMNT PENSION INVSTMNT FUND MTBJ400045828","SELL","13,46,928","409.30",
"14-JUL-2025","BHARTIARTL","Bharti Airtel Limited","THE MTBJ LTD. AS TRST FOR GOVRNMNT PENSION INVSTMNT FUND MTBJ400045828","SELL","5,29,119","1,921.90",
"14-JUL-2025","BHARTIARTL","Bharti Airtel Limited","THE MTBJ LTD.AS TRST FOR GOVERNMENT PENSION INVESTMENT FUND MTBJ400045849","BUY","5,29,119","1,921.90",
"14-JUL-2025","BRITANNIA","Britannia Ind Ltd.","THE MTBJ LTD. AS TRST FOR GOVERNMENT PENSION INVESTMENT FUND MTBJ400045849","BUY","32,422","5,758.00",
"14-JUL-2025","BRITANNIA","Britannia Ind Ltd.","THE MTBJ LTD. AS TRST FOR GOVRNMNT PENSION INVSTMNT FUND MTBJ400045828","SELL","32,422","5,758.00",
"14-JUL-2025","CHOLAFIN","Cholamandalam In & Fin Co","THE MTBJ LTD. AS TRST FOR GOVERNMENT PENSION INVESTMENT FUND MTBJ400045849","BUY","95,273","1,532.00",
"14-JUL-2025","CHOLAFIN","Cholamandalam In & Fin Co","THE MTBJ LTD. AS TRST FOR GOVRNMNT PENSION INVSTMNT FUND MTBJ400045828","SELL","95,273","1,532.00",
"14-JUL-2025","CIPLA","Cipla Ltd","THE MTBJ LTD. AS TRST FOR GOVRNMNT PENSION INVSTMNT FUND MTBJ400045828","SELL","1,56,532","1,485.00",
"14-JUL-2025","CIPLA","Cipla Ltd","THE MTBJ LTD.AS TRST FOR GOVERNMENT PENSION INVESTMENT FUND MTBJ400045849","BUY","1,56,532","1,485.00",
"14-JUL-2025","CUMMINSIND","Cummins India Limited","THE MTBJ LTD. AS TRST FOR GOVRNMNT PENSION INVSTMNT FUND MTBJ400045828","SELL","44,708","3,546.40",
"14-JUL-2025","CUMMINSIND","Cummins India Limited","THE MTBJ LTD.AS TRST FOR GOVERNMENT PENSION INVESTMENT FUND MTBJ400045849","BUY","44,708","3,546.40",
"14-JUL-2025","DABUR","Dabur India Ltd.","THE MTBJ LTD. AS TRST FOR GOVRNMNT PENSION INVSTMNT FUND MTBJ400045828","SELL","1,98,533","530.85",
"14-JUL-2025","DABUR","Dabur India Ltd.","THE MTBJ LTD.AS TRST FOR GOVERNMENT PENSION INVESTMENT FUND MTBJ400045849","BUY","1,98,533","530.85",
"14-JUL-2025","DIVISLAB","Divi's Laboratories Limit","THE MTBJ LTD. AS TRST FOR GOVRNMNT PENSION INVSTMNT FUND MTBJ400045828","SELL","21,874","6,835.00",
"14-JUL-2025","DIVISLAB","Divi's Laboratories Limit","THE MTBJ LTD.AS TRST FOR GOVERNMENT PENSION INVESTMENT FUND MTBJ400045849","BUY","21,874","6,835.00",
"14-JUL-2025","DIXON","Dixon Techno (India) Ltd","THE MTBJ LTD. AS TRST FOR GOVERNMENT PENSION INVESTMENT FUND MTBJ400045849","BUY","7,292","15,786.00",
"14-JUL-2025","DIXON","Dixon Techno (India) Ltd","THE MTBJ LTD. AS TRST FOR GOVRNMNT PENSION INVSTMNT FUND MTBJ400045828","SELL","7,292","15,786.00",
"14-JUL-2025","DRREDDY","Dr. Reddys Lab Ltd","THE MTBJ LTD. AS TRST FOR GOVERNMENT PENSION INVESTMENT FUND MTBJ400045849","BUY","1,41,606","1,254.00",
"14-JUL-2025","DRREDDY","Dr. Reddys Lab Ltd","THE MTBJ LTD. AS TRST FOR GOVRNMNT PENSION INVSTMNT FUND MTBJ400045828","SELL","1,41,606","1,254.00",
"14-JUL-2025","EICHERMOT","Eicher Motors Ltd","THE MTBJ LTD. AS TRST FOR GOVERNMENT PENSION INVESTMENT FUND MTBJ400045849","BUY","37,051","5,612.00",
"14-JUL-2025","EICHERMOT","Eicher Motors Ltd","THE MTBJ LTD. AS TRST FOR GOVRNMNT PENSION INVSTMNT FUND MTBJ400045828","SELL","37,051","5,612.00",
"14-JUL-2025","ETERNAL","ETERNAL LIMITED","THE MTBJ LTD. AS TRST FOR GOVERNMENT PENSION INVESTMENT FUND MTBJ400045849","BUY","17,77,454","263.00",
"14-JUL-2025","ETERNAL","ETERNAL LIMITED","THE MTBJ LTD. AS TRST FOR GOVRNMNT PENSION INVSTMNT FUND MTBJ400045828","SELL","17,77,454","263.00",
"14-JUL-2025","GODREJPROP","Godrej Properties Ltd","THE MTBJ LTD. AS TRST FOR GOVERNMENT PENSION INVESTMENT FUND MTBJ400045849","BUY","50,558","2,206.30",
"14-JUL-2025","GODREJPROP","Godrej Properties Ltd","THE MTBJ LTD. AS TRST FOR GOVRNMNT PENSION INVSTMNT FUND MTBJ400045828","SELL","50,558","2,206.30",
"14-JUL-2025","HCLTECH","HCL Technologies Ltd.","THE MTBJ LTD. AS TRST FOR GOVRNMNT PENSION INVSTMNT FUND MTBJ400045828","SELL","3,24,310","1,638.30",
"14-JUL-2025","HCLTECH","HCL Technologies Ltd.","THE MTBJ LTD.AS TRST FOR GOVERNMENT PENSION INVESTMENT FUND MTBJ400045849","BUY","3,24,310","1,638.30",
"14-JUL-2025","HDFCAMC","HDFC AMC Limited","THE MTBJ LTD. AS TRST FOR GOVERNMENT PENSION INVESTMENT FUND MTBJ400045849","BUY","24,372","5,116.00",
"14-JUL-2025","HDFCAMC","HDFC AMC Limited","THE MTBJ LTD. AS TRST FOR GOVRNMNT PENSION INVSTMNT FUND MTBJ400045828","SELL","24,372","5,116.00",
"14-JUL-2025","HDFCBANK","HDFC Bank Ltd.","THE MTBJ LTD. AS TRST FOR GOVERNMENT PENSION INVESTMENT FUND MTBJ400045849","BUY","10,71,175","1,983.00",
"14-JUL-2025","HDFCBANK","HDFC Bank Ltd.","THE MTBJ LTD. AS TRST FOR GOVRNMNT PENSION INVSTMNT FUND MTBJ400045828","SELL","10,71,175","1,983.00",
"14-JUL-2025","HDFCLIFE","HDFC Life Ins Co Ltd","THE MTBJ LTD. AS TRST FOR GOVERNMENT PENSION INVESTMENT FUND MTBJ400045849","BUY","3,23,282","759.00",
"14-JUL-2025","HDFCLIFE","HDFC Life Ins Co Ltd","THE MTBJ LTD. AS TRST FOR GOVRNMNT PENSION INVSTMNT FUND MTBJ400045828","SELL","3,23,282","759.00",
"14-JUL-2025","HEROMOTOCO","Hero MotoCorp Limited","THE MTBJ LTD. AS TRST FOR GOVRNMNT PENSION INVSTMNT FUND MTBJ400045828","SELL","34,130","4,218.70",
"14-JUL-2025","HEROMOTOCO","Hero MotoCorp Limited","THE MTBJ LTD.AS TRST FOR GOVERNMENT PENSION INVESTMENT FUND MTBJ400045849","BUY","34,130","4,218.70",
"14-JUL-2025","ICICIGI","ICICI Lombard GIC Limited","THE MTBJ LTD. AS TRST FOR GOVERNMENT PENSION INVESTMENT FUND MTBJ400045849","BUY","60,057","2,012.20",
"14-JUL-2025","ICICIGI","ICICI Lombard GIC Limited","THE MTBJ LTD. AS TRST FOR GOVRNMNT PENSION INVSTMNT FUND MTBJ400045828","SELL","60,057","2,012.20",
"14-JUL-2025","JIOFIN","Jio Fin Services Ltd","THE MTBJ LTD. AS TRST FOR GOVERNMENT PENSION INVESTMENT FUND MTBJ400045849","BUY","9,61,748","325.00",
"14-JUL-2025","JIOFIN","Jio Fin Services Ltd","THE MTBJ LTD. AS TRST FOR GOVRNMNT PENSION INVSTMNT FUND MTBJ400045828","SELL","9,61,748","325.00",
"14-JUL-2025","LODHA","Lodha Developers Limited","THE MTBJ LTD. AS TRST FOR GOVERNMENT PENSION INVESTMENT FUND MTBJ400045849","BUY","1,07,786","1,400.00",
"14-JUL-2025","LODHA","Lodha Developers Limited","THE MTBJ LTD. AS TRST FOR GOVRNMNT PENSION INVSTMNT FUND MTBJ400045828","SELL","1,07,786","1,400.00",
"14-JUL-2025","LT","Larsen & Toubro Limited","THE MTBJ LTD. AS TRST FOR GOVRNMNT PENSION INVSTMNT FUND MTBJ400045828","SELL","2,48,532","3,540.60",
"14-JUL-2025","LT","Larsen & Toubro Limited","THE MTBJ LTD.AS TRST FOR GOVERNMENT PENSION INVESTMENT FUND MTBJ400045849","BUY","2,48,532","3,540.60",
"14-JUL-2025","LTIM","LTIMindtree Limited","THE MTBJ LTD. AS TRST FOR GOVERNMENT PENSION INVESTMENT FUND MTBJ400045849","BUY","27,658","5,206.00",
"14-JUL-2025","LTIM","LTIMindtree Limited","THE MTBJ LTD. AS TRST FOR GOVRNMNT PENSION INVSTMNT FUND MTBJ400045828","SELL","27,658","5,206.00",
"14-JUL-2025","MARUTI","Maruti Suzuki India Ltd","THE MTBJ LTD. AS TRST FOR GOVRNMNT PENSION INVSTMNT FUND MTBJ400045828","SELL","36,326","12,574.00",
"14-JUL-2025","MARUTI","Maruti Suzuki India Ltd","THE MTBJ LTD.AS TRST FOR GOVERNMENT PENSION INVESTMENT FUND MTBJ400045849","BUY","36,326","12,574.00",
"14-JUL-2025","MAXHEALTH","Max Healthcare Ins Ltd","THE MTBJ LTD. AS TRST FOR GOVERNMENT PENSION INVESTMENT FUND MTBJ400045849","BUY","1,37,941","1,219.00",
"14-JUL-2025","MAXHEALTH","Max Healthcare Ins Ltd","THE MTBJ LTD. AS TRST FOR GOVRNMNT PENSION INVSTMNT FUND MTBJ400045828","SELL","1,37,941","1,219.00",
"14-JUL-2025","MOTHERSON","Samvrdhna Mthrsn Intl Ltd","THE MTBJ LTD. AS TRST FOR GOVRNMNT PENSION INVSTMNT FUND MTBJ400045828","SELL","6,93,960","150.75",
"14-JUL-2025","MOTHERSON","Samvrdhna Mthrsn Intl Ltd","THE MTBJ LTD.AS TRST FOR GOVERNMENT PENSION INVESTMENT FUND MTBJ400045849","BUY","6,93,960","150.75",
"14-JUL-2025","NAUKRI","Info Edge (India) Limited","THE MTBJ LTD. AS TRST FOR GOVRNMNT PENSION INVSTMNT FUND MTBJ400045828","SELL","1,24,031","1,375.20",
"14-JUL-2025","NAUKRI","Info Edge (India) Limited","THE MTBJ LTD.AS TRST FOR GOVERNMENT PENSION INVESTMENT FUND MTBJ400045849","BUY","1,24,031","1,375.20",
"14-JUL-2025","NESTLEIND","Nestle India Limited","THE MTBJ LTD. AS TRST FOR GOVERNMENT PENSION INVESTMENT FUND MTBJ400045849","BUY","63,412","2,403.00",
"14-JUL-2025","NESTLEIND","Nestle India Limited","THE MTBJ LTD. AS TRST FOR GOVRNMNT PENSION INVSTMNT FUND MTBJ400045828","SELL","63,412","2,403.00",
"14-JUL-2025","PERSISTENT","Persistent Systems Ltd","THE MTBJ LTD. AS TRST FOR GOVERNMENT PENSION INVESTMENT FUND MTBJ400045849","BUY","32,906","5,578.00",
"14-JUL-2025","PERSISTENT","Persistent Systems Ltd","THE MTBJ LTD. AS TRST FOR GOVRNMNT PENSION INVSTMNT FUND MTBJ400045828","SELL","32,906","5,578.00",
"14-JUL-2025","PIIND","PI Industries Ltd","THE MTBJ LTD. AS TRST FOR GOVERNMENT PENSION INVESTMENT FUND MTBJ400045849","BUY","28,326","4,044.80",
"14-JUL-2025","PIIND","PI Industries Ltd","THE MTBJ LTD. AS TRST FOR GOVRNMNT PENSION INVSTMNT FUND MTBJ400045828","SELL","28,326","4,044.80",
"14-JUL-2025","POLICYBZR","PB Fintech Limited","THE MTBJ LTD. AS TRST FOR GOVERNMENT PENSION INVESTMENT FUND MTBJ400045849","BUY","69,277","1,793.00",
"14-JUL-2025","POLICYBZR","PB Fintech Limited","THE MTBJ LTD. AS TRST FOR GOVRNMNT PENSION INVSTMNT FUND MTBJ400045828","SELL","69,277","1,793.00",
"14-JUL-2025","RECLTD","Rural Electrification Cor","THE MTBJ LTD. AS TRST FOR GOVERNMENT PENSION INVESTMENT FUND MTBJ400045849","BUY","4,04,734","401.05",
"14-JUL-2025","RECLTD","Rural Electrification Cor","THE MTBJ LTD. AS TRST FOR GOVRNMNT PENSION INVSTMNT FUND MTBJ400045828","SELL","4,04,734","401.05",
"14-JUL-2025","SBILIFE","SBI Life Insurance Co Ltd","THE MTBJ LTD. AS TRST FOR GOVERNMENT PENSION INVESTMENT FUND MTBJ400045849","BUY","1,54,431","1,835.20",
"14-JUL-2025","SBILIFE","SBI Life Insurance Co Ltd","THE MTBJ LTD. AS TRST FOR GOVRNMNT PENSION INVSTMNT FUND MTBJ400045828","SELL","1,54,431","1,835.20",
"14-JUL-2025","SOLARINDS","Solar Industries (I) Ltd","THE MTBJ LTD. AS TRST FOR GOVERNMENT PENSION INVESTMENT FUND MTBJ400045849","BUY","9,961","15,420.00",
"14-JUL-2025","SOLARINDS","Solar Industries (I) Ltd","THE MTBJ LTD. AS TRST FOR GOVRNMNT PENSION INVSTMNT FUND MTBJ400045828","SELL","9,961","15,420.00",
"14-JUL-2025","SUNPHARMA","Sun Pharma Industries Ltd","THE MTBJ LTD. AS TRST FOR GOVRNMNT PENSION INVSTMNT FUND MTBJ400045828","SELL","3,09,391","1,672.00",
"14-JUL-2025","SUNPHARMA","Sun Pharma Industries Ltd","THE MTBJ LTD.AS TRST FOR GOVERNMENT PENSION INVESTMENT FUND MTBJ400045849","BUY","3,09,391","1,672.00",
"14-JUL-2025","TATAMOTORS","Tata Motors Limited","THE MTBJ LTD. AS TRST FOR GOVERNMENT PENSION INVESTMENT FUND MTBJ400045849","BUY","6,96,601","681.80",
"14-JUL-2025","TATAMOTORS","Tata Motors Limited","THE MTBJ LTD. AS TRST FOR GOVRNMNT PENSION INVSTMNT FUND MTBJ400045828","SELL","6,96,601","681.80",
"14-JUL-2025","TCS","Tata Consultancy Serv Ltd","THE MTBJ LTD. AS TRST FOR GOVRNMNT PENSION INVSTMNT FUND MTBJ400045828","SELL","3,33,698","3,266.00",
"14-JUL-2025","TCS","Tata Consultancy Serv Ltd","THE MTBJ LTD.AS TRST FOR GOVERNMENT PENSION INVESTMENT FUND MTBJ400045849","BUY","3,33,698","3,266.00",
"14-JUL-2025","TECHM","Tech Mahindra Limited","THE MTBJ LTD. AS TRST FOR GOVRNMNT PENSION INVSTMNT FUND MTBJ400045828","SELL","1,98,189","1,602.50",
"14-JUL-2025","TECHM","Tech Mahindra Limited","THE MTBJ LTD.AS TRST FOR GOVERNMENT PENSION INVESTMENT FUND MTBJ400045849","BUY","1,98,189","1,602.50",
"14-JUL-2025","TRENT","Trent Ltd.","THE MTBJ LTD. AS TRST FOR GOVERNMENT PENSION INVESTMENT FUND MTBJ400045849","BUY","50,897","5,364.00",
"14-JUL-2025","TRENT","Trent Ltd.","THE MTBJ LTD. AS TRST FOR GOVRNMNT PENSION INVSTMNT FUND MTBJ400045828","SELL","50,897","5,364.00",
"14-JUL-2025","TVSMOTOR","TVS Motor Company Limited","THE MTBJ LTD. AS TRST FOR GOVRNMNT PENSION INVSTMNT FUND MTBJ400045828","SELL","54,398","2,754.50",
"14-JUL-2025","TVSMOTOR","TVS Motor Company Limited","THE MTBJ LTD.AS TRST FOR GOVERNMENT PENSION INVESTMENT FUND MTBJ400045849","BUY","54,398","2,754.50",
"14-JUL-2025","VBL","Varun Beverages Limited","THE MTBJ LTD. AS TRST FOR GOVERNMENT PENSION INVESTMENT FUND MTBJ400045849","BUY","2,72,565","452.00",
"14-JUL-2025","VBL","Varun Beverages Limited","THE MTBJ LTD. AS TRST FOR GOVRNMNT PENSION INVSTMNT FUND MTBJ400045828","SELL","2,72,565","452.00",
"15-JUL-2025","MASFIN","MAS Financial Serv Ltd","BUSINESS EXCELLENCE TRUST III","SELL","20,00,000","305.00",
"15-JUL-2025","MASFIN","MAS Financial Serv Ltd","NIPPON INDIA MUTUAL FUND","BUY","20,00,000","305.00",
"22-JUL-2025","POLYPLEX","Polyplex Corporation Ltd.","FIRST WATER FUND","BUY","2,00,000","1,125.00",
"22-JUL-2025","POLYPLEX","Polyplex Corporation Ltd.","HARESH TIKAMDAS KASWANI","SELL","2,00,000","1,125.00",
"25-JUL-2025","JINDALPOLY","Jindal Poly Films Limited","FIRST WATER FUND","BUY","1,88,598","600.00",
"25-JUL-2025","JINDALPOLY","Jindal Poly Films Limited","HARESH TIKAMDAS KASWANI","SELL","1,88,598","600.00",
"25-JUL-2025","POLYPLEX","Polyplex Corporation Ltd.","FIRST WATER FUND","BUY","2,23,527","1,120.00",
"25-JUL-2025","POLYPLEX","Polyplex Corporation Ltd.","HARESH TIKAMDAS KASWANI","SELL","2,23,527","1,120.00",
"05-AUG-2025","LLOYDSENGG","LLOYDS ENGG WORK LIMITED","LLOYDS ENTERPRISES LIMITED","SELL","14,20,000","70.50",
"05-AUG-2025","LLOYDSENGG","LLOYDS ENGG WORK LIMITED","THRIVENI EARTHMOVERS PRIVATE LIMITED","BUY","14,20,000","70.50",
"11-AUG-2025","HOMEFIRST","Home First Fin Co Ind Ltd","BANDHAN MUTUAL FUND","BUY","88,000","1,190.50",
"11-AUG-2025","HOMEFIRST","Home First Fin Co Ind Ltd","CITIGROUP GLOBAL MARKETS MAURITIUS PRIVATE LTD","BUY","88,000","1,190.50",
"11-AUG-2025","HOMEFIRST","Home First Fin Co Ind Ltd","DENDANA INVESTMENTS MAURITIUS LIMITED","BUY","15,891","1,190.50",
"11-AUG-2025","HOMEFIRST","Home First Fin Co Ind Ltd","EDELWEISS MUTUAL FUND","BUY","99,000","1,190.50",
"11-AUG-2025","HOMEFIRST","Home First Fin Co Ind Ltd","FIDELITY FUNDS - INDIA FOCUS FUND","BUY","5,49,404","1,190.50",
"11-AUG-2025","HOMEFIRST","Home First Fin Co Ind Ltd","FIDELITY FUNDS - SUSTAINABLE ASIA EQUITY FUND","BUY","14,76,234","1,190.50",
"11-AUG-2025","HOMEFIRST","Home First Fin Co Ind Ltd","FIDELITY FUNDS - SUSTAINABLE ASIA EQUITY II POOL","BUY","5,60,036","1,190.50",
"11-AUG-2025","HOMEFIRST","Home First Fin Co Ind Ltd","FIDELITY INDIA FUND","BUY","47,752","1,190.50",
"11-AUG-2025","HOMEFIRST","Home First Fin Co Ind Ltd","FIDELITY INVESTMENT FUNDS - FIDELITY SUSTAINABLE ASIA EQUITY FUND","BUY","42,781","1,190.50",
"11-AUG-2025","HOMEFIRST","Home First Fin Co Ind Ltd","GHISALLO MASTER FUND LP","BUY","95,000","1,190.50",
"11-AUG-2025","HOMEFIRST","Home First Fin Co Ind Ltd","HDFC LIFE INSURANCE COMPANY LIMITED","BUY","1,99,000","1,190.50",
"11-AUG-2025","HOMEFIRST","Home First Fin Co Ind Ltd","HSBC MUTUAL FUND","BUY","5,15,000","1,190.50",
"11-AUG-2025","HOMEFIRST","Home First Fin Co Ind Ltd","ITI MUTUAL FUND","BUY","1,50,000","1,190.50",
"11-AUG-2025","HOMEFIRST","Home First Fin Co Ind Ltd","KOTAK MAHINDRA LIFE INSURANCE COMPANY LIMITED","BUY","1,99,000","1,190.50",
"11-AUG-2025","HOMEFIRST","Home First Fin Co Ind Ltd","KOTAK MAHINDRA MUTUAL FUND","BUY","50,00,000","1,190.50",
"11-AUG-2025","HOMEFIRST","Home First Fin Co Ind Ltd","MORGAN STANLEY ASIA SINGAPORE PTE","BUY","95,000","1,190.50",
"11-AUG-2025","HOMEFIRST","Home First Fin Co Ind Ltd","MOTILAL OSWAL MUTUAL FUND","BUY","2,15,000","1,190.50",
"11-AUG-2025","HOMEFIRST","Home First Fin Co Ind Ltd","NORGES BANK ON ACCOUNT OF THE GOVERNMENT PENSION FUND GLOBAL","BUY","4,00,000","1,190.50",
"11-AUG-2025","HOMEFIRST","Home First Fin Co Ind Ltd","ORANGE CLOVE INVESTMENTS B.V.","SELL","1,09,80,033","1,190.50",
"11-AUG-2025","HOMEFIRST","Home First Fin Co Ind Ltd","TATA AIG GENERAL INSURANCE COMPANY LIMITED","BUY","6,99,000","1,190.50",
"11-AUG-2025","HOMEFIRST","Home First Fin Co Ind Ltd","THE MASTER TR BK OF JPN LIMITED AS TRSTEE OF FIDELITY ASIA EQTY MOTHER FD","BUY","45,935","1,190.50",
"11-AUG-2025","HOMEFIRST","Home First Fin Co Ind Ltd","VQ FASTERCAP FUND","BUY","4,00,000","1,190.50",
"12-AUG-2025","CIGNITITEC","Cigniti Technologies Ltd","GOLDMAN SACHS (SINGAPORE) PTE -ODI","SELL","93,975","1,517.20",
"12-AUG-2025","CIGNITITEC","Cigniti Technologies Ltd","GOLDMAN SACHS BANK EUROPE SE - ODI","BUY","93,975","1,517.20",
"12-AUG-2025","MEDIASSIST","Medi Assist Health Ser L","ADITYA BIRLA SUN LIFE INSURANCE COMPANY LIMITED","BUY","1,91,315","522.70",
"12-AUG-2025","MEDIASSIST","Medi Assist Health Ser L","ADITYA BIRLA SUN LIFE MUTUAL FUND","BUY","19,13,739","522.70",
"12-AUG-2025","MEDIASSIST","Medi Assist Health Ser L","BESSEMER INDIA CAPITAL HOLDINGS II LIMITED","SELL","1,10,54,850","522.70",
"12-AUG-2025","MEDIASSIST","Medi Assist Health Ser L","CITIGROUP GLOBAL MARKETS MAURITIUS PRIVATE LIMITED","BUY","1,91,315","522.70",
"12-AUG-2025","MEDIASSIST","Medi Assist Health Ser L","CITIGROUP GLOBAL MARKETS MAURITIUS PRIVATE LIMITED - ODI","BUY","1,91,315","522.70",
"12-AUG-2025","MEDIASSIST","Medi Assist Health Ser L","COMMONWEALTH OF PENNSYLVANIA PUBLIC SCHOOL EMPLOYEES RETIREMENT SYSTEM","BUY","2,02,000","522.70",
"12-AUG-2025","MEDIASSIST","Medi Assist Health Ser L","EDELWEISS MUTUAL FUND","BUY","5,73,942","522.70",
"12-AUG-2025","MEDIASSIST","Medi Assist Health Ser L","GHISALLO MASTER FUND LP","BUY","1,91,315","522.70",
"12-AUG-2025","MEDIASSIST","Medi Assist Health Ser L","GOLDMAN SACHS INVESTMENTS MAURITIUS I LIMITED","BUY","1,91,315","522.70",
"12-AUG-2025","MEDIASSIST","Medi Assist Health Ser L","HDFC MUTUAL FUND","BUY","4,78,287","522.70",
"12-AUG-2025","MEDIASSIST","Medi Assist Health Ser L","ICICI PRUDENTIAL MUTUAL FUND","BUY","13,39,200","522.70",
"12-AUG-2025","MEDIASSIST","Medi Assist Health Ser L","KOTAK MAHINDRA MUTUAL FUND","BUY","19,13,143","522.70",
"12-AUG-2025","MEDIASSIST","Medi Assist Health Ser L","LOS ANGELES CITY EMPLOYEES RETIREMENT SYSTEM","BUY","2,53,000","522.70",
"12-AUG-2025","MEDIASSIST","Medi Assist Health Ser L","MORGAN STANLEY ASIA SINGAPORE PTE","BUY","2,86,371","522.70",
"12-AUG-2025","MEDIASSIST","Medi Assist Health Ser L","MORGAN STANLEY ASIA SINGAPORE PTE","BUY","1,91,315","522.70",
"12-AUG-2025","MEDIASSIST","Medi Assist Health Ser L","MORGAN STANLEY IFSC FUND","BUY","1,91,315","522.70",
"12-AUG-2025","MEDIASSIST","Medi Assist Health Ser L","PENSION RESERVES INVESTMENT TRUST FUND","BUY","1,48,000","522.70",
"12-AUG-2025","MEDIASSIST","Medi Assist Health Ser L","PUBLIC EMPLOYEES RETIREMENT SYSTEM OF OHIO","BUY","88,000","522.70",
"12-AUG-2025","MEDIASSIST","Medi Assist Health Ser L","PUBLIC SECTOR PENSION INVESTMENT BOARD","BUY","4,78,286","522.70",
"12-AUG-2025","MEDIASSIST","Medi Assist Health Ser L","SUNDARAM MUTUAL FUND","BUY","2,32,677","522.70",
"12-AUG-2025","MEDIASSIST","Medi Assist Health Ser L","WASATCH EMERGING INDIA FUND","BUY","16,32,000","522.70",
"12-AUG-2025","MEDIASSIST","Medi Assist Health Ser L","WASATCH EMERGING MARKETS SMALL CAP FUND","BUY","1,77,000","522.70",
"14-AUG-2025","CIGNITITEC","Cigniti Technologies Ltd","GOLDMAN SACHS (SINGAPORE) PTE - ODI","SELL","93,975","1,537.00",
"14-AUG-2025","CIGNITITEC","Cigniti Technologies Ltd","GOLDMAN SACHS BANK EUROPE SE - ODI","BUY","93,975","1,537.00",
"14-AUG-2025","NXST","Nexus Select Trust","GOLDMAN SACHS (SINGAPORE) PTE - ODI","SELL","11,59,597","150.00",
"14-AUG-2025","NXST","Nexus Select Trust","GOLDMAN SACHS BANK EUROPE SE - ODI","BUY","11,59,597","150.00",
"18-AUG-2025","KOTHARIPET","Kothari Petrochem Ltd","ARIZONA GLOBALSERVICES PRIVATE LTD.","SELL","7,25,000","162.35",
"18-AUG-2025","KOTHARIPET","Kothari Petrochem Ltd","BHK   TRADING LLP","BUY","7,25,000","162.35",
"20-AUG-2025","SHAILY","Shaily Eng Plastics Ltd","AMERICAN FUNDS FUNDAMENTAL INVESTORS","BUY","5,00,000","1,925.00",
"20-AUG-2025","SHAILY","Shaily Eng Plastics Ltd","LIGHTHOUSE INDIA FUND III LIMITED","SELL","5,00,000","1,925.00",
"20-AUG-2025","VGUARD","V-Guard Industries Limite","CHITTILAPPILLY THOMAS KOCHUOUSEPH","SELL","41,51,351","370.00",
"20-AUG-2025","VGUARD","V-Guard Industries Limite","ICICI PRUDENTIAL MUTUAL FUND","BUY","41,51,351","370.00",
"21-AUG-2025","NXST","Nexus Select Trust","GOLDMAN SACHS (SINGAPORE) PTE - ODI","SELL","12,30,046","150.00",
"21-AUG-2025","NXST","Nexus Select Trust","GOLDMAN SACHS BANK EUROPE SE -ODI","BUY","12,30,046","150.00",
"22-AUG-2025","APOLLOHOSP","Apollo Hospitals Ltd","ABU DHABI INVESTMENT AUTHORITY","BUY","12,985","7,850.00",
"22-AUG-2025","APOLLOHOSP","Apollo Hospitals Ltd","AXIS MUTUAL FUND","BUY","58,015","7,850.00",
"22-AUG-2025","APOLLOHOSP","Apollo Hospitals Ltd","BANK OF INDIA MUTUAL FUND","BUY","12,985","7,850.00",
"22-AUG-2025","APOLLOHOSP","Apollo Hospitals Ltd","BNP PARIBAS FINANCIAL MARKETS","BUY","28,015","7,850.00",
"22-AUG-2025","APOLLOHOSP","Apollo Hospitals Ltd","COPTHALL MAURITIUS INVESTMENT LIMITED","BUY","12,985","7,850.00",
"22-AUG-2025","APOLLOHOSP","Apollo Hospitals Ltd","DENDANA INVESTMENTS MAURITIUS LIMITED","BUY","1,949","7,850.00",
"22-AUG-2025","APOLLOHOSP","Apollo Hospitals Ltd","EMERGING MARKETS EQUITY TRUST","BUY","4,28,314","7,850.00",
"22-AUG-2025","APOLLOHOSP","Apollo Hospitals Ltd","FIDELITY FUNDS.- INDIA FOCUS FUND","BUY","67,262","7,850.00",
"22-AUG-2025","APOLLOHOSP","Apollo Hospitals Ltd","FIDELITY INDIA FUND","BUY","5,806","7,850.00",
"22-AUG-2025","APOLLOHOSP","Apollo Hospitals Ltd","GHISALLO MASTER FUND LP","BUY","2,30,043","7,850.00",
"22-AUG-2025","APOLLOHOSP","Apollo Hospitals Ltd","GOLDMAN SACHS (SINGAPORE) PTE","BUY","12,985","7,850.00",
"22-AUG-2025","APOLLOHOSP","Apollo Hospitals Ltd","INVESCO MUTUAL FUND","BUY","7,280","7,850.00",
"22-AUG-2025","APOLLOHOSP","Apollo Hospitals Ltd","INVESCO MUTUAL FUND","BUY","6,720","7,850.00",
"22-AUG-2025","APOLLOHOSP","Apollo Hospitals Ltd","INVESCO MUTUAL FUND","BUY","5,600","7,850.00",
"22-AUG-2025","APOLLOHOSP","Apollo Hospitals Ltd","INVESCO MUTUAL FUND","BUY","1,400","7,850.00",
"22-AUG-2025","APOLLOHOSP","Apollo Hospitals Ltd","KOTAK MAHINDRA LIFE INSURANCE COMPANY LIMITED","BUY","299","7,850.00",
"22-AUG-2025","APOLLOHOSP","Apollo Hospitals Ltd","KOTAK MAHINDRA LIFE INSURANCE COMPANY LIMITED","BUY","1,506","7,850.00",
"22-AUG-2025","APOLLOHOSP","Apollo Hospitals Ltd","KOTAK MAHINDRA LIFE INSURANCE COMPANY LIMITED","BUY","22,586","7,850.00",
"22-AUG-2025","APOLLOHOSP","Apollo Hospitals Ltd","KOTAK MAHINDRA LIFE INSURANCE COMPANY LIMITED","BUY","31,957","7,850.00",
"22-AUG-2025","APOLLOHOSP","Apollo Hospitals Ltd","KOTAK MAHINDRA LIFE INSURANCE COMPANY LIMITED","BUY","282","7,850.00",
"22-AUG-2025","APOLLOHOSP","Apollo Hospitals Ltd","KOTAK MAHINDRA LIFE INSURANCE COMPANY LIMITED","BUY","772","7,850.00",
"22-AUG-2025","APOLLOHOSP","Apollo Hospitals Ltd","KOTAK MAHINDRA LIFE INSURANCE COMPANY LIMITED","BUY","385","7,850.00",
"22-AUG-2025","APOLLOHOSP","Apollo Hospitals Ltd","KOTAK MAHINDRA LIFE INSURANCE COMPANY LIMITED","BUY","260","7,850.00",
"22-AUG-2025","APOLLOHOSP","Apollo Hospitals Ltd","MORGAN STANLEY ASIA SINGAPORE PTE","BUY","90,885","7,850.00",
"22-AUG-2025","APOLLOHOSP","Apollo Hospitals Ltd","MORGAN STANLEY ASIA SINGAPORE PTE","BUY","80,212","7,850.00",
"22-AUG-2025","APOLLOHOSP","Apollo Hospitals Ltd","MORNINGSTAR FUNDS TRUST - MORNINGSTAR INTERNATIONAL EQUITY FUND","BUY","4,708","7,850.00",
"22-AUG-2025","APOLLOHOSP","Apollo Hospitals Ltd","SOCIETE GENERALE","BUY","3,28,047","7,850.00",
"22-AUG-2025","APOLLOHOSP","Apollo Hospitals Ltd","SUNEETHA REDDY","SELL","18,97,239","7,850.00",
"22-AUG-2025","APOLLOHOSP","Apollo Hospitals Ltd","T ROWE PRICE FUNDS SICAV  GLOBAL ALLOCATION EXTENDED FUND","BUY","195","7,850.00",
"22-AUG-2025","APOLLOHOSP","Apollo Hospitals Ltd","T ROWE PRICE FUNDS SICAV EMERGING MARKETS EQUITY FUND","BUY","9,377","7,850.00",
"22-AUG-2025","APOLLOHOSP","Apollo Hospitals Ltd","T ROWE PRICE FUNDS SICAV GLOBAL ALLOCATION FUND","BUY","182","7,850.00",
"22-AUG-2025","APOLLOHOSP","Apollo Hospitals Ltd","T ROWE PRICE GLOBAL ALLOCATION FUND","BUY","2,299","7,850.00",
"22-AUG-2025","APOLLOHOSP","Apollo Hospitals Ltd","T ROWE PRICE INSTITUTIONAL EMERGING MARKETS EQUITY FUND","BUY","29,937","7,850.00",
"22-AUG-2025","APOLLOHOSP","Apollo Hospitals Ltd","T ROWE PRICE RETIREMENT HYBRID TRUST- T ROWE PRICE NON US EQUITIES TRUST","BUY","46,069","7,850.00",
"22-AUG-2025","APOLLOHOSP","Apollo Hospitals Ltd","T. ROWE PRICE EMERGING MARKETS STOCK FUND","BUY","3,28,635","7,850.00",
"22-AUG-2025","APOLLOHOSP","Apollo Hospitals Ltd","T. ROWE PRICE GLOBAL ALLOCATION FUND","BUY","332","7,850.00",
"22-AUG-2025","APOLLOHOSP","Apollo Hospitals Ltd","TATA MUTUAL FUND","BUY","12,985","7,850.00",
"22-AUG-2025","APOLLOHOSP","Apollo Hospitals Ltd","VIRIDIAN ASIA OPPORTUNITIES MASTER FUND","BUY","12,985","7,850.00",
"26-AUG-2025","EDELWEISS","Edelweiss Fin Serv Ltd","ABAKKUS ASSET MANAGER PRIVATE LIMITED","BUY","64,30,780","100.00",
"26-AUG-2025","EDELWEISS","Edelweiss Fin Serv Ltd","EDELWEISS EMPLOYEES INCENTIVES AND WELFARE TRUST","SELL","53,01,510","100.00",
"26-AUG-2025","EDELWEISS","Edelweiss Fin Serv Ltd","EDELWEISS EMPLOYEES WELFARE TRUST","SELL","11,29,270","100.00",
"26-AUG-2025","UPL","UPL Limited","NERKA CHEMICALS PRIVATE LTD","BUY","9,80,000","723.05",
"26-AUG-2025","UPL","UPL Limited","UNIPHOS ENTERPRISES LTD","SELL","9,80,000","723.05",
"29-AUG-2025","AGARWALEYE","Dr Agarwals Health Care L","GOLDMAN SACHS (SINGAPORE) PTE - ODI","SELL","4,29,190","439.10",
"29-AUG-2025","AGARWALEYE","Dr Agarwals Health Care L","GOLDMAN SACHS BANK EUROPE SE - ODI","BUY","4,29,190","439.10",
"29-AUG-2025","CGCL","Money Matters F S Limited","GOLDMAN SACHS (SINGAPORE) PTE - ODI","SELL","8,70,125","185.70",
"29-AUG-2025","CGCL","Money Matters F S Limited","GOLDMAN SACHS BANK EUROPE SE - ODI","BUY","8,70,125","185.70",
"29-AUG-2025","CHOLAFIN","Cholamandalam In & Fin Co","GOLDMAN SACHS (SINGAPORE) PTE - ODI","SELL","2,42,876","1,439.80",
"29-AUG-2025","CHOLAFIN","Cholamandalam In & Fin Co","GOLDMAN SACHS BANK EUROPE SE - ODI","BUY","2,42,876","1,439.80",
"29-AUG-2025","DHANI","Dhani Services Limited","GOLDMAN SACHS (SINGAPORE) PTE - ODI","SELL","38,14,898","62.70",
"29-AUG-2025","DHANI","Dhani Services Limited","GOLDMAN SACHS BANK EUROPE SE - ODI","BUY","38,14,898","62.70",
"29-AUG-2025","ETERNAL","ETERNAL LIMITED","GOLDMAN SACHS (SINGAPORE) PTE - ODI","SELL","66,76,269","315.50",
"29-AUG-2025","ETERNAL","ETERNAL LIMITED","GOLDMAN SACHS BANK EUROPE SE - ODI","BUY","66,76,269","315.50",
"29-AUG-2025","FIVESTAR","Five-Star Bus Fin Ltd","GOLDMAN SACHS (SINGAPORE) PTE - ODI","SELL","5,19,142","552.75",
"29-AUG-2025","FIVESTAR","Five-Star Bus Fin Ltd","GOLDMAN SACHS BANK EUROPE SE - ODI","BUY","5,19,142","552.75",
"29-AUG-2025","GODREJPROP","Godrej Properties Ltd","GOLDMAN SACHS (SINGAPORE) PTE - ODI","SELL","5,27,615","1,984.60",
"29-AUG-2025","GODREJPROP","Godrej Properties Ltd","GOLDMAN SACHS BANK EUROPE SE - ODI","BUY","5,27,615","1,984.60",
"29-AUG-2025","INDIGRID","India Grid Trust","GOLDMAN SACHS (SINGAPORE) PTE - ODI","SELL","7,92,168","161.50",
"29-AUG-2025","INDIGRID","India Grid Trust","GOLDMAN SACHS BANK EUROPE SE - ODI","BUY","7,92,168","161.50",
"29-AUG-2025","KIMS","Krishna Inst of Med Sci L","GOLDMAN SACHS (SINGAPORE) PTE - ODI","SELL","2,51,598","737.40",
"29-AUG-2025","KIMS","Krishna Inst of Med Sci L","GOLDMAN SACHS BANK EUROPE SE - ODI","BUY","2,51,598","737.40",
"29-AUG-2025","KOLTEPATIL","Kolte - Patil Developers","GOLDMAN SACHS (SINGAPORE) PTE - ODI","SELL","5,07,534","469.70",
"29-AUG-2025","KOLTEPATIL","Kolte - Patil Developers","GOLDMAN SACHS BANK EUROPE SE - ODI","BUY","5,07,534","469.70",
"29-AUG-2025","KOTAKBANK","Kotak Mahindra Bank Limit","GOLDMAN SACHS (SINGAPORE) PTE - ODI","SELL","1,75,693","1,944.70",
"29-AUG-2025","KOTAKBANK","Kotak Mahindra Bank Limit","GOLDMAN SACHS BANK EUROPE SE - ODI","BUY","1,75,693","1,944.70",
"29-AUG-2025","LEMONTREE","Lemon Tree Hotels Ltd","GOLDMAN SACHS (SINGAPORE) PTE - ODI","SELL","8,70,090","167.80",
"29-AUG-2025","LEMONTREE","Lemon Tree Hotels Ltd","GOLDMAN SACHS BANK EUROPE SE - ODI","BUY","8,70,090","167.80",
"29-AUG-2025","MANAPPURAM","Manappuram Finance Ltd","GOLDMAN SACHS (SINGAPORE) PTE - ODI","SELL","12,51,077","263.00",
"29-AUG-2025","MANAPPURAM","Manappuram Finance Ltd","GOLDMAN SACHS BANK EUROPE SE - ODI","BUY","12,51,077","263.00",
"29-AUG-2025","OBEROIRLTY","Oberoi Realty Limited","GOLDMAN SACHS (SINGAPORE) PTE - ODI","SELL","1,22,365","1,618.80",
"29-AUG-2025","OBEROIRLTY","Oberoi Realty Limited","GOLDMAN SACHS BANK EUROPE SE - ODI","BUY","1,22,365","1,618.80",
"29-AUG-2025","SHRIRAMFIN","Shriram Finance Limited","GOLDMAN SACHS (SINGAPORE) PTE - ODI","SELL","7,42,825","571.65",
"29-AUG-2025","SHRIRAMFIN","Shriram Finance Limited","GOLDMAN SACHS BANK EUROPE SE - ODI","BUY","7,42,825","571.65",
"29-AUG-2025","THELEELA","Schloss Bangalore Limited","GOLDMAN SACHS (SINGAPORE) PTE - ODI","SELL","4,12,926","396.65",
"29-AUG-2025","THELEELA","Schloss Bangalore Limited","GOLDMAN SACHS BANK EUROPE SE - ODI","BUY","4,12,926","396.65",
"29-AUG-2025","VBL","Varun Beverages Limited","GOLDMAN SACHS (SINGAPORE) PTE - ODI","SELL","15,71,019","497.70",
"29-AUG-2025","VBL","Varun Beverages Limited","GOLDMAN SACHS BANK EUROPE SE - ODI","BUY","15,71,019","497.70",
"01-SEP-2025","CARBORUNIV","Carborundum Univ Ltd","MURUGAPPAN ARUNACHALAM CHILDREN TRUST","SELL","3,00,000","915.00",
"01-SEP-2025","CARBORUNIV","Carborundum Univ Ltd","SANDHYA G PARIKH","BUY","3,00,000","915.00",
"01-SEP-2025","CGCL","Money Matters F S Limited","GOLDMAN SACHS (SINGAPORE) PTE - ODI","SELL","27,30,375","185.40",
"01-SEP-2025","CGCL","Money Matters F S Limited","GOLDMAN SACHS BANK EUROPE SE - ODI","BUY","27,30,375","185.40",
"01-SEP-2025","ETERNAL","ETERNAL LIMITED","GOLDMAN SACHS (SINGAPORE) PTE - ODI","SELL","89,88,390","313.95",
"01-SEP-2025","ETERNAL","ETERNAL LIMITED","GOLDMAN SACHS BANK EUROPE SE - ODI","BUY","89,88,390","313.95",
"01-SEP-2025","GODREJPROP","Godrej Properties Ltd","GOLDMAN SACHS (SINGAPORE) PTE - ODI","SELL","5,91,312","1,947.70",
"01-SEP-2025","GODREJPROP","Godrej Properties Ltd","GOLDMAN SACHS BANK EUROPE SE - ODI","BUY","5,91,312","1,947.70",
"01-SEP-2025","KOLTEPATIL","Kolte - Patil Developers","GOLDMAN SACHS (SINGAPORE) PTE- ODI","SELL","6,60,003","467.75",
"01-SEP-2025","KOLTEPATIL","Kolte - Patil Developers","GOLDMAN SACHS BANK EUROPE SE - ODI","BUY","6,60,003","467.75",
"01-SEP-2025","KOTAKBANK","Kotak Mahindra Bank Limit","GOLDMAN SACHS (SINGAPORE) PTE- ODI","SELL","4,91,903","1,960.30",
"01-SEP-2025","KOTAKBANK","Kotak Mahindra Bank Limit","GOLDMAN SACHS BANK EUROPE SE - ODI","BUY","4,91,903","1,960.30",
"01-SEP-2025","SHRIRAMFIN","Shriram Finance Limited","GOLDMAN SACHS (SINGAPORE) PTE- ODI","SELL","20,49,453","580.25",
"01-SEP-2025","SHRIRAMFIN","Shriram Finance Limited","GOLDMAN SACHS BANK EUROPE SE - ODI","BUY","20,49,453","580.25",
"02-SEP-2025","AGARWALEYE","Dr Agarwals Health Care L","GOLDMAN SACHS (SINGAPORE) PTE - ODI","SELL","16,53,725","433.25",
"02-SEP-2025","AGARWALEYE","Dr Agarwals Health Care L","GOLDMAN SACHS BANK EUROPE SE- ODI","BUY","16,53,725","433.25",
"02-SEP-2025","CGCL","Money Matters F S Limited","GOLDMAN SACHS (SINGAPORE) PTE - ODI","SELL","18,79,131","189.00",
"02-SEP-2025","CGCL","Money Matters F S Limited","GOLDMAN SACHS BANK EUROPE SE - ODI","BUY","18,79,131","189.00",
"02-SEP-2025","CHOLAFIN","Cholamandalam In & Fin Co","GOLDMAN SACHS (SINGAPORE) PTE - ODI","SELL","6,70,924","1,453.80",
"02-SEP-2025","CHOLAFIN","Cholamandalam In & Fin Co","GOLDMAN SACHS BANK EUROPE SE - ODI","BUY","6,70,924","1,453.80",
"02-SEP-2025","ETERNAL","ETERNAL LIMITED","GOLDMAN SACHS (SINGAPORE) PTE - ODI","SELL","69,11,714","321.10",
"02-SEP-2025","ETERNAL","ETERNAL LIMITED","GOLDMAN SACHS BANK EUROPE SE - ODI","BUY","69,11,714","321.10",
"02-SEP-2025","FIVESTAR","Five-Star Bus Fin Ltd","GOLDMAN SACHS (SINGAPORE) PTE - ODI","SELL","4,11,359","549.20",
"02-SEP-2025","FIVESTAR","Five-Star Bus Fin Ltd","GOLDMAN SACHS BANK EUROPE SE - ODI","BUY","4,11,359","549.20",
"02-SEP-2025","GODREJPROP","Godrej Properties Ltd","GOLDMAN SACHS (SINGAPORE) PTE - ODI","SELL","2,90,394","1,952.20",
"02-SEP-2025","GODREJPROP","Godrej Properties Ltd","GOLDMAN SACHS BANK EUROPE SE - ODI","BUY","2,90,394","1,952.20",
"02-SEP-2025","KIMS","Krishna Inst of Med Sci L","GOLDMAN SACHS (SINGAPORE) PTE - ODI","SELL","5,01,458","727.50",
"02-SEP-2025","KIMS","Krishna Inst of Med Sci L","GOLDMAN SACHS BANK EUROPE SE - ODI","BUY","5,01,458","727.50",
"02-SEP-2025","LEMONTREE","Lemon Tree Hotels Ltd","GOLDMAN SACHS (SINGAPORE) PTE - ODI","SELL","15,50,068","170.20",
"02-SEP-2025","LEMONTREE","Lemon Tree Hotels Ltd","GOLDMAN SACHS BANK EUROPE SE - ODI","BUY","15,50,068","170.20",
"02-SEP-2025","VBL","Varun Beverages Limited","GOLDMAN SACHS (SINGAPORE) PTE - ODI","SELL","18,94,144","495.35",
"02-SEP-2025","VBL","Varun Beverages Limited","GOLDMAN SACHS BANK EUROPE SE - ODI","BUY","18,94,144","495.35",
"02-SEP-2025","VERTIS","Vertis Infrastructure Tst","2452991 ONTARIO LIMITED","SELL","4,69,75,000","98.02",
"02-SEP-2025","VERTIS","Vertis Infrastructure Tst","360 ONE PRIME LIMITED","BUY","2,29,25,000","98.00",
"02-SEP-2025","VERTIS","Vertis Infrastructure Tst","360 ONE REAL ASSETS ADVANTAGE FUND","BUY","23,00,000","98.00",
"02-SEP-2025","VERTIS","Vertis Infrastructure Tst","ABHILASH SANDHYALA","BUY","16,25,000","98.09",
"02-SEP-2025","VERTIS","Vertis Infrastructure Tst","ALKRAM VENTURE PRIVATE LIMITED","BUY","30,50,000","98.00",
"02-SEP-2025","VERTIS","Vertis Infrastructure Tst","ALKRAM VENTURE PRIVATE LIMITED","BUY","20,25,000","98.07",
"02-SEP-2025","VERTIS","Vertis Infrastructure Tst","AMAR H PATEL HUF","BUY","10,25,000","98.07",
"02-SEP-2025","VERTIS","Vertis Infrastructure Tst","AMBIT WEALTH PRIVATE LIMITED","BUY","14,25,000","98.07",
"02-SEP-2025","VERTIS","Vertis Infrastructure Tst","ANKUR DALWANI HUF","BUY","10,25,000","98.12",
"02-SEP-2025","VERTIS","Vertis Infrastructure Tst","AUM CAPITAL MARKET PRIVATE LIMITED","BUY","16,00,000","98.07",
"02-SEP-2025","VERTIS","Vertis Infrastructure Tst","DEZERV INVESTMENTS PRIVATE LIMITED","BUY","25,50,000","98.00",
"02-SEP-2025","VERTIS","Vertis Infrastructure Tst","DEZERV SECURITIES PRIVATE LIMITED","BUY","10,25,000","98.00",
"02-SEP-2025","VERTIS","Vertis Infrastructure Tst","GALAXY INVESTMENTS II PTE LTD","SELL","20,48,00,000","98.01",
"02-SEP-2025","VERTIS","Vertis Infrastructure Tst","ICICI PRUDENTIAL MUTUAL FUND","BUY","51,00,000","98.00",
"02-SEP-2025","VERTIS","Vertis Infrastructure Tst","INDIAFIRST LIFE INSURANCE COMPANY LIMITED","BUY","25,50,000","98.00",
"02-SEP-2025","VERTIS","Vertis Infrastructure Tst","INNOPARK (INDIA) PRIVATE LIMITED","BUY","15,00,000","98.08",
"02-SEP-2025","VERTIS","Vertis Infrastructure Tst","KOTAK MAHINDRA LIFE INSURANCE COMPANY LIMITED","BUY","1,27,50,000","98.00",
"02-SEP-2025","VERTIS","Vertis Infrastructure Tst","L & T TECHNOLOGY SERVICES LIMITED","BUY","51,00,000","98.00",
"02-SEP-2025","VERTIS","Vertis Infrastructure Tst","L AND T EMPLOYEES WELFARE FOUNDATION PRIVATE LIMITED","BUY","51,00,000","98.07",
"02-SEP-2025","VERTIS","Vertis Infrastructure Tst","LARSEN & TOUBRO LIMITED","BUY","3,01,00,000","98.00",
"02-SEP-2025","VERTIS","Vertis Infrastructure Tst","LGT WEALTH INDIA PRIVATE LIMITED","BUY","11,75,000","98.31",
"02-SEP-2025","VERTIS","Vertis Infrastructure Tst","LTIMINDTREE LIMITED","BUY","2,04,00,000","98.00",
"02-SEP-2025","VERTIS","Vertis Infrastructure Tst","MAX LIFE INSURANCE COMPANY LIMITED","BUY","1,02,00,000","98.00",
"02-SEP-2025","VERTIS","Vertis Infrastructure Tst","MVS VENTURES PRIVATE LIMITED","BUY","67,25,000","98.05",
"02-SEP-2025","VERTIS","Vertis Infrastructure Tst","MVS VENTURES PRIVATE LIMITED","BUY","61,25,000","98.00",
"02-SEP-2025","VERTIS","Vertis Infrastructure Tst","NARINDER BAJAJ","BUY","10,25,000","98.07",
"02-SEP-2025","VERTIS","Vertis Infrastructure Tst","NATIONAL PENSION SYSTEM (NPS) TRUST","BUY","1,53,00,000","98.00",
"02-SEP-2025","VERTIS","Vertis Infrastructure Tst","NEO MARKETS SERVICES PRIVATE LIMITED","BUY","71,50,000","98.00",
"02-SEP-2025","VERTIS","Vertis Infrastructure Tst","NEO TREASURY PLUS FUND","BUY","15,25,000","98.00",
"02-SEP-2025","VERTIS","Vertis Infrastructure Tst","NEO WEALTH PARTNERS PRIVATE LIMITED","BUY","2,01,50,000","98.00",
"02-SEP-2025","VERTIS","Vertis Infrastructure Tst","PHILLIP SERVICES INDIA PRIVATE LIMITED","BUY","1,29,25,000","98.00",
"02-SEP-2025","VERTIS","Vertis Infrastructure Tst","PICO CAPITAL PRIVATE LIMITED","BUY","10,25,000","98.01",
"02-SEP-2025","VERTIS","Vertis Infrastructure Tst","PRATITHI INVESTMENT TRUST","BUY","24,50,000","98.04",
"02-SEP-2025","VERTIS","Vertis Infrastructure Tst","SANJAY KUMAR CHADHA","BUY","20,50,000","98.06",
"02-SEP-2025","VERTIS","Vertis Infrastructure Tst","SHAHI EXPORTS PRIVATE LIMITED","BUY","15,25,000","98.00",
"02-SEP-2025","VERTIS","Vertis Infrastructure Tst","SIGNET CAPITAL PRIVATE LIMITED","BUY","10,25,000","98.12",
"02-SEP-2025","VERTIS","Vertis Infrastructure Tst","STAR UNION DAI ICHI LIFE INSURANCE COMPANY LIMITED","BUY","25,50,000","98.00",
"02-SEP-2025","VERTIS","Vertis Infrastructure Tst","TATA AIG GENERAL INSURANCE COMPANY LIMITED","BUY","20,25,000","98.00",
"02-SEP-2025","VERTIS","Vertis Infrastructure Tst","TORROZ FINTECH PRIVATE LIMITED","BUY","20,25,000","98.00",
"02-SEP-2025","VERTIS","Vertis Infrastructure Tst","VARA FUTURE LLP","BUY","1,63,25,000","98.00",
"02-SEP-2025","VERTIS","Vertis Infrastructure Tst","WHITEOAK CAPITAL MUTUAL FUND","BUY","1,53,00,000","98.00",
"03-SEP-2025","ETERNAL","ETERNAL LIMITED","GOLDMAN SACHS (SINGAPORE) PTE - ODI","SELL","49,27,548","322.40",
"03-SEP-2025","ETERNAL","ETERNAL LIMITED","GOLDMAN SACHS BANK EUROPE SE - ODI","BUY","49,27,548","322.40",
"03-SEP-2025","GODREJPROP","Godrej Properties Ltd","GOLDMAN SACHS (SINGAPORE) PTE - ODI","SELL","2,92,981","1,978.20",
"03-SEP-2025","GODREJPROP","Godrej Properties Ltd","GOLDMAN SACHS BANK EUROPE SE - ODI","BUY","2,92,981","1,978.20",
"03-SEP-2025","KOLTEPATIL","Kolte - Patil Developers","GOLDMAN SACHS (SINGAPORE) PTE - ODI","SELL","6,72,025","472.60",
"03-SEP-2025","KOLTEPATIL","Kolte - Patil Developers","GOLDMAN SACHS BANK EUROPE SE - ODI","BUY","6,72,025","472.60",
"03-SEP-2025","KOTAKBANK","Kotak Mahindra Bank Limit","GOLDMAN SACHS (SINGAPORE) PTE - ODI","SELL","4,35,762","1,942.50",
"03-SEP-2025","KOTAKBANK","Kotak Mahindra Bank Limit","GOLDMAN SACHS BANK EUROPE SE - ODI","BUY","4,35,762","1,942.50",
"03-SEP-2025","MANAPPURAM","Manappuram Finance Ltd","GOLDMAN SACHS (SINGAPORE) PTE - ODI","SELL","18,86,858","281.00",
"03-SEP-2025","MANAPPURAM","Manappuram Finance Ltd","GOLDMAN SACHS BANK EUROPE SE - ODI","BUY","18,86,858","281.00",
"03-SEP-2025","OBEROIRLTY","Oberoi Realty Limited","GOLDMAN SACHS (SINGAPORE) PTE - ODI","SELL","1,65,461","1,651.80",
"03-SEP-2025","OBEROIRLTY","Oberoi Realty Limited","GOLDMAN SACHS BANK EUROPE SE - ODI","BUY","1,65,461","1,651.80",
"03-SEP-2025","SHRIRAMFIN","Shriram Finance Limited","GOLDMAN SACHS (SINGAPORE) PTE - ODI","SELL","22,83,662","584.60",
"03-SEP-2025","SHRIRAMFIN","Shriram Finance Limited","GOLDMAN SACHS BANK EUROPE SE - ODI","BUY","22,83,662","584.60",
"03-SEP-2025","VERTIS","Vertis Infrastructure Tst","360 ONE PRIME LIMITED","SELL","91,75,000","98.25",
"03-SEP-2025","VERTIS","Vertis Infrastructure Tst","ADWAIT HOLDINGS PRIVATE LIMITED","BUY","15,25,000","98.25",
"03-SEP-2025","VERTIS","Vertis Infrastructure Tst","AFSHAN RIYAZ PEERMOHAMED","BUY","10,25,000","98.25",
"03-SEP-2025","VERTIS","Vertis Infrastructure Tst","AMBIT WEALTH PRIVATE LIMITED","BUY","20,50,000","98.17",
"03-SEP-2025","VERTIS","Vertis Infrastructure Tst","ARA INVESTMENTS","BUY","15,25,000","98.25",
"03-SEP-2025","VERTIS","Vertis Infrastructure Tst","ASHRA FAMILY TRUST","BUY","10,25,000","98.25",
"03-SEP-2025","VERTIS","Vertis Infrastructure Tst","AXIS SECURITIES LIMITED","BUY","11,00,000","98.03",
"03-SEP-2025","VERTIS","Vertis Infrastructure Tst","DUROSHOX INTERNATIONAL PRIVATE LIMITED","BUY","18,25,000","98.25",
"03-SEP-2025","VERTIS","Vertis Infrastructure Tst","GALAXY INVESTMENTS II PTE LTD","SELL","37,00,000","98.04",
"03-SEP-2025","VERTIS","Vertis Infrastructure Tst","NARINDER BAJAJ","SELL","10,25,000","98.16",
"03-SEP-2025","VERTIS","Vertis Infrastructure Tst","RB DIVERSIFIED PRIVATE LIMITED","BUY","12,25,000","98.25",
"03-SEP-2025","VERTIS","Vertis Infrastructure Tst","SANJAY KUMAR CHADHA","SELL","20,50,000","98.17",
"03-SEP-2025","VERTIS","Vertis Infrastructure Tst","SANJAY KUMAR CHADHA","BUY","15,25,000","98.04",
"03-SEP-2025","VERTIS","Vertis Infrastructure Tst","SHREE ANANTNATH REAL ESTATE PRIVATE LIMITED","BUY","10,25,000","98.16",
"03-SEP-2025","VERTIS","Vertis Infrastructure Tst","SPARK FINANCIAL HOLDINGS PRIVATE LIMITED","BUY","10,75,000","98.06",
"03-SEP-2025","VERTIS","Vertis Infrastructure Tst","TIBREWALA ELECTRONICS LIMITED","BUY","10,25,000","98.25",
"04-SEP-2025","APTUS","Aptus Value Hsg Fin I Ltd","ADITYA BIRLA SUNLIFE MUTUAL FUND","BUY","45,00,826","328.85",
"04-SEP-2025","APTUS","Aptus Value Hsg Fin I Ltd","ALLIANZ GLOBAL INVESTORS FUND-ALLIANZ INDIA EQUITY","BUY","20,00,000","328.85",
"04-SEP-2025","APTUS","Aptus Value Hsg Fin I Ltd","AROHI EMERGING INDIA MASTER FUND","BUY","24,11,478","328.85",
"04-SEP-2025","APTUS","Aptus Value Hsg Fin I Ltd","AUTHUM INVESTMENT & INFRASTRUCTURE LIMITED","BUY","3,04,109","328.85",
"04-SEP-2025","APTUS","Aptus Value Hsg Fin I Ltd","BANDHAN MUTUAL FUND","BUY","30,41,098","328.85",
"04-SEP-2025","APTUS","Aptus Value Hsg Fin I Ltd","COPTHALL MAURITIUS INVESTMENT LIMITED","BUY","13,39,710","328.85",
"04-SEP-2025","APTUS","Aptus Value Hsg Fin I Ltd","EAST BRIDGE CAPITAL MASTER FUND LIMITED","BUY","26,79,421","328.85",
"04-SEP-2025","APTUS","Aptus Value Hsg Fin I Ltd","EDELWEISS LIFE INSURANCE COMPANY LIMITED","BUY","4,56,164","328.85",
"04-SEP-2025","APTUS","Aptus Value Hsg Fin I Ltd","EDELWEISS MUTUAL FUND","BUY","9,12,329","328.85",
"04-SEP-2025","APTUS","Aptus Value Hsg Fin I Ltd","GO DIGIT GENERAL INSURANCE LIMITED","BUY","3,04,109","328.85",
"04-SEP-2025","APTUS","Aptus Value Hsg Fin I Ltd","GOLDMAN SACHS INVESTMENTS MAURITIUS I LIMITED","BUY","8,36,483","328.85",
"04-SEP-2025","APTUS","Aptus Value Hsg Fin I Ltd","ICICI PRUDENTIAL LIFE INSURANCE COMPANY LIMITED","BUY","15,20,549","328.85",
"04-SEP-2025","APTUS","Aptus Value Hsg Fin I Ltd","ICICI PRUDENTIAL MUTUAL FUND","BUY","30,41,098","328.85",
"04-SEP-2025","APTUS","Aptus Value Hsg Fin I Ltd","IROHA EMERGING INDIA FUND - I","BUY","24,11,478","328.85",
"04-SEP-2025","APTUS","Aptus Value Hsg Fin I Ltd","ITI MUTUAL FUND","BUY","6,38,630","328.85",
"04-SEP-2025","APTUS","Aptus Value Hsg Fin I Ltd","KIFS FINSTOCK LIMITED","BUY","3,04,109","328.85",
"04-SEP-2025","APTUS","Aptus Value Hsg Fin I Ltd","KOTAK MAHINDRA LIFE INSURANCE COMPANY LIMITED","BUY","24,32,879","328.85",
"04-SEP-2025","APTUS","Aptus Value Hsg Fin I Ltd","KOTAK MAHINDRA MUTUAL FUND","BUY","1,76,38,373","328.85",
"04-SEP-2025","APTUS","Aptus Value Hsg Fin I Ltd","MAP INSTITUTIONAL LLC - MAP INSTITUTIONAL LLC 804 SERIES","BUY","18,75,594","328.85",
"04-SEP-2025","APTUS","Aptus Value Hsg Fin I Ltd","MOTILAL OSWAL MUTUAL FUND","BUY","9,12,329","328.85",
"04-SEP-2025","APTUS","Aptus Value Hsg Fin I Ltd","OXBOW MASTER FUND LIMITED","BUY","26,79,421","328.85",
"04-SEP-2025","APTUS","Aptus Value Hsg Fin I Ltd","QUANT MUTUAL FUND","BUY","36,49,318","328.85",
"04-SEP-2025","APTUS","Aptus Value Hsg Fin I Ltd","TATA AIG GENERAL INSURANCE CO LTD","BUY","45,61,648","328.85",
"04-SEP-2025","APTUS","Aptus Value Hsg Fin I Ltd","TATA MUTUAL FUND","BUY","5,47,397","328.85",
"04-SEP-2025","APTUS","Aptus Value Hsg Fin I Ltd","WESTBRIDGE CROSSOVER FUND LLC","SELL","6,09,98,550","328.85",
"04-SEP-2025","DHANI","Dhani Services Limited","GOLDMAN SACHS (SINGAPORE) PTE - ODI","SELL","15,15,128","66.35",
"04-SEP-2025","DHANI","Dhani Services Limited","GOLDMAN SACHS BANK EUROPE SE - ODI","BUY","15,15,128","66.35",
"04-SEP-2025","ETERNAL","ETERNAL LIMITED","GOLDMAN SACHS (SINGAPORE) PTE - ODI","SELL","1,05,22,922","326.10",
"04-SEP-2025","ETERNAL","ETERNAL LIMITED","GOLDMAN SACHS BANK EUROPE SE - ODI","BUY","1,05,22,922","326.10",
"04-SEP-2025","GODREJPROP","Godrej Properties Ltd","GOLDMAN SACHS (SINGAPORE) PTE - ODI","SELL","2,83,896","2,011.90",
"04-SEP-2025","GODREJPROP","Godrej Properties Ltd","GOLDMAN SACHS BANK EUROPE SE - ODI","BUY","2,83,896","2,011.90",
"04-SEP-2025","KOTAKBANK","Kotak Mahindra Bank Limit","GOLDMAN SACHS (SINGAPORE) PTE - ODI","SELL","3,17,055","1,960.20",
"04-SEP-2025","KOTAKBANK","Kotak Mahindra Bank Limit","GOLDMAN SACHS BANK EUROPE SE - ODI","BUY","3,17,055","1,960.20",
"04-SEP-2025","LEMONTREE","Lemon Tree Hotels Ltd","GOLDMAN SACHS (SINGAPORE) PTE - ODI","SELL","8,26,056","169.71",
"04-SEP-2025","LEMONTREE","Lemon Tree Hotels Ltd","GOLDMAN SACHS BANK EUROPE SE - ODI","BUY","8,26,056","169.71",
"04-SEP-2025","RAMCOIND","Ramco Industries Ltd","ALAGARAJA RAMALAKSHMI","SELL","5,00,000","308.10",
"04-SEP-2025","RAMCOIND","Ramco Industries Ltd","RAJAPALAYAM MILLS LTD","BUY","5,00,000","308.10",
"04-SEP-2025","SHRIRAMFIN","Shriram Finance Limited","GOLDMAN SACHS (SINGAPORE) PTE - ODI","SELL","20,68,046","586.30",
"04-SEP-2025","SHRIRAMFIN","Shriram Finance Limited","GOLDMAN SACHS BANK EUROPE SE - ODI","BUY","20,68,046","586.30",
"04-SEP-2025","VBL","Varun Beverages Limited","GOLDMAN SACHS (SINGAPORE) PTE - ODI","SELL","15,52,506","505.25",
"04-SEP-2025","VBL","Varun Beverages Limited","GOLDMAN SACHS BANK EUROPE SE - ODI","BUY","15,52,506","505.25",
"04-SEP-2025","VERTIS","Vertis Infrastructure Tst","360 ONE PORTFOLIO MANAGERS LIMITED","BUY","95,00,000","99.57",
"04-SEP-2025","VERTIS","Vertis Infrastructure Tst","360 ONE PRIME LIMITED","BUY","1,28,00,000","99.57",
"04-SEP-2025","VERTIS","Vertis Infrastructure Tst","360 ONE REAL ASSETS ADVANTAGE FUND","BUY","75,00,000","99.57",
"04-SEP-2025","VERTIS","Vertis Infrastructure Tst","GALAXY INVESTMENTS II PTE LTD","SELL","10,25,000","98.30",
"04-SEP-2025","VERTIS","Vertis Infrastructure Tst","MANIPAL EDUCATION AND MEDICAL GROUP INDIA PRIVATE LIMITED","SELL","2,98,00,000","99.57",
"04-SEP-2025","VERTIS","Vertis Infrastructure Tst","WHITEOAK CAPITAL MUTUAL FUND","BUY","10,25,000","98.30",
"05-SEP-2025","ARMANFIN","Arman Fin Serv Ltd","AIRAVAT CAPITAL TRUST","SELL","1,33,279","1,414.00",
"05-SEP-2025","ARMANFIN","Arman Fin Serv Ltd","AIRAVAT CAPITAL TRUST II","BUY","1,33,279","1,414.00",
"05-SEP-2025","CHOLAFIN","Cholamandalam In & Fin Co","GOLDMAN SACHS (SINGAPORE) PTE - ODI","SELL","6,42,667","1,461.20",
"05-SEP-2025","CHOLAFIN","Cholamandalam In & Fin Co","GOLDMAN SACHS BANK EUROPE SE - ODI","BUY","6,42,667","1,461.20",
"05-SEP-2025","E2E","E2E Networks Limited","AIRAVAT CAPITAL TRUST","SELL","80,933","2,867.00",
"05-SEP-2025","E2E","E2E Networks Limited","AIRAVAT CAPITAL TRUST II","BUY","80,933","2,867.00",
"05-SEP-2025","ETERNAL","ETERNAL LIMITED","GOLDMAN SACHS (SINGAPORE) PTE - ODI","SELL","84,30,648","326.25",
"05-SEP-2025","ETERNAL","ETERNAL LIMITED","GOLDMAN SACHS BANK EUROPE SE - ODI","BUY","84,30,648","326.25",
"05-SEP-2025","GODIGIT","Go Digit General Ins Ltd","AIRAVAT CAPITAL TRUST","SELL","4,26,368","355.00",
"05-SEP-2025","GODIGIT","Go Digit General Ins Ltd","AIRAVAT CAPITAL TRUST II","BUY","4,26,368","355.00",
"05-SEP-2025","GODREJPROP","Godrej Properties Ltd","GOLDMAN SACHS (SINGAPORE) PTE - ODI","SELL","1,78,077","2,002.80",
"05-SEP-2025","GODREJPROP","Godrej Properties Ltd","GOLDMAN SACHS BANK EUROPE SE - ODI","BUY","1,78,077","2,002.80",
"05-SEP-2025","INDIAMART","IndiaMART InterMESH Ltd","AIRAVAT CAPITAL TRUST","SELL","57,074","2,561.00",
"05-SEP-2025","INDIAMART","IndiaMART InterMESH Ltd","AIRAVAT CAPITAL TRUST II","BUY","57,074","2,561.00",
"05-SEP-2025","KIMS","Krishna Inst of Med Sci L","GOLDMAN SACHS (SINGAPORE) PTE - ODI","SELL","2,45,154","738.10",
"05-SEP-2025","KIMS","Krishna Inst of Med Sci L","GOLDMAN SACHS BANK EUROPE SE - ODI","BUY","2,45,154","738.10",
"05-SEP-2025","KPITTECH","KPIT Technologies Limited","AIRAVAT CAPITAL TRUST","SELL","1,65,185","1,224.00",
"05-SEP-2025","KPITTECH","KPIT Technologies Limited","AIRAVAT CAPITAL TRUST II","BUY","1,65,185","1,224.00",
"05-SEP-2025","MANAPPURAM","Manappuram Finance Ltd","GOLDMAN SACHS (SINGAPORE) PTE - ODI","SELL","28,30,286","284.10",
"05-SEP-2025","MANAPPURAM","Manappuram Finance Ltd","GOLDMAN SACHS BANK EUROPE SE - ODI","BUY","28,30,286","284.10",
"05-SEP-2025","MPSLTD","MPS Limited","AIRAVAT CAPITAL TRUST","SELL","49,542","2,262.00",
"05-SEP-2025","MPSLTD","MPS Limited","AIRAVAT CAPITAL TRUST II","BUY","49,542","2,262.00",
"05-SEP-2025","NEULANDLAB","Neuland Lab Ltd.","AIRAVAT CAPITAL TRUST","SELL","8,896","14,612.00",
"05-SEP-2025","NEULANDLAB","Neuland Lab Ltd.","AIRAVAT CAPITAL TRUST II","BUY","8,896","14,612.00",
"05-SEP-2025","NUVAMA","Nuvama Wealth Manage Ltd","AIRAVAT CAPITAL TRUST","SELL","16,170","6,450.00",
"05-SEP-2025","NUVAMA","Nuvama Wealth Manage Ltd","AIRAVAT CAPITAL TRUST II","BUY","16,170","6,450.00",
"05-SEP-2025","OBEROIRLTY","Oberoi Realty Limited","GOLDMAN SACHS (SINGAPORE) PTE - ODI","SELL","2,39,015","1,661.90",
"05-SEP-2025","OBEROIRLTY","Oberoi Realty Limited","GOLDMAN SACHS BANK EUROPE SE - ODI","BUY","2,39,015","1,661.90",
"05-SEP-2025","PFOCUS","Prime Focus Limited","AUGUSTA INVESTMENTS I PTE LTD","SELL","54,48,112","142.55",
"05-SEP-2025","PFOCUS","Prime Focus Limited","FE SECURITIES PVT LTD","BUY","7,50,000","142.55",
"05-SEP-2025","PFOCUS","Prime Focus Limited","MARINA IV (SINGAPORE) PTE LTD","SELL","38,91,417","142.55",
"05-SEP-2025","PFOCUS","Prime Focus Limited","MARINA IV LP","SELL","9,15,471","142.55",
"05-SEP-2025","PFOCUS","Prime Focus Limited","RAMESH SHRICHAND DAMANI","BUY","8,00,000","142.55",
"05-SEP-2025","PFOCUS","Prime Focus Limited","SAMYAK ENTERPRISES","BUY","7,05,000","142.55",
"05-SEP-2025","PFOCUS","Prime Focus Limited","SINGULARITY LARGE VALUE FUND I","BUY","14,00,000","142.55",
"05-SEP-2025","PFOCUS","Prime Focus Limited","SINGULARITY LARGE VALUE FUND II","BUY","18,50,000","142.55",
"05-SEP-2025","PFOCUS","Prime Focus Limited","SINGULARITY LARGE VALUE FUND III","BUY","30,00,000","142.55",
"05-SEP-2025","PFOCUS","Prime Focus Limited","UTPAL H SHETH","BUY","17,50,000","142.55",
"05-SEP-2025","POLICYBZR","PB Fintech Limited","AIRAVAT CAPITAL TRUST","SELL","67,581","1,864.00",
"05-SEP-2025","POLICYBZR","PB Fintech Limited","AIRAVAT CAPITAL TRUST II","BUY","67,581","1,864.00",
"05-SEP-2025","THOMASCOOK","Thomas Cook  (India)  Ltd","AIRAVAT CAPITAL TRUST","SELL","5,94,016","178.00",
"05-SEP-2025","THOMASCOOK","Thomas Cook  (India)  Ltd","AIRAVAT CAPITAL TRUST II","BUY","5,94,016","178.00",
"05-SEP-2025","UJJIVANSFB","Ujjivan Small Financ Bank","AIRAVAT CAPITAL TRUST","SELL","53,60,144","43.00",
"05-SEP-2025","UJJIVANSFB","Ujjivan Small Financ Bank","AIRAVAT CAPITAL TRUST II","BUY","53,60,144","43.00",
"08-SEP-2025","BHARTIARTL","Bharti Airtel Limited","GOLDMAN SACHS (SINGAPORE) PTE - ODI","SELL","6,34,534","1,895.30",
"08-SEP-2025","BHARTIARTL","Bharti Airtel Limited","GOLDMAN SACHS BANK EUROPE SE - ODI","BUY","6,34,534","1,895.30",
"08-SEP-2025","ETERNAL","ETERNAL LIMITED","GOLDMAN SACHS (SINGAPORE) PTE - ODI","SELL","87,18,482","329.15",
"08-SEP-2025","ETERNAL","ETERNAL LIMITED","GOLDMAN SACHS BANK EUROPE SE - ODI","BUY","87,18,482","329.15",
"08-SEP-2025","HEROMOTOCO","Hero MotoCorp Limited","GOLDMAN SACHS (SINGAPORE) PTE - ODI","SELL","83,549","5,363.00",
"08-SEP-2025","HEROMOTOCO","Hero MotoCorp Limited","GOLDMAN SACHS BANK EUROPE SE - ODI","BUY","83,549","5,363.00",
"08-SEP-2025","INDIGO","InterGlobe Aviation Ltd","GOLDMAN SACHS (SINGAPORE) PTE - ODI","SELL","1,04,028","5,670.00",
"08-SEP-2025","INDIGO","InterGlobe Aviation Ltd","GOLDMAN SACHS BANK EUROPE SE - ODI","BUY","1,04,028","5,670.00",
"08-SEP-2025","RELIANCE","Reliance Industries Ltd","GOLDMAN SACHS (SINGAPORE) PTE - ODI","SELL","5,17,192","1,375.00",
"08-SEP-2025","RELIANCE","Reliance Industries Ltd","GOLDMAN SACHS BANK EUROPE SE - ODI","BUY","5,17,192","1,375.00",
"08-SEP-2025","VBL","Varun Beverages Limited","GOLDMAN SACHS (SINGAPORE) PTE - ODI","SELL","14,71,154","469.65",
"08-SEP-2025","VBL","Varun Beverages Limited","GOLDMAN SACHS BANK EUROPE SE - ODI","BUY","14,71,154","469.65",