Date,Symbol,Security Name,Client Name,Buy / Sell,Quantity Traded,Trade Price / Wght. Avg. Price,Remarks
09-SEP-2022,DBOL,Dhampur Bio Organics Ltd,SHUDH EDIBLE PRODUCTS PRIVATE LIMITED,BUY,1350000,170.0,-
09-SEP-2022,DBOL,Dhampur Bio Organics Ltd,GOEL INVESTMENTS LIMITED,SELL,1350000,170.0,-
09-SEP-2022,DHAMPURSUG,Dhampur Sugar Mills Ltd,GOEL INVESTMENTS LIMITED,BUY,1000000,240.0,-
09-SEP-2022,DHAMPURSUG,Dhampur Sugar Mills Ltd,SHUDH EDIBLE PRODUCTS PRIVATE LIMITED,SELL,1000000,240.0,-
13-SEP-2022,HDFCLIFE,HDFC Life Insurance Company Ltd,ABRDN (MAURITIUS HOLDINGS)2006 LIMITED,SELL,8175000,574.15,-
13-SEP-2022,HDFCLIFE,HDFC Life Insurance Company Ltd,SOCIETE GENERALE,BUY,8175000,574.15,-
13-SEP-2022,HDFCLIFE,HDFC Life Insurance Company Ltd,ABRDN (MAURITIUS HOLDINGS)2006 LIMITED,SELL,5675000,574.15,-
13-SEP-2022,HDFCLIFE,HDFC Life Insurance Company Ltd,ABRDN (MAURITIUS HOLDINGS)2006 LIMITED,SELL,5000000,574.15,-
13-SEP-2022,HDFCLIFE,HDFC Life Insurance Company Ltd,INTEGRATED CORE STRATEGIES (ASIA) PTE.LTD.,BUY,5000000,574.15,-
13-SEP-2022,HDFCLIFE,HDFC Life Insurance Company Ltd,NORGES BANK ON ACCOUNT OF GOVERNMENT PETROLEUM FUND,BUY,4075000,574.15,-
13-SEP-2022,HDFCLIFE,HDFC Life Insurance Company Ltd,ABRDN (MAURITIUS HOLDINGS)2006 LIMITED,SELL,4075000,574.15,-
13-SEP-2022,HDFCLIFE,HDFC Life Insurance Company Ltd,ABRDN (MAURITIUS HOLDINGS)2006 LIMITED,SELL,3975000,574.15,-
13-SEP-2022,HDFCLIFE,HDFC Life Insurance Company Ltd,MORGAN STANLEY ASIA SINGAPORE PTE,BUY,3975000,574.15,-
13-SEP-2022,HDFCLIFE,HDFC Life Insurance Company Ltd,ABRDN (MAURITIUS HOLDINGS)2006 LIMITED,SELL,3300000,574.15,-
13-SEP-2022,HDFCLIFE,HDFC Life Insurance Company Ltd,ABRDN (MAURITIUS HOLDINGS)2006 LIMITED,SELL,2850000,574.15,-
13-SEP-2022,HDFCLIFE,HDFC Life Insurance Company Ltd,BOFA SECURITIES EUROPE SA,BUY,2850000,574.15,-
13-SEP-2022,HDFCLIFE,HDFC Life Insurance Company Ltd,ABRDN (MAURITIUS HOLDINGS)2006 LIMITED,SELL,2700000,574.15,-
13-SEP-2022,HDFCLIFE,HDFC Life Insurance Company Ltd,ADITYA BIRLA SUN LIFE MUTUAL FUND,BUY,2605263,574.15,-
13-SEP-2022,HDFCLIFE,HDFC Life Insurance Company Ltd,ABRDN (MAURITIUS HOLDINGS)2006 LIMITED,SELL,2000000,574.15,-
13-SEP-2022,HDFCLIFE,HDFC Life Insurance Company Ltd,GHISALLO MASTER FUND LP,BUY,2000000,574.15,-
13-SEP-2022,HDFCLIFE,HDFC Life Insurance Company Ltd,T. ROWE PRICE INTERNATIONAL STOCK FUND,BUY,1660747,574.15,-
13-SEP-2022,HDFCLIFE,HDFC Life Insurance Company Ltd,ABRDN (MAURITIUS HOLDINGS)2006 LIMITED,SELL,1600000,574.15,-
13-SEP-2022,HDFCLIFE,HDFC Life Insurance Company Ltd,SBI LIFE INSURANCE COMPANY LIMITED,BUY,1442750,574.15,-
13-SEP-2022,HDFCLIFE,HDFC Life Insurance Company Ltd,T ROWE PRICE INTERNATIONAL GROWTH EQUITY TRUST,BUY,1266132,574.15,-
13-SEP-2022,HDFCLIFE,HDFC Life Insurance Company Ltd,ABRDN (MAURITIUS HOLDINGS)2006 LIMITED,SELL,1100000,574.15,-
13-SEP-2022,HDFCLIFE,HDFC Life Insurance Company Ltd,T. ROWE PRICE EMERGING MARKETS STOCK FUND,BUY,1030157,574.15,-
13-SEP-2022,HDFCLIFE,HDFC Life Insurance Company Ltd,ABRDN (MAURITIUS HOLDINGS)2006 LIMITED,SELL,1000000,574.15,-
13-SEP-2022,HDFCLIFE,HDFC Life Insurance Company Ltd,NIPPON INDIA MUTUAL FUND,BUY,1000000,574.15,-
13-SEP-2022,ACUTAAS,Acutaas Chemicals Ltd,SMALL CAP WORLD FUND INC,BUY,1000000,1037.25,-
13-SEP-2022,ACUTAAS,Acutaas Chemicals Ltd,KIRANBEN GIRISHBHAI CHOVATIA,SELL,1000000,1037.25,-
13-SEP-2022,HDFCLIFE,HDFC Life Insurance Company Ltd,THE ROYAL BANK OF SCOTLAND PLC AS TRUSTEE OF JUPITER INDIA FUND,BUY,899616,574.15,-
13-SEP-2022,HDFCLIFE,HDFC Life Insurance Company Ltd,FIDELITY INVESTMENT TRUST FIDELITY SERIES EMERGING MARKETS FUND,BUY,719500,574.15,-
13-SEP-2022,HDFCLIFE,HDFC Life Insurance Company Ltd,EMERGING MARKETS EQUITY TRUST,BUY,718682,574.15,-
13-SEP-2022,HDFCLIFE,HDFC Life Insurance Company Ltd,APTUS GLOBAL FINANCIALS FUND,BUY,700000,574.15,-
13-SEP-2022,HDFCLIFE,HDFC Life Insurance Company Ltd,ABRDN (MAURITIUS HOLDINGS)2006 LIMITED,SELL,700000,574.15,-
13-SEP-2022,HDFCLIFE,HDFC Life Insurance Company Ltd,ADITYA BIRLA SUN LIFE MUTUAL FUND,BUY,694737,574.15,-
13-SEP-2022,HDFCLIFE,HDFC Life Insurance Company Ltd,FMRC FIDELITY EMERGING MARKETS FUND,BUY,532200,574.15,-
13-SEP-2022,HDFCLIFE,HDFC Life Insurance Company Ltd,FIDELITY RUTLAND SQUARE TRUST II STRATEGIC ADVISERS FID EMG MARKETS FUND,BUY,474800,574.15,-
13-SEP-2022,HDFCLIFE,HDFC Life Insurance Company Ltd,PRMS GRP TRST FOR EMPLEE BNFT PLNS:PRMS SLCT EMG MKTS EQUITY COMMINGLEDPOOL,BUY,415800,574.15,-
13-SEP-2022,HDFCLIFE,HDFC Life Insurance Company Ltd,ABRDN (MAURITIUS HOLDINGS)2006 LIMITED,SELL,325000,574.15,-
13-SEP-2022,HDFCLIFE,HDFC Life Insurance Company Ltd,BAJAJ ALLIANZ LIFE INSURANCE COMPANY LIMITED,BUY,325000,574.15,-
13-SEP-2022,ACUTAAS,Acutaas Chemicals Ltd,SHITAL NARESHBHAI PATEL,SELL,300000,1037.25,-
13-SEP-2022,ACUTAAS,Acutaas Chemicals Ltd,PARUL CHETANKUMAR VAGHASIA,SELL,300000,1037.25,-
13-SEP-2022,ACUTAAS,Acutaas Chemicals Ltd,PLUTUS WEALTH MANAGEMENT LLP,BUY,300000,1037.25,-
13-SEP-2022,ACUTAAS,Acutaas Chemicals Ltd,PLUTUS WEALTH MANAGEMENT LLP,BUY,300000,1037.25,-
13-SEP-2022,HDFCLIFE,HDFC Life Insurance Company Ltd,FIDELITY RUTLAND SQUARE TRUST II:STRATEGIC ADVISERS EMERGING MARKETS FUND,BUY,283600,574.15,-
13-SEP-2022,HDFCLIFE,HDFC Life Insurance Company Ltd,JUPITER SOUTH ASIA INVESTMENT COMPANY LIMITED,BUY,200384,574.15,-
13-SEP-2022,HDFCLIFE,HDFC Life Insurance Company Ltd,ABRDN (MAURITIUS HOLDINGS)2006 LIMITED,SELL,175000,574.15,-
13-SEP-2022,HDFCLIFE,HDFC Life Insurance Company Ltd,ABRDN (MAURITIUS HOLDINGS)2006 LIMITED,SELL,175000,574.15,-
13-SEP-2022,HDFCLIFE,HDFC Life Insurance Company Ltd,ABRDN (MAURITIUS HOLDINGS)2006 LIMITED,SELL,175000,574.15,-
13-SEP-2022,ACUTAAS,Acutaas Chemicals Ltd,SMALL CAP WORLD FUND INC,BUY,174560,1037.25,-
13-SEP-2022,ACUTAAS,Acutaas Chemicals Ltd,HARSHAD RAMLAL SHETH,SELL,174560,1037.25,-
13-SEP-2022,ACUTAAS,Acutaas Chemicals Ltd,VIRENDRA NATH MISHRA,SELL,171580,1037.25,-
13-SEP-2022,ACUTAAS,Acutaas Chemicals Ltd,SMALL CAP WORLD FUND INC,BUY,171580,1037.25,-
13-SEP-2022,ACUTAAS,Acutaas Chemicals Ltd,DHIRAJLAL AMRUTLAL AMLANI,SELL,152400,1037.25,-
13-SEP-2022,ACUTAAS,Acutaas Chemicals Ltd,SMALL CAP WORLD FUND INC,BUY,152400,1037.25,-
13-SEP-2022,HDFCLIFE,HDFC Life Insurance Company Ltd,T ROWE PRICE FUNDS SICAV GLOBAL EMERING MARKETS EQUITY FUND,BUY,150940,574.15,-
13-SEP-2022,HDFCLIFE,HDFC Life Insurance Company Ltd,T ROWE PRICE INSTITUTIONAL EMERGING MARKETS EQUITY FUND,BUY,144765,574.15,-
13-SEP-2022,HDFCLIFE,HDFC Life Insurance Company Ltd,T ROWE PRICE RETIREMENT DATE TRUST T ROWE PRICE NON US EQUITIES TRUST,BUY,144482,574.15,-
13-SEP-2022,ACUTAAS,Acutaas Chemicals Ltd,VIRENDRA NATH MISHRA,SELL,128420,1037.25,-
13-SEP-2022,ACUTAAS,Acutaas Chemicals Ltd,PLUTUS WEALTH MANAGEMENT LLP,BUY,128420,1037.25,-
13-SEP-2022,HDFCLIFE,HDFC Life Insurance Company Ltd,INVESTERINGSFORENINGEN DANSKE INVEST NYE MARKEDER KL,BUY,119600,574.15,-
13-SEP-2022,ACUTAAS,Acutaas Chemicals Ltd,SURABHI YASH SHAH,SELL,98000,1037.25,-
13-SEP-2022,ACUTAAS,Acutaas Chemicals Ltd,SMALL CAP WORLD FUND INC,BUY,98000,1037.25,-
13-SEP-2022,HDFCLIFE,HDFC Life Insurance Company Ltd,CMAP GRATICULE FUND LIMITED,BUY,90094,574.15,-
13-SEP-2022,HDFCLIFE,HDFC Life Insurance Company Ltd,GRATICULE ASIA MACRO (SINGAPORE) PTE.LIMITED.,BUY,84906,574.15,-
13-SEP-2022,HDFCLIFE,HDFC Life Insurance Company Ltd,SBI LIFE INSURANCE COMPANY LIMITED,BUY,81000,574.15,-
13-SEP-2022,HDFCLIFE,HDFC Life Insurance Company Ltd,PUBLIC EMPLOYEES RETIREMENT SYSTEM OF OHIO,BUY,80705,574.15,-
13-SEP-2022,HDFCLIFE,HDFC Life Insurance Company Ltd,FIAM SELECT EMERGING MARKETS EQUITY FUNDLP,BUY,70400,574.15,-
13-SEP-2022,HDFCLIFE,HDFC Life Insurance Company Ltd,DESTINATIONS INT EQ FUND A SERIES OF BRINKER CAPITAL DESTINATIONS TRUST,BUY,69252,574.15,-
13-SEP-2022,HDFCLIFE,HDFC Life Insurance Company Ltd,DANSKE INVEST SICAV-GLOBAL EMERGING MARKETS,BUY,67600,574.15,-
13-SEP-2022,HDFCLIFE,HDFC Life Insurance Company Ltd,MASSMUTUAL SELECT T. ROWE PRICE INTERNATIONAL EQUITY FUND,BUY,66647,574.15,-
13-SEP-2022,HDFCLIFE,HDFC Life Insurance Company Ltd,FIDELITY RUTLAND SQUARE TRUST II: STRATEGIC ADVISERS EMERGING MARKETS FUND,BUY,64863,574.15,-
13-SEP-2022,HDFCLIFE,HDFC Life Insurance Company Ltd,ALLIANZ GLOBAL INVESTORS GMBH ACTING ON BEHALF OF ALLIANZ VGL FONDS,BUY,61924,574.15,-
13-SEP-2022,HDFCLIFE,HDFC Life Insurance Company Ltd,PENSION RESERVES INVESTMENT TRUST FUND,BUY,52778,574.15,-
13-SEP-2022,HDFCLIFE,HDFC Life Insurance Company Ltd,SBI LIFE INSURANCE COMPANY LIMITED,BUY,52250,574.15,-
13-SEP-2022,HDFCLIFE,HDFC Life Insurance Company Ltd,PUBLIC EMPLOYEES PENSION PLAN,BUY,32290,574.15,-
13-SEP-2022,HDFCLIFE,HDFC Life Insurance Company Ltd,ADVANCED SERIES TRUST-AST T.ROWE PRICE GROWTH OPPORTUNITIES PORTFOLIO,BUY,31452,574.15,-
13-SEP-2022,HDFCLIFE,HDFC Life Insurance Company Ltd,T ROWE PRICE INTERNATIONAL STOCK PORTFOLIO,BUY,30202,574.15,-
13-SEP-2022,HDFCLIFE,HDFC Life Insurance Company Ltd,SPIRIT SUPER,BUY,22380,574.15,-
13-SEP-2022,HDFCLIFE,HDFC Life Insurance Company Ltd,MORNINGSTAR FUNDS TRUST - MORNINGSTAR INTERNATIONAL EQUITY FUND,BUY,10999,574.15,-
13-SEP-2022,HDFCLIFE,HDFC Life Insurance Company Ltd,ALLIANZ GLOBAL INVESTORS GMBH ACTING ON BEHALF OF ALLIANZ VKA FONDS,BUY,10615,574.15,-
13-SEP-2022,HDFCLIFE,HDFC Life Insurance Company Ltd,T ROWE PRICE GLOBAL ALLOCATION FUND INC,BUY,9558,574.15,-
13-SEP-2022,HDFCLIFE,HDFC Life Insurance Company Ltd,SBI LIFE INSURANCE COMPANY LIMITED,BUY,9000,574.15,-
13-SEP-2022,HDFCLIFE,HDFC Life Insurance Company Ltd,PYRAMIS SELECT EMERGING MARKETS EQUITY TRUST,BUY,8900,574.15,-
13-SEP-2022,HDFCLIFE,HDFC Life Insurance Company Ltd,FIDELITY INSTITUTIONAL FUNDS ICVC SELECT EMERGING MARKETS EQUITIES FUND,BUY,7600,574.15,-
13-SEP-2022,HDFCLIFE,HDFC Life Insurance Company Ltd,SULTANATE OF OMAN MINISTRY OF DEFENCE PENSION FUND,BUY,6401,574.15,-
13-SEP-2022,HDFCLIFE,HDFC Life Insurance Company Ltd,SBI LIFE INSURANCE COMPANY LIMITED,BUY,5960,574.15,-
13-SEP-2022,HDFCLIFE,HDFC Life Insurance Company Ltd,THE PENSION BOARDS-UNITED CHURCH OF CHRIST INC,BUY,5854,574.15,-
13-SEP-2022,HDFCLIFE,HDFC Life Insurance Company Ltd,SBI LIFE INSURANCE COMPANY LIMITED,BUY,5000,574.15,-
13-SEP-2022,HDFCLIFE,HDFC Life Insurance Company Ltd,ADVANCED SERIES TRUST-AST T.ROWE PRICE DIVERSIFIED REAL GROWTH PORTFOLIO,BUY,1770,574.15,-
13-SEP-2022,HDFCLIFE,HDFC Life Insurance Company Ltd,SBI LIFE INSURANCE COMPANY LIMITED,BUY,1553,574.15,-
13-SEP-2022,HDFCLIFE,HDFC Life Insurance Company Ltd,SBI LIFE INSURANCE COMPANY LIMITED,BUY,1511,574.15,-
13-SEP-2022,HDFCLIFE,HDFC Life Insurance Company Ltd,SBI LIFE INSURANCE COMPANY LIMITED,BUY,782,574.15,-
13-SEP-2022,HDFCLIFE,HDFC Life Insurance Company Ltd,T ROWE PRICE FUNDS SICAV GLOBAL ALLOCATION FUND,BUY,714,574.15,-
13-SEP-2022,HDFCLIFE,HDFC Life Insurance Company Ltd,T ROWE PRICE FUNDS SICAV GLOBAL ALLOCATION EXTENDED FUND,BUY,691,574.15,-
13-SEP-2022,HDFCLIFE,HDFC Life Insurance Company Ltd,SBI LIFE INSURANCE COMPANY LIMITED,BUY,134,574.15,-
13-SEP-2022,HDFCLIFE,HDFC Life Insurance Company Ltd,SBI LIFE INSURANCE COMPANY LIMITED,BUY,45,574.15,-
13-SEP-2022,HDFCLIFE,HDFC Life Insurance Company Ltd,SBI LIFE INSURANCE COMPANY LIMITED,BUY,15,574.15,-
14-SEP-2022,DBOL,Dhampur Bio Organics Ltd,SHUDH EDIBLE PRODUCTS PRIVATE LIMITED,BUY,5000000,164.0,-
14-SEP-2022,DBOL,Dhampur Bio Organics Ltd,GOEL INVESTMENTS LIMITED,SELL,5000000,164.0,-
14-SEP-2022,DHAMPURSUG,Dhampur Sugar Mills Ltd,GOEL INVESTMENTS LIMITED,BUY,3299680,234.0,-
14-SEP-2022,DHAMPURSUG,Dhampur Sugar Mills Ltd,SHUDH EDIBLE PRODUCTS PRIVATE LIMITED,SELL,3299680,234.0,-
14-SEP-2022,DBOL,Dhampur Bio Organics Ltd,GOEL INVESTMENTS LIMITED,SELL,1200000,164.0,-
14-SEP-2022,DBOL,Dhampur Bio Organics Ltd,SONITRON LIMITED,BUY,1200000,164.0,-
14-SEP-2022,DHAMPURSUG,Dhampur Sugar Mills Ltd,SONITRON LIMITED,SELL,900000,234.0,-
14-SEP-2022,DHAMPURSUG,Dhampur Sugar Mills Ltd,GOEL INVESTMENTS LIMITED,BUY,900000,234.0,-
19-SEP-2022,SUZLON,Suzlon Energy Ltd,ISHARES CORE EMERGING MARKETS MAURITIUS CO,SELL,14054232,9.05,-
19-SEP-2022,SUZLON,Suzlon Energy Ltd,ISHARES CORE MSCI EMERGING MARKETS ETF,BUY,14054232,9.05,-
19-SEP-2022,IDEA,Vodafone Idea Ltd,ISHARES CORE MSCI EMERGING MARKETS ETF,BUY,9407969,9.2,-
19-SEP-2022,IDEA,Vodafone Idea Ltd,ISHARES CORE EMERGING MARKETS MAURITIUS CO,SELL,9407969,9.2,-
19-SEP-2022,YESBANK,Yes Bank Ltd,ISHARES CORE EMERGING MARKETS MAURITIUS CO,SELL,8469611,16.75,-
19-SEP-2022,YESBANK,Yes Bank Ltd,ISHARES CORE MSCI EMERGING MARKETS ETF,BUY,8469611,16.75,-
19-SEP-2022,ICICIBANK,ICICI Bank Ltd,ISHARES CORE MSCI EMERGING MARKETS ETF,BUY,8000000,909.1,-
19-SEP-2022,ICICIBANK,ICICI Bank Ltd,ISHARES CORE EMERGING MARKETS MAURITIUS CO,SELL,8000000,909.1,-
19-SEP-2022,ALOKINDS,Alok Industries Ltd,ISHARES CORE MSCI EMERGING MARKETS ETF,BUY,7888497,19.65,-
19-SEP-2022,ALOKINDS,Alok Industries Ltd,ISHARES CORE EMERGING MARKETS MAURITIUS CO,SELL,7888497,19.65,-
19-SEP-2022,TATASTEEL,Tata Steel Ltd,ISHARES CORE MSCI EMERGING MARKETS ETF,BUY,6422109,105.7,-
19-SEP-2022,TATASTEEL,Tata Steel Ltd,ISHARES CORE EMERGING MARKETS MAURITIUS CO,SELL,6422109,105.7,-
19-SEP-2022,TV18BRDCST,TV18 Broadcast Ltd,ISHARES CORE MSCI EMERGING MARKETS ETF,BUY,5194877,39.45,-
19-SEP-2022,TV18BRDCST,TV18 Broadcast Ltd,ISHARES CORE EMERGING MARKETS MAURITIUS CO,SELL,5194877,39.45,-
19-SEP-2022,EMBASSY,EMBASSY,ISHARES CORE MSCI EMERGING MARKETS ETF,BUY,5092920,351.31,-
19-SEP-2022,EMBASSY,EMBASSY,ISHARES CORE EMERGING MARKETS MAURITIUS CO,SELL,5092920,351.31,-
19-SEP-2022,RPOWER,Reliance Power Ltd,ISHARES CORE MSCI EMERGING MARKETS ETF,BUY,4699099,18.45,-
19-SEP-2022,RPOWER,Reliance Power Ltd,ISHARES CORE EMERGING MARKETS MAURITIUS CO,SELL,4699099,18.45,-
19-SEP-2022,ETERNAL,Eternal Ltd,ISHARES CORE EMERGING MARKETS MAURITIUS CO,SELL,3585575,63.2,-
19-SEP-2022,ETERNAL,Eternal Ltd,ISHARES CORE MSCI EMERGING MARKETS ETF,BUY,3585575,63.2,-
19-SEP-2022,AXISBANK,AXIS Bank Ltd,ISHARES CORE EMERGING MARKETS MAURITIUS CO,SELL,3469194,789.3,-
19-SEP-2022,AXISBANK,AXIS Bank Ltd,ISHARES CORE MSCI EMERGING MARKETS ETF,BUY,3469194,789.3,-
19-SEP-2022,NTPC,NTPC Ltd,ISHARES CORE EMERGING MARKETS MAURITIUS CO,SELL,3467345,172.8,-
19-SEP-2022,NTPC,NTPC Ltd,ISHARES CORE MSCI EMERGING MARKETS ETF,BUY,3467345,172.8,-
19-SEP-2022,ENGINERSIN,Engineers India Ltd,ISHARES CORE MSCI EMERGING MARKETS ETF,BUY,3408048,66.4,-
19-SEP-2022,ENGINERSIN,Engineers India Ltd,ISHARES CORE EMERGING MARKETS MAURITIUS CO,SELL,3408048,66.4,-
19-SEP-2022,DBOL,Dhampur Bio Organics Ltd,SONITRON LIMITED,BUY,3105515,171.0,-
19-SEP-2022,DBOL,Dhampur Bio Organics Ltd,GOEL INVESTMENTS LIMITED,SELL,3105515,171.0,-
19-SEP-2022,DHANI,Dhani Services Ltd,ISHARES CORE EMERGING MARKETS MAURITIUS CO,SELL,3093758,53.9,-
19-SEP-2022,DHANI,Dhani Services Ltd,ISHARES CORE MSCI EMERGING MARKETS ETF,BUY,3093758,53.9,-
19-SEP-2022,INFY,Infosys Ltd,ISHARES CORE EMERGING MARKETS MAURITIUS CO,SELL,2992931,1377.05,-
19-SEP-2022,INFY,Infosys Ltd,ISHARES CORE MSCI EMERGING MARKETS ETF,BUY,2992931,1377.05,-
19-SEP-2022,RELIANCE,Reliance Industries Ltd,ISHARES CORE EMERGING MARKETS MAURITIUS CO,SELL,2800000,2499.2,-
19-SEP-2022,RELIANCE,Reliance Industries Ltd,ISHARES CORE MSCI EMERGING MARKETS ETF,BUY,2800000,2499.2,-
19-SEP-2022,POWERGRID,Power Grid Corporation of India Ltd,ISHARES CORE EMERGING MARKETS MAURITIUS CO,SELL,2783822,235.65,-
19-SEP-2022,POWERGRID,Power Grid Corporation of India Ltd,ISHARES CORE MSCI EMERGING MARKETS ETF,BUY,2783822,235.65,-
19-SEP-2022,WELSPUNLIV,Welspun Living Ltd,ISHARES CORE EMERGING MARKETS MAURITIUS CO,SELL,2590686,80.7,-
19-SEP-2022,WELSPUNLIV,Welspun Living Ltd,ISHARES CORE MSCI EMERGING MARKETS ETF,BUY,2590686,80.7,-
19-SEP-2022,ITC,ITC Ltd,ISHARES CORE EMERGING MARKETS MAURITIUS CO,SELL,2588992,331.3,-
19-SEP-2022,ITC,ITC Ltd,ISHARES CORE MSCI EMERGING MARKETS ETF,BUY,2588992,331.3,-
19-SEP-2022,GMRAIRPORT,GMR Airports Ltd,ISHARES CORE MSCI EMERGING MARKETS ETF,BUY,2506859,38.4,-
19-SEP-2022,GMRAIRPORT,GMR Airports Ltd,ISHARES CORE EMERGING MARKETS MAURITIUS CO,SELL,2506859,38.4,-
19-SEP-2022,TRIDENT,Trident Ltd,ISHARES CORE EMERGING MARKETS MAURITIUS CO,SELL,2503022,38.1,-
19-SEP-2022,TRIDENT,Trident Ltd,ISHARES CORE MSCI EMERGING MARKETS ETF,BUY,2503022,38.1,-
19-SEP-2022,DHAMPURSUG,Dhampur Sugar Mills Ltd,GOEL INVESTMENTS LIMITED,BUY,2440716,220.0,-
19-SEP-2022,DHAMPURSUG,Dhampur Sugar Mills Ltd,SONITRON LIMITED,SELL,2440716,220.0,-
19-SEP-2022,IDFCFIRSTB,IDFC First Bank Ltd,ISHARES CORE EMERGING MARKETS MAURITIUS CO,SELL,2392214,50.95,-
19-SEP-2022,IDFCFIRSTB,IDFC First Bank Ltd,ISHARES CORE MSCI EMERGING MARKETS ETF,BUY,2392214,50.95,-
19-SEP-2022,BCG,Brightcom Group Ltd,ISHARES CORE EMERGING MARKETS MAURITIUS CO,SELL,2380820,38.0,-
19-SEP-2022,BCG,Brightcom Group Ltd,ISHARES CORE MSCI EMERGING MARKETS ETF,BUY,2380820,38.0,-
19-SEP-2022,IOC,Indian Oil Corporation Ltd,ISHARES CORE EMERGING MARKETS MAURITIUS CO,SELL,2331493,69.95,-
19-SEP-2022,IOC,Indian Oil Corporation Ltd,ISHARES CORE MSCI EMERGING MARKETS ETF,BUY,2331493,69.95,-
19-SEP-2022,ONGC,Oil and Natural Gas Corporation Ltd,ISHARES CORE MSCI EMERGING MARKETS ETF,BUY,2139109,131.25,-
19-SEP-2022,ONGC,Oil and Natural Gas Corporation Ltd,ISHARES CORE EMERGING MARKETS MAURITIUS CO,SELL,2139109,131.25,-
19-SEP-2022,SUZLON,Suzlon Energy Ltd,ISHARES MSCI INDIA SMALL-CAP ETF,BUY,2120857,9.05,-
19-SEP-2022,SUZLON,Suzlon Energy Ltd,ISHARES INDIA SC MAURITIUS COMPANY,SELL,2120857,9.05,-
19-SEP-2022,DBOL,Dhampur Bio Organics Ltd,SARASWATI PROPERTIES LIMITED,SELL,2100000,171.0,-
19-SEP-2022,DBOL,Dhampur Bio Organics Ltd,SONITRON LIMITED,BUY,2100000,171.0,-
19-SEP-2022,BHEL,Bharat Heavy Electricals Ltd,ISHARES CORE EMERGING MARKETS MAURITIUS CO,SELL,2087582,59.4,-
19-SEP-2022,BHEL,Bharat Heavy Electricals Ltd,ISHARES CORE MSCI EMERGING MARKETS ETF,BUY,2087582,59.4,-
19-SEP-2022,RENUKA,Shree Renuka Sugars Ltd,ISHARES CORE MSCI EMERGING MARKETS ETF,BUY,1959307,49.45,-
19-SEP-2022,RENUKA,Shree Renuka Sugars Ltd,ISHARES CORE EMERGING MARKETS MAURITIUS CO,SELL,1959307,49.45,-
19-SEP-2022,BEL,Bharat Electronics Ltd,ISHARES CORE EMERGING MARKETS MAURITIUS CO,SELL,1930553,111.0,-
19-SEP-2022,BEL,Bharat Electronics Ltd,ISHARES CORE MSCI EMERGING MARKETS ETF,BUY,1930553,111.0,-
19-SEP-2022,BHARTIARTL,Bharti Airtel Ltd,ISHARES CORE MSCI EMERGING MARKETS ETF,BUY,1912435,779.65,-
19-SEP-2022,BHARTIARTL,Bharti Airtel Ltd,ISHARES CORE EMERGING MARKETS MAURITIUS CO,SELL,1912435,779.65,-
19-SEP-2022,EDELWEISS,Edelweiss Financial Services Ltd,ISHARES CORE MSCI EMERGING MARKETS ETF,BUY,1713385,64.3,-
19-SEP-2022,EDELWEISS,Edelweiss Financial Services Ltd,ISHARES CORE EMERGING MARKETS MAURITIUS CO,SELL,1713385,64.3,-
19-SEP-2022,ALOKINDS,Alok Industries Ltd,ISHARES MSCI INDIA SMALL-CAP ETF,BUY,1646526,19.65,-
19-SEP-2022,ALOKINDS,Alok Industries Ltd,ISHARES INDIA SC MAURITIUS COMPANY,SELL,1646526,19.65,-
19-SEP-2022,LTF,L&T Finance Ltd,ISHARES CORE EMERGING MARKETS MAURITIUS CO,SELL,1617609,81.5,-
19-SEP-2022,LTF,L&T Finance Ltd,ISHARES CORE MSCI EMERGING MARKETS ETF,BUY,1617609,81.5,-
19-SEP-2022,DHAMPURSUG,Dhampur Sugar Mills Ltd,SONITRON LIMITED,SELL,1600000,220.0,-
19-SEP-2022,DHAMPURSUG,Dhampur Sugar Mills Ltd,SARASWATI PROPERTIES LIMITED,BUY,1600000,220.0,-
19-SEP-2022,SBIN,State Bank of India,ISHARES CORE EMERGING MARKETS MAURITIUS CO,SELL,1581700,561.8,-
19-SEP-2022,SBIN,State Bank of India,ISHARES CORE MSCI EMERGING MARKETS ETF,BUY,1581700,561.8,-
19-SEP-2022,HDFC,Housing Development Finance Corporation Ltd,ISHARES CORE EMERGING MARKETS MAURITIUS CO,SELL,1536715,2404.1,-
19-SEP-2022,HDFC,Housing Development Finance Corporation Ltd,ISHARES CORE MSCI EMERGING MARKETS ETF,BUY,1536715,2404.1,-
19-SEP-2022,JSWSTEEL,JSW Steel Ltd,ISHARES CORE EMERGING MARKETS MAURITIUS CO,SELL,1526940,685.85,-
19-SEP-2022,JSWSTEEL,JSW Steel Ltd,ISHARES CORE MSCI EMERGING MARKETS ETF,BUY,1526940,685.85,-
19-SEP-2022,KARURVYSYA,Karur Vysya Bank Ltd,ISHARES CORE MSCI EMERGING MARKETS ETF,BUY,1514977,90.5,-
19-SEP-2022,KARURVYSYA,Karur Vysya Bank Ltd,ISHARES CORE EMERGING MARKETS MAURITIUS CO,SELL,1514977,90.5,-
19-SEP-2022,IDEA,Vodafone Idea Ltd,ISHARES INDIA SC MAURITIUS COMPANY,SELL,1483335,9.2,-
19-SEP-2022,IDEA,Vodafone Idea Ltd,ISHARES MSCI INDIA SMALL-CAP ETF,BUY,1483335,9.2,-
19-SEP-2022,TMPV,Tata Motors Passenger Vehicles Ltd,ISHARES CORE EMERGING MARKETS MAURITIUS CO,SELL,1453904,432.5,-
19-SEP-2022,TMPV,Tata Motors Passenger Vehicles Ltd,ISHARES CORE MSCI EMERGING MARKETS ETF,BUY,1453904,432.5,-
19-SEP-2022,GSFC,Gujarat State Fertilizers & Chemicals Ltd,ISHARES CORE EMERGING MARKETS MAURITIUS CO,SELL,1428538,141.15,-
19-SEP-2022,GSFC,Gujarat State Fertilizers & Chemicals Ltd,ISHARES CORE MSCI EMERGING MARKETS ETF,BUY,1428538,141.15,-
19-SEP-2022,GAIL,Gail (India) Ltd,ISHARES CORE EMERGING MARKETS MAURITIUS CO,SELL,1426916,91.9,-
19-SEP-2022,GAIL,Gail (India) Ltd,ISHARES CORE MSCI EMERGING MARKETS ETF,BUY,1426916,91.9,-
19-SEP-2022,JMFINANCIL,JM Financial Ltd-$,ISHARES CORE MSCI EMERGING MARKETS ETF,BUY,1424397,66.85,-
19-SEP-2022,JMFINANCIL,JM Financial Ltd-$,ISHARES CORE EMERGING MARKETS MAURITIUS CO,SELL,1424397,66.85,-
19-SEP-2022,HDFCLIFE,HDFC Life Insurance Company Ltd,ISHARES CORE MSCI EMERGING MARKETS ETF,BUY,1413501,546.75,-
19-SEP-2022,HDFCLIFE,HDFC Life Insurance Company Ltd,ISHARES CORE EMERGING MARKETS MAURITIUS CO,SELL,1413501,546.75,-
19-SEP-2022,FEDERALBNK,Federal Bank Ltd,ISHARES CORE MSCI EMERGING MARKETS ETF,BUY,1394029,121.55,-
19-SEP-2022,FEDERALBNK,Federal Bank Ltd,ISHARES CORE EMERGING MARKETS MAURITIUS CO,SELL,1394029,121.55,-
19-SEP-2022,IDFC,IDFC Ltd,ISHARES CORE MSCI EMERGING MARKETS ETF,BUY,1344072,66.1,-
19-SEP-2022,IDFC,IDFC Ltd,ISHARES CORE EMERGING MARKETS MAURITIUS CO,SELL,1344072,66.1,-
19-SEP-2022,INDUSTOWER,Indus Towers Ltd,ISHARES CORE EMERGING MARKETS MAURITIUS CO,SELL,1336692,204.25,-
19-SEP-2022,INDUSTOWER,Indus Towers Ltd,ISHARES CORE MSCI EMERGING MARKETS ETF,BUY,1336692,204.25,-
19-SEP-2022,ASHOKLEY,Ashok Leyland Ltd,ISHARES CORE MSCI EMERGING MARKETS ETF,BUY,1332214,160.45,-
19-SEP-2022,ASHOKLEY,Ashok Leyland Ltd,ISHARES CORE EMERGING MARKETS MAURITIUS CO,SELL,1332214,160.45,-
19-SEP-2022,COALINDIA,Coal India Ltd,ISHARES CORE EMERGING MARKETS MAURITIUS CO,SELL,1328613,231.05,-
19-SEP-2022,COALINDIA,Coal India Ltd,ISHARES CORE MSCI EMERGING MARKETS ETF,BUY,1328613,231.05,-
19-SEP-2022,TATAPOWER,Tata Power Company Ltd,ISHARES CORE EMERGING MARKETS MAURITIUS CO,SELL,1294127,236.3,-
19-SEP-2022,TATAPOWER,Tata Power Company Ltd,ISHARES CORE MSCI EMERGING MARKETS ETF,BUY,1294127,236.3,-
19-SEP-2022,ASIANPAINT,Asian Paints Ltd,ISHARES CORE EMERGING MARKETS MAURITIUS CO,SELL,1234412,3322.55,-
19-SEP-2022,ASIANPAINT,Asian Paints Ltd,ISHARES CORE MSCI EMERGING MARKETS ETF,BUY,1234412,3322.55,-
19-SEP-2022,HINDALCO,Hindalco Industries Ltd,ISHARES CORE EMERGING MARKETS MAURITIUS CO,SELL,1200207,412.5,-
19-SEP-2022,HINDALCO,Hindalco Industries Ltd,ISHARES CORE MSCI EMERGING MARKETS ETF,BUY,1200207,412.5,-
19-SEP-2022,NATIONALUM,National Aluminium Company Ltd,ISHARES CORE EMERGING MARKETS MAURITIUS CO,SELL,1184463,77.05,-
19-SEP-2022,NATIONALUM,National Aluminium Company Ltd,ISHARES CORE MSCI EMERGING MARKETS ETF,BUY,1184463,77.05,-
19-SEP-2022,ADANIPOWER,Adani Power Ltd,ISHARES CORE MSCI EMERGING MARKETS ETF,BUY,1174336,387.75,-
19-SEP-2022,ADANIPOWER,Adani Power Ltd,ISHARES CORE EMERGING MARKETS MAURITIUS CO,SELL,1174336,387.75,-
19-SEP-2022,M&MFIN,Mahindra & Mahindra Financial Services Ltd,ISHARES CORE EMERGING MARKETS MAURITIUS CO,SELL,1167011,226.1,-
19-SEP-2022,M&MFIN,Mahindra & Mahindra Financial Services Ltd,ISHARES CORE MSCI EMERGING MARKETS ETF,BUY,1167011,226.1,-
19-SEP-2022,WIPRO,Wipro Ltd,ISHARES CORE MSCI EMERGING MARKETS ETF,BUY,1166798,401.65,-
19-SEP-2022,WIPRO,Wipro Ltd,ISHARES CORE EMERGING MARKETS MAURITIUS CO,SELL,1166798,401.65,-
19-SEP-2022,HFCL,HFCL Ltd,ISHARES CORE EMERGING MARKETS MAURITIUS CO,SELL,1164547,75.75,-
19-SEP-2022,HFCL,HFCL Ltd,ISHARES CORE MSCI EMERGING MARKETS ETF,BUY,1164547,75.75,-
19-SEP-2022,GPPL,Gujarat Pipavav Port Ltd,ISHARES CORE MSCI EMERGING MARKETS ETF,BUY,1157106,87.65,-
19-SEP-2022,GPPL,Gujarat Pipavav Port Ltd,ISHARES CORE EMERGING MARKETS MAURITIUS CO,SELL,1157106,87.65,-
19-SEP-2022,MSUMI,Motherson Sumi Wiring India Ltd,ISHARES CORE EMERGING MARKETS MAURITIUS CO,SELL,1121780,86.8,-
19-SEP-2022,MSUMI,Motherson Sumi Wiring India Ltd,ISHARES CORE MSCI EMERGING MARKETS ETF,BUY,1121780,86.8,-
19-SEP-2022,MOTHERSON,Samvardhana Motherson International Ltd,ISHARES CORE MSCI EMERGING MARKETS ETF,BUY,1121278,124.2,-
19-SEP-2022,MOTHERSON,Samvardhana Motherson International Ltd,ISHARES CORE EMERGING MARKETS MAURITIUS CO,SELL,1121278,124.2,-
19-SEP-2022,SPARC,Sun Pharma Advanced Research Company Ltd,ISHARES CORE MSCI EMERGING MARKETS ETF,BUY,1119999,221.3,-
19-SEP-2022,SPARC,Sun Pharma Advanced Research Company Ltd,ISHARES CORE EMERGING MARKETS MAURITIUS CO,SELL,1119999,221.3,-
19-SEP-2022,CESC,CESC Ltd,ISHARES CORE EMERGING MARKETS MAURITIUS CO,SELL,1109969,80.25,-
19-SEP-2022,CESC,CESC Ltd,ISHARES CORE MSCI EMERGING MARKETS ETF,BUY,1109969,80.25,-
19-SEP-2022,EMBDL,Embassy Developments Ltd,ISHARES CORE EMERGING MARKETS MAURITIUS CO,SELL,1104050,76.75,-
19-SEP-2022,EMBDL,Embassy Developments Ltd,ISHARES CORE MSCI EMERGING MARKETS ETF,BUY,1104050,76.75,-
19-SEP-2022,LEMONTREE,Lemon Tree Hotels Ltd,ISHARES CORE EMERGING MARKETS MAURITIUS CO,SELL,1069559,81.7,-
19-SEP-2022,LEMONTREE,Lemon Tree Hotels Ltd,ISHARES CORE MSCI EMERGING MARKETS ETF,BUY,1069559,81.7,-
19-SEP-2022,RALLIS,Rallis India Ltd,ISHARES CORE MSCI EMERGING MARKETS ETF,BUY,1021673,227.55,-
19-SEP-2022,RALLIS,Rallis India Ltd,ISHARES CORE EMERGING MARKETS MAURITIUS CO,SELL,1021673,227.55,-
19-SEP-2022,ZENSARTECH,Zensar Technologies Ltd,ISHARES CORE EMERGING MARKETS MAURITIUS CO,SELL,1001744,225.15,-
19-SEP-2022,ZENSARTECH,Zensar Technologies Ltd,ISHARES CORE MSCI EMERGING MARKETS ETF,BUY,1001744,225.15,-
19-SEP-2022,FSL,Firstsource Solutions Ltd,ISHARES CORE EMERGING MARKETS MAURITIUS CO,SELL,982161,108.25,-
19-SEP-2022,FSL,Firstsource Solutions Ltd,ISHARES CORE MSCI EMERGING MARKETS ETF,BUY,982161,108.25,-
19-SEP-2022,HCLTECH,HCL Technologies Ltd,ISHARES CORE EMERGING MARKETS MAURITIUS CO,SELL,928363,896.9,-
19-SEP-2022,HCLTECH,HCL Technologies Ltd,ISHARES CORE MSCI EMERGING MARKETS ETF,BUY,928363,896.9,-
19-SEP-2022,RECLTD,REC Ltd,ISHARES CORE MSCI EMERGING MARKETS ETF,BUY,908112,104.05,-
19-SEP-2022,RECLTD,REC Ltd,ISHARES CORE EMERGING MARKETS MAURITIUS CO,SELL,908112,104.05,-
19-SEP-2022,ABCAPITAL,Aditya Birla Capital Ltd,ISHARES CORE EMERGING MARKETS MAURITIUS CO,SELL,902301,115.65,-
19-SEP-2022,ABCAPITAL,Aditya Birla Capital Ltd,ISHARES CORE MSCI EMERGING MARKETS ETF,BUY,902301,115.65,-
19-SEP-2022,MANAPPURAM,Manappuram Finance Ltd,ISHARES CORE MSCI EMERGING MARKETS ETF,BUY,892567,99.15,-
19-SEP-2022,MANAPPURAM,Manappuram Finance Ltd,ISHARES CORE EMERGING MARKETS MAURITIUS CO,SELL,892567,99.15,-
19-SEP-2022,CONCOR,Container Corporation of India Ltd,ISHARES CORE EMERGING MARKETS MAURITIUS CO,SELL,830618,738.7,-
19-SEP-2022,CONCOR,Container Corporation of India Ltd,ISHARES CORE MSCI EMERGING MARKETS ETF,BUY,830618,738.7,-
19-SEP-2022,FINPIPE,Finolex Industries Ltd,ISHARES CORE EMERGING MARKETS MAURITIUS CO,SELL,828386,142.9,-
19-SEP-2022,FINPIPE,Finolex Industries Ltd,ISHARES CORE MSCI EMERGING MARKETS ETF,BUY,828386,142.9,-
19-SEP-2022,CROMPTON,Crompton Greaves Consumer Electricals Ltd,ISHARES CORE EMERGING MARKETS MAURITIUS CO,SELL,810932,399.45,-
19-SEP-2022,CROMPTON,Crompton Greaves Consumer Electricals Ltd,ISHARES CORE MSCI EMERGING MARKETS ETF,BUY,810932,399.45,-
19-SEP-2022,SUNPHARMA,Sun Pharmaceutical Industries Ltd,ISHARES CORE EMERGING MARKETS MAURITIUS CO,SELL,789668,868.05,-
19-SEP-2022,SUNPHARMA,Sun Pharmaceutical Industries Ltd,ISHARES CORE MSCI EMERGING MARKETS ETF,BUY,789668,868.05,-
19-SEP-2022,TCS,Tata Consultancy Services Ltd,ISHARES CORE EMERGING MARKETS MAURITIUS CO,SELL,784986,3008.7,-
19-SEP-2022,TCS,Tata Consultancy Services Ltd,ISHARES CORE MSCI EMERGING MARKETS ETF,BUY,784986,3008.7,-
19-SEP-2022,TTML,Tata Teleservices (Maharashtra) Ltd,ISHARES CORE MSCI EMERGING MARKETS ETF,BUY,772091,118.25,-
19-SEP-2022,TTML,Tata Teleservices (Maharashtra) Ltd,ISHARES CORE EMERGING MARKETS MAURITIUS CO,SELL,772091,118.25,-
19-SEP-2022,M&M,Mahindra & Mahindra Ltd,ISHARES CORE EMERGING MARKETS MAURITIUS CO,SELL,771083,1250.1,-
19-SEP-2022,M&M,Mahindra & Mahindra Ltd,ISHARES CORE MSCI EMERGING MARKETS ETF,BUY,771083,1250.1,-
19-SEP-2022,ZEEL,Zee Entertainment Enterprises Ltd,ISHARES CORE EMERGING MARKETS MAURITIUS CO,SELL,767200,261.2,-
19-SEP-2022,ZEEL,Zee Entertainment Enterprises Ltd,ISHARES CORE MSCI EMERGING MARKETS ETF,BUY,767200,261.2,-
19-SEP-2022,MAXHEALTH,Max Healthcare Institute Ltd,ISHARES CORE MSCI EMERGING MARKETS ETF,BUY,751578,434.2,-
19-SEP-2022,MAXHEALTH,Max Healthcare Institute Ltd,ISHARES CORE EMERGING MARKETS MAURITIUS CO,SELL,751578,434.2,-
19-SEP-2022,BPCL,Bharat Petroleum Corporation Ltd,ISHARES CORE EMERGING MARKETS MAURITIUS CO,SELL,747690,321.3,-
19-SEP-2022,BPCL,Bharat Petroleum Corporation Ltd,ISHARES CORE MSCI EMERGING MARKETS ETF,BUY,747690,321.3,-
19-SEP-2022,RPOWER,Reliance Power Ltd,ISHARES INDIA SC MAURITIUS COMPANY,SELL,731795,18.45,-
19-SEP-2022,RPOWER,Reliance Power Ltd,ISHARES MSCI INDIA SMALL-CAP ETF,BUY,731795,18.45,-
19-SEP-2022,HINDUNILVR,Hindustan Unilever Ltd,ISHARES CORE EMERGING MARKETS MAURITIUS CO,SELL,719303,2528.15,-
19-SEP-2022,HINDUNILVR,Hindustan Unilever Ltd,ISHARES CORE MSCI EMERGING MARKETS ETF,BUY,719303,2528.15,-
19-SEP-2022,RBLBANK,RBL Bank Ltd,ISHARES CORE EMERGING MARKETS MAURITIUS CO,SELL,703804,124.35,-
19-SEP-2022,RBLBANK,RBL Bank Ltd,ISHARES CORE MSCI EMERGING MARKETS ETF,BUY,703804,124.35,-
19-SEP-2022,VEDL,Vedanta Ltd,ISHARES CORE MSCI EMERGING MARKETS ETF,BUY,686950,290.75,-
19-SEP-2022,VEDL,Vedanta Ltd,ISHARES CORE EMERGING MARKETS MAURITIUS CO,SELL,686950,290.75,-
19-SEP-2022,SAMMAANCAP,Sammaan Capital Ltd,ISHARES CORE EMERGING MARKETS MAURITIUS CO,SELL,685343,127.25,-
19-SEP-2022,SAMMAANCAP,Sammaan Capital Ltd,ISHARES CORE MSCI EMERGING MARKETS ETF,BUY,685343,127.25,-
19-SEP-2022,JUBLPHARMA,Jubilant Pharmova Ltd,ISHARES CORE EMERGING MARKETS MAURITIUS CO,SELL,683197,313.3,-
19-SEP-2022,JUBLPHARMA,Jubilant Pharmova Ltd,ISHARES CORE MSCI EMERGING MARKETS ETF,BUY,683197,313.3,-
19-SEP-2022,INDHOTEL,Indian Hotels Company Ltd,ISHARES CORE MSCI EMERGING MARKETS ETF,BUY,681167,322.0,-
19-SEP-2022,INDHOTEL,Indian Hotels Company Ltd,ISHARES CORE EMERGING MARKETS MAURITIUS CO,SELL,681167,322.0,-
19-SEP-2022,PETRONET,Petronet LNG Ltd,ISHARES CORE EMERGING MARKETS MAURITIUS CO,SELL,661727,210.05,-
19-SEP-2022,PETRONET,Petronet LNG Ltd,ISHARES CORE MSCI EMERGING MARKETS ETF,BUY,661727,210.05,-
19-SEP-2022,STLTECH,Sterlite Technologies Ltd,ISHARES CORE EMERGING MARKETS MAURITIUS CO,SELL,645020,178.35,-
19-SEP-2022,STLTECH,Sterlite Technologies Ltd,ISHARES CORE MSCI EMERGING MARKETS ETF,BUY,645020,178.35,-
19-SEP-2022,NIITLTD,NIIT Ltd,ISHARES CORE MSCI EMERGING MARKETS ETF,BUY,632339,336.35,-
19-SEP-2022,NIITLTD,NIIT Ltd,ISHARES CORE EMERGING MARKETS MAURITIUS CO,SELL,632339,336.35,-
19-SEP-2022,EIHOTEL,EIH Ltd,ISHARES CORE MSCI EMERGING MARKETS ETF,BUY,616890,184.4,-
19-SEP-2022,EIHOTEL,EIH Ltd,ISHARES CORE EMERGING MARKETS MAURITIUS CO,SELL,616890,184.4,-
19-SEP-2022,EXIDEIND,Exide Industries Ltd,ISHARES CORE MSCI EMERGING MARKETS ETF,BUY,607603,167.4,-
19-SEP-2022,EXIDEIND,Exide Industries Ltd,ISHARES CORE EMERGING MARKETS MAURITIUS CO,SELL,607603,167.4,-
19-SEP-2022,REDINGTON,Redington Ltd,ISHARES CORE EMERGING MARKETS MAURITIUS CO,SELL,607189,153.25,-
19-SEP-2022,REDINGTON,Redington Ltd,ISHARES CORE MSCI EMERGING MARKETS ETF,BUY,607189,153.25,-
19-SEP-2022,LT,Larsen & Toubro Ltd,ISHARES CORE EMERGING MARKETS MAURITIUS CO,SELL,604236,1920.0,-
19-SEP-2022,LT,Larsen & Toubro Ltd,ISHARES CORE MSCI EMERGING MARKETS ETF,BUY,604236,1920.0,-
19-SEP-2022,TV18BRDCST,TV18 Broadcast Ltd,ISHARES MSCI INDIA SMALL-CAP ETF,BUY,598834,39.45,-
19-SEP-2022,TV18BRDCST,TV18 Broadcast Ltd,ISHARES INDIA SC MAURITIUS COMPANY,SELL,598834,39.45,-
19-SEP-2022,INDIANB,Indian Bank,ISHARES CORE MSCI EMERGING MARKETS ETF,BUY,586390,195.9,-
19-SEP-2022,INDIANB,Indian Bank,ISHARES CORE EMERGING MARKETS MAURITIUS CO,SELL,586390,195.9,-
19-SEP-2022,STAR,Strides Pharma Science Ltd,ISHARES CORE MSCI EMERGING MARKETS ETF,BUY,585647,309.0,-
19-SEP-2022,STAR,Strides Pharma Science Ltd,ISHARES CORE EMERGING MARKETS MAURITIUS CO,SELL,585647,309.0,-
19-SEP-2022,IEX,Indian Energy Exchange Ltd,ISHARES CORE EMERGING MARKETS MAURITIUS CO,SELL,585624,156.85,-
19-SEP-2022,IEX,Indian Energy Exchange Ltd,ISHARES CORE MSCI EMERGING MARKETS ETF,BUY,585624,156.85,-
19-SEP-2022,JYOTHYLAB,Jyothy Labs Ltd,ISHARES CORE EMERGING MARKETS MAURITIUS CO,SELL,570762,181.7,-
19-SEP-2022,JYOTHYLAB,Jyothy Labs Ltd,ISHARES CORE MSCI EMERGING MARKETS ETF,BUY,570762,181.7,-
19-SEP-2022,DLF,DLF Ltd,ISHARES CORE MSCI EMERGING MARKETS ETF,BUY,566532,389.1,-
19-SEP-2022,DLF,DLF Ltd,ISHARES CORE EMERGING MARKETS MAURITIUS CO,SELL,566532,389.1,-
19-SEP-2022,EMBASSY,EMBASSY,ISHARES MSCI INDIA SMALL-CAP ETF,BUY,565416,351.31,-
19-SEP-2022,EMBASSY,EMBASSY,ISHARES INDIA SC MAURITIUS COMPANY,SELL,565416,351.31,-
19-SEP-2022,BANDHANBNK,Bandhan Bank Ltd,ISHARES CORE MSCI EMERGING MARKETS ETF,BUY,562025,288.8,-
19-SEP-2022,BANDHANBNK,Bandhan Bank Ltd,ISHARES CORE EMERGING MARKETS MAURITIUS CO,SELL,562025,288.8,-
19-SEP-2022,PNBHOUSING,PNB Housing Finance Ltd,ISHARES CORE MSCI EMERGING MARKETS ETF,BUY,560456,411.0,-
19-SEP-2022,PNBHOUSING,PNB Housing Finance Ltd,ISHARES CORE EMERGING MARKETS MAURITIUS CO,SELL,560456,411.0,-
19-SEP-2022,DABUR,Dabur India Ltd,ISHARES CORE EMERGING MARKETS MAURITIUS CO,SELL,560261,546.4,-
19-SEP-2022,DABUR,Dabur India Ltd,ISHARES CORE MSCI EMERGING MARKETS ETF,BUY,560261,546.4,-
19-SEP-2022,CUB,City Union Bank Ltd,ISHARES CORE EMERGING MARKETS MAURITIUS CO,SELL,545188,178.25,-
19-SEP-2022,CUB,City Union Bank Ltd,ISHARES CORE MSCI EMERGING MARKETS ETF,BUY,545188,178.25,-
19-SEP-2022,AMBUJACEM,Ambuja Cements Ltd,ISHARES CORE EMERGING MARKETS MAURITIUS CO,SELL,541823,516.7,-
19-SEP-2022,AMBUJACEM,Ambuja Cements Ltd,ISHARES CORE MSCI EMERGING MARKETS ETF,BUY,541823,516.7,-
19-SEP-2022,HINDPETRO,Hindustan Petroleum Corporation Ltd,ISHARES CORE EMERGING MARKETS MAURITIUS CO,SELL,538535,228.8,-
19-SEP-2022,HINDPETRO,Hindustan Petroleum Corporation Ltd,ISHARES CORE MSCI EMERGING MARKETS ETF,BUY,538535,228.8,-
19-SEP-2022,ABFRL,Aditya Birla Fashion and Retail Ltd,ISHARES CORE EMERGING MARKETS MAURITIUS CO,SELL,530834,326.7,-
19-SEP-2022,ABFRL,Aditya Birla Fashion and Retail Ltd,ISHARES CORE MSCI EMERGING MARKETS ETF,BUY,530834,326.7,-
19-SEP-2022,TATACONSUM,Tata Consumer Products Ltd,ISHARES CORE EMERGING MARKETS MAURITIUS CO,SELL,521697,795.2,-
19-SEP-2022,TATACONSUM,Tata Consumer Products Ltd,ISHARES CORE MSCI EMERGING MARKETS ETF,BUY,521697,795.2,-
19-SEP-2022,IRCTC,Indian Railway Catering and Tourism Corporation Ltd,ISHARES CORE EMERGING MARKETS MAURITIUS CO,SELL,519544,703.0,-
19-SEP-2022,IRCTC,Indian Railway Catering and Tourism Corporation Ltd,ISHARES CORE MSCI EMERGING MARKETS ETF,BUY,519544,703.0,-
19-SEP-2022,KPITTECH,KPIT Technologies Ltd,ISHARES CORE MSCI EMERGING MARKETS ETF,BUY,516234,572.8,-
19-SEP-2022,KPITTECH,KPIT Technologies Ltd,ISHARES CORE EMERGING MARKETS MAURITIUS CO,SELL,516234,572.8,-
19-SEP-2022,SAREGAMA,Saregama India Ltd,ISHARES CORE MSCI EMERGING MARKETS ETF,BUY,510845,385.7,-
19-SEP-2022,SAREGAMA,Saregama India Ltd,ISHARES CORE EMERGING MARKETS MAURITIUS CO,SELL,510845,385.7,-
19-SEP-2022,JUBLFOOD,Jubilant FoodWorks Ltd,ISHARES CORE EMERGING MARKETS MAURITIUS CO,SELL,507760,626.55,-
19-SEP-2022,JUBLFOOD,Jubilant FoodWorks Ltd,ISHARES CORE MSCI EMERGING MARKETS ETF,BUY,507760,626.55,-
19-SEP-2022,TECHM,Tech Mahindra Ltd,ISHARES CORE EMERGING MARKETS MAURITIUS CO,SELL,502197,1033.2,-
19-SEP-2022,TECHM,Tech Mahindra Ltd,ISHARES CORE MSCI EMERGING MARKETS ETF,BUY,502197,1033.2,-
19-SEP-2022,OIL,Oil India Ltd,ISHARES CORE EMERGING MARKETS MAURITIUS CO,SELL,489997,187.0,-
19-SEP-2022,OIL,Oil India Ltd,ISHARES CORE MSCI EMERGING MARKETS ETF,BUY,489997,187.0,-
19-SEP-2022,CGPOWER,CG Power and Industrial Solutions Ltd,ISHARES CORE MSCI EMERGING MARKETS ETF,BUY,487340,236.0,-
19-SEP-2022,CGPOWER,CG Power and Industrial Solutions Ltd,ISHARES CORE EMERGING MARKETS MAURITIUS CO,SELL,487340,236.0,-
19-SEP-2022,KOTAKBANK,Kotak Mahindra Bank Ltd,ISHARES CORE EMERGING MARKETS MAURITIUS CO,SELL,486514,1930.3,-
19-SEP-2022,KOTAKBANK,Kotak Mahindra Bank Ltd,ISHARES CORE MSCI EMERGING MARKETS ETF,BUY,486514,1930.3,-
19-SEP-2022,MARICO,Marico Ltd,ISHARES CORE MSCI EMERGING MARKETS ETF,BUY,480882,508.65,-
19-SEP-2022,MARICO,Marico Ltd,ISHARES CORE EMERGING MARKETS MAURITIUS CO,SELL,480882,508.65,-
19-SEP-2022,RAIN,Rain Industries Ltd,ISHARES CORE EMERGING MARKETS MAURITIUS CO,SELL,479000,177.35,-
19-SEP-2022,RAIN,Rain Industries Ltd,ISHARES CORE MSCI EMERGING MARKETS ETF,BUY,479000,177.35,-
19-SEP-2022,IRB,IRB Infrastructure Developers Ltd,ISHARES CORE MSCI EMERGING MARKETS ETF,BUY,476694,226.35,-
19-SEP-2022,IRB,IRB Infrastructure Developers Ltd,ISHARES CORE EMERGING MARKETS MAURITIUS CO,SELL,476694,226.35,-
19-SEP-2022,BAJFINANCE,Bajaj Finance Ltd,ISHARES CORE MSCI EMERGING MARKETS ETF,BUY,475575,7274.1,-
19-SEP-2022,BAJFINANCE,Bajaj Finance Ltd,ISHARES CORE EMERGING MARKETS MAURITIUS CO,SELL,475575,7274.1,-
19-SEP-2022,BCG,Brightcom Group Ltd,ISHARES INDIA SC MAURITIUS COMPANY,SELL,468968,38.0,-
19-SEP-2022,BCG,Brightcom Group Ltd,ISHARES MSCI INDIA SMALL-CAP ETF,BUY,468968,38.0,-
19-SEP-2022,IGL,Indraprastha Gas Ltd,ISHARES CORE EMERGING MARKETS MAURITIUS CO,SELL,464154,417.15,-
19-SEP-2022,IGL,Indraprastha Gas Ltd,ISHARES CORE MSCI EMERGING MARKETS ETF,BUY,464154,417.15,-
19-SEP-2022,VGUARD,V-Guard Industries Ltd,ISHARES CORE MSCI EMERGING MARKETS ETF,BUY,461018,235.25,-
19-SEP-2022,VGUARD,V-Guard Industries Ltd,ISHARES CORE EMERGING MARKETS MAURITIUS CO,SELL,461018,235.25,-
19-SEP-2022,ADANIPORTS,Adani Ports and Special Economic Zone Ltd,ISHARES CORE EMERGING MARKETS MAURITIUS CO,SELL,450551,938.2,-
19-SEP-2022,ADANIPORTS,Adani Ports and Special Economic Zone Ltd,ISHARES CORE MSCI EMERGING MARKETS ETF,BUY,450551,938.2,-
19-SEP-2022,UPL,UPL Ltd,ISHARES CORE EMERGING MARKETS MAURITIUS CO,SELL,449133,703.4,-
19-SEP-2022,UPL,UPL Ltd,ISHARES CORE MSCI EMERGING MARKETS ETF,BUY,449133,703.4,-
19-SEP-2022,DEVYANI,Devyani International Ltd,ISHARES CORE EMERGING MARKETS MAURITIUS CO,SELL,447383,193.15,-
19-SEP-2022,DEVYANI,Devyani International Ltd,ISHARES CORE MSCI EMERGING MARKETS ETF,BUY,447383,193.15,-
19-SEP-2022,INDIACEM,India Cements Ltd,ISHARES CORE MSCI EMERGING MARKETS ETF,BUY,440262,266.1,-
19-SEP-2022,INDIACEM,India Cements Ltd,ISHARES CORE EMERGING MARKETS MAURITIUS CO,SELL,440262,266.1,-
19-SEP-2022,FORTIS,Fortis Healthcare Ltd,ISHARES CORE MSCI EMERGING MARKETS ETF,BUY,433752,297.2,-
19-SEP-2022,FORTIS,Fortis Healthcare Ltd,ISHARES CORE EMERGING MARKETS MAURITIUS CO,SELL,433752,297.2,-
19-SEP-2022,CIPLA,Cipla Ltd,ISHARES CORE MSCI EMERGING MARKETS ETF,BUY,428036,1043.5,-
19-SEP-2022,CIPLA,Cipla Ltd,ISHARES CORE EMERGING MARKETS MAURITIUS CO,SELL,428036,1043.5,-
19-SEP-2022,ATGL,Adani Total Gas Ltd,ISHARES CORE EMERGING MARKETS MAURITIUS CO,SELL,424582,3528.8,-
19-SEP-2022,ATGL,Adani Total Gas Ltd,ISHARES CORE MSCI EMERGING MARKETS ETF,BUY,424582,3528.8,-
19-SEP-2022,ADANIENSOL,Adani Energy Solutions Ltd,ISHARES CORE EMERGING MARKETS MAURITIUS CO,SELL,424114,4094.75,-
19-SEP-2022,ADANIENSOL,Adani Energy Solutions Ltd,ISHARES CORE MSCI EMERGING MARKETS ETF,BUY,424114,4094.75,-
19-SEP-2022,BORORENEW,Borosil Renewables Ltd,ISHARES CORE MSCI EMERGING MARKETS ETF,BUY,418075,571.25,-
19-SEP-2022,BORORENEW,Borosil Renewables Ltd,ISHARES CORE EMERGING MARKETS MAURITIUS CO,SELL,418075,571.25,-
19-SEP-2022,ORIENTELEC,Orient Electric Ltd,ISHARES CORE MSCI EMERGING MARKETS ETF,BUY,408694,270.55,-
19-SEP-2022,ORIENTELEC,Orient Electric Ltd,ISHARES CORE EMERGING MARKETS MAURITIUS CO,SELL,408694,270.55,-
19-SEP-2022,SBILIFE,SBI Life Insurance Company Ltd,ISHARES CORE MSCI EMERGING MARKETS ETF,BUY,407137,1272.25,-
19-SEP-2022,SBILIFE,SBI Life Insurance Company Ltd,ISHARES CORE EMERGING MARKETS MAURITIUS CO,SELL,407137,1272.25,-
19-SEP-2022,HAVELLS,Havells India Ltd,ISHARES CORE MSCI EMERGING MARKETS ETF,BUY,405528,1302.35,-
19-SEP-2022,HAVELLS,Havells India Ltd,ISHARES CORE EMERGING MARKETS MAURITIUS CO,SELL,405528,1302.35,-
19-SEP-2022,DBL,Dilip Buildcon Ltd,ISHARES CORE MSCI EMERGING MARKETS ETF,BUY,403182,233.55,-
19-SEP-2022,DBL,Dilip Buildcon Ltd,ISHARES CORE EMERGING MARKETS MAURITIUS CO,SELL,403182,233.55,-
19-SEP-2022,IDFCFIRSTB,IDFC First Bank Ltd,ISHARES MSCI INDIA SMALL-CAP ETF,BUY,402672,50.95,-
19-SEP-2022,IDFCFIRSTB,IDFC First Bank Ltd,ISHARES INDIA SC MAURITIUS COMPANY,SELL,402672,50.95,-
19-SEP-2022,CIEINDIA,CIE Automotive India Ltd,ISHARES CORE MSCI EMERGING MARKETS ETF,BUY,396647,281.25,-
19-SEP-2022,CIEINDIA,CIE Automotive India Ltd,ISHARES CORE EMERGING MARKETS MAURITIUS CO,SELL,396647,281.25,-
19-SEP-2022,CANBK,Canara Bank,ISHARES CORE MSCI EMERGING MARKETS ETF,BUY,388026,244.35,-
19-SEP-2022,CANBK,Canara Bank,ISHARES CORE EMERGING MARKETS MAURITIUS CO,SELL,388026,244.35,-
19-SEP-2022,TRIDENT,Trident Ltd,ISHARES MSCI INDIA SMALL-CAP ETF,BUY,387043,38.1,-
19-SEP-2022,TRIDENT,Trident Ltd,ISHARES INDIA SC MAURITIUS COMPANY,SELL,387043,38.1,-
19-SEP-2022,BERGEPAINT,Berger Paints India Ltd,ISHARES CORE EMERGING MARKETS MAURITIUS CO,SELL,385743,639.0,-
19-SEP-2022,BERGEPAINT,Berger Paints India Ltd,ISHARES CORE MSCI EMERGING MARKETS ETF,BUY,385743,639.0,-
19-SEP-2022,CHOLAFIN,Cholamandalam Investment and Finance Company Ltd,ISHARES CORE EMERGING MARKETS MAURITIUS CO,SELL,380068,768.6,-
19-SEP-2022,CHOLAFIN,Cholamandalam Investment and Finance Company Ltd,ISHARES CORE MSCI EMERGING MARKETS ETF,BUY,380068,768.6,-
19-SEP-2022,JINDALSTEL,Jindal Steel Ltd,ISHARES CORE MSCI EMERGING MARKETS ETF,BUY,371903,435.8,-
19-SEP-2022,JINDALSTEL,Jindal Steel Ltd,ISHARES CORE EMERGING MARKETS MAURITIUS CO,SELL,371903,435.8,-
19-SEP-2022,SBICARD,SBI Cards and Payment Services Ltd,ISHARES CORE MSCI EMERGING MARKETS ETF,BUY,369330,934.05,-
19-SEP-2022,SBICARD,SBI Cards and Payment Services Ltd,ISHARES CORE EMERGING MARKETS MAURITIUS CO,SELL,369330,934.05,-
19-SEP-2022,WELCORP,Welspun Corp Ltd,ISHARES CORE MSCI EMERGING MARKETS ETF,BUY,368651,247.2,-
19-SEP-2022,WELCORP,Welspun Corp Ltd,ISHARES CORE EMERGING MARKETS MAURITIUS CO,SELL,368651,247.2,-
19-SEP-2022,GRANULES,Granules India Ltd-$,ISHARES CORE EMERGING MARKETS MAURITIUS CO,SELL,368638,316.05,-
19-SEP-2022,GRANULES,Granules India Ltd-$,ISHARES CORE MSCI EMERGING MARKETS ETF,BUY,368638,316.05,-
19-SEP-2022,BIOCON,Biocon Ltd,ISHARES CORE EMERGING MARKETS MAURITIUS CO,SELL,365477,291.25,-
19-SEP-2022,BIOCON,Biocon Ltd,ISHARES CORE MSCI EMERGING MARKETS ETF,BUY,365477,291.25,-
19-SEP-2022,NAM-INDIA,Nippon Life India Asset Management Ltd,ISHARES CORE MSCI EMERGING MARKETS ETF,BUY,364945,292.45,-
19-SEP-2022,NAM-INDIA,Nippon Life India Asset Management Ltd,ISHARES CORE EMERGING MARKETS MAURITIUS CO,SELL,364945,292.45,-
19-SEP-2022,IIFL,IIFL Finance Ltd,ISHARES CORE EMERGING MARKETS MAURITIUS CO,SELL,361288,361.9,-
19-SEP-2022,IIFL,IIFL Finance Ltd,ISHARES CORE MSCI EMERGING MARKETS ETF,BUY,361288,361.9,-
19-SEP-2022,APOLLOTYRE,Apollo Tyres Ltd,ISHARES CORE MSCI EMERGING MARKETS ETF,BUY,360581,282.85,-
19-SEP-2022,APOLLOTYRE,Apollo Tyres Ltd,ISHARES CORE EMERGING MARKETS MAURITIUS CO,SELL,360581,282.85,-
19-SEP-2022,GSPL,Gujarat State Petronet Ltd,ISHARES CORE MSCI EMERGING MARKETS ETF,BUY,357328,244.8,-
19-SEP-2022,GSPL,Gujarat State Petronet Ltd,ISHARES CORE EMERGING MARKETS MAURITIUS CO,SELL,357328,244.8,-
19-SEP-2022,BSOFT,Birlasoft Ltd,ISHARES CORE MSCI EMERGING MARKETS ETF,BUY,355205,308.1,-
19-SEP-2022,BSOFT,Birlasoft Ltd,ISHARES CORE EMERGING MARKETS MAURITIUS CO,SELL,355205,308.1,-
19-SEP-2022,AEGISLOG,Aegis Logistics Ltd,ISHARES CORE EMERGING MARKETS MAURITIUS CO,SELL,354008,281.8,-
19-SEP-2022,AEGISLOG,Aegis Logistics Ltd,ISHARES CORE MSCI EMERGING MARKETS ETF,BUY,354008,281.8,-
19-SEP-2022,MINDSPACE,MINDSPACE,ISHARES CORE EMERGING MARKETS MAURITIUS CO,SELL,352475,378.27,-
19-SEP-2022,MINDSPACE,MINDSPACE,ISHARES CORE MSCI EMERGING MARKETS ETF,BUY,352475,378.27,-
19-SEP-2022,POONAWALLA,Poonawalla Fincorp Ltd,ISHARES CORE MSCI EMERGING MARKETS ETF,BUY,351669,313.6,-
19-SEP-2022,POONAWALLA,Poonawalla Fincorp Ltd,ISHARES CORE EMERGING MARKETS MAURITIUS CO,SELL,351669,313.6,-
19-SEP-2022,DHANI,Dhani Services Ltd,ISHARES INDIA SC MAURITIUS COMPANY,SELL,342442,53.9,-
19-SEP-2022,DHANI,Dhani Services Ltd,ISHARES MSCI INDIA SMALL-CAP ETF,BUY,342442,53.9,-
19-SEP-2022,GODREJCP,Godrej Consumer Products Ltd,ISHARES CORE MSCI EMERGING MARKETS ETF,BUY,341294,890.15,-
19-SEP-2022,GODREJCP,Godrej Consumer Products Ltd,ISHARES CORE EMERGING MARKETS MAURITIUS CO,SELL,341294,890.15,-
19-SEP-2022,KSCL,Kaveri Seed Company Ltd,ISHARES CORE EMERGING MARKETS MAURITIUS CO,SELL,339134,458.9,-
19-SEP-2022,KSCL,Kaveri Seed Company Ltd,ISHARES CORE MSCI EMERGING MARKETS ETF,BUY,339134,458.9,-
19-SEP-2022,UNOMINDA,UNO Minda Ltd-$,ISHARES CORE MSCI EMERGING MARKETS ETF,BUY,338359,543.7,-
19-SEP-2022,UNOMINDA,UNO Minda Ltd-$,ISHARES CORE EMERGING MARKETS MAURITIUS CO,SELL,338359,543.7,-
19-SEP-2022,ENGINERSIN,Engineers India Ltd,ISHARES INDIA SC MAURITIUS COMPANY,SELL,333618,66.4,-
19-SEP-2022,ENGINERSIN,Engineers India Ltd,ISHARES MSCI INDIA SMALL-CAP ETF,BUY,333618,66.4,-
19-SEP-2022,WELSPUNLIV,Welspun Living Ltd,ISHARES MSCI INDIA SMALL-CAP ETF,BUY,330871,80.7,-
19-SEP-2022,WELSPUNLIV,Welspun Living Ltd,ISHARES INDIA SC MAURITIUS COMPANY,SELL,330871,80.7,-
19-SEP-2022,GMRAIRPORT,GMR Airports Ltd,ISHARES INDIA SC MAURITIUS COMPANY,SELL,324970,38.4,-
19-SEP-2022,GMRAIRPORT,GMR Airports Ltd,ISHARES MSCI INDIA SMALL-CAP ETF,BUY,324970,38.4,-
19-SEP-2022,BALRAMCHIN,Balrampur Chini Mills Ltd,ISHARES CORE EMERGING MARKETS MAURITIUS CO,SELL,314211,357.75,-
19-SEP-2022,BALRAMCHIN,Balrampur Chini Mills Ltd,ISHARES CORE MSCI EMERGING MARKETS ETF,BUY,314211,357.75,-
19-SEP-2022,ICICIPRULI,ICICI Prudential Life Insurance Company Ltd,ISHARES CORE EMERGING MARKETS MAURITIUS CO,SELL,313879,556.35,-
19-SEP-2022,ICICIPRULI,ICICI Prudential Life Insurance Company Ltd,ISHARES CORE MSCI EMERGING MARKETS ETF,BUY,313879,556.35,-
19-SEP-2022,TITAN,Titan Company Ltd,ISHARES CORE MSCI EMERGING MARKETS ETF,BUY,313755,2611.8,-
19-SEP-2022,TITAN,Titan Company Ltd,ISHARES CORE EMERGING MARKETS MAURITIUS CO,SELL,313755,2611.8,-
19-SEP-2022,LAURUSLABS,Laurus Labs Ltd,ISHARES CORE EMERGING MARKETS MAURITIUS CO,SELL,297665,516.75,-
19-SEP-2022,LAURUSLABS,Laurus Labs Ltd,ISHARES CORE MSCI EMERGING MARKETS ETF,BUY,297665,516.75,-
19-SEP-2022,RENUKA,Shree Renuka Sugars Ltd,ISHARES INDIA SC MAURITIUS COMPANY,SELL,296799,49.45,-
19-SEP-2022,RENUKA,Shree Renuka Sugars Ltd,ISHARES MSCI INDIA SMALL-CAP ETF,BUY,296799,49.45,-
19-SEP-2022,ISEC,ICICI Securities Ltd,ISHARES CORE EMERGING MARKETS MAURITIUS CO,SELL,284622,528.6,-
19-SEP-2022,ISEC,ICICI Securities Ltd,ISHARES CORE MSCI EMERGING MARKETS ETF,BUY,284622,528.6,-
19-SEP-2022,GUJENERGY,Gujarat Energy Ltd,ISHARES CORE MSCI EMERGING MARKETS ETF,BUY,282162,504.25,-
19-SEP-2022,GUJENERGY,Gujarat Energy Ltd,ISHARES CORE EMERGING MARKETS MAURITIUS CO,SELL,282162,504.25,-
19-SEP-2022,ADANIGREEN,Adani Green Energy Ltd,ISHARES CORE MSCI EMERGING MARKETS ETF,BUY,275315,2316.6,-
19-SEP-2022,ADANIGREEN,Adani Green Energy Ltd,ISHARES CORE EMERGING MARKETS MAURITIUS CO,SELL,275315,2316.6,-
19-SEP-2022,UNITDSPR,United Spirits Ltd,ISHARES CORE EMERGING MARKETS MAURITIUS CO,SELL,271117,838.1,-
19-SEP-2022,UNITDSPR,United Spirits Ltd,ISHARES CORE MSCI EMERGING MARKETS ETF,BUY,271117,838.1,-
19-SEP-2022,BHEL,Bharat Heavy Electricals Ltd,ISHARES INDIA SC MAURITIUS COMPANY,SELL,269746,59.4,-
19-SEP-2022,BHEL,Bharat Heavy Electricals Ltd,ISHARES MSCI INDIA SMALL-CAP ETF,BUY,269746,59.4,-
19-SEP-2022,VTL,Vardhman Textiles Ltd,ISHARES CORE EMERGING MARKETS MAURITIUS CO,SELL,268709,353.9,-
19-SEP-2022,VTL,Vardhman Textiles Ltd,ISHARES CORE MSCI EMERGING MARKETS ETF,BUY,268709,353.9,-
19-SEP-2022,LICHSGFIN,LIC Housing Finance Ltd,ISHARES CORE EMERGING MARKETS MAURITIUS CO,SELL,268690,430.6,-
19-SEP-2022,LICHSGFIN,LIC Housing Finance Ltd,ISHARES CORE MSCI EMERGING MARKETS ETF,BUY,268690,430.6,-
19-SEP-2022,GSFC,Gujarat State Fertilizers & Chemicals Ltd,ISHARES MSCI INDIA SMALL-CAP ETF,BUY,265390,141.15,-
19-SEP-2022,GSFC,Gujarat State Fertilizers & Chemicals Ltd,ISHARES INDIA SC MAURITIUS COMPANY,SELL,265390,141.15,-
19-SEP-2022,AUBANK,AU Small Finance Bank Ltd,ISHARES CORE MSCI EMERGING MARKETS ETF,BUY,264390,658.65,-
19-SEP-2022,AUBANK,AU Small Finance Bank Ltd,ISHARES CORE EMERGING MARKETS MAURITIUS CO,SELL,264390,658.65,-
19-SEP-2022,CHAMBLFERT,Chambal Fertilisers & Chemicals Ltd,ISHARES CORE EMERGING MARKETS MAURITIUS CO,SELL,262216,341.9,-
19-SEP-2022,CHAMBLFERT,Chambal Fertilisers & Chemicals Ltd,ISHARES CORE MSCI EMERGING MARKETS ETF,BUY,262216,341.9,-
19-SEP-2022,PRAJIND,Praj Industries Ltd,ISHARES CORE EMERGING MARKETS MAURITIUS CO,SELL,257945,403.6,-
19-SEP-2022,PRAJIND,Praj Industries Ltd,ISHARES CORE MSCI EMERGING MARKETS ETF,BUY,257945,403.6,-
19-SEP-2022,MEDPLUS,Medplus Health Services Ltd,ISHARES CORE EMERGING MARKETS MAURITIUS CO,SELL,256579,675.6,-
19-SEP-2022,MEDPLUS,Medplus Health Services Ltd,ISHARES CORE MSCI EMERGING MARKETS ETF,BUY,256579,675.6,-
19-SEP-2022,GLENMARK,Glenmark Pharmaceuticals Ltd,ISHARES CORE MSCI EMERGING MARKETS ETF,BUY,254386,371.95,-
19-SEP-2022,GLENMARK,Glenmark Pharmaceuticals Ltd,ISHARES CORE EMERGING MARKETS MAURITIUS CO,SELL,254386,371.95,-
19-SEP-2022,AVANTIFEED,Avanti Feeds Ltd-$,ISHARES CORE MSCI EMERGING MARKETS ETF,BUY,248465,502.6,-
19-SEP-2022,AVANTIFEED,Avanti Feeds Ltd-$,ISHARES CORE EMERGING MARKETS MAURITIUS CO,SELL,248465,502.6,-
19-SEP-2022,GRAPHITE,Graphite India Ltd,ISHARES CORE MSCI EMERGING MARKETS ETF,BUY,244395,385.95,-
19-SEP-2022,GRAPHITE,Graphite India Ltd,ISHARES CORE EMERGING MARKETS MAURITIUS CO,SELL,244395,385.95,-
19-SEP-2022,GRASIM,Grasim Industries Ltd,ISHARES CORE EMERGING MARKETS MAURITIUS CO,SELL,244300,1744.6,-
19-SEP-2022,GRASIM,Grasim Industries Ltd,ISHARES CORE MSCI EMERGING MARKETS ETF,BUY,244300,1744.6,-
19-SEP-2022,SUMICHEM,Sumitomo Chemical India Ltd,ISHARES CORE EMERGING MARKETS MAURITIUS CO,SELL,242752,524.05,-
19-SEP-2022,SUMICHEM,Sumitomo Chemical India Ltd,ISHARES CORE MSCI EMERGING MARKETS ETF,BUY,242752,524.05,-
19-SEP-2022,ADANIENT,Adani Enterprises Ltd,ISHARES CORE EMERGING MARKETS MAURITIUS CO,SELL,242572,3702.2,-
19-SEP-2022,ADANIENT,Adani Enterprises Ltd,ISHARES CORE MSCI EMERGING MARKETS ETF,BUY,242572,3702.2,-
19-SEP-2022,EDELWEISS,Edelweiss Financial Services Ltd,ISHARES MSCI INDIA SMALL-CAP ETF,BUY,240482,64.3,-
19-SEP-2022,EDELWEISS,Edelweiss Financial Services Ltd,ISHARES INDIA SC MAURITIUS COMPANY,SELL,240482,64.3,-
19-SEP-2022,NUVOCO,Nuvoco Vistas Corporation Ltd,ISHARES CORE EMERGING MARKETS MAURITIUS CO,SELL,234946,402.05,-
19-SEP-2022,NUVOCO,Nuvoco Vistas Corporation Ltd,ISHARES CORE MSCI EMERGING MARKETS ETF,BUY,234946,402.05,-
19-SEP-2022,RAJESHEXPO,Rajesh Exports Ltd,ISHARES CORE MSCI EMERGING MARKETS ETF,BUY,234478,578.9,-
19-SEP-2022,RAJESHEXPO,Rajesh Exports Ltd,ISHARES CORE EMERGING MARKETS MAURITIUS CO,SELL,234478,578.9,-
19-SEP-2022,JUSTDIAL,Just Dial Ltd,ISHARES CORE MSCI EMERGING MARKETS ETF,BUY,232477,580.45,-
19-SEP-2022,JUSTDIAL,Just Dial Ltd,ISHARES CORE EMERGING MARKETS MAURITIUS CO,SELL,232477,580.45,-
19-SEP-2022,MAHLIFE,Mahindra Lifespace Developers Ltd,ISHARES CORE EMERGING MARKETS MAURITIUS CO,SELL,231305,460.75,-
19-SEP-2022,MAHLIFE,Mahindra Lifespace Developers Ltd,ISHARES CORE MSCI EMERGING MARKETS ETF,BUY,231305,460.75,-
19-SEP-2022,LTF,L&T Finance Ltd,ISHARES MSCI INDIA SMALL-CAP ETF,BUY,230069,81.5,-
19-SEP-2022,LTF,L&T Finance Ltd,ISHARES INDIA SC MAURITIUS COMPANY,SELL,230069,81.5,-
19-SEP-2022,INOXLEISUR,INOX Leisure Ltd,ISHARES CORE EMERGING MARKETS MAURITIUS CO,SELL,225678,495.15,-
19-SEP-2022,INOXLEISUR,INOX Leisure Ltd,ISHARES CORE MSCI EMERGING MARKETS ETF,BUY,225678,495.15,-
19-SEP-2022,SUNTECK,Sunteck Realty Ltd,ISHARES CORE EMERGING MARKETS MAURITIUS CO,SELL,223705,453.55,-
19-SEP-2022,SUNTECK,Sunteck Realty Ltd,ISHARES CORE MSCI EMERGING MARKETS ETF,BUY,223705,453.55,-
19-SEP-2022,IPCALAB,Ipca Laboratories Ltd,ISHARES CORE MSCI EMERGING MARKETS ETF,BUY,221724,861.1,-
19-SEP-2022,IPCALAB,Ipca Laboratories Ltd,ISHARES CORE EMERGING MARKETS MAURITIUS CO,SELL,221724,861.1,-
19-SEP-2022,MCX,Multi Commodity Exchange of India Ltd,ISHARES CORE MSCI EMERGING MARKETS ETF,BUY,221375,1248.0,-
19-SEP-2022,MCX,Multi Commodity Exchange of India Ltd,ISHARES CORE EMERGING MARKETS MAURITIUS CO,SELL,221375,1248.0,-
19-SEP-2022,PRESTIGE,Prestige Estates Projects Ltd,ISHARES CORE EMERGING MARKETS MAURITIUS CO,SELL,221053,457.9,-
19-SEP-2022,PRESTIGE,Prestige Estates Projects Ltd,ISHARES CORE MSCI EMERGING MARKETS ETF,BUY,221053,457.9,-
19-SEP-2022,AUROPHARMA,Aurobindo Pharma Ltd,ISHARES CORE EMERGING MARKETS MAURITIUS CO,SELL,217295,533.1,-
19-SEP-2022,AUROPHARMA,Aurobindo Pharma Ltd,ISHARES CORE MSCI EMERGING MARKETS ETF,BUY,217295,533.1,-
19-SEP-2022,GODREJIND,Godrej Industries Ltd,ISHARES CORE EMERGING MARKETS MAURITIUS CO,SELL,215541,459.25,-
19-SEP-2022,GODREJIND,Godrej Industries Ltd,ISHARES CORE MSCI EMERGING MARKETS ETF,BUY,215541,459.25,-
19-SEP-2022,EICHERMOT,Eicher Motors Ltd,ISHARES CORE MSCI EMERGING MARKETS ETF,BUY,213081,3549.0,-
19-SEP-2022,EICHERMOT,Eicher Motors Ltd,ISHARES CORE EMERGING MARKETS MAURITIUS CO,SELL,213081,3549.0,-
19-SEP-2022,COHANCE,Cohance Lifesciences Ltd,ISHARES CORE EMERGING MARKETS MAURITIUS CO,SELL,211661,460.05,-
19-SEP-2022,COHANCE,Cohance Lifesciences Ltd,ISHARES CORE MSCI EMERGING MARKETS ETF,BUY,211661,460.05,-
19-SEP-2022,KANSAINER,Kansai Nerolac Paints Ltd,ISHARES CORE EMERGING MARKETS MAURITIUS CO,SELL,210665,479.9,-
19-SEP-2022,KANSAINER,Kansai Nerolac Paints Ltd,ISHARES CORE MSCI EMERGING MARKETS ETF,BUY,210665,479.9,-
19-SEP-2022,BHARATFORG,Bharat Forge Ltd,ISHARES CORE EMERGING MARKETS MAURITIUS CO,SELL,208797,745.8,-
19-SEP-2022,BHARATFORG,Bharat Forge Ltd,ISHARES CORE MSCI EMERGING MARKETS ETF,BUY,208797,745.8,-
19-SEP-2022,TTKPRESTIG,TTK Prestige Ltd,ISHARES CORE MSCI EMERGING MARKETS ETF,BUY,207906,1006.95,-
19-SEP-2022,TTKPRESTIG,TTK Prestige Ltd,ISHARES CORE EMERGING MARKETS MAURITIUS CO,SELL,207906,1006.95,-
19-SEP-2022,SONATSOFTW,Sonata Software Ltd,ISHARES CORE EMERGING MARKETS MAURITIUS CO,SELL,206510,561.8,-
19-SEP-2022,SONATSOFTW,Sonata Software Ltd,ISHARES CORE MSCI EMERGING MARKETS ETF,BUY,206510,561.8,-
19-SEP-2022,FEDERALBNK,Federal Bank Ltd,ISHARES INDIA SC MAURITIUS COMPANY,SELL,205704,121.55,-
19-SEP-2022,FEDERALBNK,Federal Bank Ltd,ISHARES MSCI INDIA SMALL-CAP ETF,BUY,205704,121.55,-
19-SEP-2022,KEC,KEC International Ltd,ISHARES CORE EMERGING MARKETS MAURITIUS CO,SELL,203547,429.3,-
19-SEP-2022,KEC,KEC International Ltd,ISHARES CORE MSCI EMERGING MARKETS ETF,BUY,203547,429.3,-
19-SEP-2022,FINCABLES,Finolex Cables Ltd,ISHARES CORE MSCI EMERGING MARKETS ETF,BUY,203494,464.65,-
19-SEP-2022,FINCABLES,Finolex Cables Ltd,ISHARES CORE EMERGING MARKETS MAURITIUS CO,SELL,203494,464.65,-
19-SEP-2022,LEMONTREE,Lemon Tree Hotels Ltd,ISHARES INDIA SC MAURITIUS COMPANY,SELL,202167,81.7,-
19-SEP-2022,LEMONTREE,Lemon Tree Hotels Ltd,ISHARES MSCI INDIA SMALL-CAP ETF,BUY,202167,81.7,-
19-SEP-2022,EMBDL,Embassy Developments Ltd,ISHARES INDIA SC MAURITIUS COMPANY,SELL,200693,76.75,-
19-SEP-2022,EMBDL,Embassy Developments Ltd,ISHARES MSCI INDIA SMALL-CAP ETF,BUY,200693,76.75,-
19-SEP-2022,JMFINANCIL,JM Financial Ltd-$,ISHARES MSCI INDIA SMALL-CAP ETF,BUY,197561,66.85,-
19-SEP-2022,JMFINANCIL,JM Financial Ltd-$,ISHARES INDIA SC MAURITIUS COMPANY,SELL,197561,66.85,-
19-SEP-2022,ICICIGI,ICICI Lombard General Insurance Company Ltd,ISHARES CORE MSCI EMERGING MARKETS ETF,BUY,196768,1215.4,-
19-SEP-2022,ICICIGI,ICICI Lombard General Insurance Company Ltd,ISHARES CORE EMERGING MARKETS MAURITIUS CO,SELL,196768,1215.4,-
19-SEP-2022,POLICYBZR,PB Fintech Ltd,ISHARES CORE EMERGING MARKETS MAURITIUS CO,SELL,196504,518.65,-
19-SEP-2022,POLICYBZR,PB Fintech Ltd,ISHARES CORE MSCI EMERGING MARKETS ETF,BUY,196504,518.65,-
19-SEP-2022,APLLTD,Alembic Pharmaceuticals Ltd,ISHARES CORE EMERGING MARKETS MAURITIUS CO,SELL,194642,609.9,-
19-SEP-2022,APLLTD,Alembic Pharmaceuticals Ltd,ISHARES CORE MSCI EMERGING MARKETS ETF,BUY,194642,609.9,-
19-SEP-2022,KPRMILL,K.P.R. Mill Limited,ISHARES CORE MSCI EMERGING MARKETS ETF,BUY,194625,574.7,-
19-SEP-2022,KPRMILL,K.P.R. Mill Limited,ISHARES CORE EMERGING MARKETS MAURITIUS CO,SELL,194625,574.7,-
19-SEP-2022,VOLTAS,Voltas Ltd,ISHARES CORE EMERGING MARKETS MAURITIUS CO,SELL,194048,912.9,-
19-SEP-2022,VOLTAS,Voltas Ltd,ISHARES CORE MSCI EMERGING MARKETS ETF,BUY,194048,912.9,-
19-SEP-2022,ASHOKLEY,Ashok Leyland Ltd,ISHARES INDIA SC MAURITIUS COMPANY,SELL,193973,160.45,-
19-SEP-2022,ASHOKLEY,Ashok Leyland Ltd,ISHARES MSCI INDIA SMALL-CAP ETF,BUY,193973,160.45,-
19-SEP-2022,ARE&M,Amara Raja Energy & Mobility Ltd,ISHARES CORE EMERGING MARKETS MAURITIUS CO,SELL,193830,509.9,-
19-SEP-2022,ARE&M,Amara Raja Energy & Mobility Ltd,ISHARES CORE MSCI EMERGING MARKETS ETF,BUY,193830,509.9,-
19-SEP-2022,MFSL,Max Financial Services Ltd,ISHARES CORE EMERGING MARKETS MAURITIUS CO,SELL,192161,822.95,-
19-SEP-2022,MFSL,Max Financial Services Ltd,ISHARES CORE MSCI EMERGING MARKETS ETF,BUY,192161,822.95,-
19-SEP-2022,VIPIND,VIP Industries Ltd-$,ISHARES CORE EMERGING MARKETS MAURITIUS CO,SELL,191633,649.85,-
19-SEP-2022,VIPIND,VIP Industries Ltd-$,ISHARES CORE MSCI EMERGING MARKETS ETF,BUY,191633,649.85,-
19-SEP-2022,GESHIP,Great Eastern Shipping Company Ltd,ISHARES CORE MSCI EMERGING MARKETS ETF,BUY,189703,543.4,-
19-SEP-2022,GESHIP,Great Eastern Shipping Company Ltd,ISHARES CORE EMERGING MARKETS MAURITIUS CO,SELL,189703,543.4,-
19-SEP-2022,JUBLINGREA,Jubilant Ingrevia Ltd,ISHARES CORE MSCI EMERGING MARKETS ETF,BUY,189691,499.8,-
19-SEP-2022,JUBLINGREA,Jubilant Ingrevia Ltd,ISHARES CORE EMERGING MARKETS MAURITIUS CO,SELL,189691,499.8,-
19-SEP-2022,QUESS,Quess Corp Ltd,ISHARES CORE EMERGING MARKETS MAURITIUS CO,SELL,189121,609.4,-
19-SEP-2022,QUESS,Quess Corp Ltd,ISHARES CORE MSCI EMERGING MARKETS ETF,BUY,189121,609.4,-
19-SEP-2022,CANFINHOME,Can Fin Homes Ltd,ISHARES CORE EMERGING MARKETS MAURITIUS CO,SELL,187824,635.0,-
19-SEP-2022,CANFINHOME,Can Fin Homes Ltd,ISHARES CORE MSCI EMERGING MARKETS ETF,BUY,187824,635.0,-
19-SEP-2022,INTELLECT,Intellect Design Arena Ltd,ISHARES CORE EMERGING MARKETS MAURITIUS CO,SELL,186759,558.2,-
19-SEP-2022,INTELLECT,Intellect Design Arena Ltd,ISHARES CORE MSCI EMERGING MARKETS ETF,BUY,186759,558.2,-
19-SEP-2022,EIDPARRY,EID Parry India Ltd,ISHARES CORE EMERGING MARKETS MAURITIUS CO,SELL,186588,598.55,-
19-SEP-2022,EIDPARRY,EID Parry India Ltd,ISHARES CORE MSCI EMERGING MARKETS ETF,BUY,186588,598.55,-
19-SEP-2022,EMAMILTD,Emami Ltd-$,ISHARES CORE EMERGING MARKETS MAURITIUS CO,SELL,183132,486.55,-
19-SEP-2022,EMAMILTD,Emami Ltd-$,ISHARES CORE MSCI EMERGING MARKETS ETF,BUY,183132,486.55,-
19-SEP-2022,KARURVYSYA,Karur Vysya Bank Ltd,ISHARES INDIA SC MAURITIUS COMPANY,SELL,181870,90.5,-
19-SEP-2022,KARURVYSYA,Karur Vysya Bank Ltd,ISHARES MSCI INDIA SMALL-CAP ETF,BUY,181870,90.5,-
19-SEP-2022,SYMPHONY,Symphony Ltd,ISHARES CORE MSCI EMERGING MARKETS ETF,BUY,181509,891.85,-
19-SEP-2022,SYMPHONY,Symphony Ltd,ISHARES CORE EMERGING MARKETS MAURITIUS CO,SELL,181509,891.85,-
19-SEP-2022,SUNTV,Sun TV Network Ltd,ISHARES CORE MSCI EMERGING MARKETS ETF,BUY,180951,507.25,-
19-SEP-2022,SUNTV,Sun TV Network Ltd,ISHARES CORE EMERGING MARKETS MAURITIUS CO,SELL,180951,507.25,-
19-SEP-2022,OBEROIRLTY,Oberoi Realty Ltd,ISHARES CORE MSCI EMERGING MARKETS ETF,BUY,179797,1022.1,-
19-SEP-2022,OBEROIRLTY,Oberoi Realty Ltd,ISHARES CORE EMERGING MARKETS MAURITIUS CO,SELL,179797,1022.1,-
19-SEP-2022,TORNTPOWER,Torrent Power Ltd,ISHARES CORE MSCI EMERGING MARKETS ETF,BUY,179691,540.6,-
19-SEP-2022,TORNTPOWER,Torrent Power Ltd,ISHARES CORE EMERGING MARKETS MAURITIUS CO,SELL,179691,540.6,-
19-SEP-2022,AARTIIND,Aarti Industries Ltd,ISHARES CORE EMERGING MARKETS MAURITIUS CO,SELL,178115,884.8,-
19-SEP-2022,AARTIIND,Aarti Industries Ltd,ISHARES CORE MSCI EMERGING MARKETS ETF,BUY,178115,884.8,-
19-SEP-2022,TRENT,Trent Ltd,ISHARES CORE EMERGING MARKETS MAURITIUS CO,SELL,171868,1432.7,-
19-SEP-2022,TRENT,Trent Ltd,ISHARES CORE MSCI EMERGING MARKETS ETF,BUY,171868,1432.7,-
19-SEP-2022,IDFC,IDFC Ltd,ISHARES INDIA SC MAURITIUS COMPANY,SELL,171813,66.1,-
19-SEP-2022,IDFC,IDFC Ltd,ISHARES MSCI INDIA SMALL-CAP ETF,BUY,171813,66.1,-
19-SEP-2022,M&MFIN,Mahindra & Mahindra Financial Services Ltd,ISHARES MSCI INDIA SMALL-CAP ETF,BUY,171085,226.1,-
19-SEP-2022,M&MFIN,Mahindra & Mahindra Financial Services Ltd,ISHARES INDIA SC MAURITIUS COMPANY,SELL,171085,226.1,-
19-SEP-2022,BRIGADE,Brigade Enterprises Ltd,ISHARES CORE MSCI EMERGING MARKETS ETF,BUY,170715,559.0,-
19-SEP-2022,BRIGADE,Brigade Enterprises Ltd,ISHARES CORE EMERGING MARKETS MAURITIUS CO,SELL,170715,559.0,-
19-SEP-2022,CHOLAHLDNG,Cholamandalam Financial Holdings Ltd,ISHARES CORE MSCI EMERGING MARKETS ETF,BUY,170309,671.1,-
19-SEP-2022,CHOLAHLDNG,Cholamandalam Financial Holdings Ltd,ISHARES CORE EMERGING MARKETS MAURITIUS CO,SELL,170309,671.1,-
19-SEP-2022,DMART,Avenue Supermarts Ltd,ISHARES CORE EMERGING MARKETS MAURITIUS CO,SELL,169837,4327.55,-
19-SEP-2022,DMART,Avenue Supermarts Ltd,ISHARES CORE MSCI EMERGING MARKETS ETF,BUY,169837,4327.55,-
19-SEP-2022,SYNGENE,Syngene International Ltd,ISHARES CORE EMERGING MARKETS MAURITIUS CO,SELL,169391,566.05,-
19-SEP-2022,SYNGENE,Syngene International Ltd,ISHARES CORE MSCI EMERGING MARKETS ETF,BUY,169391,566.05,-
19-SEP-2022,SHRIRAMFIN,Shriram Finance Ltd,ISHARES CORE MSCI EMERGING MARKETS ETF,BUY,168806,1284.05,-
19-SEP-2022,SHRIRAMFIN,Shriram Finance Ltd,ISHARES CORE EMERGING MARKETS MAURITIUS CO,SELL,168806,1284.05,-
19-SEP-2022,PIIND,PI Industries Ltd,ISHARES CORE EMERGING MARKETS MAURITIUS CO,SELL,168575,3136.0,-
19-SEP-2022,PIIND,PI Industries Ltd,ISHARES CORE MSCI EMERGING MARKETS ETF,BUY,168575,3136.0,-
19-SEP-2022,TVSMOTOR,TVS Motor Company Ltd,ISHARES CORE EMERGING MARKETS MAURITIUS CO,SELL,167895,1024.9,-
19-SEP-2022,TVSMOTOR,TVS Motor Company Ltd,ISHARES CORE MSCI EMERGING MARKETS ETF,BUY,167895,1024.9,-
19-SEP-2022,LUPIN,Lupin Ltd,ISHARES CORE EMERGING MARKETS MAURITIUS CO,SELL,166988,632.15,-
19-SEP-2022,LUPIN,Lupin Ltd,ISHARES CORE MSCI EMERGING MARKETS ETF,BUY,166988,632.15,-
19-SEP-2022,MSUMI,Motherson Sumi Wiring India Ltd,ISHARES INDIA SC MAURITIUS COMPANY,SELL,166865,86.8,-
19-SEP-2022,MSUMI,Motherson Sumi Wiring India Ltd,ISHARES MSCI INDIA SMALL-CAP ETF,BUY,166865,86.8,-
19-SEP-2022,NATCOPHARM,Natco Pharma Ltd,ISHARES CORE MSCI EMERGING MARKETS ETF,BUY,163024,613.0,-
19-SEP-2022,NATCOPHARM,Natco Pharma Ltd,ISHARES CORE EMERGING MARKETS MAURITIUS CO,SELL,163024,613.0,-
19-SEP-2022,HFCL,HFCL Ltd,ISHARES INDIA SC MAURITIUS COMPANY,SELL,158225,75.75,-
19-SEP-2022,HFCL,HFCL Ltd,ISHARES MSCI INDIA SMALL-CAP ETF,BUY,158225,75.75,-
19-SEP-2022,NH,Narayana Hrudayalaya Ltd,ISHARES CORE EMERGING MARKETS MAURITIUS CO,SELL,158031,698.45,-
19-SEP-2022,NH,Narayana Hrudayalaya Ltd,ISHARES CORE MSCI EMERGING MARKETS ETF,BUY,158031,698.45,-
19-SEP-2022,TIINDIA,Tube Investments of India Ltd,ISHARES CORE EMERGING MARKETS MAURITIUS CO,SELL,157397,2567.85,-
19-SEP-2022,TIINDIA,Tube Investments of India Ltd,ISHARES CORE MSCI EMERGING MARKETS ETF,BUY,157397,2567.85,-
19-SEP-2022,RECLTD,REC Ltd,ISHARES MSCI INDIA SMALL-CAP ETF,BUY,156597,104.05,-
19-SEP-2022,RECLTD,REC Ltd,ISHARES INDIA SC MAURITIUS COMPANY,SELL,156597,104.05,-
19-SEP-2022,MUTHOOTFIN,Muthoot Finance Ltd,ISHARES CORE MSCI EMERGING MARKETS ETF,BUY,154791,1033.4,-
19-SEP-2022,MUTHOOTFIN,Muthoot Finance Ltd,ISHARES CORE EMERGING MARKETS MAURITIUS CO,SELL,154791,1033.4,-
19-SEP-2022,NATIONALUM,National Aluminium Company Ltd,ISHARES MSCI INDIA SMALL-CAP ETF,BUY,153570,77.05,-
19-SEP-2022,NATIONALUM,National Aluminium Company Ltd,ISHARES INDIA SC MAURITIUS COMPANY,SELL,153570,77.05,-
19-SEP-2022,ALKYLAMINE,Alkyl Amines Chemicals Ltd-$,ISHARES CORE EMERGING MARKETS MAURITIUS CO,SELL,151309,3040.5,-
19-SEP-2022,ALKYLAMINE,Alkyl Amines Chemicals Ltd-$,ISHARES CORE MSCI EMERGING MARKETS ETF,BUY,151309,3040.5,-
19-SEP-2022,CENTURYPLY,Century Plyboards (India) Ltd-$,ISHARES CORE EMERGING MARKETS MAURITIUS CO,SELL,147206,687.6,-
19-SEP-2022,CENTURYPLY,Century Plyboards (India) Ltd-$,ISHARES CORE MSCI EMERGING MARKETS ETF,BUY,147206,687.6,-
19-SEP-2022,FSL,Firstsource Solutions Ltd,ISHARES INDIA SC MAURITIUS COMPANY,SELL,145784,108.25,-
19-SEP-2022,FSL,Firstsource Solutions Ltd,ISHARES MSCI INDIA SMALL-CAP ETF,BUY,145784,108.25,-
19-SEP-2022,UTIAMC,UTI Asset Management Company Ltd,ISHARES CORE MSCI EMERGING MARKETS ETF,BUY,143765,814.9,-
19-SEP-2022,UTIAMC,UTI Asset Management Company Ltd,ISHARES CORE EMERGING MARKETS MAURITIUS CO,SELL,143765,814.9,-
19-SEP-2022,PIDILITIND,Pidilite Industries Ltd,ISHARES CORE EMERGING MARKETS MAURITIUS CO,SELL,143118,2799.05,-
19-SEP-2022,PIDILITIND,Pidilite Industries Ltd,ISHARES CORE MSCI EMERGING MARKETS ETF,BUY,143118,2799.05,-
19-SEP-2022,TANLA,Tanla Platforms Ltd,ISHARES CORE EMERGING MARKETS MAURITIUS CO,SELL,139732,796.55,-
19-SEP-2022,TANLA,Tanla Platforms Ltd,ISHARES CORE MSCI EMERGING MARKETS ETF,BUY,139732,796.55,-
19-SEP-2022,CROMPTON,Crompton Greaves Consumer Electricals Ltd,ISHARES INDIA SC MAURITIUS COMPANY,SELL,139208,399.45,-
19-SEP-2022,CROMPTON,Crompton Greaves Consumer Electricals Ltd,ISHARES MSCI INDIA SMALL-CAP ETF,BUY,139208,399.45,-
19-SEP-2022,CESC,CESC Ltd,ISHARES MSCI INDIA SMALL-CAP ETF,BUY,138629,80.25,-
19-SEP-2022,CESC,CESC Ltd,ISHARES INDIA SC MAURITIUS COMPANY,SELL,138629,80.25,-
19-SEP-2022,SRF,SRF Ltd,ISHARES CORE MSCI EMERGING MARKETS ETF,BUY,136454,2703.95,-
19-SEP-2022,SRF,SRF Ltd,ISHARES CORE EMERGING MARKETS MAURITIUS CO,SELL,136454,2703.95,-
19-SEP-2022,GNFC,Gujarat Narmada Valley Fertilizers & Chemicals Ltd,ISHARES CORE EMERGING MARKETS MAURITIUS CO,SELL,136117,725.3,-
19-SEP-2022,GNFC,Gujarat Narmada Valley Fertilizers & Chemicals Ltd,ISHARES CORE MSCI EMERGING MARKETS ETF,BUY,136117,725.3,-
19-SEP-2022,ZENSARTECH,Zensar Technologies Ltd,ISHARES INDIA SC MAURITIUS COMPANY,SELL,134919,225.15,-
19-SEP-2022,ZENSARTECH,Zensar Technologies Ltd,ISHARES MSCI INDIA SMALL-CAP ETF,BUY,134919,225.15,-
19-SEP-2022,MOTILALOFS,Motilal Oswal Financial Services Ltd,ISHARES CORE EMERGING MARKETS MAURITIUS CO,SELL,132746,756.8,-
19-SEP-2022,MOTILALOFS,Motilal Oswal Financial Services Ltd,ISHARES CORE MSCI EMERGING MARKETS ETF,BUY,132746,756.8,-
19-SEP-2022,TATACHEM,Tata Chemicals Ltd,ISHARES CORE EMERGING MARKETS MAURITIUS CO,SELL,132442,1105.75,-
19-SEP-2022,TATACHEM,Tata Chemicals Ltd,ISHARES CORE MSCI EMERGING MARKETS ETF,BUY,132442,1105.75,-
19-SEP-2022,CARBORUNIV,Carborundum Universal Ltd,ISHARES CORE MSCI EMERGING MARKETS ETF,BUY,130746,876.45,-
19-SEP-2022,CARBORUNIV,Carborundum Universal Ltd,ISHARES CORE EMERGING MARKETS MAURITIUS CO,SELL,130746,876.45,-
19-SEP-2022,GHCL,GHCL Ltd,ISHARES CORE EMERGING MARKETS MAURITIUS CO,SELL,130329,670.95,-
19-SEP-2022,GHCL,GHCL Ltd,ISHARES CORE MSCI EMERGING MARKETS ETF,BUY,130329,670.95,-
19-SEP-2022,ABREL,Aditya Birla Real Estate Ltd,ISHARES CORE MSCI EMERGING MARKETS ETF,BUY,129292,880.55,-
19-SEP-2022,ABREL,Aditya Birla Real Estate Ltd,ISHARES CORE EMERGING MARKETS MAURITIUS CO,SELL,129292,880.55,-
19-SEP-2022,RAMCOCEM,The Ramco Cements Ltd,ISHARES CORE EMERGING MARKETS MAURITIUS CO,SELL,128058,763.4,-
19-SEP-2022,RAMCOCEM,The Ramco Cements Ltd,ISHARES CORE MSCI EMERGING MARKETS ETF,BUY,128058,763.4,-
19-SEP-2022,GPPL,Gujarat Pipavav Port Ltd,ISHARES MSCI INDIA SMALL-CAP ETF,BUY,122578,87.65,-
19-SEP-2022,GPPL,Gujarat Pipavav Port Ltd,ISHARES INDIA SC MAURITIUS COMPANY,SELL,122578,87.65,-
19-SEP-2022,MASTEK,Mastek Ltd,ISHARES CORE EMERGING MARKETS MAURITIUS CO,SELL,120787,1835.8,-
19-SEP-2022,MASTEK,Mastek Ltd,ISHARES CORE MSCI EMERGING MARKETS ETF,BUY,120787,1835.8,-
19-SEP-2022,VMART,V-Mart Retail Ltd,ISHARES CORE EMERGING MARKETS MAURITIUS CO,SELL,120389,2840.05,-
19-SEP-2022,VMART,V-Mart Retail Ltd,ISHARES CORE MSCI EMERGING MARKETS ETF,BUY,120389,2840.05,-
19-SEP-2022,DEEPAKFERT,Deepak Fertilisers & Petrochemicals Corporation Ltd,ISHARES CORE MSCI EMERGING MARKETS ETF,BUY,120229,888.7,-
19-SEP-2022,DEEPAKFERT,Deepak Fertilisers & Petrochemicals Corporation Ltd,ISHARES CORE EMERGING MARKETS MAURITIUS CO,SELL,120229,888.7,-
19-SEP-2022,MANAPPURAM,Manappuram Finance Ltd,ISHARES INDIA SC MAURITIUS COMPANY,SELL,118023,99.15,-
19-SEP-2022,MANAPPURAM,Manappuram Finance Ltd,ISHARES MSCI INDIA SMALL-CAP ETF,BUY,118023,99.15,-
19-SEP-2022,CYIENT,Cyient Ltd,ISHARES CORE MSCI EMERGING MARKETS ETF,BUY,117673,827.15,-
19-SEP-2022,CYIENT,Cyient Ltd,ISHARES CORE EMERGING MARKETS MAURITIUS CO,SELL,117673,827.15,-
19-SEP-2022,DIVISLAB,Divis Laboratories Ltd,ISHARES CORE EMERGING MARKETS MAURITIUS CO,SELL,117596,3573.7,-
19-SEP-2022,DIVISLAB,Divis Laboratories Ltd,ISHARES CORE MSCI EMERGING MARKETS ETF,BUY,117596,3573.7,-
19-SEP-2022,MGL,Mahanagar Gas Ltd,ISHARES CORE EMERGING MARKETS MAURITIUS CO,SELL,116148,850.25,-
19-SEP-2022,MGL,Mahanagar Gas Ltd,ISHARES CORE MSCI EMERGING MARKETS ETF,BUY,116148,850.25,-
19-SEP-2022,INDIANB,Indian Bank,ISHARES INDIA SC MAURITIUS COMPANY,SELL,115777,195.9,-
19-SEP-2022,INDIANB,Indian Bank,ISHARES MSCI INDIA SMALL-CAP ETF,BUY,115777,195.9,-
19-SEP-2022,HAPPSTMNDS,Happiest Minds Technologies Ltd,ISHARES CORE MSCI EMERGING MARKETS ETF,BUY,115158,1017.1,-
19-SEP-2022,HAPPSTMNDS,Happiest Minds Technologies Ltd,ISHARES CORE EMERGING MARKETS MAURITIUS CO,SELL,115158,1017.1,-
19-SEP-2022,APLAPOLLO,APL Apollo Tubes Ltd,ISHARES CORE EMERGING MARKETS MAURITIUS CO,SELL,114805,1066.75,-
19-SEP-2022,APLAPOLLO,APL Apollo Tubes Ltd,ISHARES CORE MSCI EMERGING MARKETS ETF,BUY,114805,1066.75,-
19-SEP-2022,FINPIPE,Finolex Industries Ltd,ISHARES MSCI INDIA SMALL-CAP ETF,BUY,114310,142.9,-
19-SEP-2022,FINPIPE,Finolex Industries Ltd,ISHARES INDIA SC MAURITIUS COMPANY,SELL,114310,142.9,-
19-SEP-2022,ZEEL,Zee Entertainment Enterprises Ltd,ISHARES MSCI INDIA SMALL-CAP ETF,BUY,114244,261.2,-
19-SEP-2022,ZEEL,Zee Entertainment Enterprises Ltd,ISHARES INDIA SC MAURITIUS COMPANY,SELL,114244,261.2,-
19-SEP-2022,BRITANNIA,Britannia Industries Ltd,ISHARES CORE MSCI EMERGING MARKETS ETF,BUY,113593,3639.55,-
19-SEP-2022,BRITANNIA,Britannia Industries Ltd,ISHARES CORE EMERGING MARKETS MAURITIUS CO,SELL,113593,3639.55,-
19-SEP-2022,SUNDRMFAST,Sundram Fasteners Ltd,ISHARES CORE EMERGING MARKETS MAURITIUS CO,SELL,113585,902.4,-
19-SEP-2022,SUNDRMFAST,Sundram Fasteners Ltd,ISHARES CORE MSCI EMERGING MARKETS ETF,BUY,113585,902.4,-
19-SEP-2022,TTML,Tata Teleservices (Maharashtra) Ltd,ISHARES MSCI INDIA SMALL-CAP ETF,BUY,113558,118.25,-
19-SEP-2022,TTML,Tata Teleservices (Maharashtra) Ltd,ISHARES INDIA SC MAURITIUS COMPANY,SELL,113558,118.25,-
19-SEP-2022,BDL,Bharat Dynamics Ltd,ISHARES CORE EMERGING MARKETS MAURITIUS CO,SELL,113447,920.95,-
19-SEP-2022,BDL,Bharat Dynamics Ltd,ISHARES CORE MSCI EMERGING MARKETS ETF,BUY,113447,920.95,-
19-SEP-2022,CUMMINSIND,Cummins India Ltd,ISHARES CORE EMERGING MARKETS MAURITIUS CO,SELL,113368,1191.4,-
19-SEP-2022,CUMMINSIND,Cummins India Ltd,ISHARES CORE MSCI EMERGING MARKETS ETF,BUY,113368,1191.4,-
19-SEP-2022,MAXHEALTH,Max Healthcare Institute Ltd,ISHARES INDIA SC MAURITIUS COMPANY,SELL,112125,434.2,-
19-SEP-2022,MAXHEALTH,Max Healthcare Institute Ltd,ISHARES MSCI INDIA SMALL-CAP ETF,BUY,112125,434.2,-
19-SEP-2022,DEEPAKNTR,Deepak Nitrite Ltd-$,ISHARES CORE EMERGING MARKETS MAURITIUS CO,SELL,111291,2108.05,-
19-SEP-2022,DEEPAKNTR,Deepak Nitrite Ltd-$,ISHARES CORE MSCI EMERGING MARKETS ETF,BUY,111291,2108.05,-
19-SEP-2022,GODREJPROP,Godrej Properties Ltd,ISHARES CORE EMERGING MARKETS MAURITIUS CO,SELL,109991,1331.0,-
19-SEP-2022,GODREJPROP,Godrej Properties Ltd,ISHARES CORE MSCI EMERGING MARKETS ETF,BUY,109991,1331.0,-
19-SEP-2022,COLPAL,Colgate Palmolive (India) Ltd,ISHARES CORE EMERGING MARKETS MAURITIUS CO,SELL,108167,1563.25,-
19-SEP-2022,COLPAL,Colgate Palmolive (India) Ltd,ISHARES CORE MSCI EMERGING MARKETS ETF,BUY,108167,1563.25,-
19-SEP-2022,BAJAJ-AUTO,Bajaj Auto Ltd,ISHARES CORE MSCI EMERGING MARKETS ETF,BUY,107712,3689.55,-
19-SEP-2022,BAJAJ-AUTO,Bajaj Auto Ltd,ISHARES CORE EMERGING MARKETS MAURITIUS CO,SELL,107712,3689.55,-
19-SEP-2022,MARUTI,Maruti Suzuki India Ltd,ISHARES CORE EMERGING MARKETS MAURITIUS CO,SELL,106393,9189.65,-
19-SEP-2022,MARUTI,Maruti Suzuki India Ltd,ISHARES CORE MSCI EMERGING MARKETS ETF,BUY,106393,9189.65,-
19-SEP-2022,ABCAPITAL,Aditya Birla Capital Ltd,ISHARES INDIA SC MAURITIUS COMPANY,SELL,105494,115.65,-
19-SEP-2022,ABCAPITAL,Aditya Birla Capital Ltd,ISHARES MSCI INDIA SMALL-CAP ETF,BUY,105494,115.65,-
19-SEP-2022,RALLIS,Rallis India Ltd,ISHARES MSCI INDIA SMALL-CAP ETF,BUY,103900,227.55,-
19-SEP-2022,RALLIS,Rallis India Ltd,ISHARES INDIA SC MAURITIUS COMPANY,SELL,103900,227.55,-
19-SEP-2022,INDHOTEL,Indian Hotels Company Ltd,ISHARES MSCI INDIA SMALL-CAP ETF,BUY,103242,322.0,-
19-SEP-2022,INDHOTEL,Indian Hotels Company Ltd,ISHARES INDIA SC MAURITIUS COMPANY,SELL,103242,322.0,-
19-SEP-2022,SAMMAANCAP,Sammaan Capital Ltd,ISHARES MSCI INDIA SMALL-CAP ETF,BUY,102083,127.25,-
19-SEP-2022,SAMMAANCAP,Sammaan Capital Ltd,ISHARES INDIA SC MAURITIUS COMPANY,SELL,102083,127.25,-
19-SEP-2022,RBLBANK,RBL Bank Ltd,ISHARES INDIA SC MAURITIUS COMPANY,SELL,101986,124.35,-
19-SEP-2022,RBLBANK,RBL Bank Ltd,ISHARES MSCI INDIA SMALL-CAP ETF,BUY,101986,124.35,-
19-SEP-2022,CREDITACC,CreditAccess Grameen Ltd,ISHARES CORE MSCI EMERGING MARKETS ETF,BUY,101683,1012.65,-
19-SEP-2022,CREDITACC,CreditAccess Grameen Ltd,ISHARES CORE EMERGING MARKETS MAURITIUS CO,SELL,101683,1012.65,-
19-SEP-2022,DRREDDY,Dr Reddys Laboratories Ltd,ISHARES CORE MSCI EMERGING MARKETS ETF,BUY,101622,4077.35,-
19-SEP-2022,DRREDDY,Dr Reddys Laboratories Ltd,ISHARES CORE EMERGING MARKETS MAURITIUS CO,SELL,101622,4077.35,-
19-SEP-2022,PEL,Piramal Enterprises Ltd,ISHARES CORE MSCI EMERGING MARKETS ETF,BUY,100645,964.55,-
19-SEP-2022,PEL,Piramal Enterprises Ltd,ISHARES CORE EMERGING MARKETS MAURITIUS CO,SELL,100645,964.55,-
19-SEP-2022,HEROMOTOCO,Hero MotoCorp Ltd,ISHARES CORE EMERGING MARKETS MAURITIUS CO,SELL,98258,2685.2,-
19-SEP-2022,HEROMOTOCO,Hero MotoCorp Ltd,ISHARES CORE MSCI EMERGING MARKETS ETF,BUY,98258,2685.2,-
19-SEP-2022,NIITLTD,NIIT Ltd,ISHARES INDIA SC MAURITIUS COMPANY,SELL,98064,336.35,-
19-SEP-2022,NIITLTD,NIIT Ltd,ISHARES MSCI INDIA SMALL-CAP ETF,BUY,98064,336.35,-
19-SEP-2022,TATACOMM,Tata Communications Ltd,ISHARES CORE EMERGING MARKETS MAURITIUS CO,SELL,94790,1203.5,-
19-SEP-2022,TATACOMM,Tata Communications Ltd,ISHARES CORE MSCI EMERGING MARKETS ETF,BUY,94790,1203.5,-
19-SEP-2022,RADICO,Radico Khaitan Ltd,ISHARES CORE EMERGING MARKETS MAURITIUS CO,SELL,93471,1080.85,-
19-SEP-2022,RADICO,Radico Khaitan Ltd,ISHARES CORE MSCI EMERGING MARKETS ETF,BUY,93471,1080.85,-
19-SEP-2022,BLUESTARCO,Blue Star Ltd,ISHARES CORE MSCI EMERGING MARKETS ETF,BUY,93033,1088.0,-
19-SEP-2022,BLUESTARCO,Blue Star Ltd,ISHARES CORE EMERGING MARKETS MAURITIUS CO,SELL,93033,1088.0,-
19-SEP-2022,INDIGO,InterGlobe Aviation Ltd,ISHARES CORE EMERGING MARKETS MAURITIUS CO,SELL,90712,1836.05,-
19-SEP-2022,INDIGO,InterGlobe Aviation Ltd,ISHARES CORE MSCI EMERGING MARKETS ETF,BUY,90712,1836.05,-
19-SEP-2022,ULTRACEMCO,UltraTech Cement Ltd,ISHARES CORE EMERGING MARKETS MAURITIUS CO,SELL,90294,6481.4,-
19-SEP-2022,ULTRACEMCO,UltraTech Cement Ltd,ISHARES CORE MSCI EMERGING MARKETS ETF,BUY,90294,6481.4,-
19-SEP-2022,TORNTPHARM,Torrent Pharmaceuticals Ltd,ISHARES CORE MSCI EMERGING MARKETS ETF,BUY,89889,1478.7,-
19-SEP-2022,TORNTPHARM,Torrent Pharmaceuticals Ltd,ISHARES CORE EMERGING MARKETS MAURITIUS CO,SELL,89889,1478.7,-
19-SEP-2022,CEATLTD,Ceat Ltd,ISHARES CORE EMERGING MARKETS MAURITIUS CO,SELL,89746,1597.25,-
19-SEP-2022,CEATLTD,Ceat Ltd,ISHARES CORE MSCI EMERGING MARKETS ETF,BUY,89746,1597.25,-
19-SEP-2022,BIRLACORPN,Birla Corporation Ltd,ISHARES CORE MSCI EMERGING MARKETS ETF,BUY,89301,1083.85,-
19-SEP-2022,BIRLACORPN,Birla Corporation Ltd,ISHARES CORE EMERGING MARKETS MAURITIUS CO,SELL,89301,1083.85,-
19-SEP-2022,APOLLOHOSP,Apollo Hospitals Enterprise Ltd,ISHARES CORE MSCI EMERGING MARKETS ETF,BUY,89097,4279.75,-
19-SEP-2022,APOLLOHOSP,Apollo Hospitals Enterprise Ltd,ISHARES CORE EMERGING MARKETS MAURITIUS CO,SELL,89097,4279.75,-
19-SEP-2022,SAREGAMA,Saregama India Ltd,ISHARES MSCI INDIA SMALL-CAP ETF,BUY,88678,385.7,-
19-SEP-2022,SAREGAMA,Saregama India Ltd,ISHARES INDIA SC MAURITIUS COMPANY,SELL,88678,385.7,-
19-SEP-2022,BATAINDIA,Bata India Ltd,ISHARES CORE MSCI EMERGING MARKETS ETF,BUY,88294,1840.2,-
19-SEP-2022,BATAINDIA,Bata India Ltd,ISHARES CORE EMERGING MARKETS MAURITIUS CO,SELL,88294,1840.2,-
19-SEP-2022,BAJAJELEC,Bajaj Electricals Ltd-$,ISHARES CORE EMERGING MARKETS MAURITIUS CO,SELL,87670,1120.6,-
19-SEP-2022,BAJAJELEC,Bajaj Electricals Ltd-$,ISHARES CORE MSCI EMERGING MARKETS ETF,BUY,87670,1120.6,-
19-SEP-2022,RAYMOND,Raymond Ltd,ISHARES CORE EMERGING MARKETS MAURITIUS CO,SELL,87190,1147.75,-
19-SEP-2022,RAYMOND,Raymond Ltd,ISHARES CORE MSCI EMERGING MARKETS ETF,BUY,87190,1147.75,-
19-SEP-2022,RAIN,Rain Industries Ltd,ISHARES INDIA SC MAURITIUS COMPANY,SELL,85984,177.35,-
19-SEP-2022,RAIN,Rain Industries Ltd,ISHARES MSCI INDIA SMALL-CAP ETF,BUY,85984,177.35,-
19-SEP-2022,ASTRAL,Astral Ltd,ISHARES CORE EMERGING MARKETS MAURITIUS CO,SELL,84989,2338.8,-
19-SEP-2022,ASTRAL,Astral Ltd,ISHARES CORE MSCI EMERGING MARKETS ETF,BUY,84989,2338.8,-
19-SEP-2022,JUBLPHARMA,Jubilant Pharmova Ltd,ISHARES INDIA SC MAURITIUS COMPANY,SELL,84898,313.3,-
19-SEP-2022,JUBLPHARMA,Jubilant Pharmova Ltd,ISHARES MSCI INDIA SMALL-CAP ETF,BUY,84898,313.3,-
19-SEP-2022,RELAXO,Relaxo Footwears Ltd-$,ISHARES CORE EMERGING MARKETS MAURITIUS CO,SELL,84412,1078.0,-
19-SEP-2022,RELAXO,Relaxo Footwears Ltd-$,ISHARES CORE MSCI EMERGING MARKETS ETF,BUY,84412,1078.0,-
19-SEP-2022,REDINGTON,Redington Ltd,ISHARES INDIA SC MAURITIUS COMPANY,SELL,84140,153.25,-
19-SEP-2022,REDINGTON,Redington Ltd,ISHARES MSCI INDIA SMALL-CAP ETF,BUY,84140,153.25,-
19-SEP-2022,360ONE,360 ONE WAM LTD,ISHARES CORE EMERGING MARKETS MAURITIUS CO,SELL,83619,1819.15,-
19-SEP-2022,360ONE,360 ONE WAM LTD,ISHARES CORE MSCI EMERGING MARKETS ETF,BUY,83619,1819.15,-
19-SEP-2022,COROMANDEL,Coromandel International Ltd,ISHARES CORE EMERGING MARKETS MAURITIUS CO,SELL,83325,1013.75,-
19-SEP-2022,COROMANDEL,Coromandel International Ltd,ISHARES CORE MSCI EMERGING MARKETS ETF,BUY,83325,1013.75,-
19-SEP-2022,STLTECH,Sterlite Technologies Ltd,ISHARES INDIA SC MAURITIUS COMPANY,SELL,83211,178.35,-
19-SEP-2022,STLTECH,Sterlite Technologies Ltd,ISHARES MSCI INDIA SMALL-CAP ETF,BUY,83211,178.35,-
19-SEP-2022,KAJARIACER,Kajaria Ceramics Ltd,ISHARES CORE EMERGING MARKETS MAURITIUS CO,SELL,82831,1237.6,-
19-SEP-2022,KAJARIACER,Kajaria Ceramics Ltd,ISHARES CORE MSCI EMERGING MARKETS ETF,BUY,82831,1237.6,-
19-SEP-2022,BALKRISIND,Balkrishna Industries Ltd-$,ISHARES CORE MSCI EMERGING MARKETS ETF,BUY,82398,1909.1,-
19-SEP-2022,BALKRISIND,Balkrishna Industries Ltd-$,ISHARES CORE EMERGING MARKETS MAURITIUS CO,SELL,82398,1909.1,-
19-SEP-2022,IEX,Indian Energy Exchange Ltd,ISHARES MSCI INDIA SMALL-CAP ETF,BUY,80934,156.85,-
19-SEP-2022,IEX,Indian Energy Exchange Ltd,ISHARES INDIA SC MAURITIUS COMPANY,SELL,80934,156.85,-
19-SEP-2022,LTM,LTM Ltd,ISHARES CORE EMERGING MARKETS MAURITIUS CO,SELL,80733,4379.5,-
19-SEP-2022,LTM,LTM Ltd,ISHARES CORE MSCI EMERGING MARKETS ETF,BUY,80733,4379.5,-
19-SEP-2022,AJANTPHARM,Ajanta Pharma Ltd,ISHARES CORE EMERGING MARKETS MAURITIUS CO,SELL,79406,1279.95,-
19-SEP-2022,AJANTPHARM,Ajanta Pharma Ltd,ISHARES CORE MSCI EMERGING MARKETS ETF,BUY,79406,1279.95,-
19-SEP-2022,PNBHOUSING,PNB Housing Finance Ltd,ISHARES MSCI INDIA SMALL-CAP ETF,BUY,77940,411.0,-
19-SEP-2022,PNBHOUSING,PNB Housing Finance Ltd,ISHARES INDIA SC MAURITIUS COMPANY,SELL,77940,411.0,-
19-SEP-2022,STAR,Strides Pharma Science Ltd,ISHARES INDIA SC MAURITIUS COMPANY,SELL,76910,309.0,-
19-SEP-2022,STAR,Strides Pharma Science Ltd,ISHARES MSCI INDIA SMALL-CAP ETF,BUY,76910,309.0,-
19-SEP-2022,KIMS,Krishna Institute of Medical Sciences Ltd,ISHARES CORE EMERGING MARKETS MAURITIUS CO,SELL,76556,1223.25,-
19-SEP-2022,KIMS,Krishna Institute of Medical Sciences Ltd,ISHARES CORE MSCI EMERGING MARKETS ETF,BUY,76556,1223.25,-
19-SEP-2022,ANGELONE,Angel One Ltd,ISHARES CORE MSCI EMERGING MARKETS ETF,BUY,76436,1567.5,-
19-SEP-2022,ANGELONE,Angel One Ltd,ISHARES CORE EMERGING MARKETS MAURITIUS CO,SELL,76436,1567.5,-
19-SEP-2022,CGPOWER,CG Power and Industrial Solutions Ltd,ISHARES INDIA SC MAURITIUS COMPANY,SELL,76219,236.0,-
19-SEP-2022,CGPOWER,CG Power and Industrial Solutions Ltd,ISHARES MSCI INDIA SMALL-CAP ETF,BUY,76219,236.0,-
19-SEP-2022,KPITTECH,KPIT Technologies Ltd,ISHARES INDIA SC MAURITIUS COMPANY,SELL,75956,572.8,-
19-SEP-2022,KPITTECH,KPIT Technologies Ltd,ISHARES MSCI INDIA SMALL-CAP ETF,BUY,75956,572.8,-
19-SEP-2022,ABFRL,Aditya Birla Fashion and Retail Ltd,ISHARES INDIA SC MAURITIUS COMPANY,SELL,75886,326.7,-
19-SEP-2022,ABFRL,Aditya Birla Fashion and Retail Ltd,ISHARES MSCI INDIA SMALL-CAP ETF,BUY,75886,326.7,-
19-SEP-2022,MPHASIS,Mphasis Ltd,ISHARES CORE EMERGING MARKETS MAURITIUS CO,SELL,75121,2016.35,-
19-SEP-2022,MPHASIS,Mphasis Ltd,ISHARES CORE MSCI EMERGING MARKETS ETF,BUY,75121,2016.35,-
19-SEP-2022,DEVYANI,Devyani International Ltd,ISHARES MSCI INDIA SMALL-CAP ETF,BUY,74662,193.15,-
19-SEP-2022,DEVYANI,Devyani International Ltd,ISHARES INDIA SC MAURITIUS COMPANY,SELL,74662,193.15,-
19-SEP-2022,ASTRAZEN,AstraZeneca Pharma India Ltd,ISHARES CORE EMERGING MARKETS MAURITIUS CO,SELL,74097,3152.55,-
19-SEP-2022,ASTRAZEN,AstraZeneca Pharma India Ltd,ISHARES CORE MSCI EMERGING MARKETS ETF,BUY,74097,3152.55,-
19-SEP-2022,KEI,KEI Industries Ltd,ISHARES CORE EMERGING MARKETS MAURITIUS CO,SELL,73625,1501.65,-
19-SEP-2022,KEI,KEI Industries Ltd,ISHARES CORE MSCI EMERGING MARKETS ETF,BUY,73625,1501.65,-
19-SEP-2022,NAVINFLUOR,Navin Fluorine International Ltd-$,ISHARES CORE MSCI EMERGING MARKETS ETF,BUY,72632,4624.3,-
19-SEP-2022,NAVINFLUOR,Navin Fluorine International Ltd-$,ISHARES CORE EMERGING MARKETS MAURITIUS CO,SELL,72632,4624.3,-
19-SEP-2022,GLAXO,GlaxoSmithKline Pharmaceuticals Ltd,ISHARES CORE MSCI EMERGING MARKETS ETF,BUY,72154,1431.75,-
19-SEP-2022,GLAXO,GlaxoSmithKline Pharmaceuticals Ltd,ISHARES CORE EMERGING MARKETS MAURITIUS CO,SELL,72154,1431.75,-
19-SEP-2022,EIHOTEL,EIH Ltd,ISHARES INDIA SC MAURITIUS COMPANY,SELL,71910,184.4,-
19-SEP-2022,EIHOTEL,EIH Ltd,ISHARES MSCI INDIA SMALL-CAP ETF,BUY,71910,184.4,-
19-SEP-2022,POLYCAB,Polycab India Ltd,ISHARES CORE EMERGING MARKETS MAURITIUS CO,SELL,71654,2599.3,-
19-SEP-2022,POLYCAB,Polycab India Ltd,ISHARES CORE MSCI EMERGING MARKETS ETF,BUY,71654,2599.3,-
19-SEP-2022,SPARC,Sun Pharma Advanced Research Company Ltd,ISHARES MSCI INDIA SMALL-CAP ETF,BUY,71632,221.3,-
19-SEP-2022,SPARC,Sun Pharma Advanced Research Company Ltd,ISHARES INDIA SC MAURITIUS COMPANY,SELL,71632,221.3,-
19-SEP-2022,EXIDEIND,Exide Industries Ltd,ISHARES INDIA SC MAURITIUS COMPANY,SELL,71070,167.4,-
19-SEP-2022,EXIDEIND,Exide Industries Ltd,ISHARES MSCI INDIA SMALL-CAP ETF,BUY,71070,167.4,-
19-SEP-2022,AFFLE,Affle 3I Ltd,ISHARES CORE MSCI EMERGING MARKETS ETF,BUY,70938,1269.5,-
19-SEP-2022,AFFLE,Affle 3I Ltd,ISHARES CORE EMERGING MARKETS MAURITIUS CO,SELL,70938,1269.5,-
19-SEP-2022,ACC,ACC Ltd,ISHARES CORE EMERGING MARKETS MAURITIUS CO,SELL,69370,2611.5,-
19-SEP-2022,ACC,ACC Ltd,ISHARES CORE MSCI EMERGING MARKETS ETF,BUY,69370,2611.5,-
19-SEP-2022,DALBHARAT,Dalmia Bharat Ltd,ISHARES CORE MSCI EMERGING MARKETS ETF,BUY,68995,1687.15,-
19-SEP-2022,DALBHARAT,Dalmia Bharat Ltd,ISHARES CORE EMERGING MARKETS MAURITIUS CO,SELL,68995,1687.15,-
19-SEP-2022,ROUTE,Route Mobile Ltd,ISHARES CORE MSCI EMERGING MARKETS ETF,BUY,68907,1430.8,-
19-SEP-2022,ROUTE,Route Mobile Ltd,ISHARES CORE EMERGING MARKETS MAURITIUS CO,SELL,68907,1430.8,-
19-SEP-2022,JYOTHYLAB,Jyothy Labs Ltd,ISHARES MSCI INDIA SMALL-CAP ETF,BUY,68299,181.7,-
19-SEP-2022,JYOTHYLAB,Jyothy Labs Ltd,ISHARES INDIA SC MAURITIUS COMPANY,SELL,68299,181.7,-
19-SEP-2022,SIEMENS,Siemens Ltd,ISHARES CORE EMERGING MARKETS MAURITIUS CO,SELL,67410,2959.15,-
19-SEP-2022,SIEMENS,Siemens Ltd,ISHARES CORE MSCI EMERGING MARKETS ETF,BUY,67410,2959.15,-
19-SEP-2022,CUB,City Union Bank Ltd,ISHARES MSCI INDIA SMALL-CAP ETF,BUY,67323,178.25,-
19-SEP-2022,CUB,City Union Bank Ltd,ISHARES INDIA SC MAURITIUS COMPANY,SELL,67323,178.25,-
19-SEP-2022,PHOENIXLTD,The Phoenix Mills Ltd,ISHARES CORE EMERGING MARKETS MAURITIUS CO,SELL,67156,1352.2,-
19-SEP-2022,PHOENIXLTD,The Phoenix Mills Ltd,ISHARES CORE MSCI EMERGING MARKETS ETF,BUY,67156,1352.2,-
19-SEP-2022,METROPOLIS,Metropolis Healthcare Ltd,ISHARES CORE MSCI EMERGING MARKETS ETF,BUY,65589,1363.3,-
19-SEP-2022,METROPOLIS,Metropolis Healthcare Ltd,ISHARES CORE EMERGING MARKETS MAURITIUS CO,SELL,65589,1363.3,-
19-SEP-2022,NAUKRI,Info Edge (India) Ltd,ISHARES CORE EMERGING MARKETS MAURITIUS CO,SELL,65427,4121.65,-
19-SEP-2022,NAUKRI,Info Edge (India) Ltd,ISHARES CORE MSCI EMERGING MARKETS ETF,BUY,65427,4121.65,-
19-SEP-2022,OIL,Oil India Ltd,ISHARES INDIA SC MAURITIUS COMPANY,SELL,63005,187.0,-
19-SEP-2022,OIL,Oil India Ltd,ISHARES MSCI INDIA SMALL-CAP ETF,BUY,63005,187.0,-
19-SEP-2022,CAMS,Computer Age Management Services Ltd,ISHARES CORE EMERGING MARKETS MAURITIUS CO,SELL,62629,2535.2,-
19-SEP-2022,CAMS,Computer Age Management Services Ltd,ISHARES CORE MSCI EMERGING MARKETS ETF,BUY,62629,2535.2,-
19-SEP-2022,ENDURANCE,Endurance Technologies Ltd,ISHARES CORE EMERGING MARKETS MAURITIUS CO,SELL,62282,1470.05,-
19-SEP-2022,ENDURANCE,Endurance Technologies Ltd,ISHARES CORE MSCI EMERGING MARKETS ETF,BUY,62282,1470.05,-
19-SEP-2022,IIFL,IIFL Finance Ltd,ISHARES MSCI INDIA SMALL-CAP ETF,BUY,61776,361.9,-
19-SEP-2022,IIFL,IIFL Finance Ltd,ISHARES INDIA SC MAURITIUS COMPANY,SELL,61776,361.9,-
19-SEP-2022,AAVAS,AAVAS Financiers Ltd,ISHARES CORE EMERGING MARKETS MAURITIUS CO,SELL,60834,2164.4,-
19-SEP-2022,AAVAS,AAVAS Financiers Ltd,ISHARES CORE MSCI EMERGING MARKETS ETF,BUY,60834,2164.4,-
19-SEP-2022,BORORENEW,Borosil Renewables Ltd,ISHARES INDIA SC MAURITIUS COMPANY,SELL,60551,571.25,-
19-SEP-2022,BORORENEW,Borosil Renewables Ltd,ISHARES MSCI INDIA SMALL-CAP ETF,BUY,60551,571.25,-
19-SEP-2022,FORTIS,Fortis Healthcare Ltd,ISHARES INDIA SC MAURITIUS COMPANY,SELL,59863,297.2,-
19-SEP-2022,FORTIS,Fortis Healthcare Ltd,ISHARES MSCI INDIA SMALL-CAP ETF,BUY,59863,297.2,-
19-SEP-2022,DBL,Dilip Buildcon Ltd,ISHARES MSCI INDIA SMALL-CAP ETF,BUY,59572,233.55,-
19-SEP-2022,DBL,Dilip Buildcon Ltd,ISHARES INDIA SC MAURITIUS COMPANY,SELL,59572,233.55,-
19-SEP-2022,SUPREMEIND,Supreme Industries Ltd,ISHARES CORE MSCI EMERGING MARKETS ETF,BUY,59286,2021.85,-
19-SEP-2022,SUPREMEIND,Supreme Industries Ltd,ISHARES CORE EMERGING MARKETS MAURITIUS CO,SELL,59286,2021.85,-
19-SEP-2022,ORIENTELEC,Orient Electric Ltd,ISHARES MSCI INDIA SMALL-CAP ETF,BUY,58913,270.55,-
19-SEP-2022,ORIENTELEC,Orient Electric Ltd,ISHARES INDIA SC MAURITIUS COMPANY,SELL,58913,270.55,-
19-SEP-2022,GMMPFAUDLR,GMM Pfaudler Ltd,ISHARES CORE MSCI EMERGING MARKETS ETF,BUY,56332,1870.8,-
19-SEP-2022,GMMPFAUDLR,GMM Pfaudler Ltd,ISHARES CORE EMERGING MARKETS MAURITIUS CO,SELL,56332,1870.8,-
19-SEP-2022,IRB,IRB Infrastructure Developers Ltd,ISHARES MSCI INDIA SMALL-CAP ETF,BUY,56139,226.35,-
19-SEP-2022,IRB,IRB Infrastructure Developers Ltd,ISHARES INDIA SC MAURITIUS COMPANY,SELL,56139,226.35,-
19-SEP-2022,WHIRLPOOL,Whirlpool of India Ltd,ISHARES CORE EMERGING MARKETS MAURITIUS CO,SELL,56025,1713.45,-
19-SEP-2022,WHIRLPOOL,Whirlpool of India Ltd,ISHARES CORE MSCI EMERGING MARKETS ETF,BUY,56025,1713.45,-
19-SEP-2022,CANBK,Canara Bank,ISHARES INDIA SC MAURITIUS COMPANY,SELL,55836,244.35,-
19-SEP-2022,CANBK,Canara Bank,ISHARES MSCI INDIA SMALL-CAP ETF,BUY,55836,244.35,-
19-SEP-2022,MINDTREE,MindTree Ltd,ISHARES CORE EMERGING MARKETS MAURITIUS CO,SELL,55146,3111.05,-
19-SEP-2022,MINDTREE,MindTree Ltd,ISHARES CORE MSCI EMERGING MARKETS ETF,BUY,55146,3111.05,-
19-SEP-2022,SHRIRAMCIT,Shriram City Union Finance Ltd,ISHARES CORE MSCI EMERGING MARKETS ETF,BUY,54985,1863.9,-
19-SEP-2022,SHRIRAMCIT,Shriram City Union Finance Ltd,ISHARES CORE EMERGING MARKETS MAURITIUS CO,SELL,54985,1863.9,-
19-SEP-2022,WELCORP,Welspun Corp Ltd,ISHARES INDIA SC MAURITIUS COMPANY,SELL,54491,247.2,-
19-SEP-2022,WELCORP,Welspun Corp Ltd,ISHARES MSCI INDIA SMALL-CAP ETF,BUY,54491,247.2,-
19-SEP-2022,CLEAN,Clean Science and Technology Ltd,ISHARES CORE MSCI EMERGING MARKETS ETF,BUY,53301,1888.7,-
19-SEP-2022,CLEAN,Clean Science and Technology Ltd,ISHARES CORE EMERGING MARKETS MAURITIUS CO,SELL,53301,1888.7,-
19-SEP-2022,VGUARD,V-Guard Industries Ltd,ISHARES INDIA SC MAURITIUS COMPANY,SELL,53105,235.25,-
19-SEP-2022,VGUARD,V-Guard Industries Ltd,ISHARES MSCI INDIA SMALL-CAP ETF,BUY,53105,235.25,-
19-SEP-2022,POONAWALLA,Poonawalla Fincorp Ltd,ISHARES MSCI INDIA SMALL-CAP ETF,BUY,52875,313.6,-
19-SEP-2022,POONAWALLA,Poonawalla Fincorp Ltd,ISHARES INDIA SC MAURITIUS COMPANY,SELL,52875,313.6,-
19-SEP-2022,CIEINDIA,CIE Automotive India Ltd,ISHARES MSCI INDIA SMALL-CAP ETF,BUY,52865,281.25,-
19-SEP-2022,CIEINDIA,CIE Automotive India Ltd,ISHARES INDIA SC MAURITIUS COMPANY,SELL,52865,281.25,-
19-SEP-2022,UNOMINDA,UNO Minda Ltd-$,ISHARES MSCI INDIA SMALL-CAP ETF,BUY,52783,543.7,-
19-SEP-2022,UNOMINDA,UNO Minda Ltd-$,ISHARES INDIA SC MAURITIUS COMPANY,SELL,52783,543.7,-
19-SEP-2022,GSPL,Gujarat State Petronet Ltd,ISHARES INDIA SC MAURITIUS COMPANY,SELL,51985,244.8,-
19-SEP-2022,GSPL,Gujarat State Petronet Ltd,ISHARES MSCI INDIA SMALL-CAP ETF,BUY,51985,244.8,-
19-SEP-2022,BSOFT,Birlasoft Ltd,ISHARES MSCI INDIA SMALL-CAP ETF,BUY,51940,308.1,-
19-SEP-2022,BSOFT,Birlasoft Ltd,ISHARES INDIA SC MAURITIUS COMPANY,SELL,51940,308.1,-
19-SEP-2022,PVRINOX,PVR Inox Ltd,ISHARES CORE MSCI EMERGING MARKETS ETF,BUY,50854,1761.25,-
19-SEP-2022,PVRINOX,PVR Inox Ltd,ISHARES CORE EMERGING MARKETS MAURITIUS CO,SELL,50854,1761.25,-
19-SEP-2022,DIXON,Dixon Technologies (India) Ltd,ISHARES CORE EMERGING MARKETS MAURITIUS CO,SELL,50466,4446.7,-
19-SEP-2022,DIXON,Dixon Technologies (India) Ltd,ISHARES CORE MSCI EMERGING MARKETS ETF,BUY,50466,4446.7,-
19-SEP-2022,FLUOROCHEM,Gujarat Fluorochemicals Ltd,ISHARES CORE EMERGING MARKETS MAURITIUS CO,SELL,48325,3549.7,-
19-SEP-2022,FLUOROCHEM,Gujarat Fluorochemicals Ltd,ISHARES CORE MSCI EMERGING MARKETS ETF,BUY,48325,3549.7,-
19-SEP-2022,MEDPLUS,Medplus Health Services Ltd,ISHARES MSCI INDIA SMALL-CAP ETF,BUY,47593,675.6,-
19-SEP-2022,MEDPLUS,Medplus Health Services Ltd,ISHARES INDIA SC MAURITIUS COMPANY,SELL,47593,675.6,-
19-SEP-2022,SUMICHEM,Sumitomo Chemical India Ltd,ISHARES MSCI INDIA SMALL-CAP ETF,BUY,46401,524.05,-
19-SEP-2022,SUMICHEM,Sumitomo Chemical India Ltd,ISHARES INDIA SC MAURITIUS COMPANY,SELL,46401,524.05,-
19-SEP-2022,LAURUSLABS,Laurus Labs Ltd,ISHARES INDIA SC MAURITIUS COMPANY,SELL,46159,516.75,-
19-SEP-2022,LAURUSLABS,Laurus Labs Ltd,ISHARES MSCI INDIA SMALL-CAP ETF,BUY,46159,516.75,-
19-SEP-2022,GRANULES,Granules India Ltd-$,ISHARES MSCI INDIA SMALL-CAP ETF,BUY,46110,316.05,-
19-SEP-2022,GRANULES,Granules India Ltd-$,ISHARES INDIA SC MAURITIUS COMPANY,SELL,46110,316.05,-
19-SEP-2022,POLYPLEX,Polyplex Corporation Ltd,ISHARES CORE EMERGING MARKETS MAURITIUS CO,SELL,45980,2018.85,-
19-SEP-2022,POLYPLEX,Polyplex Corporation Ltd,ISHARES CORE MSCI EMERGING MARKETS ETF,BUY,45980,2018.85,-
19-SEP-2022,MINDSPACE,MINDSPACE,ISHARES MSCI INDIA SMALL-CAP ETF,BUY,45940,378.27,-
19-SEP-2022,MINDSPACE,MINDSPACE,ISHARES INDIA SC MAURITIUS COMPANY,SELL,45940,378.27,-
19-SEP-2022,PERSISTENT,Persistent Systems Ltd,ISHARES CORE MSCI EMERGING MARKETS ETF,BUY,45719,3161.1,-
19-SEP-2022,PERSISTENT,Persistent Systems Ltd,ISHARES CORE EMERGING MARKETS MAURITIUS CO,SELL,45719,3161.1,-
19-SEP-2022,AEGISLOG,Aegis Logistics Ltd,ISHARES INDIA SC MAURITIUS COMPANY,SELL,43072,281.8,-
19-SEP-2022,AEGISLOG,Aegis Logistics Ltd,ISHARES MSCI INDIA SMALL-CAP ETF,BUY,43072,281.8,-
19-SEP-2022,SOLARINDS,Solar Industries India Ltd,ISHARES CORE MSCI EMERGING MARKETS ETF,BUY,42845,3578.75,-
19-SEP-2022,SOLARINDS,Solar Industries India Ltd,ISHARES CORE EMERGING MARKETS MAURITIUS CO,SELL,42845,3578.75,-
19-SEP-2022,APOLLOTYRE,Apollo Tyres Ltd,ISHARES INDIA SC MAURITIUS COMPANY,SELL,41885,282.85,-
19-SEP-2022,APOLLOTYRE,Apollo Tyres Ltd,ISHARES MSCI INDIA SMALL-CAP ETF,BUY,41885,282.85,-
19-SEP-2022,THERMAX,Thermax Ltd,ISHARES CORE MSCI EMERGING MARKETS ETF,BUY,41105,2561.1,-
19-SEP-2022,THERMAX,Thermax Ltd,ISHARES CORE EMERGING MARKETS MAURITIUS CO,SELL,41105,2561.1,-
19-SEP-2022,AIAENG,AIA Engineering Ltd,ISHARES CORE EMERGING MARKETS MAURITIUS CO,SELL,40988,2506.7,-
19-SEP-2022,AIAENG,AIA Engineering Ltd,ISHARES CORE MSCI EMERGING MARKETS ETF,BUY,40988,2506.7,-
19-SEP-2022,AMBER,Amber Enterprises India Ltd,ISHARES CORE MSCI EMERGING MARKETS ETF,BUY,40741,2275.95,-
19-SEP-2022,AMBER,Amber Enterprises India Ltd,ISHARES CORE EMERGING MARKETS MAURITIUS CO,SELL,40741,2275.95,-
19-SEP-2022,VINATIORGA,Vinati Organics Ltd-$,ISHARES CORE MSCI EMERGING MARKETS ETF,BUY,40525,2220.5,-
19-SEP-2022,VINATIORGA,Vinati Organics Ltd-$,ISHARES CORE EMERGING MARKETS MAURITIUS CO,SELL,40525,2220.5,-
19-SEP-2022,LICHSGFIN,LIC Housing Finance Ltd,ISHARES MSCI INDIA SMALL-CAP ETF,BUY,39981,430.6,-
19-SEP-2022,LICHSGFIN,LIC Housing Finance Ltd,ISHARES INDIA SC MAURITIUS COMPANY,SELL,39981,430.6,-
19-SEP-2022,GUJENERGY,Gujarat Energy Ltd,ISHARES MSCI INDIA SMALL-CAP ETF,BUY,39712,504.25,-
19-SEP-2022,GUJENERGY,Gujarat Energy Ltd,ISHARES INDIA SC MAURITIUS COMPANY,SELL,39712,504.25,-
19-SEP-2022,GRINDWELL,Grindwell Norton Ltd-$,ISHARES CORE MSCI EMERGING MARKETS ETF,BUY,39621,2203.7,-
19-SEP-2022,GRINDWELL,Grindwell Norton Ltd-$,ISHARES CORE EMERGING MARKETS MAURITIUS CO,SELL,39621,2203.7,-
19-SEP-2022,SCHAEFFLER,Schaeffler India Ltd,ISHARES CORE MSCI EMERGING MARKETS ETF,BUY,38862,3524.05,-
19-SEP-2022,SCHAEFFLER,Schaeffler India Ltd,ISHARES CORE EMERGING MARKETS MAURITIUS CO,SELL,38862,3524.05,-
19-SEP-2022,NAM-INDIA,Nippon Life India Asset Management Ltd,ISHARES MSCI INDIA SMALL-CAP ETF,BUY,38401,292.45,-
19-SEP-2022,NAM-INDIA,Nippon Life India Asset Management Ltd,ISHARES INDIA SC MAURITIUS COMPANY,SELL,38401,292.45,-
19-SEP-2022,INDIACEM,India Cements Ltd,ISHARES MSCI INDIA SMALL-CAP ETF,BUY,38228,266.1,-
19-SEP-2022,INDIACEM,India Cements Ltd,ISHARES INDIA SC MAURITIUS COMPANY,SELL,38228,266.1,-
19-SEP-2022,BALRAMCHIN,Balrampur Chini Mills Ltd,ISHARES MSCI INDIA SMALL-CAP ETF,BUY,37936,357.75,-
19-SEP-2022,BALRAMCHIN,Balrampur Chini Mills Ltd,ISHARES INDIA SC MAURITIUS COMPANY,SELL,37936,357.75,-
19-SEP-2022,ISEC,ICICI Securities Ltd,ISHARES INDIA SC MAURITIUS COMPANY,SELL,37485,528.6,-
19-SEP-2022,ISEC,ICICI Securities Ltd,ISHARES MSCI INDIA SMALL-CAP ETF,BUY,37485,528.6,-
19-SEP-2022,LALPATHLAB,Dr. Lal PathLabs Ltd,ISHARES CORE EMERGING MARKETS MAURITIUS CO,SELL,37101,2296.7,-
19-SEP-2022,LALPATHLAB,Dr. Lal PathLabs Ltd,ISHARES CORE MSCI EMERGING MARKETS ETF,BUY,37101,2296.7,-
19-SEP-2022,EIDPARRY,EID Parry India Ltd,ISHARES MSCI INDIA SMALL-CAP ETF,BUY,37094,598.55,-
19-SEP-2022,EIDPARRY,EID Parry India Ltd,ISHARES INDIA SC MAURITIUS COMPANY,SELL,37094,598.55,-
19-SEP-2022,VTL,Vardhman Textiles Ltd,ISHARES INDIA SC MAURITIUS COMPANY,SELL,35814,353.9,-
19-SEP-2022,VTL,Vardhman Textiles Ltd,ISHARES MSCI INDIA SMALL-CAP ETF,BUY,35814,353.9,-
19-SEP-2022,MAHLIFE,Mahindra Lifespace Developers Ltd,ISHARES INDIA SC MAURITIUS COMPANY,SELL,35745,460.75,-
19-SEP-2022,MAHLIFE,Mahindra Lifespace Developers Ltd,ISHARES MSCI INDIA SMALL-CAP ETF,BUY,35745,460.75,-
19-SEP-2022,PRAJIND,Praj Industries Ltd,ISHARES INDIA SC MAURITIUS COMPANY,SELL,34149,403.6,-
19-SEP-2022,PRAJIND,Praj Industries Ltd,ISHARES MSCI INDIA SMALL-CAP ETF,BUY,34149,403.6,-
19-SEP-2022,NUVOCO,Nuvoco Vistas Corporation Ltd,ISHARES MSCI INDIA SMALL-CAP ETF,BUY,33202,402.05,-
19-SEP-2022,NUVOCO,Nuvoco Vistas Corporation Ltd,ISHARES INDIA SC MAURITIUS COMPANY,SELL,33202,402.05,-
19-SEP-2022,MCX,Multi Commodity Exchange of India Ltd,ISHARES INDIA SC MAURITIUS COMPANY,SELL,33184,1248.0,-
19-SEP-2022,MCX,Multi Commodity Exchange of India Ltd,ISHARES MSCI INDIA SMALL-CAP ETF,BUY,33184,1248.0,-
19-SEP-2022,JUBLINGREA,Jubilant Ingrevia Ltd,ISHARES MSCI INDIA SMALL-CAP ETF,BUY,32830,499.8,-
19-SEP-2022,JUBLINGREA,Jubilant Ingrevia Ltd,ISHARES INDIA SC MAURITIUS COMPANY,SELL,32830,499.8,-
19-SEP-2022,GLENMARK,Glenmark Pharmaceuticals Ltd,ISHARES INDIA SC MAURITIUS COMPANY,SELL,32718,371.95,-
19-SEP-2022,GLENMARK,Glenmark Pharmaceuticals Ltd,ISHARES MSCI INDIA SMALL-CAP ETF,BUY,32718,371.95,-
19-SEP-2022,BALAMINES,Balaji Amines Ltd-$,ISHARES CORE EMERGING MARKETS MAURITIUS CO,SELL,32547,3578.8,-
19-SEP-2022,BALAMINES,Balaji Amines Ltd-$,ISHARES CORE MSCI EMERGING MARKETS ETF,BUY,32547,3578.8,-
19-SEP-2022,IPCALAB,Ipca Laboratories Ltd,ISHARES INDIA SC MAURITIUS COMPANY,SELL,32263,861.1,-
19-SEP-2022,IPCALAB,Ipca Laboratories Ltd,ISHARES MSCI INDIA SMALL-CAP ETF,BUY,32263,861.1,-
19-SEP-2022,SFL,Sheela Foam Ltd,ISHARES CORE MSCI EMERGING MARKETS ETF,BUY,32212,3037.1,-
19-SEP-2022,SFL,Sheela Foam Ltd,ISHARES CORE EMERGING MARKETS MAURITIUS CO,SELL,32212,3037.1,-
19-SEP-2022,GRAPHITE,Graphite India Ltd,ISHARES INDIA SC MAURITIUS COMPANY,SELL,31754,385.95,-
19-SEP-2022,GRAPHITE,Graphite India Ltd,ISHARES MSCI INDIA SMALL-CAP ETF,BUY,31754,385.95,-
19-SEP-2022,POWERINDIA,Hitachi Energy India Ltd,ISHARES CORE EMERGING MARKETS MAURITIUS CO,SELL,31524,3468.7,-
19-SEP-2022,POWERINDIA,Hitachi Energy India Ltd,ISHARES CORE MSCI EMERGING MARKETS ETF,BUY,31524,3468.7,-
19-SEP-2022,POLICYBZR,PB Fintech Ltd,ISHARES MSCI INDIA SMALL-CAP ETF,BUY,31061,518.65,-
19-SEP-2022,POLICYBZR,PB Fintech Ltd,ISHARES INDIA SC MAURITIUS COMPANY,SELL,31061,518.65,-
19-SEP-2022,KANSAINER,Kansai Nerolac Paints Ltd,ISHARES MSCI INDIA SMALL-CAP ETF,BUY,31041,479.9,-
19-SEP-2022,KANSAINER,Kansai Nerolac Paints Ltd,ISHARES INDIA SC MAURITIUS COMPANY,SELL,31041,479.9,-
19-SEP-2022,INOXLEISUR,INOX Leisure Ltd,ISHARES MSCI INDIA SMALL-CAP ETF,BUY,31033,495.15,-
19-SEP-2022,INOXLEISUR,INOX Leisure Ltd,ISHARES INDIA SC MAURITIUS COMPANY,SELL,31033,495.15,-
19-SEP-2022,CHAMBLFERT,Chambal Fertilisers & Chemicals Ltd,ISHARES INDIA SC MAURITIUS COMPANY,SELL,30852,341.9,-
19-SEP-2022,CHAMBLFERT,Chambal Fertilisers & Chemicals Ltd,ISHARES MSCI INDIA SMALL-CAP ETF,BUY,30852,341.9,-
19-SEP-2022,TATAELXSI,Tata Elxsi Ltd,ISHARES CORE EMERGING MARKETS MAURITIUS CO,SELL,30800,8730.3,-
19-SEP-2022,TATAELXSI,Tata Elxsi Ltd,ISHARES CORE MSCI EMERGING MARKETS ETF,BUY,30800,8730.3,-
19-SEP-2022,JKCEMENT,JK Cement Ltd,ISHARES CORE EMERGING MARKETS MAURITIUS CO,SELL,30773,2833.35,-
19-SEP-2022,JKCEMENT,JK Cement Ltd,ISHARES CORE MSCI EMERGING MARKETS ETF,BUY,30773,2833.35,-
19-SEP-2022,BASF,BASF India Ltd,ISHARES CORE MSCI EMERGING MARKETS ETF,BUY,30135,2995.5,-
19-SEP-2022,BASF,BASF India Ltd,ISHARES CORE EMERGING MARKETS MAURITIUS CO,SELL,30135,2995.5,-
19-SEP-2022,NESTLEIND,Nestle India Ltd,ISHARES CORE EMERGING MARKETS MAURITIUS CO,SELL,30072,18404.2,-
19-SEP-2022,NESTLEIND,Nestle India Ltd,ISHARES CORE MSCI EMERGING MARKETS ETF,BUY,30072,18404.2,-
19-SEP-2022,KEC,KEC International Ltd,ISHARES INDIA SC MAURITIUS COMPANY,SELL,29856,429.3,-
19-SEP-2022,KEC,KEC International Ltd,ISHARES MSCI INDIA SMALL-CAP ETF,BUY,29856,429.3,-
19-SEP-2022,MFSL,Max Financial Services Ltd,ISHARES MSCI INDIA SMALL-CAP ETF,BUY,29646,822.95,-
19-SEP-2022,MFSL,Max Financial Services Ltd,ISHARES INDIA SC MAURITIUS COMPANY,SELL,29646,822.95,-
19-SEP-2022,VIPIND,VIP Industries Ltd-$,ISHARES MSCI INDIA SMALL-CAP ETF,BUY,29521,649.85,-
19-SEP-2022,VIPIND,VIP Industries Ltd-$,ISHARES INDIA SC MAURITIUS COMPANY,SELL,29521,649.85,-
19-SEP-2022,OBEROIRLTY,Oberoi Realty Ltd,ISHARES INDIA SC MAURITIUS COMPANY,SELL,29432,1022.1,-
19-SEP-2022,OBEROIRLTY,Oberoi Realty Ltd,ISHARES MSCI INDIA SMALL-CAP ETF,BUY,29432,1022.1,-
19-SEP-2022,TIMKEN,Timken India Ltd,ISHARES CORE EMERGING MARKETS MAURITIUS CO,SELL,29363,2898.8,-
19-SEP-2022,TIMKEN,Timken India Ltd,ISHARES CORE MSCI EMERGING MARKETS ETF,BUY,29363,2898.8,-
19-SEP-2022,SONATSOFTW,Sonata Software Ltd,ISHARES MSCI INDIA SMALL-CAP ETF,BUY,28982,561.8,-
19-SEP-2022,SONATSOFTW,Sonata Software Ltd,ISHARES INDIA SC MAURITIUS COMPANY,SELL,28982,561.8,-
19-SEP-2022,TEAMLEASE,TeamLease Services Ltd,ISHARES CORE EMERGING MARKETS MAURITIUS CO,SELL,28881,3101.6,-
19-SEP-2022,TEAMLEASE,TeamLease Services Ltd,ISHARES CORE MSCI EMERGING MARKETS ETF,BUY,28881,3101.6,-
19-SEP-2022,LINDEINDIA,Linde India Ltd,ISHARES CORE EMERGING MARKETS MAURITIUS CO,SELL,28529,3355.3,-
19-SEP-2022,LINDEINDIA,Linde India Ltd,ISHARES CORE MSCI EMERGING MARKETS ETF,BUY,28529,3355.3,-
19-SEP-2022,VOLTAS,Voltas Ltd,ISHARES MSCI INDIA SMALL-CAP ETF,BUY,28424,912.9,-
19-SEP-2022,VOLTAS,Voltas Ltd,ISHARES INDIA SC MAURITIUS COMPANY,SELL,28424,912.9,-
19-SEP-2022,CRISIL,Crisil Ltd,ISHARES CORE MSCI EMERGING MARKETS ETF,BUY,28144,3182.05,-
19-SEP-2022,CRISIL,Crisil Ltd,ISHARES CORE EMERGING MARKETS MAURITIUS CO,SELL,28144,3182.05,-
19-SEP-2022,OFSS,Oracle Financial Services Software Ltd,ISHARES CORE MSCI EMERGING MARKETS ETF,BUY,28026,3036.5,-
19-SEP-2022,OFSS,Oracle Financial Services Software Ltd,ISHARES CORE EMERGING MARKETS MAURITIUS CO,SELL,28026,3036.5,-
19-SEP-2022,RAJESHEXPO,Rajesh Exports Ltd,ISHARES INDIA SC MAURITIUS COMPANY,SELL,27391,578.9,-
19-SEP-2022,RAJESHEXPO,Rajesh Exports Ltd,ISHARES MSCI INDIA SMALL-CAP ETF,BUY,27391,578.9,-
19-SEP-2022,APLLTD,Alembic Pharmaceuticals Ltd,ISHARES MSCI INDIA SMALL-CAP ETF,BUY,27364,609.9,-
19-SEP-2022,APLLTD,Alembic Pharmaceuticals Ltd,ISHARES INDIA SC MAURITIUS COMPANY,SELL,27364,609.9,-
19-SEP-2022,KSCL,Kaveri Seed Company Ltd,ISHARES INDIA SC MAURITIUS COMPANY,SELL,27333,458.9,-
19-SEP-2022,KSCL,Kaveri Seed Company Ltd,ISHARES MSCI INDIA SMALL-CAP ETF,BUY,27333,458.9,-
19-SEP-2022,BRIGADE,Brigade Enterprises Ltd,ISHARES INDIA SC MAURITIUS COMPANY,SELL,26761,559.0,-
19-SEP-2022,BRIGADE,Brigade Enterprises Ltd,ISHARES MSCI INDIA SMALL-CAP ETF,BUY,26761,559.0,-
19-SEP-2022,AARTIIND,Aarti Industries Ltd,ISHARES MSCI INDIA SMALL-CAP ETF,BUY,26349,884.8,-
19-SEP-2022,AARTIIND,Aarti Industries Ltd,ISHARES INDIA SC MAURITIUS COMPANY,SELL,26349,884.8,-
19-SEP-2022,COFORGE,Coforge Ltd,ISHARES CORE EMERGING MARKETS MAURITIUS CO,SELL,26315,3281.3,-
19-SEP-2022,COFORGE,Coforge Ltd,ISHARES CORE MSCI EMERGING MARKETS ETF,BUY,26315,3281.3,-
19-SEP-2022,EMAMILTD,Emami Ltd-$,ISHARES MSCI INDIA SMALL-CAP ETF,BUY,26206,486.55,-
19-SEP-2022,EMAMILTD,Emami Ltd-$,ISHARES INDIA SC MAURITIUS COMPANY,SELL,26206,486.55,-
19-SEP-2022,KPRMILL,K.P.R. Mill Limited,ISHARES MSCI INDIA SMALL-CAP ETF,BUY,26174,574.7,-
19-SEP-2022,KPRMILL,K.P.R. Mill Limited,ISHARES INDIA SC MAURITIUS COMPANY,SELL,26174,574.7,-
19-SEP-2022,PRESTIGE,Prestige Estates Projects Ltd,ISHARES INDIA SC MAURITIUS COMPANY,SELL,25849,457.9,-
19-SEP-2022,PRESTIGE,Prestige Estates Projects Ltd,ISHARES MSCI INDIA SMALL-CAP ETF,BUY,25849,457.9,-
19-SEP-2022,CENTURYPLY,Century Plyboards (India) Ltd-$,ISHARES INDIA SC MAURITIUS COMPANY,SELL,25602,687.6,-
19-SEP-2022,CENTURYPLY,Century Plyboards (India) Ltd-$,ISHARES MSCI INDIA SMALL-CAP ETF,BUY,25602,687.6,-
19-SEP-2022,INDIAMART,IndiaMART InterMESH Ltd,ISHARES CORE EMERGING MARKETS MAURITIUS CO,SELL,25491,4486.45,-
19-SEP-2022,INDIAMART,IndiaMART InterMESH Ltd,ISHARES CORE MSCI EMERGING MARKETS ETF,BUY,25491,4486.45,-
19-SEP-2022,TVSMOTOR,TVS Motor Company Ltd,ISHARES MSCI INDIA SMALL-CAP ETF,BUY,25114,1024.9,-
19-SEP-2022,TVSMOTOR,TVS Motor Company Ltd,ISHARES INDIA SC MAURITIUS COMPANY,SELL,25114,1024.9,-
19-SEP-2022,INTELLECT,Intellect Design Arena Ltd,ISHARES MSCI INDIA SMALL-CAP ETF,BUY,24949,558.2,-
19-SEP-2022,INTELLECT,Intellect Design Arena Ltd,ISHARES INDIA SC MAURITIUS COMPANY,SELL,24949,558.2,-
19-SEP-2022,CANFINHOME,Can Fin Homes Ltd,ISHARES MSCI INDIA SMALL-CAP ETF,BUY,24757,635.0,-
19-SEP-2022,CANFINHOME,Can Fin Homes Ltd,ISHARES INDIA SC MAURITIUS COMPANY,SELL,24757,635.0,-
19-SEP-2022,TIINDIA,Tube Investments of India Ltd,ISHARES INDIA SC MAURITIUS COMPANY,SELL,24543,2567.85,-
19-SEP-2022,TIINDIA,Tube Investments of India Ltd,ISHARES MSCI INDIA SMALL-CAP ETF,BUY,24543,2567.85,-
19-SEP-2022,SUNTV,Sun TV Network Ltd,ISHARES MSCI INDIA SMALL-CAP ETF,BUY,24308,507.25,-
19-SEP-2022,SUNTV,Sun TV Network Ltd,ISHARES INDIA SC MAURITIUS COMPANY,SELL,24308,507.25,-
19-SEP-2022,PGHL,Procter & Gamble Health Ltd,ISHARES CORE MSCI EMERGING MARKETS ETF,BUY,23964,4147.5,-
19-SEP-2022,PGHL,Procter & Gamble Health Ltd,ISHARES CORE EMERGING MARKETS MAURITIUS CO,SELL,23964,4147.5,-
19-SEP-2022,COHANCE,Cohance Lifesciences Ltd,ISHARES INDIA SC MAURITIUS COMPANY,SELL,23665,460.05,-
19-SEP-2022,COHANCE,Cohance Lifesciences Ltd,ISHARES MSCI INDIA SMALL-CAP ETF,BUY,23665,460.05,-
19-SEP-2022,GILLETTE,Gillette India Ltd,ISHARES CORE EMERGING MARKETS MAURITIUS CO,SELL,23587,5421.45,-
19-SEP-2022,GILLETTE,Gillette India Ltd,ISHARES CORE MSCI EMERGING MARKETS ETF,BUY,23587,5421.45,-
19-SEP-2022,SUNTECK,Sunteck Realty Ltd,ISHARES INDIA SC MAURITIUS COMPANY,SELL,23530,453.55,-
19-SEP-2022,SUNTECK,Sunteck Realty Ltd,ISHARES MSCI INDIA SMALL-CAP ETF,BUY,23530,453.55,-
19-SEP-2022,ABREL,Aditya Birla Real Estate Ltd,ISHARES MSCI INDIA SMALL-CAP ETF,BUY,23217,880.55,-
19-SEP-2022,ABREL,Aditya Birla Real Estate Ltd,ISHARES INDIA SC MAURITIUS COMPANY,SELL,23217,880.55,-
19-SEP-2022,SYMPHONY,Symphony Ltd,ISHARES MSCI INDIA SMALL-CAP ETF,BUY,23001,891.85,-
19-SEP-2022,SYMPHONY,Symphony Ltd,ISHARES INDIA SC MAURITIUS COMPANY,SELL,23001,891.85,-
19-SEP-2022,QUESS,Quess Corp Ltd,ISHARES INDIA SC MAURITIUS COMPANY,SELL,22910,609.4,-
19-SEP-2022,QUESS,Quess Corp Ltd,ISHARES MSCI INDIA SMALL-CAP ETF,BUY,22910,609.4,-
19-SEP-2022,JUSTDIAL,Just Dial Ltd,ISHARES MSCI INDIA SMALL-CAP ETF,BUY,22836,580.45,-
19-SEP-2022,JUSTDIAL,Just Dial Ltd,ISHARES INDIA SC MAURITIUS COMPANY,SELL,22836,580.45,-
19-SEP-2022,TORNTPOWER,Torrent Power Ltd,ISHARES MSCI INDIA SMALL-CAP ETF,BUY,22177,540.6,-
19-SEP-2022,TORNTPOWER,Torrent Power Ltd,ISHARES INDIA SC MAURITIUS COMPANY,SELL,22177,540.6,-
19-SEP-2022,SYNGENE,Syngene International Ltd,ISHARES MSCI INDIA SMALL-CAP ETF,BUY,22010,566.05,-
19-SEP-2022,SYNGENE,Syngene International Ltd,ISHARES INDIA SC MAURITIUS COMPANY,SELL,22010,566.05,-
19-SEP-2022,NH,Narayana Hrudayalaya Ltd,ISHARES MSCI INDIA SMALL-CAP ETF,BUY,21904,698.45,-
19-SEP-2022,NH,Narayana Hrudayalaya Ltd,ISHARES INDIA SC MAURITIUS COMPANY,SELL,21904,698.45,-
19-SEP-2022,ARE&M,Amara Raja Energy & Mobility Ltd,ISHARES MSCI INDIA SMALL-CAP ETF,BUY,21833,509.9,-
19-SEP-2022,ARE&M,Amara Raja Energy & Mobility Ltd,ISHARES INDIA SC MAURITIUS COMPANY,SELL,21833,509.9,-
19-SEP-2022,CHOLAHLDNG,Cholamandalam Financial Holdings Ltd,ISHARES MSCI INDIA SMALL-CAP ETF,BUY,21816,671.1,-
19-SEP-2022,CHOLAHLDNG,Cholamandalam Financial Holdings Ltd,ISHARES INDIA SC MAURITIUS COMPANY,SELL,21816,671.1,-
19-SEP-2022,GESHIP,Great Eastern Shipping Company Ltd,ISHARES INDIA SC MAURITIUS COMPANY,SELL,21567,543.4,-
19-SEP-2022,GESHIP,Great Eastern Shipping Company Ltd,ISHARES MSCI INDIA SMALL-CAP ETF,BUY,21567,543.4,-
19-SEP-2022,UTIAMC,UTI Asset Management Company Ltd,ISHARES INDIA SC MAURITIUS COMPANY,SELL,20607,814.9,-
19-SEP-2022,UTIAMC,UTI Asset Management Company Ltd,ISHARES MSCI INDIA SMALL-CAP ETF,BUY,20607,814.9,-
19-SEP-2022,TANLA,Tanla Platforms Ltd,ISHARES MSCI INDIA SMALL-CAP ETF,BUY,20521,796.55,-
19-SEP-2022,TANLA,Tanla Platforms Ltd,ISHARES INDIA SC MAURITIUS COMPANY,SELL,20521,796.55,-
19-SEP-2022,TTKPRESTIG,TTK Prestige Ltd,ISHARES MSCI INDIA SMALL-CAP ETF,BUY,19314,1006.95,-
19-SEP-2022,TTKPRESTIG,TTK Prestige Ltd,ISHARES INDIA SC MAURITIUS COMPANY,SELL,19314,1006.95,-
19-SEP-2022,CARBORUNIV,Carborundum Universal Ltd,ISHARES MSCI INDIA SMALL-CAP ETF,BUY,19284,876.45,-
19-SEP-2022,CARBORUNIV,Carborundum Universal Ltd,ISHARES INDIA SC MAURITIUS COMPANY,SELL,19284,876.45,-
19-SEP-2022,NATCOPHARM,Natco Pharma Ltd,ISHARES INDIA SC MAURITIUS COMPANY,SELL,19060,613.0,-
19-SEP-2022,NATCOPHARM,Natco Pharma Ltd,ISHARES MSCI INDIA SMALL-CAP ETF,BUY,19060,613.0,-
19-SEP-2022,GHCL,GHCL Ltd,ISHARES MSCI INDIA SMALL-CAP ETF,BUY,19011,670.95,-
19-SEP-2022,GHCL,GHCL Ltd,ISHARES INDIA SC MAURITIUS COMPANY,SELL,19011,670.95,-
19-SEP-2022,FINCABLES,Finolex Cables Ltd,ISHARES INDIA SC MAURITIUS COMPANY,SELL,18933,464.65,-
19-SEP-2022,FINCABLES,Finolex Cables Ltd,ISHARES MSCI INDIA SMALL-CAP ETF,BUY,18933,464.65,-
19-SEP-2022,AVANTIFEED,Avanti Feeds Ltd-$,ISHARES MSCI INDIA SMALL-CAP ETF,BUY,18793,502.6,-
19-SEP-2022,AVANTIFEED,Avanti Feeds Ltd-$,ISHARES INDIA SC MAURITIUS COMPANY,SELL,18793,502.6,-
19-SEP-2022,TATACHEM,Tata Chemicals Ltd,ISHARES MSCI INDIA SMALL-CAP ETF,BUY,18522,1105.75,-
19-SEP-2022,TATACHEM,Tata Chemicals Ltd,ISHARES INDIA SC MAURITIUS COMPANY,SELL,18522,1105.75,-
19-SEP-2022,BAYERCROP,Bayer CropScience Ltd,ISHARES CORE MSCI EMERGING MARKETS ETF,BUY,18317,4821.95,-
19-SEP-2022,BAYERCROP,Bayer CropScience Ltd,ISHARES CORE EMERGING MARKETS MAURITIUS CO,SELL,18317,4821.95,-
19-SEP-2022,APLAPOLLO,APL Apollo Tubes Ltd,ISHARES MSCI INDIA SMALL-CAP ETF,BUY,18192,1066.75,-
19-SEP-2022,APLAPOLLO,APL Apollo Tubes Ltd,ISHARES INDIA SC MAURITIUS COMPANY,SELL,18192,1066.75,-
19-SEP-2022,GNFC,Gujarat Narmada Valley Fertilizers & Chemicals Ltd,ISHARES MSCI INDIA SMALL-CAP ETF,BUY,18060,725.3,-
19-SEP-2022,GNFC,Gujarat Narmada Valley Fertilizers & Chemicals Ltd,ISHARES INDIA SC MAURITIUS COMPANY,SELL,18060,725.3,-
19-SEP-2022,MASTEK,Mastek Ltd,ISHARES MSCI INDIA SMALL-CAP ETF,BUY,18041,1835.8,-
19-SEP-2022,MASTEK,Mastek Ltd,ISHARES INDIA SC MAURITIUS COMPANY,SELL,18041,1835.8,-
19-SEP-2022,SUNDRMFAST,Sundram Fasteners Ltd,ISHARES MSCI INDIA SMALL-CAP ETF,BUY,17451,902.4,-
19-SEP-2022,SUNDRMFAST,Sundram Fasteners Ltd,ISHARES INDIA SC MAURITIUS COMPANY,SELL,17451,902.4,-
19-SEP-2022,SKFINDIA,SKF India Ltd,ISHARES CORE EMERGING MARKETS MAURITIUS CO,SELL,17250,4587.35,-
19-SEP-2022,SKFINDIA,SKF India Ltd,ISHARES CORE MSCI EMERGING MARKETS ETF,BUY,17250,4587.35,-
19-SEP-2022,BDL,Bharat Dynamics Ltd,ISHARES INDIA SC MAURITIUS COMPANY,SELL,17038,920.95,-
19-SEP-2022,BDL,Bharat Dynamics Ltd,ISHARES MSCI INDIA SMALL-CAP ETF,BUY,17038,920.95,-
19-SEP-2022,ALKYLAMINE,Alkyl Amines Chemicals Ltd-$,ISHARES INDIA SC MAURITIUS COMPANY,SELL,16966,3040.5,-
19-SEP-2022,ALKYLAMINE,Alkyl Amines Chemicals Ltd-$,ISHARES MSCI INDIA SMALL-CAP ETF,BUY,16966,3040.5,-
19-SEP-2022,MOTILALOFS,Motilal Oswal Financial Services Ltd,ISHARES INDIA SC MAURITIUS COMPANY,SELL,16916,756.8,-
19-SEP-2022,MOTILALOFS,Motilal Oswal Financial Services Ltd,ISHARES MSCI INDIA SMALL-CAP ETF,BUY,16916,756.8,-
19-SEP-2022,DEEPAKFERT,Deepak Fertilisers & Petrochemicals Corporation Ltd,ISHARES INDIA SC MAURITIUS COMPANY,SELL,16769,888.7,-
19-SEP-2022,DEEPAKFERT,Deepak Fertilisers & Petrochemicals Corporation Ltd,ISHARES MSCI INDIA SMALL-CAP ETF,BUY,16769,888.7,-
19-SEP-2022,CUMMINSIND,Cummins India Ltd,ISHARES INDIA SC MAURITIUS COMPANY,SELL,16485,1191.4,-
19-SEP-2022,CUMMINSIND,Cummins India Ltd,ISHARES MSCI INDIA SMALL-CAP ETF,BUY,16485,1191.4,-
19-SEP-2022,RAMCOCEM,The Ramco Cements Ltd,ISHARES MSCI INDIA SMALL-CAP ETF,BUY,16356,763.4,-
19-SEP-2022,RAMCOCEM,The Ramco Cements Ltd,ISHARES INDIA SC MAURITIUS COMPANY,SELL,16356,763.4,-
19-SEP-2022,SANOFI,Sanofi India Ltd,ISHARES CORE EMERGING MARKETS MAURITIUS CO,SELL,16199,6056.95,-
19-SEP-2022,SANOFI,Sanofi India Ltd,ISHARES CORE MSCI EMERGING MARKETS ETF,BUY,16199,6056.95,-
19-SEP-2022,DEEPAKNTR,Deepak Nitrite Ltd-$,ISHARES INDIA SC MAURITIUS COMPANY,SELL,15772,2108.05,-
19-SEP-2022,DEEPAKNTR,Deepak Nitrite Ltd-$,ISHARES MSCI INDIA SMALL-CAP ETF,BUY,15772,2108.05,-
19-SEP-2022,PEL,Piramal Enterprises Ltd,ISHARES INDIA SC MAURITIUS COMPANY,SELL,15687,964.55,-
19-SEP-2022,PEL,Piramal Enterprises Ltd,ISHARES MSCI INDIA SMALL-CAP ETF,BUY,15687,964.55,-
19-SEP-2022,GODREJIND,Godrej Industries Ltd,ISHARES INDIA SC MAURITIUS COMPANY,SELL,15548,459.25,-
19-SEP-2022,GODREJIND,Godrej Industries Ltd,ISHARES MSCI INDIA SMALL-CAP ETF,BUY,15548,459.25,-
19-SEP-2022,COROMANDEL,Coromandel International Ltd,ISHARES INDIA SC MAURITIUS COMPANY,SELL,15515,1013.75,-
19-SEP-2022,COROMANDEL,Coromandel International Ltd,ISHARES MSCI INDIA SMALL-CAP ETF,BUY,15515,1013.75,-
19-SEP-2022,RAYMOND,Raymond Ltd,ISHARES INDIA SC MAURITIUS COMPANY,SELL,15505,1147.75,-
19-SEP-2022,RAYMOND,Raymond Ltd,ISHARES MSCI INDIA SMALL-CAP ETF,BUY,15505,1147.75,-
19-SEP-2022,CYIENT,Cyient Ltd,ISHARES MSCI INDIA SMALL-CAP ETF,BUY,15383,827.15,-
19-SEP-2022,CYIENT,Cyient Ltd,ISHARES INDIA SC MAURITIUS COMPANY,SELL,15383,827.15,-
19-SEP-2022,TATACOMM,Tata Communications Ltd,ISHARES INDIA SC MAURITIUS COMPANY,SELL,15066,1203.5,-
19-SEP-2022,TATACOMM,Tata Communications Ltd,ISHARES MSCI INDIA SMALL-CAP ETF,BUY,15066,1203.5,-
19-SEP-2022,FINEORG,Fine Organic Industries Ltd,ISHARES CORE MSCI EMERGING MARKETS ETF,BUY,14522,6990.0,-
19-SEP-2022,FINEORG,Fine Organic Industries Ltd,ISHARES CORE EMERGING MARKETS MAURITIUS CO,SELL,14522,6990.0,-
19-SEP-2022,CREDITACC,CreditAccess Grameen Ltd,ISHARES INDIA SC MAURITIUS COMPANY,SELL,14494,1012.65,-
19-SEP-2022,CREDITACC,CreditAccess Grameen Ltd,ISHARES MSCI INDIA SMALL-CAP ETF,BUY,14494,1012.65,-
19-SEP-2022,HAPPSTMNDS,Happiest Minds Technologies Ltd,ISHARES INDIA SC MAURITIUS COMPANY,SELL,13653,1017.1,-
19-SEP-2022,HAPPSTMNDS,Happiest Minds Technologies Ltd,ISHARES MSCI INDIA SMALL-CAP ETF,BUY,13653,1017.1,-
19-SEP-2022,BLUESTARCO,Blue Star Ltd,ISHARES INDIA SC MAURITIUS COMPANY,SELL,13409,1088.0,-
19-SEP-2022,BLUESTARCO,Blue Star Ltd,ISHARES MSCI INDIA SMALL-CAP ETF,BUY,13409,1088.0,-
19-SEP-2022,KIMS,Krishna Institute of Medical Sciences Ltd,ISHARES INDIA SC MAURITIUS COMPANY,SELL,13019,1223.25,-
19-SEP-2022,KIMS,Krishna Institute of Medical Sciences Ltd,ISHARES MSCI INDIA SMALL-CAP ETF,BUY,13019,1223.25,-
19-SEP-2022,PHOENIXLTD,The Phoenix Mills Ltd,ISHARES INDIA SC MAURITIUS COMPANY,SELL,12978,1352.2,-
19-SEP-2022,PHOENIXLTD,The Phoenix Mills Ltd,ISHARES MSCI INDIA SMALL-CAP ETF,BUY,12978,1352.2,-
19-SEP-2022,VMART,V-Mart Retail Ltd,ISHARES MSCI INDIA SMALL-CAP ETF,BUY,12724,2840.05,-
19-SEP-2022,VMART,V-Mart Retail Ltd,ISHARES INDIA SC MAURITIUS COMPANY,SELL,12724,2840.05,-
19-SEP-2022,MGL,Mahanagar Gas Ltd,ISHARES MSCI INDIA SMALL-CAP ETF,BUY,12626,850.25,-
19-SEP-2022,MGL,Mahanagar Gas Ltd,ISHARES INDIA SC MAURITIUS COMPANY,SELL,12626,850.25,-
19-SEP-2022,BIRLACORPN,Birla Corporation Ltd,ISHARES MSCI INDIA SMALL-CAP ETF,BUY,12364,1083.85,-
19-SEP-2022,BIRLACORPN,Birla Corporation Ltd,ISHARES INDIA SC MAURITIUS COMPANY,SELL,12364,1083.85,-
19-SEP-2022,RADICO,Radico Khaitan Ltd,ISHARES INDIA SC MAURITIUS COMPANY,SELL,12336,1080.85,-
19-SEP-2022,RADICO,Radico Khaitan Ltd,ISHARES MSCI INDIA SMALL-CAP ETF,BUY,12336,1080.85,-
19-SEP-2022,ATUL,Atul Ltd,ISHARES CORE EMERGING MARKETS MAURITIUS CO,SELL,12247,9236.1,-
19-SEP-2022,ATUL,Atul Ltd,ISHARES CORE MSCI EMERGING MARKETS ETF,BUY,12247,9236.1,-
19-SEP-2022,ASTRAL,Astral Ltd,ISHARES MSCI INDIA SMALL-CAP ETF,BUY,11949,2338.8,-
19-SEP-2022,ASTRAL,Astral Ltd,ISHARES INDIA SC MAURITIUS COMPANY,SELL,11949,2338.8,-
19-SEP-2022,BATAINDIA,Bata India Ltd,ISHARES INDIA SC MAURITIUS COMPANY,SELL,11875,1840.2,-
19-SEP-2022,BATAINDIA,Bata India Ltd,ISHARES MSCI INDIA SMALL-CAP ETF,BUY,11875,1840.2,-
19-SEP-2022,BLUEDART,Blue Dart Express Ltd,ISHARES CORE MSCI EMERGING MARKETS ETF,BUY,11601,8515.25,-
19-SEP-2022,BLUEDART,Blue Dart Express Ltd,ISHARES CORE EMERGING MARKETS MAURITIUS CO,SELL,11601,8515.25,-
19-SEP-2022,ANGELONE,Angel One Ltd,ISHARES INDIA SC MAURITIUS COMPANY,SELL,11484,1567.5,-
19-SEP-2022,ANGELONE,Angel One Ltd,ISHARES MSCI INDIA SMALL-CAP ETF,BUY,11484,1567.5,-
19-SEP-2022,360ONE,360 ONE WAM LTD,ISHARES INDIA SC MAURITIUS COMPANY,SELL,11002,1819.15,-
19-SEP-2022,360ONE,360 ONE WAM LTD,ISHARES MSCI INDIA SMALL-CAP ETF,BUY,11002,1819.15,-
19-SEP-2022,AAVAS,AAVAS Financiers Ltd,ISHARES INDIA SC MAURITIUS COMPANY,SELL,10948,2164.4,-
19-SEP-2022,AAVAS,AAVAS Financiers Ltd,ISHARES MSCI INDIA SMALL-CAP ETF,BUY,10948,2164.4,-
19-SEP-2022,SHRIRAMCIT,Shriram City Union Finance Ltd,ISHARES INDIA SC MAURITIUS COMPANY,SELL,10735,1863.9,-
19-SEP-2022,SHRIRAMCIT,Shriram City Union Finance Ltd,ISHARES MSCI INDIA SMALL-CAP ETF,BUY,10735,1863.9,-
19-SEP-2022,BAJAJELEC,Bajaj Electricals Ltd-$,ISHARES MSCI INDIA SMALL-CAP ETF,BUY,10564,1120.6,-
19-SEP-2022,BAJAJELEC,Bajaj Electricals Ltd-$,ISHARES INDIA SC MAURITIUS COMPANY,SELL,10564,1120.6,-
19-SEP-2022,KAJARIACER,Kajaria Ceramics Ltd,ISHARES INDIA SC MAURITIUS COMPANY,SELL,10501,1237.6,-
19-SEP-2022,KAJARIACER,Kajaria Ceramics Ltd,ISHARES MSCI INDIA SMALL-CAP ETF,BUY,10501,1237.6,-
19-SEP-2022,GLAXO,GlaxoSmithKline Pharmaceuticals Ltd,ISHARES INDIA SC MAURITIUS COMPANY,SELL,10499,1431.75,-
19-SEP-2022,GLAXO,GlaxoSmithKline Pharmaceuticals Ltd,ISHARES MSCI INDIA SMALL-CAP ETF,BUY,10499,1431.75,-
19-SEP-2022,POLYCAB,Polycab India Ltd,ISHARES INDIA SC MAURITIUS COMPANY,SELL,10375,2599.3,-
19-SEP-2022,POLYCAB,Polycab India Ltd,ISHARES MSCI INDIA SMALL-CAP ETF,BUY,10375,2599.3,-
19-SEP-2022,CEATLTD,Ceat Ltd,ISHARES MSCI INDIA SMALL-CAP ETF,BUY,10316,1597.25,-
19-SEP-2022,CEATLTD,Ceat Ltd,ISHARES INDIA SC MAURITIUS COMPANY,SELL,10316,1597.25,-
19-SEP-2022,SHREECEM,Shree Cement Ltd,ISHARES CORE EMERGING MARKETS MAURITIUS CO,SELL,9956,23317.7,-
19-SEP-2022,SHREECEM,Shree Cement Ltd,ISHARES CORE MSCI EMERGING MARKETS ETF,BUY,9956,23317.7,-
19-SEP-2022,NAVINFLUOR,Navin Fluorine International Ltd-$,ISHARES INDIA SC MAURITIUS COMPANY,SELL,9932,4624.3,-
19-SEP-2022,NAVINFLUOR,Navin Fluorine International Ltd-$,ISHARES MSCI INDIA SMALL-CAP ETF,BUY,9932,4624.3,-
19-SEP-2022,DALBHARAT,Dalmia Bharat Ltd,ISHARES MSCI INDIA SMALL-CAP ETF,BUY,9905,1687.15,-
19-SEP-2022,DALBHARAT,Dalmia Bharat Ltd,ISHARES INDIA SC MAURITIUS COMPANY,SELL,9905,1687.15,-
19-SEP-2022,RELAXO,Relaxo Footwears Ltd-$,ISHARES MSCI INDIA SMALL-CAP ETF,BUY,9146,1078.0,-
19-SEP-2022,RELAXO,Relaxo Footwears Ltd-$,ISHARES INDIA SC MAURITIUS COMPANY,SELL,9146,1078.0,-
19-SEP-2022,CAMS,Computer Age Management Services Ltd,ISHARES INDIA SC MAURITIUS COMPANY,SELL,9019,2535.2,-
19-SEP-2022,CAMS,Computer Age Management Services Ltd,ISHARES MSCI INDIA SMALL-CAP ETF,BUY,9019,2535.2,-
19-SEP-2022,AJANTPHARM,Ajanta Pharma Ltd,ISHARES INDIA SC MAURITIUS COMPANY,SELL,8835,1279.95,-
19-SEP-2022,AJANTPHARM,Ajanta Pharma Ltd,ISHARES MSCI INDIA SMALL-CAP ETF,BUY,8835,1279.95,-
19-SEP-2022,LMW,LMW Ltd,ISHARES CORE EMERGING MARKETS MAURITIUS CO,SELL,8534,12713.95,-
19-SEP-2022,LMW,LMW Ltd,ISHARES CORE MSCI EMERGING MARKETS ETF,BUY,8534,12713.95,-
19-SEP-2022,SUPREMEIND,Supreme Industries Ltd,ISHARES MSCI INDIA SMALL-CAP ETF,BUY,8394,2021.85,-
19-SEP-2022,SUPREMEIND,Supreme Industries Ltd,ISHARES INDIA SC MAURITIUS COMPANY,SELL,8394,2021.85,-
19-SEP-2022,AFFLE,Affle 3I Ltd,ISHARES INDIA SC MAURITIUS COMPANY,SELL,8188,1269.5,-
19-SEP-2022,AFFLE,Affle 3I Ltd,ISHARES MSCI INDIA SMALL-CAP ETF,BUY,8188,1269.5,-
19-SEP-2022,METROPOLIS,Metropolis Healthcare Ltd,ISHARES INDIA SC MAURITIUS COMPANY,SELL,7909,1363.3,-
19-SEP-2022,METROPOLIS,Metropolis Healthcare Ltd,ISHARES MSCI INDIA SMALL-CAP ETF,BUY,7909,1363.3,-
19-SEP-2022,KEI,KEI Industries Ltd,ISHARES INDIA SC MAURITIUS COMPANY,SELL,7726,1501.65,-
19-SEP-2022,KEI,KEI Industries Ltd,ISHARES MSCI INDIA SMALL-CAP ETF,BUY,7726,1501.65,-
19-SEP-2022,ROUTE,Route Mobile Ltd,ISHARES INDIA SC MAURITIUS COMPANY,SELL,7700,1430.8,-
19-SEP-2022,ROUTE,Route Mobile Ltd,ISHARES MSCI INDIA SMALL-CAP ETF,BUY,7700,1430.8,-
19-SEP-2022,WHIRLPOOL,Whirlpool of India Ltd,ISHARES INDIA SC MAURITIUS COMPANY,SELL,7372,1713.45,-
19-SEP-2022,WHIRLPOOL,Whirlpool of India Ltd,ISHARES MSCI INDIA SMALL-CAP ETF,BUY,7372,1713.45,-
19-SEP-2022,POLYPLEX,Polyplex Corporation Ltd,ISHARES INDIA SC MAURITIUS COMPANY,SELL,7206,2018.85,-
19-SEP-2022,POLYPLEX,Polyplex Corporation Ltd,ISHARES MSCI INDIA SMALL-CAP ETF,BUY,7206,2018.85,-
19-SEP-2022,LALPATHLAB,Dr. Lal PathLabs Ltd,ISHARES MSCI INDIA SMALL-CAP ETF,BUY,6931,2296.7,-
19-SEP-2022,LALPATHLAB,Dr. Lal PathLabs Ltd,ISHARES INDIA SC MAURITIUS COMPANY,SELL,6931,2296.7,-
19-SEP-2022,DIXON,Dixon Technologies (India) Ltd,ISHARES MSCI INDIA SMALL-CAP ETF,BUY,6862,4446.7,-
19-SEP-2022,DIXON,Dixon Technologies (India) Ltd,ISHARES INDIA SC MAURITIUS COMPANY,SELL,6862,4446.7,-
19-SEP-2022,CLEAN,Clean Science and Technology Ltd,ISHARES INDIA SC MAURITIUS COMPANY,SELL,6584,1888.7,-
19-SEP-2022,CLEAN,Clean Science and Technology Ltd,ISHARES MSCI INDIA SMALL-CAP ETF,BUY,6584,1888.7,-
19-SEP-2022,PERSISTENT,Persistent Systems Ltd,ISHARES INDIA SC MAURITIUS COMPANY,SELL,6565,3161.1,-
19-SEP-2022,PERSISTENT,Persistent Systems Ltd,ISHARES MSCI INDIA SMALL-CAP ETF,BUY,6565,3161.1,-
19-SEP-2022,ASTRAZEN,AstraZeneca Pharma India Ltd,ISHARES INDIA SC MAURITIUS COMPANY,SELL,6542,3152.55,-
19-SEP-2022,ASTRAZEN,AstraZeneca Pharma India Ltd,ISHARES MSCI INDIA SMALL-CAP ETF,BUY,6542,3152.55,-
19-SEP-2022,ENDURANCE,Endurance Technologies Ltd,ISHARES MSCI INDIA SMALL-CAP ETF,BUY,6528,1470.05,-
19-SEP-2022,ENDURANCE,Endurance Technologies Ltd,ISHARES INDIA SC MAURITIUS COMPANY,SELL,6528,1470.05,-
19-SEP-2022,FLUOROCHEM,Gujarat Fluorochemicals Ltd,ISHARES MSCI INDIA SMALL-CAP ETF,BUY,6341,3549.7,-
19-SEP-2022,FLUOROCHEM,Gujarat Fluorochemicals Ltd,ISHARES INDIA SC MAURITIUS COMPANY,SELL,6341,3549.7,-
19-SEP-2022,SOLARINDS,Solar Industries India Ltd,ISHARES MSCI INDIA SMALL-CAP ETF,BUY,6269,3578.75,-
19-SEP-2022,SOLARINDS,Solar Industries India Ltd,ISHARES INDIA SC MAURITIUS COMPANY,SELL,6269,3578.75,-
19-SEP-2022,SCHAEFFLER,Schaeffler India Ltd,ISHARES INDIA SC MAURITIUS COMPANY,SELL,6197,3524.05,-
19-SEP-2022,SCHAEFFLER,Schaeffler India Ltd,ISHARES MSCI INDIA SMALL-CAP ETF,BUY,6197,3524.05,-
19-SEP-2022,GMMPFAUDLR,GMM Pfaudler Ltd,ISHARES INDIA SC MAURITIUS COMPANY,SELL,6115,1870.8,-
19-SEP-2022,GMMPFAUDLR,GMM Pfaudler Ltd,ISHARES MSCI INDIA SMALL-CAP ETF,BUY,6115,1870.8,-
19-SEP-2022,PVRINOX,PVR Inox Ltd,ISHARES INDIA SC MAURITIUS COMPANY,SELL,6037,1761.25,-
19-SEP-2022,PVRINOX,PVR Inox Ltd,ISHARES MSCI INDIA SMALL-CAP ETF,BUY,6037,1761.25,-
19-SEP-2022,GRINDWELL,Grindwell Norton Ltd-$,ISHARES INDIA SC MAURITIUS COMPANY,SELL,5847,2203.7,-
19-SEP-2022,GRINDWELL,Grindwell Norton Ltd-$,ISHARES MSCI INDIA SMALL-CAP ETF,BUY,5847,2203.7,-
19-SEP-2022,AIAENG,AIA Engineering Ltd,ISHARES MSCI INDIA SMALL-CAP ETF,BUY,5605,2506.7,-
19-SEP-2022,AIAENG,AIA Engineering Ltd,ISHARES INDIA SC MAURITIUS COMPANY,SELL,5605,2506.7,-
19-SEP-2022,THERMAX,Thermax Ltd,ISHARES INDIA SC MAURITIUS COMPANY,SELL,5507,2561.1,-
19-SEP-2022,THERMAX,Thermax Ltd,ISHARES MSCI INDIA SMALL-CAP ETF,BUY,5507,2561.1,-
19-SEP-2022,AMBER,Amber Enterprises India Ltd,ISHARES INDIA SC MAURITIUS COMPANY,SELL,5205,2275.95,-
19-SEP-2022,AMBER,Amber Enterprises India Ltd,ISHARES MSCI INDIA SMALL-CAP ETF,BUY,5205,2275.95,-
19-SEP-2022,TIMKEN,Timken India Ltd,ISHARES MSCI INDIA SMALL-CAP ETF,BUY,5203,2898.8,-
19-SEP-2022,TIMKEN,Timken India Ltd,ISHARES INDIA SC MAURITIUS COMPANY,SELL,5203,2898.8,-
19-SEP-2022,PAGEIND,Page Industries Ltd,ISHARES CORE EMERGING MARKETS MAURITIUS CO,SELL,5109,48813.05,-
19-SEP-2022,PAGEIND,Page Industries Ltd,ISHARES CORE MSCI EMERGING MARKETS ETF,BUY,5109,48813.05,-
19-SEP-2022,OFSS,Oracle Financial Services Software Ltd,ISHARES MSCI INDIA SMALL-CAP ETF,BUY,4972,3036.5,-
19-SEP-2022,OFSS,Oracle Financial Services Software Ltd,ISHARES INDIA SC MAURITIUS COMPANY,SELL,4972,3036.5,-
19-SEP-2022,POWERINDIA,Hitachi Energy India Ltd,ISHARES INDIA SC MAURITIUS COMPANY,SELL,4874,3468.7,-
19-SEP-2022,POWERINDIA,Hitachi Energy India Ltd,ISHARES MSCI INDIA SMALL-CAP ETF,BUY,4874,3468.7,-
19-SEP-2022,VINATIORGA,Vinati Organics Ltd-$,ISHARES INDIA SC MAURITIUS COMPANY,SELL,4761,2220.5,-
19-SEP-2022,VINATIORGA,Vinati Organics Ltd-$,ISHARES MSCI INDIA SMALL-CAP ETF,BUY,4761,2220.5,-
19-SEP-2022,JKCEMENT,JK Cement Ltd,ISHARES MSCI INDIA SMALL-CAP ETF,BUY,4591,2833.35,-
19-SEP-2022,JKCEMENT,JK Cement Ltd,ISHARES INDIA SC MAURITIUS COMPANY,SELL,4591,2833.35,-
19-SEP-2022,SKFINDIA,SKF India Ltd,ISHARES MSCI INDIA SMALL-CAP ETF,BUY,4574,4587.35,-
19-SEP-2022,SKFINDIA,SKF India Ltd,ISHARES INDIA SC MAURITIUS COMPANY,SELL,4574,4587.35,-
19-SEP-2022,SFL,Sheela Foam Ltd,ISHARES MSCI INDIA SMALL-CAP ETF,BUY,4535,3037.1,-
19-SEP-2022,SFL,Sheela Foam Ltd,ISHARES INDIA SC MAURITIUS COMPANY,SELL,4535,3037.1,-
19-SEP-2022,BALAMINES,Balaji Amines Ltd-$,ISHARES MSCI INDIA SMALL-CAP ETF,BUY,4470,3578.8,-
19-SEP-2022,BALAMINES,Balaji Amines Ltd-$,ISHARES INDIA SC MAURITIUS COMPANY,SELL,4470,3578.8,-
19-SEP-2022,COFORGE,Coforge Ltd,ISHARES INDIA SC MAURITIUS COMPANY,SELL,4221,3281.3,-
19-SEP-2022,COFORGE,Coforge Ltd,ISHARES MSCI INDIA SMALL-CAP ETF,BUY,4221,3281.3,-
19-SEP-2022,3MINDIA,3M India Ltd,ISHARES CORE MSCI EMERGING MARKETS ETF,BUY,4121,23938.1,-
19-SEP-2022,3MINDIA,3M India Ltd,ISHARES CORE EMERGING MARKETS MAURITIUS CO,SELL,4121,23938.1,-
19-SEP-2022,LINDEINDIA,Linde India Ltd,ISHARES MSCI INDIA SMALL-CAP ETF,BUY,3931,3355.3,-
19-SEP-2022,LINDEINDIA,Linde India Ltd,ISHARES INDIA SC MAURITIUS COMPANY,SELL,3931,3355.3,-
19-SEP-2022,PGHL,Procter & Gamble Health Ltd,ISHARES INDIA SC MAURITIUS COMPANY,SELL,3433,4147.5,-
19-SEP-2022,PGHL,Procter & Gamble Health Ltd,ISHARES MSCI INDIA SMALL-CAP ETF,BUY,3433,4147.5,-
19-SEP-2022,TEAMLEASE,TeamLease Services Ltd,ISHARES MSCI INDIA SMALL-CAP ETF,BUY,3424,3101.6,-
19-SEP-2022,TEAMLEASE,TeamLease Services Ltd,ISHARES INDIA SC MAURITIUS COMPANY,SELL,3424,3101.6,-
19-SEP-2022,CRISIL,Crisil Ltd,ISHARES INDIA SC MAURITIUS COMPANY,SELL,3394,3182.05,-
19-SEP-2022,CRISIL,Crisil Ltd,ISHARES MSCI INDIA SMALL-CAP ETF,BUY,3394,3182.05,-
19-SEP-2022,BASF,BASF India Ltd,ISHARES INDIA SC MAURITIUS COMPANY,SELL,3315,2995.5,-
19-SEP-2022,BASF,BASF India Ltd,ISHARES MSCI INDIA SMALL-CAP ETF,BUY,3315,2995.5,-
19-SEP-2022,INDIAMART,IndiaMART InterMESH Ltd,ISHARES MSCI INDIA SMALL-CAP ETF,BUY,3174,4486.45,-
19-SEP-2022,INDIAMART,IndiaMART InterMESH Ltd,ISHARES INDIA SC MAURITIUS COMPANY,SELL,3174,4486.45,-
19-SEP-2022,GILLETTE,Gillette India Ltd,ISHARES MSCI INDIA SMALL-CAP ETF,BUY,2996,5421.45,-
19-SEP-2022,GILLETTE,Gillette India Ltd,ISHARES INDIA SC MAURITIUS COMPANY,SELL,2996,5421.45,-
19-SEP-2022,BAYERCROP,Bayer CropScience Ltd,ISHARES MSCI INDIA SMALL-CAP ETF,BUY,2486,4821.95,-
19-SEP-2022,BAYERCROP,Bayer CropScience Ltd,ISHARES INDIA SC MAURITIUS COMPANY,SELL,2486,4821.95,-
19-SEP-2022,FINEORG,Fine Organic Industries Ltd,ISHARES INDIA SC MAURITIUS COMPANY,SELL,2370,6990.0,-
19-SEP-2022,FINEORG,Fine Organic Industries Ltd,ISHARES MSCI INDIA SMALL-CAP ETF,BUY,2370,6990.0,-
19-SEP-2022,ATUL,Atul Ltd,ISHARES MSCI INDIA SMALL-CAP ETF,BUY,1955,9236.1,-
19-SEP-2022,ATUL,Atul Ltd,ISHARES INDIA SC MAURITIUS COMPANY,SELL,1955,9236.1,-
19-SEP-2022,SANOFI,Sanofi India Ltd,ISHARES MSCI INDIA SMALL-CAP ETF,BUY,1869,6056.95,-
19-SEP-2022,SANOFI,Sanofi India Ltd,ISHARES INDIA SC MAURITIUS COMPANY,SELL,1869,6056.95,-
19-SEP-2022,MRF,MRF Ltd,ISHARES CORE EMERGING MARKETS MAURITIUS CO,SELL,1680,86112.85,-
19-SEP-2022,MRF,MRF Ltd,ISHARES CORE MSCI EMERGING MARKETS ETF,BUY,1680,86112.85,-
19-SEP-2022,BLUEDART,Blue Dart Express Ltd,ISHARES INDIA SC MAURITIUS COMPANY,SELL,1097,8515.25,-
19-SEP-2022,BLUEDART,Blue Dart Express Ltd,ISHARES MSCI INDIA SMALL-CAP ETF,BUY,1097,8515.25,-
19-SEP-2022,LMW,LMW Ltd,ISHARES INDIA SC MAURITIUS COMPANY,SELL,737,12713.95,-
19-SEP-2022,LMW,LMW Ltd,ISHARES MSCI INDIA SMALL-CAP ETF,BUY,737,12713.95,-
19-SEP-2022,3MINDIA,3M India Ltd,ISHARES INDIA SC MAURITIUS COMPANY,SELL,524,23938.1,-
19-SEP-2022,3MINDIA,3M India Ltd,ISHARES MSCI INDIA SMALL-CAP ETF,BUY,524,23938.1,-
20-SEP-2022,VERITAS,Veritas (India) Ltd,SWAN ENERGY LIMITED,BUY,901250,113.0,-
20-SEP-2022,VERITAS,Veritas (India) Ltd,NITI NITINKUMAR DIDWANIA,SELL,901250,113.0,-
22-SEP-2022,BIRET,BIRET,BSREP INDIA OFFICE HOLDINGS VI PTE.LTD.,BUY,800650,328.0,-
22-SEP-2022,BIRET,BIRET,BSREP INDIA OFFICE HOLDINGS III PTE. LTD,SELL,800650,328.0,-
23-SEP-2022,VERITAS,Veritas (India) Ltd,SWAN ENERGY LIMITED,BUY,860000,123.4,-
23-SEP-2022,VERITAS,Veritas (India) Ltd,NITI NITINKUMAR DIDWANIA,SELL,860000,123.4,-
23-SEP-2022,PIIND,PI Industries Ltd,SUNDARAM MUTUAL FUND,BUY,200000,3150.0,-
23-SEP-2022,PIIND,PI Industries Ltd,MORGAN STANLEY ASIA SINGAPORE PTE,BUY,200000,3150.0,-
23-SEP-2022,PIIND,PI Industries Ltd,MAYANK SINGHAL,SELL,200000,3150.0,-
23-SEP-2022,PIIND,PI Industries Ltd,MAYANK SINGHAL,SELL,200000,3150.0,-
23-SEP-2022,PIIND,PI Industries Ltd,MAYANK SINGHAL,SELL,150000,3150.0,-
23-SEP-2022,PIIND,PI Industries Ltd,MAYANK SINGHAL,SELL,150000,3150.0,-
23-SEP-2022,PIIND,PI Industries Ltd,MIRAE ASSET MUTUAL FUND,BUY,150000,3150.0,-
23-SEP-2022,PIIND,PI Industries Ltd,ICICI PRUDENTIAL LIFE INSURANCE COMPANY LIMITED,BUY,150000,3150.0,-
23-SEP-2022,PIIND,PI Industries Ltd,TARA EMERGING ASIA LIQUID FUND,BUY,125000,3150.0,-
23-SEP-2022,PIIND,PI Industries Ltd,MAYANK SINGHAL,SELL,125000,3150.0,-
23-SEP-2022,PIIND,PI Industries Ltd,MORGAN STANLEY ASIA SINGAPORE PTE,BUY,100000,3150.0,-
23-SEP-2022,PIIND,PI Industries Ltd,MAYANK SINGHAL,SELL,100000,3150.0,-
23-SEP-2022,PIIND,PI Industries Ltd,BNP PARIBAS ARBITRAGE,BUY,37500,3150.0,-
23-SEP-2022,PIIND,PI Industries Ltd,MAYANK SINGHAL,SELL,37500,3150.0,-
23-SEP-2022,PIIND,PI Industries Ltd,MAYANK SINGHAL,SELL,37500,3150.0,-
23-SEP-2022,PIIND,PI Industries Ltd,GHISALLO MASTER FUND LP,BUY,37500,3150.0,-
30-SEP-2022,JSWENERGY,JSW Energy Ltd,TIKRI INVESTMENTS,BUY,1525000,299.0,-
30-SEP-2022,JSWENERGY,JSW Energy Ltd,PRASHANT  JAIN,SELL,1525000,299.0,-
30-SEP-2022,GOKEX,Gokaldas Exports Ltd,CLEAR WEALTH CONSULTANCY SERVICES LLP,SELL,1500000,349.75,-
30-SEP-2022,GOKEX,Gokaldas Exports Ltd,ABU DHABI INVESTMENT AUTHORITY,BUY,1500000,349.75,-
30-SEP-2022,VERITAS,Veritas (India) Ltd,SWAN ENERGY LIMITED,BUY,850000,118.5,-
30-SEP-2022,VERITAS,Veritas (India) Ltd,NITI NITINKUMAR DIDWANIA,SELL,850000,118.5,-
03-OCT-2022,RPOWER,Reliance Power Ltd,ISHARES CORE MSCI EMERGING MARKETS ETF,BUY,7203127,16.4,-
03-OCT-2022,RPOWER,Reliance Power Ltd,ISHARES CORE EMERGING MARKETS MAURITIUS CO,SELL,7203127,16.4,-
03-OCT-2022,RPOWER,Reliance Power Ltd,ISHARES INDIA SC MAURITIUS COMPANY,SELL,1189220,16.4,-
03-OCT-2022,RPOWER,Reliance Power Ltd,ISHARES MSCI INDIA SMALL-CAP ETF,BUY,1189220,16.4,-
03-OCT-2022,TTML,Tata Teleservices (Maharashtra) Ltd,ISHARES CORE EMERGING MARKETS MAURITIUS CO,SELL,892020,103.4,-
03-OCT-2022,TTML,Tata Teleservices (Maharashtra) Ltd,ISHARES CORE MSCI EMERGING MARKETS ETF,BUY,892020,103.4,-
03-OCT-2022,MINDSPACE,MINDSPACE,ISHARES CORE EMERGING MARKETS MAURITIUS CO,SELL,283714,364.26,-
03-OCT-2022,MINDSPACE,MINDSPACE,ISHARES CORE MSCI EMERGING MARKETS ETF,BUY,283714,364.26,-
03-OCT-2022,IRCTC,Indian Railway Catering and Tourism Corporation Ltd,ISHARES CORE EMERGING MARKETS MAURITIUS CO,SELL,278794,706.0,-
03-OCT-2022,IRCTC,Indian Railway Catering and Tourism Corporation Ltd,ISHARES CORE MSCI EMERGING MARKETS ETF,BUY,278794,706.0,-
03-OCT-2022,TTML,Tata Teleservices (Maharashtra) Ltd,ISHARES MSCI INDIA SMALL-CAP ETF,BUY,132350,103.4,-
03-OCT-2022,TTML,Tata Teleservices (Maharashtra) Ltd,ISHARES INDIA SC MAURITIUS COMPANY,SELL,132350,103.4,-
03-OCT-2022,MINDSPACE,MINDSPACE,ISHARES MSCI INDIA SMALL-CAP ETF,BUY,37326,364.26,-
03-OCT-2022,MINDSPACE,MINDSPACE,ISHARES INDIA SC MAURITIUS COMPANY,SELL,37326,364.26,-
07-OCT-2022,GRAVITA,Gravita India Ltd,ABU DHABI INVESTMENT AUTHORITY,BUY,556493,332.0,-
07-OCT-2022,GRAVITA,Gravita India Ltd,ATUL  KUCHHAL,SELL,556493,332.0,-
11-OCT-2022,IDEA,Vodafone Idea Ltd,ISHARES CORE EMERGING MARKETS MAURITIUS CO,SELL,11191552,8.85,-
11-OCT-2022,IDEA,Vodafone Idea Ltd,ISHARES CORE MSCI EMERGING MARKETS ETF,BUY,11191552,8.85,-
11-OCT-2022,TATASTEEL,Tata Steel Ltd,ISHARES CORE MSCI EMERGING MARKETS ETF,BUY,9441638,103.2,-
11-OCT-2022,TATASTEEL,Tata Steel Ltd,ISHARES CORE EMERGING MARKETS MAURITIUS CO,SELL,9441638,103.2,-
11-OCT-2022,RPOWER,Reliance Power Ltd,ISHARES CORE EMERGING MARKETS MAURITIUS CO,SELL,7418139,17.75,-
11-OCT-2022,RPOWER,Reliance Power Ltd,ISHARES CORE MSCI EMERGING MARKETS ETF,BUY,7418139,17.75,-
11-OCT-2022,TRIDENT,Trident Ltd,ISHARES CORE EMERGING MARKETS MAURITIUS CO,SELL,5492873,37.35,-
11-OCT-2022,TRIDENT,Trident Ltd,ISHARES CORE MSCI EMERGING MARKETS ETF,BUY,5492873,37.35,-
11-OCT-2022,INFY,Infosys Ltd,ISHARES CORE MSCI EMERGING MARKETS ETF,BUY,5250176,1462.65,-
11-OCT-2022,INFY,Infosys Ltd,ISHARES CORE EMERGING MARKETS MAURITIUS CO,SELL,5250176,1462.65,-
11-OCT-2022,BEL,Bharat Electronics Ltd,ISHARES CORE EMERGING MARKETS MAURITIUS CO,SELL,5121286,104.45,-
11-OCT-2022,BEL,Bharat Electronics Ltd,ISHARES CORE MSCI EMERGING MARKETS ETF,BUY,5121286,104.45,-
11-OCT-2022,NTPC,NTPC Ltd,ISHARES CORE MSCI EMERGING MARKETS ETF,BUY,5097613,163.95,-
11-OCT-2022,NTPC,NTPC Ltd,ISHARES CORE EMERGING MARKETS MAURITIUS CO,SELL,5097613,163.95,-
11-OCT-2022,POWERGRID,Power Grid Corporation of India Ltd,ISHARES CORE MSCI EMERGING MARKETS ETF,BUY,4092713,208.95,-
11-OCT-2022,POWERGRID,Power Grid Corporation of India Ltd,ISHARES CORE EMERGING MARKETS MAURITIUS CO,SELL,4092713,208.95,-
11-OCT-2022,RELIANCE,Reliance Industries Ltd,ISHARES CORE MSCI EMERGING MARKETS ETF,BUY,3848888,2405.8,-
11-OCT-2022,RELIANCE,Reliance Industries Ltd,ISHARES CORE EMERGING MARKETS MAURITIUS CO,SELL,3848888,2405.8,-
11-OCT-2022,IDFCFIRSTB,IDFC First Bank Ltd,ISHARES CORE EMERGING MARKETS MAURITIUS CO,SELL,3516979,53.75,-
11-OCT-2022,IDFCFIRSTB,IDFC First Bank Ltd,ISHARES CORE MSCI EMERGING MARKETS ETF,BUY,3516979,53.75,-
11-OCT-2022,IOC,Indian Oil Corporation Ltd,ISHARES CORE MSCI EMERGING MARKETS ETF,BUY,3427709,67.55,-
11-OCT-2022,IOC,Indian Oil Corporation Ltd,ISHARES CORE EMERGING MARKETS MAURITIUS CO,SELL,3427709,67.55,-
11-OCT-2022,GAIL,Gail (India) Ltd,ISHARES CORE EMERGING MARKETS MAURITIUS CO,SELL,3275972,89.2,-
11-OCT-2022,GAIL,Gail (India) Ltd,ISHARES CORE MSCI EMERGING MARKETS ETF,BUY,3275972,89.2,-
11-OCT-2022,ONGC,Oil and Natural Gas Corporation Ltd,ISHARES CORE MSCI EMERGING MARKETS ETF,BUY,3144870,133.25,-
11-OCT-2022,ONGC,Oil and Natural Gas Corporation Ltd,ISHARES CORE EMERGING MARKETS MAURITIUS CO,SELL,3144870,133.25,-
11-OCT-2022,GMRAIRPORT,GMR Airports Ltd,ISHARES CORE EMERGING MARKETS MAURITIUS CO,SELL,3100247,35.15,-
11-OCT-2022,GMRAIRPORT,GMR Airports Ltd,ISHARES CORE MSCI EMERGING MARKETS ETF,BUY,3100247,35.15,-
11-OCT-2022,BHARTIARTL,Bharti Airtel Ltd,ISHARES CORE MSCI EMERGING MARKETS ETF,BUY,2811621,792.35,-
11-OCT-2022,BHARTIARTL,Bharti Airtel Ltd,ISHARES CORE EMERGING MARKETS MAURITIUS CO,SELL,2811621,792.35,-
11-OCT-2022,ETERNAL,Eternal Ltd,ISHARES CORE EMERGING MARKETS MAURITIUS CO,SELL,2760051,68.7,-
11-OCT-2022,ETERNAL,Eternal Ltd,ISHARES CORE MSCI EMERGING MARKETS ETF,BUY,2760051,68.7,-
11-OCT-2022,AXISBANK,AXIS Bank Ltd,ISHARES CORE EMERGING MARKETS MAURITIUS CO,SELL,2693950,776.85,-
11-OCT-2022,AXISBANK,AXIS Bank Ltd,ISHARES CORE MSCI EMERGING MARKETS ETF,BUY,2693950,776.85,-
11-OCT-2022,BHEL,Bharat Heavy Electricals Ltd,ISHARES CORE MSCI EMERGING MARKETS ETF,BUY,2248968,63.2,-
11-OCT-2022,BHEL,Bharat Heavy Electricals Ltd,ISHARES CORE EMERGING MARKETS MAURITIUS CO,SELL,2248968,63.2,-
11-OCT-2022,TMPV,Tata Motors Passenger Vehicles Ltd,ISHARES CORE EMERGING MARKETS MAURITIUS CO,SELL,2137496,395.95,-
11-OCT-2022,TMPV,Tata Motors Passenger Vehicles Ltd,ISHARES CORE MSCI EMERGING MARKETS ETF,BUY,2137496,395.95,-
11-OCT-2022,FEDERALBNK,Federal Bank Ltd,ISHARES CORE MSCI EMERGING MARKETS ETF,BUY,2049472,121.35,-
11-OCT-2022,FEDERALBNK,Federal Bank Ltd,ISHARES CORE EMERGING MARKETS MAURITIUS CO,SELL,2049472,121.35,-
11-OCT-2022,ASHOKLEY,Ashok Leyland Ltd,ISHARES CORE MSCI EMERGING MARKETS ETF,BUY,1958592,154.35,-
11-OCT-2022,ASHOKLEY,Ashok Leyland Ltd,ISHARES CORE EMERGING MARKETS MAURITIUS CO,SELL,1958592,154.35,-
11-OCT-2022,COALINDIA,Coal India Ltd,ISHARES CORE EMERGING MARKETS MAURITIUS CO,SELL,1953300,229.85,-
11-OCT-2022,COALINDIA,Coal India Ltd,ISHARES CORE MSCI EMERGING MARKETS ETF,BUY,1953300,229.85,-
11-OCT-2022,IDFC,IDFC Ltd,ISHARES CORE MSCI EMERGING MARKETS ETF,BUY,1907382,72.55,-
11-OCT-2022,IDFC,IDFC Ltd,ISHARES CORE EMERGING MARKETS MAURITIUS CO,SELL,1907382,72.55,-
11-OCT-2022,TATAPOWER,Tata Power Company Ltd,ISHARES CORE MSCI EMERGING MARKETS ETF,BUY,1902596,220.35,-
11-OCT-2022,TATAPOWER,Tata Power Company Ltd,ISHARES CORE EMERGING MARKETS MAURITIUS CO,SELL,1902596,220.35,-
11-OCT-2022,IDEA,Vodafone Idea Ltd,ISHARES MSCI INDIA SMALL-CAP ETF,BUY,1849513,8.85,-
11-OCT-2022,IDEA,Vodafone Idea Ltd,ISHARES INDIA SC MAURITIUS COMPANY,SELL,1849513,8.85,-
11-OCT-2022,RENUKA,Shree Renuka Sugars Ltd,ISHARES CORE EMERGING MARKETS MAURITIUS CO,SELL,1834191,65.35,-
11-OCT-2022,RENUKA,Shree Renuka Sugars Ltd,ISHARES CORE MSCI EMERGING MARKETS ETF,BUY,1834191,65.35,-
11-OCT-2022,HFCL,HFCL Ltd,ISHARES CORE EMERGING MARKETS MAURITIUS CO,SELL,1786475,79.9,-
11-OCT-2022,HFCL,HFCL Ltd,ISHARES CORE MSCI EMERGING MARKETS ETF,BUY,1786475,79.9,-
11-OCT-2022,HINDALCO,Hindalco Industries Ltd,ISHARES CORE MSCI EMERGING MARKETS ETF,BUY,1764519,407.5,-
11-OCT-2022,HINDALCO,Hindalco Industries Ltd,ISHARES CORE EMERGING MARKETS MAURITIUS CO,SELL,1764519,407.5,-
11-OCT-2022,LTF,L&T Finance Ltd,ISHARES CORE MSCI EMERGING MARKETS ETF,BUY,1742658,76.8,-
11-OCT-2022,LTF,L&T Finance Ltd,ISHARES CORE EMERGING MARKETS MAURITIUS CO,SELL,1742658,76.8,-
11-OCT-2022,WIPRO,Wipro Ltd,ISHARES CORE MSCI EMERGING MARKETS ETF,BUY,1715400,411.3,-
11-OCT-2022,WIPRO,Wipro Ltd,ISHARES CORE EMERGING MARKETS MAURITIUS CO,SELL,1715400,411.3,-
11-OCT-2022,MSUMI,Motherson Sumi Wiring India Ltd,ISHARES CORE MSCI EMERGING MARKETS ETF,BUY,1649216,86.8,-
11-OCT-2022,MSUMI,Motherson Sumi Wiring India Ltd,ISHARES CORE EMERGING MARKETS MAURITIUS CO,SELL,1649216,86.8,-
11-OCT-2022,MOTHERSON,Samvardhana Motherson International Ltd,ISHARES CORE MSCI EMERGING MARKETS ETF,BUY,1648478,75.7,-
11-OCT-2022,MOTHERSON,Samvardhana Motherson International Ltd,ISHARES CORE EMERGING MARKETS MAURITIUS CO,SELL,1648478,75.7,-
11-OCT-2022,EDELWEISS,Edelweiss Financial Services Ltd,ISHARES CORE EMERGING MARKETS MAURITIUS CO,SELL,1603972,63.05,-
11-OCT-2022,EDELWEISS,Edelweiss Financial Services Ltd,ISHARES CORE MSCI EMERGING MARKETS ETF,BUY,1603972,63.05,-
11-OCT-2022,NATIONALUM,National Aluminium Company Ltd,ISHARES CORE EMERGING MARKETS MAURITIUS CO,SELL,1426999,72.25,-
11-OCT-2022,NATIONALUM,National Aluminium Company Ltd,ISHARES CORE MSCI EMERGING MARKETS ETF,BUY,1426999,72.25,-
11-OCT-2022,KARURVYSYA,Karur Vysya Bank Ltd,ISHARES CORE EMERGING MARKETS MAURITIUS CO,SELL,1418230,83.5,-
11-OCT-2022,KARURVYSYA,Karur Vysya Bank Ltd,ISHARES CORE MSCI EMERGING MARKETS ETF,BUY,1418230,83.5,-
11-OCT-2022,HCLTECH,HCL Technologies Ltd,ISHARES CORE MSCI EMERGING MARKETS ETF,BUY,1364860,963.25,-
11-OCT-2022,HCLTECH,HCL Technologies Ltd,ISHARES CORE EMERGING MARKETS MAURITIUS CO,SELL,1364860,963.25,-
11-OCT-2022,JMFINANCIL,JM Financial Ltd-$,ISHARES CORE MSCI EMERGING MARKETS ETF,BUY,1348341,68.95,-
11-OCT-2022,JMFINANCIL,JM Financial Ltd-$,ISHARES CORE EMERGING MARKETS MAURITIUS CO,SELL,1348341,68.95,-
11-OCT-2022,TTML,Tata Teleservices (Maharashtra) Ltd,ISHARES CORE MSCI EMERGING MARKETS ETF,BUY,1339855,102.55,-
11-OCT-2022,TTML,Tata Teleservices (Maharashtra) Ltd,ISHARES CORE EMERGING MARKETS MAURITIUS CO,SELL,1339855,102.55,-
11-OCT-2022,RECLTD,REC Ltd,ISHARES CORE MSCI EMERGING MARKETS ETF,BUY,1335086,93.0,-
11-OCT-2022,RECLTD,REC Ltd,ISHARES CORE EMERGING MARKETS MAURITIUS CO,SELL,1335086,93.0,-
11-OCT-2022,MANAPPURAM,Manappuram Finance Ltd,ISHARES CORE MSCI EMERGING MARKETS ETF,BUY,1307381,101.55,-
11-OCT-2022,MANAPPURAM,Manappuram Finance Ltd,ISHARES CORE EMERGING MARKETS MAURITIUS CO,SELL,1307381,101.55,-
11-OCT-2022,CESC,CESC Ltd,ISHARES CORE MSCI EMERGING MARKETS ETF,BUY,1277878,78.35,-
11-OCT-2022,CESC,CESC Ltd,ISHARES CORE EMERGING MARKETS MAURITIUS CO,SELL,1277878,78.35,-
11-OCT-2022,RPOWER,Reliance Power Ltd,ISHARES INDIA SC MAURITIUS COMPANY,SELL,1224718,17.75,-
11-OCT-2022,RPOWER,Reliance Power Ltd,ISHARES MSCI INDIA SMALL-CAP ETF,BUY,1224718,17.75,-
11-OCT-2022,TCS,Tata Consultancy Services Ltd,ISHARES CORE MSCI EMERGING MARKETS ETF,BUY,1154072,3118.55,-
11-OCT-2022,TCS,Tata Consultancy Services Ltd,ISHARES CORE EMERGING MARKETS MAURITIUS CO,SELL,1154072,3118.55,-
11-OCT-2022,M&M,Mahindra & Mahindra Ltd,ISHARES CORE EMERGING MARKETS MAURITIUS CO,SELL,1133630,1243.0,-
11-OCT-2022,M&M,Mahindra & Mahindra Ltd,ISHARES CORE MSCI EMERGING MARKETS ETF,BUY,1133630,1243.0,-
11-OCT-2022,ZEEL,Zee Entertainment Enterprises Ltd,ISHARES CORE EMERGING MARKETS MAURITIUS CO,SELL,1127920,278.6,-
11-OCT-2022,ZEEL,Zee Entertainment Enterprises Ltd,ISHARES CORE MSCI EMERGING MARKETS ETF,BUY,1127920,278.6,-
11-OCT-2022,BPCL,Bharat Petroleum Corporation Ltd,ISHARES CORE MSCI EMERGING MARKETS ETF,BUY,1099238,304.65,-
11-OCT-2022,BPCL,Bharat Petroleum Corporation Ltd,ISHARES CORE EMERGING MARKETS MAURITIUS CO,SELL,1099238,304.65,-
11-OCT-2022,HDFCLIFE,HDFC Life Insurance Company Ltd,ISHARES CORE MSCI EMERGING MARKETS ETF,BUY,1088063,533.2,-
11-OCT-2022,HDFCLIFE,HDFC Life Insurance Company Ltd,ISHARES CORE EMERGING MARKETS MAURITIUS CO,SELL,1088063,533.2,-
11-OCT-2022,GPPL,Gujarat Pipavav Port Ltd,ISHARES CORE MSCI EMERGING MARKETS ETF,BUY,1083219,89.0,-
11-OCT-2022,GPPL,Gujarat Pipavav Port Ltd,ISHARES CORE EMERGING MARKETS MAURITIUS CO,SELL,1083219,89.0,-
11-OCT-2022,SAMMAANCAP,Sammaan Capital Ltd,ISHARES CORE EMERGING MARKETS MAURITIUS CO,SELL,1060489,127.6,-
11-OCT-2022,SAMMAANCAP,Sammaan Capital Ltd,ISHARES CORE MSCI EMERGING MARKETS ETF,BUY,1060489,127.6,-
11-OCT-2022,HINDUNILVR,Hindustan Unilever Ltd,ISHARES CORE MSCI EMERGING MARKETS ETF,BUY,1057504,2605.6,-
11-OCT-2022,HINDUNILVR,Hindustan Unilever Ltd,ISHARES CORE EMERGING MARKETS MAURITIUS CO,SELL,1057504,2605.6,-
11-OCT-2022,RBLBANK,RBL Bank Ltd,ISHARES CORE MSCI EMERGING MARKETS ETF,BUY,1052601,120.65,-
11-OCT-2022,RBLBANK,RBL Bank Ltd,ISHARES CORE EMERGING MARKETS MAURITIUS CO,SELL,1052601,120.65,-
11-OCT-2022,ABCAPITAL,Aditya Birla Capital Ltd,ISHARES CORE MSCI EMERGING MARKETS ETF,BUY,1043877,114.65,-
11-OCT-2022,ABCAPITAL,Aditya Birla Capital Ltd,ISHARES CORE EMERGING MARKETS MAURITIUS CO,SELL,1043877,114.65,-
11-OCT-2022,VEDL,Vedanta Ltd,ISHARES CORE MSCI EMERGING MARKETS ETF,BUY,1009939,297.05,-
11-OCT-2022,VEDL,Vedanta Ltd,ISHARES CORE EMERGING MARKETS MAURITIUS CO,SELL,1009939,297.05,-
11-OCT-2022,INDHOTEL,Indian Hotels Company Ltd,ISHARES CORE EMERGING MARKETS MAURITIUS CO,SELL,1001437,337.15,-
11-OCT-2022,INDHOTEL,Indian Hotels Company Ltd,ISHARES CORE MSCI EMERGING MARKETS ETF,BUY,1001437,337.15,-
11-OCT-2022,PETRONET,Petronet LNG Ltd,ISHARES CORE MSCI EMERGING MARKETS ETF,BUY,972858,202.75,-
11-OCT-2022,PETRONET,Petronet LNG Ltd,ISHARES CORE EMERGING MARKETS MAURITIUS CO,SELL,972858,202.75,-
11-OCT-2022,FSL,Firstsource Solutions Ltd,ISHARES CORE MSCI EMERGING MARKETS ETF,BUY,919442,104.9,-
11-OCT-2022,FSL,Firstsource Solutions Ltd,ISHARES CORE EMERGING MARKETS MAURITIUS CO,SELL,919442,104.9,-
11-OCT-2022,ADANIPOWER,Adani Power Ltd,ISHARES CORE EMERGING MARKETS MAURITIUS CO,SELL,903965,365.35,-
11-OCT-2022,ADANIPOWER,Adani Power Ltd,ISHARES CORE MSCI EMERGING MARKETS ETF,BUY,903965,365.35,-
11-OCT-2022,LT,Larsen & Toubro Ltd,ISHARES CORE MSCI EMERGING MARKETS ETF,BUY,888336,1909.65,-
11-OCT-2022,LT,Larsen & Toubro Ltd,ISHARES CORE EMERGING MARKETS MAURITIUS CO,SELL,888336,1909.65,-
11-OCT-2022,TRIDENT,Trident Ltd,ISHARES MSCI INDIA SMALL-CAP ETF,BUY,857408,37.35,-
11-OCT-2022,TRIDENT,Trident Ltd,ISHARES INDIA SC MAURITIUS COMPANY,SELL,857408,37.35,-
11-OCT-2022,BANDHANBNK,Bandhan Bank Ltd,ISHARES CORE MSCI EMERGING MARKETS ETF,BUY,832936,267.4,-
11-OCT-2022,BANDHANBNK,Bandhan Bank Ltd,ISHARES CORE EMERGING MARKETS MAURITIUS CO,SELL,832936,267.4,-
11-OCT-2022,DLF,DLF Ltd,ISHARES CORE EMERGING MARKETS MAURITIUS CO,SELL,832903,366.25,-
11-OCT-2022,DLF,DLF Ltd,ISHARES CORE MSCI EMERGING MARKETS ETF,BUY,832903,366.25,-
11-OCT-2022,DABUR,Dabur India Ltd,ISHARES CORE MSCI EMERGING MARKETS ETF,BUY,823686,529.1,-
11-OCT-2022,DABUR,Dabur India Ltd,ISHARES CORE EMERGING MARKETS MAURITIUS CO,SELL,823686,529.1,-
11-OCT-2022,JSWSTEEL,JSW Steel Ltd,ISHARES CORE MSCI EMERGING MARKETS ETF,BUY,818890,666.0,-
11-OCT-2022,JSWSTEEL,JSW Steel Ltd,ISHARES CORE EMERGING MARKETS MAURITIUS CO,SELL,818890,666.0,-
11-OCT-2022,AMBUJACEM,Ambuja Cements Ltd,ISHARES CORE MSCI EMERGING MARKETS ETF,BUY,796578,522.65,-
11-OCT-2022,AMBUJACEM,Ambuja Cements Ltd,ISHARES CORE EMERGING MARKETS MAURITIUS CO,SELL,796578,522.65,-
11-OCT-2022,HINDPETRO,Hindustan Petroleum Corporation Ltd,ISHARES CORE EMERGING MARKETS MAURITIUS CO,SELL,791743,214.9,-
11-OCT-2022,HINDPETRO,Hindustan Petroleum Corporation Ltd,ISHARES CORE MSCI EMERGING MARKETS ETF,BUY,791743,214.9,-
11-OCT-2022,AEGISLOG,Aegis Logistics Ltd,ISHARES CORE MSCI EMERGING MARKETS ETF,BUY,784225,288.8,-
11-OCT-2022,AEGISLOG,Aegis Logistics Ltd,ISHARES CORE EMERGING MARKETS MAURITIUS CO,SELL,784225,288.8,-
11-OCT-2022,FINPIPE,Finolex Industries Ltd,ISHARES CORE EMERGING MARKETS MAURITIUS CO,SELL,775493,139.85,-
11-OCT-2022,FINPIPE,Finolex Industries Ltd,ISHARES CORE MSCI EMERGING MARKETS ETF,BUY,775493,139.85,-
11-OCT-2022,TATACONSUM,Tata Consumer Products Ltd,ISHARES CORE EMERGING MARKETS MAURITIUS CO,SELL,766991,757.15,-
11-OCT-2022,TATACONSUM,Tata Consumer Products Ltd,ISHARES CORE MSCI EMERGING MARKETS ETF,BUY,766991,757.15,-
11-OCT-2022,REDINGTON,Redington Ltd,ISHARES CORE EMERGING MARKETS MAURITIUS CO,SELL,750916,140.95,-
11-OCT-2022,REDINGTON,Redington Ltd,ISHARES CORE MSCI EMERGING MARKETS ETF,BUY,750916,140.95,-
11-OCT-2022,DEVYANI,Devyani International Ltd,ISHARES CORE MSCI EMERGING MARKETS ETF,BUY,738682,193.8,-
11-OCT-2022,DEVYANI,Devyani International Ltd,ISHARES CORE EMERGING MARKETS MAURITIUS CO,SELL,738682,193.8,-
11-OCT-2022,TECHM,Tech Mahindra Ltd,ISHARES CORE MSCI EMERGING MARKETS ETF,BUY,738321,1029.35,-
11-OCT-2022,TECHM,Tech Mahindra Ltd,ISHARES CORE EMERGING MARKETS MAURITIUS CO,SELL,738321,1029.35,-
11-OCT-2022,EXIDEIND,Exide Industries Ltd,ISHARES CORE EMERGING MARKETS MAURITIUS CO,SELL,732020,156.95,-
11-OCT-2022,EXIDEIND,Exide Industries Ltd,ISHARES CORE MSCI EMERGING MARKETS ETF,BUY,732020,156.95,-
11-OCT-2022,CGPOWER,CG Power and Industrial Solutions Ltd,ISHARES CORE EMERGING MARKETS MAURITIUS CO,SELL,722250,254.9,-
11-OCT-2022,CGPOWER,CG Power and Industrial Solutions Ltd,ISHARES CORE MSCI EMERGING MARKETS ETF,BUY,722250,254.9,-
11-OCT-2022,INDUSTOWER,Indus Towers Ltd,ISHARES CORE EMERGING MARKETS MAURITIUS CO,SELL,716862,197.1,-
11-OCT-2022,INDUSTOWER,Indus Towers Ltd,ISHARES CORE MSCI EMERGING MARKETS ETF,BUY,716862,197.1,-
11-OCT-2022,MARICO,Marico Ltd,ISHARES CORE MSCI EMERGING MARKETS ETF,BUY,706984,514.85,-
11-OCT-2022,MARICO,Marico Ltd,ISHARES CORE EMERGING MARKETS MAURITIUS CO,SELL,706984,514.85,-
11-OCT-2022,IEX,Indian Energy Exchange Ltd,ISHARES CORE EMERGING MARKETS MAURITIUS CO,SELL,705540,143.1,-
11-OCT-2022,IEX,Indian Energy Exchange Ltd,ISHARES CORE MSCI EMERGING MARKETS ETF,BUY,705540,143.1,-
11-OCT-2022,ADANIPORTS,Adani Ports and Special Economic Zone Ltd,ISHARES CORE MSCI EMERGING MARKETS ETF,BUY,662392,808.1,-
11-OCT-2022,ADANIPORTS,Adani Ports and Special Economic Zone Ltd,ISHARES CORE EMERGING MARKETS MAURITIUS CO,SELL,662392,808.1,-
11-OCT-2022,UPL,UPL Ltd,ISHARES CORE EMERGING MARKETS MAURITIUS CO,SELL,660306,683.0,-
11-OCT-2022,UPL,UPL Ltd,ISHARES CORE MSCI EMERGING MARKETS ETF,BUY,660306,683.0,-
11-OCT-2022,CUB,City Union Bank Ltd,ISHARES CORE MSCI EMERGING MARKETS ETF,BUY,656824,179.0,-
11-OCT-2022,CUB,City Union Bank Ltd,ISHARES CORE EMERGING MARKETS MAURITIUS CO,SELL,656824,179.0,-
11-OCT-2022,FORTIS,Fortis Healthcare Ltd,ISHARES CORE EMERGING MARKETS MAURITIUS CO,SELL,637692,271.4,-
11-OCT-2022,FORTIS,Fortis Healthcare Ltd,ISHARES CORE MSCI EMERGING MARKETS ETF,BUY,637692,271.4,-
11-OCT-2022,CIPLA,Cipla Ltd,ISHARES CORE MSCI EMERGING MARKETS ETF,BUY,629290,1118.85,-
11-OCT-2022,CIPLA,Cipla Ltd,ISHARES CORE EMERGING MARKETS MAURITIUS CO,SELL,629290,1118.85,-
11-OCT-2022,M&MFIN,Mahindra & Mahindra Financial Services Ltd,ISHARES CORE EMERGING MARKETS MAURITIUS CO,SELL,625861,204.35,-
11-OCT-2022,M&MFIN,Mahindra & Mahindra Financial Services Ltd,ISHARES CORE MSCI EMERGING MARKETS ETF,BUY,625861,204.35,-
11-OCT-2022,CROMPTON,Crompton Greaves Consumer Electricals Ltd,ISHARES CORE EMERGING MARKETS MAURITIUS CO,SELL,624229,390.75,-
11-OCT-2022,CROMPTON,Crompton Greaves Consumer Electricals Ltd,ISHARES CORE MSCI EMERGING MARKETS ETF,BUY,624229,390.75,-
11-OCT-2022,STLTECH,Sterlite Technologies Ltd,ISHARES CORE MSCI EMERGING MARKETS ETF,BUY,603835,178.85,-
11-OCT-2022,STLTECH,Sterlite Technologies Ltd,ISHARES CORE EMERGING MARKETS MAURITIUS CO,SELL,603835,178.85,-
11-OCT-2022,SBILIFE,SBI Life Insurance Company Ltd,ISHARES CORE MSCI EMERGING MARKETS ETF,BUY,598564,1239.3,-
11-OCT-2022,SBILIFE,SBI Life Insurance Company Ltd,ISHARES CORE EMERGING MARKETS MAURITIUS CO,SELL,598564,1239.3,-
11-OCT-2022,IDFCFIRSTB,IDFC First Bank Ltd,ISHARES INDIA SC MAURITIUS COMPANY,SELL,596769,53.75,-
11-OCT-2022,IDFCFIRSTB,IDFC First Bank Ltd,ISHARES MSCI INDIA SMALL-CAP ETF,BUY,596769,53.75,-
11-OCT-2022,EIHOTEL,EIH Ltd,ISHARES CORE EMERGING MARKETS MAURITIUS CO,SELL,583953,187.3,-
11-OCT-2022,EIHOTEL,EIH Ltd,ISHARES CORE MSCI EMERGING MARKETS ETF,BUY,583953,187.3,-
11-OCT-2022,MAXHEALTH,Max Healthcare Institute Ltd,ISHARES CORE MSCI EMERGING MARKETS ETF,BUY,578540,410.75,-
11-OCT-2022,MAXHEALTH,Max Healthcare Institute Ltd,ISHARES CORE EMERGING MARKETS MAURITIUS CO,SELL,578540,410.75,-
11-OCT-2022,OIL,Oil India Ltd,ISHARES CORE EMERGING MARKETS MAURITIUS CO,SELL,566880,189.5,-
11-OCT-2022,OIL,Oil India Ltd,ISHARES CORE MSCI EMERGING MARKETS ETF,BUY,566880,189.5,-
11-OCT-2022,CHOLAFIN,Cholamandalam Investment and Finance Company Ltd,ISHARES CORE MSCI EMERGING MARKETS ETF,BUY,558770,729.85,-
11-OCT-2022,CHOLAFIN,Cholamandalam Investment and Finance Company Ltd,ISHARES CORE EMERGING MARKETS MAURITIUS CO,SELL,558770,729.85,-
11-OCT-2022,INDIANB,Indian Bank,ISHARES CORE MSCI EMERGING MARKETS ETF,BUY,548951,198.4,-
11-OCT-2022,INDIANB,Indian Bank,ISHARES CORE EMERGING MARKETS MAURITIUS CO,SELL,548951,198.4,-
11-OCT-2022,JINDALSTEL,Jindal Steel Ltd,ISHARES CORE MSCI EMERGING MARKETS ETF,BUY,546763,446.5,-
11-OCT-2022,JINDALSTEL,Jindal Steel Ltd,ISHARES CORE EMERGING MARKETS MAURITIUS CO,SELL,546763,446.5,-
11-OCT-2022,JYOTHYLAB,Jyothy Labs Ltd,ISHARES CORE MSCI EMERGING MARKETS ETF,BUY,540288,200.8,-
11-OCT-2022,JYOTHYLAB,Jyothy Labs Ltd,ISHARES CORE EMERGING MARKETS MAURITIUS CO,SELL,540288,200.8,-
11-OCT-2022,BIOCON,Biocon Ltd,ISHARES CORE EMERGING MARKETS MAURITIUS CO,SELL,537316,277.4,-
11-OCT-2022,BIOCON,Biocon Ltd,ISHARES CORE MSCI EMERGING MARKETS ETF,BUY,537316,277.4,-
11-OCT-2022,APOLLOTYRE,Apollo Tyres Ltd,ISHARES CORE MSCI EMERGING MARKETS ETF,BUY,530120,270.45,-
11-OCT-2022,APOLLOTYRE,Apollo Tyres Ltd,ISHARES CORE EMERGING MARKETS MAURITIUS CO,SELL,530120,270.45,-
11-OCT-2022,NUVOCO,Nuvoco Vistas Corporation Ltd,ISHARES CORE EMERGING MARKETS MAURITIUS CO,SELL,515593,399.9,-
11-OCT-2022,NUVOCO,Nuvoco Vistas Corporation Ltd,ISHARES CORE MSCI EMERGING MARKETS ETF,BUY,515593,399.9,-
11-OCT-2022,JUBLFOOD,Jubilant FoodWorks Ltd,ISHARES CORE EMERGING MARKETS MAURITIUS CO,SELL,509404,615.75,-
11-OCT-2022,JUBLFOOD,Jubilant FoodWorks Ltd,ISHARES CORE MSCI EMERGING MARKETS ETF,BUY,509404,615.75,-
11-OCT-2022,GODREJCP,Godrej Consumer Products Ltd,ISHARES CORE MSCI EMERGING MARKETS ETF,BUY,501765,832.25,-
11-OCT-2022,GODREJCP,Godrej Consumer Products Ltd,ISHARES CORE EMERGING MARKETS MAURITIUS CO,SELL,501765,832.25,-
11-OCT-2022,VGUARD,V-Guard Industries Ltd,ISHARES CORE MSCI EMERGING MARKETS ETF,BUY,501360,251.2,-
11-OCT-2022,VGUARD,V-Guard Industries Ltd,ISHARES CORE EMERGING MARKETS MAURITIUS CO,SELL,501360,251.2,-
11-OCT-2022,CANBK,Canara Bank,ISHARES CORE MSCI EMERGING MARKETS ETF,BUY,479875,227.65,-
11-OCT-2022,CANBK,Canara Bank,ISHARES CORE EMERGING MARKETS MAURITIUS CO,SELL,479875,227.65,-
11-OCT-2022,INDIACEM,India Cements Ltd,ISHARES CORE EMERGING MARKETS MAURITIUS CO,SELL,474298,275.25,-
11-OCT-2022,INDIACEM,India Cements Ltd,ISHARES CORE MSCI EMERGING MARKETS ETF,BUY,474298,275.25,-
11-OCT-2022,GODREJIND,Godrej Industries Ltd,ISHARES CORE MSCI EMERGING MARKETS ETF,BUY,473014,430.05,-
11-OCT-2022,GODREJIND,Godrej Industries Ltd,ISHARES CORE EMERGING MARKETS MAURITIUS CO,SELL,473014,430.05,-
11-OCT-2022,ICICIPRULI,ICICI Prudential Life Insurance Company Ltd,ISHARES CORE MSCI EMERGING MARKETS ETF,BUY,461459,515.6,-
11-OCT-2022,ICICIPRULI,ICICI Prudential Life Insurance Company Ltd,ISHARES CORE EMERGING MARKETS MAURITIUS CO,SELL,461459,515.6,-
11-OCT-2022,VTL,Vardhman Textiles Ltd,ISHARES CORE MSCI EMERGING MARKETS ETF,BUY,445495,349.15,-
11-OCT-2022,VTL,Vardhman Textiles Ltd,ISHARES CORE EMERGING MARKETS MAURITIUS CO,SELL,445495,349.15,-
11-OCT-2022,LAURUSLABS,Laurus Labs Ltd,ISHARES CORE EMERGING MARKETS MAURITIUS CO,SELL,437620,516.6,-
11-OCT-2022,LAURUSLABS,Laurus Labs Ltd,ISHARES CORE MSCI EMERGING MARKETS ETF,BUY,437620,516.6,-
11-OCT-2022,GSPL,Gujarat State Petronet Ltd,ISHARES CORE MSCI EMERGING MARKETS ETF,BUY,431405,220.7,-
11-OCT-2022,GSPL,Gujarat State Petronet Ltd,ISHARES CORE EMERGING MARKETS MAURITIUS CO,SELL,431405,220.7,-
11-OCT-2022,ABFRL,Aditya Birla Fashion and Retail Ltd,ISHARES CORE EMERGING MARKETS MAURITIUS CO,SELL,408619,338.75,-
11-OCT-2022,ABFRL,Aditya Birla Fashion and Retail Ltd,ISHARES CORE MSCI EMERGING MARKETS ETF,BUY,408619,338.75,-
11-OCT-2022,POONAWALLA,Poonawalla Fincorp Ltd,ISHARES CORE MSCI EMERGING MARKETS ETF,BUY,406851,325.7,-
11-OCT-2022,POONAWALLA,Poonawalla Fincorp Ltd,ISHARES CORE EMERGING MARKETS MAURITIUS CO,SELL,406851,325.7,-
11-OCT-2022,CHAMBLFERT,Chambal Fertilisers & Chemicals Ltd,ISHARES CORE EMERGING MARKETS MAURITIUS CO,SELL,406668,318.55,-
11-OCT-2022,CHAMBLFERT,Chambal Fertilisers & Chemicals Ltd,ISHARES CORE MSCI EMERGING MARKETS ETF,BUY,406668,318.55,-
11-OCT-2022,GMRAIRPORT,GMR Airports Ltd,ISHARES MSCI INDIA SMALL-CAP ETF,BUY,405192,35.15,-
11-OCT-2022,GMRAIRPORT,GMR Airports Ltd,ISHARES INDIA SC MAURITIUS COMPANY,SELL,405192,35.15,-
11-OCT-2022,ADANIGREEN,Adani Green Energy Ltd,ISHARES CORE EMERGING MARKETS MAURITIUS CO,SELL,404762,2155.9,-
11-OCT-2022,ADANIGREEN,Adani Green Energy Ltd,ISHARES CORE MSCI EMERGING MARKETS ETF,BUY,404762,2155.9,-
11-OCT-2022,GRANULES,Granules India Ltd-$,ISHARES CORE MSCI EMERGING MARKETS ETF,BUY,400896,347.05,-
11-OCT-2022,GRANULES,Granules India Ltd-$,ISHARES CORE EMERGING MARKETS MAURITIUS CO,SELL,400896,347.05,-
11-OCT-2022,UNITDSPR,United Spirits Ltd,ISHARES CORE MSCI EMERGING MARKETS ETF,BUY,398591,857.95,-
11-OCT-2022,UNITDSPR,United Spirits Ltd,ISHARES CORE EMERGING MARKETS MAURITIUS CO,SELL,398591,857.95,-
11-OCT-2022,LICHSGFIN,LIC Housing Finance Ltd,ISHARES CORE EMERGING MARKETS MAURITIUS CO,SELL,395020,416.2,-
11-OCT-2022,LICHSGFIN,LIC Housing Finance Ltd,ISHARES CORE MSCI EMERGING MARKETS ETF,BUY,395020,416.2,-
11-OCT-2022,NAM-INDIA,Nippon Life India Asset Management Ltd,ISHARES CORE MSCI EMERGING MARKETS ETF,BUY,393161,270.55,-
11-OCT-2022,NAM-INDIA,Nippon Life India Asset Management Ltd,ISHARES CORE EMERGING MARKETS MAURITIUS CO,SELL,393161,270.55,-
11-OCT-2022,BSOFT,Birlasoft Ltd,ISHARES CORE EMERGING MARKETS MAURITIUS CO,SELL,386288,289.1,-
11-OCT-2022,BSOFT,Birlasoft Ltd,ISHARES CORE MSCI EMERGING MARKETS ETF,BUY,386288,289.1,-
11-OCT-2022,ORIENTELEC,Orient Electric Ltd,ISHARES CORE EMERGING MARKETS MAURITIUS CO,SELL,382602,272.95,-
11-OCT-2022,ORIENTELEC,Orient Electric Ltd,ISHARES CORE MSCI EMERGING MARKETS ETF,BUY,382602,272.95,-
11-OCT-2022,CIEINDIA,CIE Automotive India Ltd,ISHARES CORE MSCI EMERGING MARKETS ETF,BUY,375469,320.1,-
11-OCT-2022,CIEINDIA,CIE Automotive India Ltd,ISHARES CORE EMERGING MARKETS MAURITIUS CO,SELL,375469,320.1,-
11-OCT-2022,GRASIM,Grasim Industries Ltd,ISHARES CORE MSCI EMERGING MARKETS ETF,BUY,359167,1673.95,-
11-OCT-2022,GRASIM,Grasim Industries Ltd,ISHARES CORE EMERGING MARKETS MAURITIUS CO,SELL,359167,1673.95,-
11-OCT-2022,IGL,Indraprastha Gas Ltd,ISHARES CORE MSCI EMERGING MARKETS ETF,BUY,357292,375.95,-
11-OCT-2022,IGL,Indraprastha Gas Ltd,ISHARES CORE EMERGING MARKETS MAURITIUS CO,SELL,357292,375.95,-
11-OCT-2022,BALRAMCHIN,Balrampur Chini Mills Ltd,ISHARES CORE EMERGING MARKETS MAURITIUS CO,SELL,338504,357.9,-
11-OCT-2022,BALRAMCHIN,Balrampur Chini Mills Ltd,ISHARES CORE MSCI EMERGING MARKETS ETF,BUY,338504,357.9,-
11-OCT-2022,IIFL,IIFL Finance Ltd,ISHARES CORE MSCI EMERGING MARKETS ETF,BUY,338224,361.1,-
11-OCT-2022,IIFL,IIFL Finance Ltd,ISHARES CORE EMERGING MARKETS MAURITIUS CO,SELL,338224,361.1,-
11-OCT-2022,FINCABLES,Finolex Cables Ltd,ISHARES CORE MSCI EMERGING MARKETS ETF,BUY,337375,452.25,-
11-OCT-2022,FINCABLES,Finolex Cables Ltd,ISHARES CORE EMERGING MARKETS MAURITIUS CO,SELL,337375,452.25,-
11-OCT-2022,ATGL,Adani Total Gas Ltd,ISHARES CORE MSCI EMERGING MARKETS ETF,BUY,326829,3161.0,-
11-OCT-2022,ATGL,Adani Total Gas Ltd,ISHARES CORE EMERGING MARKETS MAURITIUS CO,SELL,326829,3161.0,-
11-OCT-2022,AUROPHARMA,Aurobindo Pharma Ltd,ISHARES CORE MSCI EMERGING MARKETS ETF,BUY,319465,535.45,-
11-OCT-2022,AUROPHARMA,Aurobindo Pharma Ltd,ISHARES CORE EMERGING MARKETS MAURITIUS CO,SELL,319465,535.45,-
11-OCT-2022,HAVELLS,Havells India Ltd,ISHARES CORE EMERGING MARKETS MAURITIUS CO,SELL,312163,1345.4,-
11-OCT-2022,HAVELLS,Havells India Ltd,ISHARES CORE MSCI EMERGING MARKETS ETF,BUY,312163,1345.4,-
11-OCT-2022,BAJFINANCE,Bajaj Finance Ltd,ISHARES CORE EMERGING MARKETS MAURITIUS CO,SELL,310049,7293.4,-
11-OCT-2022,BAJFINANCE,Bajaj Finance Ltd,ISHARES CORE MSCI EMERGING MARKETS ETF,BUY,310049,7293.4,-
11-OCT-2022,BHARATFORG,Bharat Forge Ltd,ISHARES CORE MSCI EMERGING MARKETS ETF,BUY,306970,778.15,-
11-OCT-2022,BHARATFORG,Bharat Forge Ltd,ISHARES CORE EMERGING MARKETS MAURITIUS CO,SELL,306970,778.15,-
11-OCT-2022,FEDERALBNK,Federal Bank Ltd,ISHARES INDIA SC MAURITIUS COMPANY,SELL,304856,121.35,-
11-OCT-2022,FEDERALBNK,Federal Bank Ltd,ISHARES MSCI INDIA SMALL-CAP ETF,BUY,304856,121.35,-
11-OCT-2022,SUNTV,Sun TV Network Ltd,ISHARES CORE EMERGING MARKETS MAURITIUS CO,SELL,300005,534.65,-
11-OCT-2022,SUNTV,Sun TV Network Ltd,ISHARES CORE MSCI EMERGING MARKETS ETF,BUY,300005,534.65,-
11-OCT-2022,BERGEPAINT,Berger Paints India Ltd,ISHARES CORE EMERGING MARKETS MAURITIUS CO,SELL,296933,622.75,-
11-OCT-2022,BERGEPAINT,Berger Paints India Ltd,ISHARES CORE MSCI EMERGING MARKETS ETF,BUY,296933,622.75,-
11-OCT-2022,BRIGADE,Brigade Enterprises Ltd,ISHARES CORE MSCI EMERGING MARKETS ETF,BUY,296253,513.15,-
11-OCT-2022,BRIGADE,Brigade Enterprises Ltd,ISHARES CORE EMERGING MARKETS MAURITIUS CO,SELL,296253,513.15,-
11-OCT-2022,SONATSOFTW,Sonata Software Ltd,ISHARES CORE MSCI EMERGING MARKETS ETF,BUY,295570,517.55,-
11-OCT-2022,SONATSOFTW,Sonata Software Ltd,ISHARES CORE EMERGING MARKETS MAURITIUS CO,SELL,295570,517.55,-
11-OCT-2022,GLENMARK,Glenmark Pharmaceuticals Ltd,ISHARES CORE EMERGING MARKETS MAURITIUS CO,SELL,294302,393.1,-
11-OCT-2022,GLENMARK,Glenmark Pharmaceuticals Ltd,ISHARES CORE MSCI EMERGING MARKETS ETF,BUY,294302,393.1,-
11-OCT-2022,BHEL,Bharat Heavy Electricals Ltd,ISHARES INDIA SC MAURITIUS COMPANY,SELL,293349,63.2,-
11-OCT-2022,BHEL,Bharat Heavy Electricals Ltd,ISHARES MSCI INDIA SMALL-CAP ETF,BUY,293349,63.2,-
11-OCT-2022,ICICIGI,ICICI Lombard General Insurance Company Ltd,ISHARES CORE MSCI EMERGING MARKETS ETF,BUY,289286,1129.1,-
11-OCT-2022,ICICIGI,ICICI Lombard General Insurance Company Ltd,ISHARES CORE EMERGING MARKETS MAURITIUS CO,SELL,289286,1129.1,-
11-OCT-2022,ASHOKLEY,Ashok Leyland Ltd,ISHARES INDIA SC MAURITIUS COMPANY,SELL,287471,154.35,-
11-OCT-2022,ASHOKLEY,Ashok Leyland Ltd,ISHARES MSCI INDIA SMALL-CAP ETF,BUY,287471,154.35,-
11-OCT-2022,VOLTAS,Voltas Ltd,ISHARES CORE MSCI EMERGING MARKETS ETF,BUY,285286,899.9,-
11-OCT-2022,VOLTAS,Voltas Ltd,ISHARES CORE EMERGING MARKETS MAURITIUS CO,SELL,285286,899.9,-
11-OCT-2022,SBICARD,SBI Cards and Payment Services Ltd,ISHARES CORE EMERGING MARKETS MAURITIUS CO,SELL,284298,882.95,-
11-OCT-2022,SBICARD,SBI Cards and Payment Services Ltd,ISHARES CORE MSCI EMERGING MARKETS ETF,BUY,284298,882.95,-
11-OCT-2022,MINDSPACE,MINDSPACE,ISHARES CORE MSCI EMERGING MARKETS ETF,BUY,284101,363.97,-
11-OCT-2022,MINDSPACE,MINDSPACE,ISHARES CORE EMERGING MARKETS MAURITIUS CO,SELL,284101,363.97,-
11-OCT-2022,MFSL,Max Financial Services Ltd,ISHARES CORE EMERGING MARKETS MAURITIUS CO,SELL,282512,758.2,-
11-OCT-2022,MFSL,Max Financial Services Ltd,ISHARES CORE MSCI EMERGING MARKETS ETF,BUY,282512,758.2,-
11-OCT-2022,RENUKA,Shree Renuka Sugars Ltd,ISHARES INDIA SC MAURITIUS COMPANY,SELL,280951,65.35,-
11-OCT-2022,RENUKA,Shree Renuka Sugars Ltd,ISHARES MSCI INDIA SMALL-CAP ETF,BUY,280951,65.35,-
11-OCT-2022,IRCTC,Indian Railway Catering and Tourism Corporation Ltd,ISHARES CORE EMERGING MARKETS MAURITIUS CO,SELL,278630,731.2,-
11-OCT-2022,IRCTC,Indian Railway Catering and Tourism Corporation Ltd,ISHARES CORE MSCI EMERGING MARKETS ETF,BUY,278630,731.2,-
11-OCT-2022,PRAJIND,Praj Industries Ltd,ISHARES CORE EMERGING MARKETS MAURITIUS CO,SELL,277889,454.1,-
11-OCT-2022,PRAJIND,Praj Industries Ltd,ISHARES CORE MSCI EMERGING MARKETS ETF,BUY,277889,454.1,-
11-OCT-2022,ISEC,ICICI Securities Ltd,ISHARES CORE EMERGING MARKETS MAURITIUS CO,SELL,269426,510.85,-
11-OCT-2022,ISEC,ICICI Securities Ltd,ISHARES CORE MSCI EMERGING MARKETS ETF,BUY,269426,510.85,-
11-OCT-2022,EMAMILTD,Emami Ltd-$,ISHARES CORE MSCI EMERGING MARKETS ETF,BUY,269237,475.6,-
11-OCT-2022,EMAMILTD,Emami Ltd-$,ISHARES CORE EMERGING MARKETS MAURITIUS CO,SELL,269237,475.6,-
11-OCT-2022,PRESTIGE,Prestige Estates Projects Ltd,ISHARES CORE EMERGING MARKETS MAURITIUS CO,SELL,266317,454.5,-
11-OCT-2022,PRESTIGE,Prestige Estates Projects Ltd,ISHARES CORE MSCI EMERGING MARKETS ETF,BUY,266317,454.5,-
11-OCT-2022,AARTIIND,Aarti Industries Ltd,ISHARES CORE EMERGING MARKETS MAURITIUS CO,SELL,261861,769.5,-
11-OCT-2022,AARTIIND,Aarti Industries Ltd,ISHARES CORE MSCI EMERGING MARKETS ETF,BUY,261861,769.5,-
11-OCT-2022,IDFC,IDFC Ltd,ISHARES INDIA SC MAURITIUS COMPANY,SELL,257261,72.55,-
11-OCT-2022,IDFC,IDFC Ltd,ISHARES MSCI INDIA SMALL-CAP ETF,BUY,257261,72.55,-
11-OCT-2022,TRENT,Trent Ltd,ISHARES CORE MSCI EMERGING MARKETS ETF,BUY,252678,1431.85,-
11-OCT-2022,TRENT,Trent Ltd,ISHARES CORE EMERGING MARKETS MAURITIUS CO,SELL,252678,1431.85,-
11-OCT-2022,CONCOR,Container Corporation of India Ltd,ISHARES CORE MSCI EMERGING MARKETS ETF,BUY,251531,689.95,-
11-OCT-2022,CONCOR,Container Corporation of India Ltd,ISHARES CORE EMERGING MARKETS MAURITIUS CO,SELL,251531,689.95,-
11-OCT-2022,LTF,L&T Finance Ltd,ISHARES INDIA SC MAURITIUS COMPANY,SELL,250201,76.8,-
11-OCT-2022,LTF,L&T Finance Ltd,ISHARES MSCI INDIA SMALL-CAP ETF,BUY,250201,76.8,-
11-OCT-2022,SHRIRAMFIN,Shriram Finance Ltd,ISHARES CORE MSCI EMERGING MARKETS ETF,BUY,248177,1177.75,-
11-OCT-2022,SHRIRAMFIN,Shriram Finance Ltd,ISHARES CORE EMERGING MARKETS MAURITIUS CO,SELL,248177,1177.75,-
11-OCT-2022,MSUMI,Motherson Sumi Wiring India Ltd,ISHARES MSCI INDIA SMALL-CAP ETF,BUY,247297,86.8,-
11-OCT-2022,MSUMI,Motherson Sumi Wiring India Ltd,ISHARES INDIA SC MAURITIUS COMPANY,SELL,247297,86.8,-
11-OCT-2022,TVSMOTOR,TVS Motor Company Ltd,ISHARES CORE EMERGING MARKETS MAURITIUS CO,SELL,246837,1066.65,-
11-OCT-2022,TVSMOTOR,TVS Motor Company Ltd,ISHARES CORE MSCI EMERGING MARKETS ETF,BUY,246837,1066.65,-
11-OCT-2022,HFCL,HFCL Ltd,ISHARES INDIA SC MAURITIUS COMPANY,SELL,246815,79.9,-
11-OCT-2022,HFCL,HFCL Ltd,ISHARES MSCI INDIA SMALL-CAP ETF,BUY,246815,79.9,-
11-OCT-2022,LUPIN,Lupin Ltd,ISHARES CORE MSCI EMERGING MARKETS ETF,BUY,245503,707.2,-
11-OCT-2022,LUPIN,Lupin Ltd,ISHARES CORE EMERGING MARKETS MAURITIUS CO,SELL,245503,707.2,-
11-OCT-2022,COHANCE,Cohance Lifesciences Ltd,ISHARES CORE EMERGING MARKETS MAURITIUS CO,SELL,244874,419.65,-
11-OCT-2022,COHANCE,Cohance Lifesciences Ltd,ISHARES CORE MSCI EMERGING MARKETS ETF,BUY,244874,419.65,-
11-OCT-2022,KANSAINER,Kansai Nerolac Paints Ltd,ISHARES CORE MSCI EMERGING MARKETS ETF,BUY,243718,476.7,-
11-OCT-2022,KANSAINER,Kansai Nerolac Paints Ltd,ISHARES CORE EMERGING MARKETS MAURITIUS CO,SELL,243718,476.7,-
11-OCT-2022,KEC,KEC International Ltd,ISHARES CORE EMERGING MARKETS MAURITIUS CO,SELL,235554,418.2,-
11-OCT-2022,KEC,KEC International Ltd,ISHARES CORE MSCI EMERGING MARKETS ETF,BUY,235554,418.2,-
11-OCT-2022,AVANTIFEED,Avanti Feeds Ltd-$,ISHARES CORE MSCI EMERGING MARKETS ETF,BUY,235200,491.65,-
11-OCT-2022,AVANTIFEED,Avanti Feeds Ltd-$,ISHARES CORE EMERGING MARKETS MAURITIUS CO,SELL,235200,491.65,-
11-OCT-2022,RECLTD,REC Ltd,ISHARES MSCI INDIA SMALL-CAP ETF,BUY,232080,93.0,-
11-OCT-2022,RECLTD,REC Ltd,ISHARES INDIA SC MAURITIUS COMPANY,SELL,232080,93.0,-
11-OCT-2022,BAJAJFINSV,Bajaj Finserv Ltd,ISHARES CORE MSCI EMERGING MARKETS ETF,BUY,228320,1684.4,-
11-OCT-2022,BAJAJFINSV,Bajaj Finserv Ltd,ISHARES CORE EMERGING MARKETS MAURITIUS CO,SELL,228320,1684.4,-
11-OCT-2022,EDELWEISS,Edelweiss Financial Services Ltd,ISHARES INDIA SC MAURITIUS COMPANY,SELL,227642,63.05,-
11-OCT-2022,EDELWEISS,Edelweiss Financial Services Ltd,ISHARES MSCI INDIA SMALL-CAP ETF,BUY,227642,63.05,-
11-OCT-2022,POLICYBZR,PB Fintech Ltd,ISHARES CORE MSCI EMERGING MARKETS ETF,BUY,227339,479.1,-
11-OCT-2022,POLICYBZR,PB Fintech Ltd,ISHARES CORE EMERGING MARKETS MAURITIUS CO,SELL,227339,479.1,-
11-OCT-2022,SUMICHEM,Sumitomo Chemical India Ltd,ISHARES CORE MSCI EMERGING MARKETS ETF,BUY,227258,504.95,-
11-OCT-2022,SUMICHEM,Sumitomo Chemical India Ltd,ISHARES CORE EMERGING MARKETS MAURITIUS CO,SELL,227258,504.95,-
11-OCT-2022,ARE&M,Amara Raja Energy & Mobility Ltd,ISHARES CORE EMERGING MARKETS MAURITIUS CO,SELL,224245,495.9,-
11-OCT-2022,ARE&M,Amara Raja Energy & Mobility Ltd,ISHARES CORE MSCI EMERGING MARKETS ETF,BUY,224245,495.9,-
11-OCT-2022,TORNTPOWER,Torrent Power Ltd,ISHARES CORE MSCI EMERGING MARKETS ETF,BUY,222226,491.35,-
11-OCT-2022,TORNTPOWER,Torrent Power Ltd,ISHARES CORE EMERGING MARKETS MAURITIUS CO,SELL,222226,491.35,-
11-OCT-2022,GESHIP,Great Eastern Shipping Company Ltd,ISHARES CORE MSCI EMERGING MARKETS ETF,BUY,221397,531.4,-
11-OCT-2022,GESHIP,Great Eastern Shipping Company Ltd,ISHARES CORE EMERGING MARKETS MAURITIUS CO,SELL,221397,531.4,-
11-OCT-2022,UNOMINDA,UNO Minda Ltd-$,ISHARES CORE EMERGING MARKETS MAURITIUS CO,SELL,219973,568.0,-
11-OCT-2022,UNOMINDA,UNO Minda Ltd-$,ISHARES CORE MSCI EMERGING MARKETS ETF,BUY,219973,568.0,-
11-OCT-2022,RAJESHEXPO,Rajesh Exports Ltd,ISHARES CORE MSCI EMERGING MARKETS ETF,BUY,219507,601.95,-
11-OCT-2022,RAJESHEXPO,Rajesh Exports Ltd,ISHARES CORE EMERGING MARKETS MAURITIUS CO,SELL,219507,601.95,-
11-OCT-2022,GUJENERGY,Gujarat Energy Ltd,ISHARES CORE EMERGING MARKETS MAURITIUS CO,SELL,217199,490.95,-
11-OCT-2022,GUJENERGY,Gujarat Energy Ltd,ISHARES CORE MSCI EMERGING MARKETS ETF,BUY,217199,490.95,-
11-OCT-2022,MAHLIFE,Mahindra Lifespace Developers Ltd,ISHARES CORE MSCI EMERGING MARKETS ETF,BUY,216536,460.4,-
11-OCT-2022,MAHLIFE,Mahindra Lifespace Developers Ltd,ISHARES CORE EMERGING MARKETS MAURITIUS CO,SELL,216536,460.4,-
11-OCT-2022,GHCL,GHCL Ltd,ISHARES CORE EMERGING MARKETS MAURITIUS CO,SELL,214589,673.4,-
11-OCT-2022,GHCL,GHCL Ltd,ISHARES CORE MSCI EMERGING MARKETS ETF,BUY,214589,673.4,-
11-OCT-2022,INOXLEISUR,INOX Leisure Ltd,ISHARES CORE MSCI EMERGING MARKETS ETF,BUY,213629,507.9,-
11-OCT-2022,INOXLEISUR,INOX Leisure Ltd,ISHARES CORE EMERGING MARKETS MAURITIUS CO,SELL,213629,507.9,-
11-OCT-2022,PIDILITIND,Pidilite Industries Ltd,ISHARES CORE MSCI EMERGING MARKETS ETF,BUY,210411,2645.45,-
11-OCT-2022,PIDILITIND,Pidilite Industries Ltd,ISHARES CORE EMERGING MARKETS MAURITIUS CO,SELL,210411,2645.45,-
11-OCT-2022,DMART,Avenue Supermarts Ltd,ISHARES CORE MSCI EMERGING MARKETS ETF,BUY,210040,4471.75,-
11-OCT-2022,DMART,Avenue Supermarts Ltd,ISHARES CORE EMERGING MARKETS MAURITIUS CO,SELL,210040,4471.75,-
11-OCT-2022,KPRMILL,K.P.R. Mill Limited,ISHARES CORE MSCI EMERGING MARKETS ETF,BUY,209672,552.4,-
11-OCT-2022,KPRMILL,K.P.R. Mill Limited,ISHARES CORE EMERGING MARKETS MAURITIUS CO,SELL,209672,552.4,-
11-OCT-2022,SYNGENE,Syngene International Ltd,ISHARES CORE MSCI EMERGING MARKETS ETF,BUY,205798,561.45,-
11-OCT-2022,SYNGENE,Syngene International Ltd,ISHARES CORE EMERGING MARKETS MAURITIUS CO,SELL,205798,561.45,-
11-OCT-2022,QUESS,Quess Corp Ltd,ISHARES CORE EMERGING MARKETS MAURITIUS CO,SELL,203745,617.55,-
11-OCT-2022,QUESS,Quess Corp Ltd,ISHARES CORE MSCI EMERGING MARKETS ETF,BUY,203745,617.55,-
11-OCT-2022,AUBANK,AU Small Finance Bank Ltd,ISHARES CORE EMERGING MARKETS MAURITIUS CO,SELL,203519,587.35,-
11-OCT-2022,AUBANK,AU Small Finance Bank Ltd,ISHARES CORE MSCI EMERGING MARKETS ETF,BUY,203519,587.35,-
11-OCT-2022,INTELLECT,Intellect Design Arena Ltd,ISHARES CORE MSCI EMERGING MARKETS ETF,BUY,201197,519.9,-
11-OCT-2022,INTELLECT,Intellect Design Arena Ltd,ISHARES CORE EMERGING MARKETS MAURITIUS CO,SELL,201197,519.9,-
11-OCT-2022,SRF,SRF Ltd,ISHARES CORE MSCI EMERGING MARKETS ETF,BUY,200614,2540.9,-
11-OCT-2022,SRF,SRF Ltd,ISHARES CORE EMERGING MARKETS MAURITIUS CO,SELL,200614,2540.9,-
11-OCT-2022,TTML,Tata Teleservices (Maharashtra) Ltd,ISHARES MSCI INDIA SMALL-CAP ETF,BUY,198796,102.55,-
11-OCT-2022,TTML,Tata Teleservices (Maharashtra) Ltd,ISHARES INDIA SC MAURITIUS COMPANY,SELL,198796,102.55,-
11-OCT-2022,TATACHEM,Tata Chemicals Ltd,ISHARES CORE EMERGING MARKETS MAURITIUS CO,SELL,196282,1199.65,-
11-OCT-2022,TATACHEM,Tata Chemicals Ltd,ISHARES CORE MSCI EMERGING MARKETS ETF,BUY,196282,1199.65,-
11-OCT-2022,NATCOPHARM,Natco Pharma Ltd,ISHARES CORE MSCI EMERGING MARKETS ETF,BUY,188603,616.7,-
11-OCT-2022,NATCOPHARM,Natco Pharma Ltd,ISHARES CORE EMERGING MARKETS MAURITIUS CO,SELL,188603,616.7,-
11-OCT-2022,JMFINANCIL,JM Financial Ltd-$,ISHARES MSCI INDIA SMALL-CAP ETF,BUY,187012,68.95,-
11-OCT-2022,JMFINANCIL,JM Financial Ltd-$,ISHARES INDIA SC MAURITIUS COMPANY,SELL,187012,68.95,-
11-OCT-2022,NATIONALUM,National Aluminium Company Ltd,ISHARES INDIA SC MAURITIUS COMPANY,SELL,186576,72.25,-
11-OCT-2022,NATIONALUM,National Aluminium Company Ltd,ISHARES MSCI INDIA SMALL-CAP ETF,BUY,186576,72.25,-
11-OCT-2022,APLLTD,Alembic Pharmaceuticals Ltd,ISHARES CORE MSCI EMERGING MARKETS ETF,BUY,184251,611.25,-
11-OCT-2022,APLLTD,Alembic Pharmaceuticals Ltd,ISHARES CORE EMERGING MARKETS MAURITIUS CO,SELL,184251,611.25,-
11-OCT-2022,MANAPPURAM,Manappuram Finance Ltd,ISHARES INDIA SC MAURITIUS COMPANY,SELL,184102,101.55,-
11-OCT-2022,MANAPPURAM,Manappuram Finance Ltd,ISHARES MSCI INDIA SMALL-CAP ETF,BUY,184102,101.55,-
11-OCT-2022,VIPIND,VIP Industries Ltd-$,ISHARES CORE MSCI EMERGING MARKETS ETF,BUY,181400,698.05,-
11-OCT-2022,VIPIND,VIP Industries Ltd-$,ISHARES CORE EMERGING MARKETS MAURITIUS CO,SELL,181400,698.05,-
11-OCT-2022,EIDPARRY,EID Parry India Ltd,ISHARES CORE MSCI EMERGING MARKETS ETF,BUY,174678,605.8,-
11-OCT-2022,EIDPARRY,EID Parry India Ltd,ISHARES CORE EMERGING MARKETS MAURITIUS CO,SELL,174678,605.8,-
11-OCT-2022,DIVISLAB,Divis Laboratories Ltd,ISHARES CORE MSCI EMERGING MARKETS ETF,BUY,172889,3686.6,-
11-OCT-2022,DIVISLAB,Divis Laboratories Ltd,ISHARES CORE EMERGING MARKETS MAURITIUS CO,SELL,172889,3686.6,-
11-OCT-2022,KARURVYSYA,Karur Vysya Bank Ltd,ISHARES MSCI INDIA SMALL-CAP ETF,BUY,172159,83.5,-
11-OCT-2022,KARURVYSYA,Karur Vysya Bank Ltd,ISHARES INDIA SC MAURITIUS COMPANY,SELL,172159,83.5,-
11-OCT-2022,SAMMAANCAP,Sammaan Capital Ltd,ISHARES MSCI INDIA SMALL-CAP ETF,BUY,170844,127.6,-
11-OCT-2022,SAMMAANCAP,Sammaan Capital Ltd,ISHARES INDIA SC MAURITIUS COMPANY,SELL,170844,127.6,-
11-OCT-2022,IPCALAB,Ipca Laboratories Ltd,ISHARES CORE MSCI EMERGING MARKETS ETF,BUY,170676,912.05,-
11-OCT-2022,IPCALAB,Ipca Laboratories Ltd,ISHARES CORE EMERGING MARKETS MAURITIUS CO,SELL,170676,912.05,-
11-OCT-2022,NH,Narayana Hrudayalaya Ltd,ISHARES CORE EMERGING MARKETS MAURITIUS CO,SELL,170250,711.65,-
11-OCT-2022,NH,Narayana Hrudayalaya Ltd,ISHARES CORE MSCI EMERGING MARKETS ETF,BUY,170250,711.65,-
11-OCT-2022,ZEEL,Zee Entertainment Enterprises Ltd,ISHARES INDIA SC MAURITIUS COMPANY,SELL,169311,278.6,-
11-OCT-2022,ZEEL,Zee Entertainment Enterprises Ltd,ISHARES MSCI INDIA SMALL-CAP ETF,BUY,169311,278.6,-
11-OCT-2022,APLAPOLLO,APL Apollo Tubes Ltd,ISHARES CORE MSCI EMERGING MARKETS ETF,BUY,168785,1125.95,-
11-OCT-2022,APLAPOLLO,APL Apollo Tubes Ltd,ISHARES CORE EMERGING MARKETS MAURITIUS CO,SELL,168785,1125.95,-
11-OCT-2022,CUMMINSIND,Cummins India Ltd,ISHARES CORE MSCI EMERGING MARKETS ETF,BUY,166672,1224.7,-
11-OCT-2022,CUMMINSIND,Cummins India Ltd,ISHARES CORE EMERGING MARKETS MAURITIUS CO,SELL,166672,1224.7,-
11-OCT-2022,WESTLIFE,Westlife Foodworld Ltd,ISHARES CORE MSCI EMERGING MARKETS ETF,BUY,164954,729.75,-
11-OCT-2022,WESTLIFE,Westlife Foodworld Ltd,ISHARES CORE EMERGING MARKETS MAURITIUS CO,SELL,164954,729.75,-
11-OCT-2022,EICHERMOT,Eicher Motors Ltd,ISHARES CORE MSCI EMERGING MARKETS ETF,BUY,164024,3531.6,-
11-OCT-2022,EICHERMOT,Eicher Motors Ltd,ISHARES CORE EMERGING MARKETS MAURITIUS CO,SELL,164024,3531.6,-
11-OCT-2022,CESC,CESC Ltd,ISHARES MSCI INDIA SMALL-CAP ETF,BUY,161790,78.35,-
11-OCT-2022,CESC,CESC Ltd,ISHARES INDIA SC MAURITIUS COMPANY,SELL,161790,78.35,-
11-OCT-2022,GODREJPROP,Godrej Properties Ltd,ISHARES CORE MSCI EMERGING MARKETS ETF,BUY,161707,1218.85,-
11-OCT-2022,GODREJPROP,Godrej Properties Ltd,ISHARES CORE EMERGING MARKETS MAURITIUS CO,SELL,161707,1218.85,-
11-OCT-2022,RBLBANK,RBL Bank Ltd,ISHARES INDIA SC MAURITIUS COMPANY,SELL,159087,120.65,-
11-OCT-2022,RBLBANK,RBL Bank Ltd,ISHARES MSCI INDIA SMALL-CAP ETF,BUY,159087,120.65,-
11-OCT-2022,COLPAL,Colgate Palmolive (India) Ltd,ISHARES CORE EMERGING MARKETS MAURITIUS CO,SELL,159026,1582.95,-
11-OCT-2022,COLPAL,Colgate Palmolive (India) Ltd,ISHARES CORE MSCI EMERGING MARKETS ETF,BUY,159026,1582.95,-
11-OCT-2022,GNFC,Gujarat Narmada Valley Fertilizers & Chemicals Ltd,ISHARES CORE MSCI EMERGING MARKETS ETF,BUY,158859,666.7,-
11-OCT-2022,GNFC,Gujarat Narmada Valley Fertilizers & Chemicals Ltd,ISHARES CORE EMERGING MARKETS MAURITIUS CO,SELL,158859,666.7,-
11-OCT-2022,RAMCOCEM,The Ramco Cements Ltd,ISHARES CORE MSCI EMERGING MARKETS ETF,BUY,158370,724.25,-
11-OCT-2022,RAMCOCEM,The Ramco Cements Ltd,ISHARES CORE EMERGING MARKETS MAURITIUS CO,SELL,158370,724.25,-
11-OCT-2022,CHOLAHLDNG,Cholamandalam Financial Holdings Ltd,ISHARES CORE EMERGING MARKETS MAURITIUS CO,SELL,157433,636.9,-
11-OCT-2022,CHOLAHLDNG,Cholamandalam Financial Holdings Ltd,ISHARES CORE MSCI EMERGING MARKETS ETF,BUY,157433,636.9,-
11-OCT-2022,MARUTI,Maruti Suzuki India Ltd,ISHARES CORE EMERGING MARKETS MAURITIUS CO,SELL,156417,8862.4,-
11-OCT-2022,MARUTI,Maruti Suzuki India Ltd,ISHARES CORE MSCI EMERGING MARKETS ETF,BUY,156417,8862.4,-
11-OCT-2022,KPITTECH,KPIT Technologies Ltd,ISHARES CORE MSCI EMERGING MARKETS ETF,BUY,156327,657.65,-
11-OCT-2022,KPITTECH,KPIT Technologies Ltd,ISHARES CORE EMERGING MARKETS MAURITIUS CO,SELL,156327,657.65,-
11-OCT-2022,MUTHOOTFIN,Muthoot Finance Ltd,ISHARES CORE EMERGING MARKETS MAURITIUS CO,SELL,155295,1052.5,-
11-OCT-2022,MUTHOOTFIN,Muthoot Finance Ltd,ISHARES CORE MSCI EMERGING MARKETS ETF,BUY,155295,1052.5,-
11-OCT-2022,INDHOTEL,Indian Hotels Company Ltd,ISHARES INDIA SC MAURITIUS COMPANY,SELL,153007,337.15,-
11-OCT-2022,INDHOTEL,Indian Hotels Company Ltd,ISHARES MSCI INDIA SMALL-CAP ETF,BUY,153007,337.15,-
11-OCT-2022,TANLA,Tanla Platforms Ltd,ISHARES CORE MSCI EMERGING MARKETS ETF,BUY,150535,802.0,-
11-OCT-2022,TANLA,Tanla Platforms Ltd,ISHARES CORE EMERGING MARKETS MAURITIUS CO,SELL,150535,802.0,-
11-OCT-2022,DRREDDY,Dr Reddys Laboratories Ltd,ISHARES CORE MSCI EMERGING MARKETS ETF,BUY,149405,4380.0,-
11-OCT-2022,DRREDDY,Dr Reddys Laboratories Ltd,ISHARES CORE EMERGING MARKETS MAURITIUS CO,SELL,149405,4380.0,-
11-OCT-2022,PEL,Piramal Enterprises Ltd,ISHARES CORE EMERGING MARKETS MAURITIUS CO,SELL,147966,822.85,-
11-OCT-2022,PEL,Piramal Enterprises Ltd,ISHARES CORE MSCI EMERGING MARKETS ETF,BUY,147966,822.85,-
11-OCT-2022,HEROMOTOCO,Hero MotoCorp Ltd,ISHARES CORE MSCI EMERGING MARKETS ETF,BUY,144458,2570.5,-
11-OCT-2022,HEROMOTOCO,Hero MotoCorp Ltd,ISHARES CORE EMERGING MARKETS MAURITIUS CO,SELL,144458,2570.5,-
11-OCT-2022,CYIENT,Cyient Ltd,ISHARES CORE MSCI EMERGING MARKETS ETF,BUY,141769,797.45,-
11-OCT-2022,CYIENT,Cyient Ltd,ISHARES CORE EMERGING MARKETS MAURITIUS CO,SELL,141769,797.45,-
11-OCT-2022,BRITANNIA,Britannia Industries Ltd,ISHARES CORE EMERGING MARKETS MAURITIUS CO,SELL,140481,3797.85,-
11-OCT-2022,BRITANNIA,Britannia Industries Ltd,ISHARES CORE MSCI EMERGING MARKETS ETF,BUY,140481,3797.85,-
11-OCT-2022,OBEROIRLTY,Oberoi Realty Ltd,ISHARES CORE MSCI EMERGING MARKETS ETF,BUY,139619,931.35,-
11-OCT-2022,OBEROIRLTY,Oberoi Realty Ltd,ISHARES CORE EMERGING MARKETS MAURITIUS CO,SELL,139619,931.35,-
11-OCT-2022,TATACOMM,Tata Communications Ltd,ISHARES CORE MSCI EMERGING MARKETS ETF,BUY,139358,1219.4,-
11-OCT-2022,TATACOMM,Tata Communications Ltd,ISHARES CORE EMERGING MARKETS MAURITIUS CO,SELL,139358,1219.4,-
11-OCT-2022,FSL,Firstsource Solutions Ltd,ISHARES INDIA SC MAURITIUS COMPANY,SELL,137999,104.9,-
11-OCT-2022,FSL,Firstsource Solutions Ltd,ISHARES MSCI INDIA SMALL-CAP ETF,BUY,137999,104.9,-
11-OCT-2022,UTIAMC,UTI Asset Management Company Ltd,ISHARES CORE MSCI EMERGING MARKETS ETF,BUY,134588,740.1,-
11-OCT-2022,UTIAMC,UTI Asset Management Company Ltd,ISHARES CORE EMERGING MARKETS MAURITIUS CO,SELL,134588,740.1,-
11-OCT-2022,MGL,Mahanagar Gas Ltd,ISHARES CORE EMERGING MARKETS MAURITIUS CO,SELL,134372,806.85,-
11-OCT-2022,MGL,Mahanagar Gas Ltd,ISHARES CORE MSCI EMERGING MARKETS ETF,BUY,134372,806.85,-
11-OCT-2022,INDIGO,InterGlobe Aviation Ltd,ISHARES CORE EMERGING MARKETS MAURITIUS CO,SELL,133363,1775.55,-
11-OCT-2022,INDIGO,InterGlobe Aviation Ltd,ISHARES CORE MSCI EMERGING MARKETS ETF,BUY,133363,1775.55,-
11-OCT-2022,ULTRACEMCO,UltraTech Cement Ltd,ISHARES CORE EMERGING MARKETS MAURITIUS CO,SELL,132749,6149.9,-
11-OCT-2022,ULTRACEMCO,UltraTech Cement Ltd,ISHARES CORE MSCI EMERGING MARKETS ETF,BUY,132749,6149.9,-
11-OCT-2022,METROPOLIS,Metropolis Healthcare Ltd,ISHARES CORE MSCI EMERGING MARKETS ETF,BUY,132184,1553.15,-
11-OCT-2022,METROPOLIS,Metropolis Healthcare Ltd,ISHARES CORE EMERGING MARKETS MAURITIUS CO,SELL,132184,1553.15,-
11-OCT-2022,TORNTPHARM,Torrent Pharmaceuticals Ltd,ISHARES CORE MSCI EMERGING MARKETS ETF,BUY,132154,1593.65,-
11-OCT-2022,TORNTPHARM,Torrent Pharmaceuticals Ltd,ISHARES CORE EMERGING MARKETS MAURITIUS CO,SELL,132154,1593.65,-
11-OCT-2022,CARBORUNIV,Carborundum Universal Ltd,ISHARES CORE EMERGING MARKETS MAURITIUS CO,SELL,131170,895.65,-
11-OCT-2022,CARBORUNIV,Carborundum Universal Ltd,ISHARES CORE MSCI EMERGING MARKETS ETF,BUY,131170,895.65,-
11-OCT-2022,APOLLOHOSP,Apollo Hospitals Enterprise Ltd,ISHARES CORE EMERGING MARKETS MAURITIUS CO,SELL,130989,4340.6,-
11-OCT-2022,APOLLOHOSP,Apollo Hospitals Enterprise Ltd,ISHARES CORE MSCI EMERGING MARKETS ETF,BUY,130989,4340.6,-
11-OCT-2022,DEEPAKFERT,Deepak Fertilisers & Petrochemicals Corporation Ltd,ISHARES CORE MSCI EMERGING MARKETS ETF,BUY,129525,910.25,-
11-OCT-2022,DEEPAKFERT,Deepak Fertilisers & Petrochemicals Corporation Ltd,ISHARES CORE EMERGING MARKETS MAURITIUS CO,SELL,129525,910.25,-
11-OCT-2022,TTKPRESTIG,TTK Prestige Ltd,ISHARES CORE MSCI EMERGING MARKETS ETF,BUY,126471,984.25,-
11-OCT-2022,TTKPRESTIG,TTK Prestige Ltd,ISHARES CORE EMERGING MARKETS MAURITIUS CO,SELL,126471,984.25,-
11-OCT-2022,DEVYANI,Devyani International Ltd,ISHARES INDIA SC MAURITIUS COMPANY,SELL,124953,193.8,-
11-OCT-2022,DEVYANI,Devyani International Ltd,ISHARES MSCI INDIA SMALL-CAP ETF,BUY,124953,193.8,-
11-OCT-2022,ASTRAL,Astral Ltd,ISHARES CORE EMERGING MARKETS MAURITIUS CO,SELL,124950,2199.9,-
11-OCT-2022,ASTRAL,Astral Ltd,ISHARES CORE MSCI EMERGING MARKETS ETF,BUY,124950,2199.9,-
11-OCT-2022,ABCAPITAL,Aditya Birla Capital Ltd,ISHARES INDIA SC MAURITIUS COMPANY,SELL,123119,114.65,-
11-OCT-2022,ABCAPITAL,Aditya Birla Capital Ltd,ISHARES MSCI INDIA SMALL-CAP ETF,BUY,123119,114.65,-
11-OCT-2022,COROMANDEL,Coromandel International Ltd,ISHARES CORE MSCI EMERGING MARKETS ETF,BUY,122042,976.3,-
11-OCT-2022,COROMANDEL,Coromandel International Ltd,ISHARES CORE EMERGING MARKETS MAURITIUS CO,SELL,122042,976.3,-
11-OCT-2022,KAJARIACER,Kajaria Ceramics Ltd,ISHARES CORE EMERGING MARKETS MAURITIUS CO,SELL,121778,1139.9,-
11-OCT-2022,KAJARIACER,Kajaria Ceramics Ltd,ISHARES CORE MSCI EMERGING MARKETS ETF,BUY,121778,1139.9,-
11-OCT-2022,TIINDIA,Tube Investments of India Ltd,ISHARES CORE MSCI EMERGING MARKETS ETF,BUY,121159,2722.4,-
11-OCT-2022,TIINDIA,Tube Investments of India Ltd,ISHARES CORE EMERGING MARKETS MAURITIUS CO,SELL,121159,2722.4,-
11-OCT-2022,BALKRISIND,Balkrishna Industries Ltd-$,ISHARES CORE EMERGING MARKETS MAURITIUS CO,SELL,121141,1901.6,-
11-OCT-2022,BALKRISIND,Balkrishna Industries Ltd-$,ISHARES CORE MSCI EMERGING MARKETS ETF,BUY,121141,1901.6,-
11-OCT-2022,ABREL,Aditya Birla Real Estate Ltd,ISHARES CORE EMERGING MARKETS MAURITIUS CO,SELL,121042,830.3,-
11-OCT-2022,ABREL,Aditya Birla Real Estate Ltd,ISHARES CORE MSCI EMERGING MARKETS ETF,BUY,121042,830.3,-
11-OCT-2022,CLEAN,Clean Science and Technology Ltd,ISHARES CORE MSCI EMERGING MARKETS ETF,BUY,116973,1665.2,-
11-OCT-2022,CLEAN,Clean Science and Technology Ltd,ISHARES CORE EMERGING MARKETS MAURITIUS CO,SELL,116973,1665.2,-
11-OCT-2022,RADICO,Radico Khaitan Ltd,ISHARES CORE EMERGING MARKETS MAURITIUS CO,SELL,116545,1055.65,-
11-OCT-2022,RADICO,Radico Khaitan Ltd,ISHARES CORE MSCI EMERGING MARKETS ETF,BUY,116545,1055.65,-
11-OCT-2022,GPPL,Gujarat Pipavav Port Ltd,ISHARES INDIA SC MAURITIUS COMPANY,SELL,116032,89.0,-
11-OCT-2022,GPPL,Gujarat Pipavav Port Ltd,ISHARES MSCI INDIA SMALL-CAP ETF,BUY,116032,89.0,-
11-OCT-2022,BLUESTARCO,Blue Star Ltd,ISHARES CORE EMERGING MARKETS MAURITIUS CO,SELL,115673,1156.5,-
11-OCT-2022,BLUESTARCO,Blue Star Ltd,ISHARES CORE MSCI EMERGING MARKETS ETF,BUY,115673,1156.5,-
11-OCT-2022,SUNDRMFAST,Sundram Fasteners Ltd,ISHARES CORE EMERGING MARKETS MAURITIUS CO,SELL,114913,929.55,-
11-OCT-2022,SUNDRMFAST,Sundram Fasteners Ltd,ISHARES CORE MSCI EMERGING MARKETS ETF,BUY,114913,929.55,-
11-OCT-2022,ROUTE,Route Mobile Ltd,ISHARES CORE EMERGING MARKETS MAURITIUS CO,SELL,114246,1366.8,-
11-OCT-2022,ROUTE,Route Mobile Ltd,ISHARES CORE MSCI EMERGING MARKETS ETF,BUY,114246,1366.8,-
11-OCT-2022,CGPOWER,CG Power and Industrial Solutions Ltd,ISHARES INDIA SC MAURITIUS COMPANY,SELL,112957,254.9,-
11-OCT-2022,CGPOWER,CG Power and Industrial Solutions Ltd,ISHARES MSCI INDIA SMALL-CAP ETF,BUY,112957,254.9,-
11-OCT-2022,MPHASIS,Mphasis Ltd,ISHARES CORE EMERGING MARKETS MAURITIUS CO,SELL,110444,2126.5,-
11-OCT-2022,MPHASIS,Mphasis Ltd,ISHARES CORE MSCI EMERGING MARKETS ETF,BUY,110444,2126.5,-
11-OCT-2022,INDIANB,Indian Bank,ISHARES INDIA SC MAURITIUS COMPANY,SELL,109596,198.4,-
11-OCT-2022,INDIANB,Indian Bank,ISHARES MSCI INDIA SMALL-CAP ETF,BUY,109596,198.4,-
11-OCT-2022,CREDITACC,CreditAccess Grameen Ltd,ISHARES CORE MSCI EMERGING MARKETS ETF,BUY,109546,995.65,-
11-OCT-2022,CREDITACC,CreditAccess Grameen Ltd,ISHARES CORE EMERGING MARKETS MAURITIUS CO,SELL,109546,995.65,-
11-OCT-2022,KEI,KEI Industries Ltd,ISHARES CORE EMERGING MARKETS MAURITIUS CO,SELL,109113,1408.1,-
11-OCT-2022,KEI,KEI Industries Ltd,ISHARES CORE MSCI EMERGING MARKETS ETF,BUY,109113,1408.1,-
11-OCT-2022,FINPIPE,Finolex Industries Ltd,ISHARES MSCI INDIA SMALL-CAP ETF,BUY,108207,139.85,-
11-OCT-2022,FINPIPE,Finolex Industries Ltd,ISHARES INDIA SC MAURITIUS COMPANY,SELL,108207,139.85,-
11-OCT-2022,CROMPTON,Crompton Greaves Consumer Electricals Ltd,ISHARES MSCI INDIA SMALL-CAP ETF,BUY,108098,390.75,-
11-OCT-2022,CROMPTON,Crompton Greaves Consumer Electricals Ltd,ISHARES INDIA SC MAURITIUS COMPANY,SELL,108098,390.75,-
11-OCT-2022,HAPPSTMNDS,Happiest Minds Technologies Ltd,ISHARES CORE MSCI EMERGING MARKETS ETF,BUY,106453,1027.7,-
11-OCT-2022,HAPPSTMNDS,Happiest Minds Technologies Ltd,ISHARES CORE EMERGING MARKETS MAURITIUS CO,SELL,106453,1027.7,-
11-OCT-2022,REDINGTON,Redington Ltd,ISHARES INDIA SC MAURITIUS COMPANY,SELL,104909,140.95,-
11-OCT-2022,REDINGTON,Redington Ltd,ISHARES MSCI INDIA SMALL-CAP ETF,BUY,104909,140.95,-
11-OCT-2022,BAJAJELEC,Bajaj Electricals Ltd-$,ISHARES CORE EMERGING MARKETS MAURITIUS CO,SELL,102318,1183.9,-
11-OCT-2022,BAJAJELEC,Bajaj Electricals Ltd-$,ISHARES CORE MSCI EMERGING MARKETS ETF,BUY,102318,1183.9,-
11-OCT-2022,ACC,ACC Ltd,ISHARES CORE MSCI EMERGING MARKETS ETF,BUY,101987,2369.25,-
11-OCT-2022,ACC,ACC Ltd,ISHARES CORE EMERGING MARKETS MAURITIUS CO,SELL,101987,2369.25,-
11-OCT-2022,RELAXO,Relaxo Footwears Ltd-$,ISHARES CORE EMERGING MARKETS MAURITIUS CO,SELL,101695,998.0,-
11-OCT-2022,RELAXO,Relaxo Footwears Ltd-$,ISHARES CORE MSCI EMERGING MARKETS ETF,BUY,101695,998.0,-
11-OCT-2022,DALBHARAT,Dalmia Bharat Ltd,ISHARES CORE MSCI EMERGING MARKETS ETF,BUY,101435,1532.45,-
11-OCT-2022,DALBHARAT,Dalmia Bharat Ltd,ISHARES CORE EMERGING MARKETS MAURITIUS CO,SELL,101435,1532.45,-
11-OCT-2022,PHOENIXLTD,The Phoenix Mills Ltd,ISHARES CORE MSCI EMERGING MARKETS ETF,BUY,99527,1437.85,-
11-OCT-2022,PHOENIXLTD,The Phoenix Mills Ltd,ISHARES CORE EMERGING MARKETS MAURITIUS CO,SELL,99527,1437.85,-
11-OCT-2022,SIEMENS,Siemens Ltd,ISHARES CORE EMERGING MARKETS MAURITIUS CO,SELL,99105,2774.85,-
11-OCT-2022,SIEMENS,Siemens Ltd,ISHARES CORE MSCI EMERGING MARKETS ETF,BUY,99105,2774.85,-
11-OCT-2022,IEX,Indian Energy Exchange Ltd,ISHARES MSCI INDIA SMALL-CAP ETF,BUY,98328,143.1,-
11-OCT-2022,IEX,Indian Energy Exchange Ltd,ISHARES INDIA SC MAURITIUS COMPANY,SELL,98328,143.1,-
11-OCT-2022,NAUKRI,Info Edge (India) Ltd,ISHARES CORE EMERGING MARKETS MAURITIUS CO,SELL,96191,3815.75,-
11-OCT-2022,NAUKRI,Info Edge (India) Ltd,ISHARES CORE MSCI EMERGING MARKETS ETF,BUY,96191,3815.75,-
11-OCT-2022,AEGISLOG,Aegis Logistics Ltd,ISHARES INDIA SC MAURITIUS COMPANY,SELL,95418,288.8,-
11-OCT-2022,AEGISLOG,Aegis Logistics Ltd,ISHARES MSCI INDIA SMALL-CAP ETF,BUY,95418,288.8,-
11-OCT-2022,M&MFIN,Mahindra & Mahindra Financial Services Ltd,ISHARES MSCI INDIA SMALL-CAP ETF,BUY,92620,204.35,-
11-OCT-2022,M&MFIN,Mahindra & Mahindra Financial Services Ltd,ISHARES INDIA SC MAURITIUS COMPANY,SELL,92620,204.35,-
11-OCT-2022,AJANTPHARM,Ajanta Pharma Ltd,ISHARES CORE MSCI EMERGING MARKETS ETF,BUY,91866,1268.8,-
11-OCT-2022,AJANTPHARM,Ajanta Pharma Ltd,ISHARES CORE EMERGING MARKETS MAURITIUS CO,SELL,91866,1268.8,-
11-OCT-2022,PIIND,PI Industries Ltd,ISHARES CORE MSCI EMERGING MARKETS ETF,BUY,90408,2984.5,-
11-OCT-2022,PIIND,PI Industries Ltd,ISHARES CORE EMERGING MARKETS MAURITIUS CO,SELL,90408,2984.5,-
11-OCT-2022,AMBER,Amber Enterprises India Ltd,ISHARES CORE EMERGING MARKETS MAURITIUS CO,SELL,89415,2308.45,-
11-OCT-2022,AMBER,Amber Enterprises India Ltd,ISHARES CORE MSCI EMERGING MARKETS ETF,BUY,89415,2308.45,-
11-OCT-2022,FORTIS,Fortis Healthcare Ltd,ISHARES MSCI INDIA SMALL-CAP ETF,BUY,88717,271.4,-
11-OCT-2022,FORTIS,Fortis Healthcare Ltd,ISHARES INDIA SC MAURITIUS COMPANY,SELL,88717,271.4,-
11-OCT-2022,AFFLE,Affle 3I Ltd,ISHARES CORE EMERGING MARKETS MAURITIUS CO,SELL,87730,1239.3,-
11-OCT-2022,AFFLE,Affle 3I Ltd,ISHARES CORE MSCI EMERGING MARKETS ETF,BUY,87730,1239.3,-
11-OCT-2022,SUPREMEIND,Supreme Industries Ltd,ISHARES CORE MSCI EMERGING MARKETS ETF,BUY,87162,1997.75,-
11-OCT-2022,SUPREMEIND,Supreme Industries Ltd,ISHARES CORE EMERGING MARKETS MAURITIUS CO,SELL,87162,1997.75,-
11-OCT-2022,MAXHEALTH,Max Healthcare Institute Ltd,ISHARES INDIA SC MAURITIUS COMPANY,SELL,87068,410.75,-
11-OCT-2022,MAXHEALTH,Max Healthcare Institute Ltd,ISHARES MSCI INDIA SMALL-CAP ETF,BUY,87068,410.75,-
11-OCT-2022,EXIDEIND,Exide Industries Ltd,ISHARES MSCI INDIA SMALL-CAP ETF,BUY,86345,156.95,-
11-OCT-2022,EXIDEIND,Exide Industries Ltd,ISHARES INDIA SC MAURITIUS COMPANY,SELL,86345,156.95,-
11-OCT-2022,DEEPAKNTR,Deepak Nitrite Ltd-$,ISHARES CORE MSCI EMERGING MARKETS ETF,BUY,85670,2206.65,-
11-OCT-2022,DEEPAKNTR,Deepak Nitrite Ltd-$,ISHARES CORE EMERGING MARKETS MAURITIUS CO,SELL,85670,2206.65,-
11-OCT-2022,CEATLTD,Ceat Ltd,ISHARES CORE MSCI EMERGING MARKETS ETF,BUY,84021,1562.9,-
11-OCT-2022,CEATLTD,Ceat Ltd,ISHARES CORE EMERGING MARKETS MAURITIUS CO,SELL,84021,1562.9,-
11-OCT-2022,BAJAJ-AUTO,Bajaj Auto Ltd,ISHARES CORE EMERGING MARKETS MAURITIUS CO,SELL,82915,3616.95,-
11-OCT-2022,BAJAJ-AUTO,Bajaj Auto Ltd,ISHARES CORE MSCI EMERGING MARKETS ETF,BUY,82915,3616.95,-
11-OCT-2022,CUB,City Union Bank Ltd,ISHARES INDIA SC MAURITIUS COMPANY,SELL,81791,179.0,-
11-OCT-2022,CUB,City Union Bank Ltd,ISHARES MSCI INDIA SMALL-CAP ETF,BUY,81791,179.0,-
11-OCT-2022,MINDTREE,MindTree Ltd,ISHARES CORE EMERGING MARKETS MAURITIUS CO,SELL,81078,3348.0,-
11-OCT-2022,MINDTREE,MindTree Ltd,ISHARES CORE MSCI EMERGING MARKETS ETF,BUY,81078,3348.0,-
11-OCT-2022,STLTECH,Sterlite Technologies Ltd,ISHARES MSCI INDIA SMALL-CAP ETF,BUY,78768,178.85,-
11-OCT-2022,STLTECH,Sterlite Technologies Ltd,ISHARES INDIA SC MAURITIUS COMPANY,SELL,78768,178.85,-
11-OCT-2022,GLAXO,GlaxoSmithKline Pharmaceuticals Ltd,ISHARES CORE MSCI EMERGING MARKETS ETF,BUY,77734,1393.45,-
11-OCT-2022,GLAXO,GlaxoSmithKline Pharmaceuticals Ltd,ISHARES CORE EMERGING MARKETS MAURITIUS CO,SELL,77734,1393.45,-
11-OCT-2022,NUVOCO,Nuvoco Vistas Corporation Ltd,ISHARES MSCI INDIA SMALL-CAP ETF,BUY,73551,399.9,-
11-OCT-2022,NUVOCO,Nuvoco Vistas Corporation Ltd,ISHARES INDIA SC MAURITIUS COMPANY,SELL,73551,399.9,-
11-OCT-2022,OIL,Oil India Ltd,ISHARES MSCI INDIA SMALL-CAP ETF,BUY,73530,189.5,-
11-OCT-2022,OIL,Oil India Ltd,ISHARES INDIA SC MAURITIUS COMPANY,SELL,73530,189.5,-
11-OCT-2022,ENDURANCE,Endurance Technologies Ltd,ISHARES CORE MSCI EMERGING MARKETS ETF,BUY,72688,1355.0,-
11-OCT-2022,ENDURANCE,Endurance Technologies Ltd,ISHARES CORE EMERGING MARKETS MAURITIUS CO,SELL,72688,1355.0,-
11-OCT-2022,KIMS,Krishna Institute of Medical Sciences Ltd,ISHARES CORE EMERGING MARKETS MAURITIUS CO,SELL,71675,1470.25,-
11-OCT-2022,KIMS,Krishna Institute of Medical Sciences Ltd,ISHARES CORE MSCI EMERGING MARKETS ETF,BUY,71675,1470.25,-
11-OCT-2022,ANGELONE,Angel One Ltd,ISHARES CORE MSCI EMERGING MARKETS ETF,BUY,71560,1610.7,-
11-OCT-2022,ANGELONE,Angel One Ltd,ISHARES CORE EMERGING MARKETS MAURITIUS CO,SELL,71560,1610.7,-
11-OCT-2022,SFL,Sheela Foam Ltd,ISHARES CORE MSCI EMERGING MARKETS ETF,BUY,70692,2631.85,-
11-OCT-2022,SFL,Sheela Foam Ltd,ISHARES CORE EMERGING MARKETS MAURITIUS CO,SELL,70692,2631.85,-
11-OCT-2022,PVRINOX,PVR Inox Ltd,ISHARES CORE EMERGING MARKETS MAURITIUS CO,SELL,70541,1745.3,-
11-OCT-2022,PVRINOX,PVR Inox Ltd,ISHARES CORE MSCI EMERGING MARKETS ETF,BUY,70541,1745.3,-
11-OCT-2022,CANBK,Canara Bank,ISHARES MSCI INDIA SMALL-CAP ETF,BUY,69619,227.65,-
11-OCT-2022,CANBK,Canara Bank,ISHARES INDIA SC MAURITIUS COMPANY,SELL,69619,227.65,-
11-OCT-2022,LAURUSLABS,Laurus Labs Ltd,ISHARES MSCI INDIA SMALL-CAP ETF,BUY,68408,516.6,-
11-OCT-2022,LAURUSLABS,Laurus Labs Ltd,ISHARES INDIA SC MAURITIUS COMPANY,SELL,68408,516.6,-
11-OCT-2022,EIHOTEL,EIH Ltd,ISHARES MSCI INDIA SMALL-CAP ETF,BUY,68071,187.3,-
11-OCT-2022,EIHOTEL,EIH Ltd,ISHARES INDIA SC MAURITIUS COMPANY,SELL,68071,187.3,-
11-OCT-2022,BATAINDIA,Bata India Ltd,ISHARES CORE MSCI EMERGING MARKETS ETF,BUY,67966,1781.15,-
11-OCT-2022,BATAINDIA,Bata India Ltd,ISHARES CORE EMERGING MARKETS MAURITIUS CO,SELL,67966,1781.15,-
11-OCT-2022,360ONE,360 ONE WAM LTD,ISHARES CORE EMERGING MARKETS MAURITIUS CO,SELL,67399,1782.45,-
11-OCT-2022,360ONE,360 ONE WAM LTD,ISHARES CORE MSCI EMERGING MARKETS ETF,BUY,67399,1782.45,-
11-OCT-2022,PERSISTENT,Persistent Systems Ltd,ISHARES CORE EMERGING MARKETS MAURITIUS CO,SELL,67215,3563.2,-
11-OCT-2022,PERSISTENT,Persistent Systems Ltd,ISHARES CORE MSCI EMERGING MARKETS ETF,BUY,67215,3563.2,-
11-OCT-2022,WHIRLPOOL,Whirlpool of India Ltd,ISHARES CORE MSCI EMERGING MARKETS ETF,BUY,64817,1647.35,-
11-OCT-2022,WHIRLPOOL,Whirlpool of India Ltd,ISHARES CORE EMERGING MARKETS MAURITIUS CO,SELL,64817,1647.35,-
11-OCT-2022,JYOTHYLAB,Jyothy Labs Ltd,ISHARES INDIA SC MAURITIUS COMPANY,SELL,64652,200.8,-
11-OCT-2022,JYOTHYLAB,Jyothy Labs Ltd,ISHARES MSCI INDIA SMALL-CAP ETF,BUY,64652,200.8,-
11-OCT-2022,GSPL,Gujarat State Petronet Ltd,ISHARES MSCI INDIA SMALL-CAP ETF,BUY,63157,220.7,-
11-OCT-2022,GSPL,Gujarat State Petronet Ltd,ISHARES INDIA SC MAURITIUS COMPANY,SELL,63157,220.7,-
11-OCT-2022,LTM,LTM Ltd,ISHARES CORE MSCI EMERGING MARKETS ETF,BUY,62146,4697.5,-
11-OCT-2022,LTM,LTM Ltd,ISHARES CORE EMERGING MARKETS MAURITIUS CO,SELL,62146,4697.5,-
11-OCT-2022,APOLLOTYRE,Apollo Tyres Ltd,ISHARES INDIA SC MAURITIUS COMPANY,SELL,62073,270.45,-
11-OCT-2022,APOLLOTYRE,Apollo Tyres Ltd,ISHARES MSCI INDIA SMALL-CAP ETF,BUY,62073,270.45,-
11-OCT-2022,POONAWALLA,Poonawalla Fincorp Ltd,ISHARES INDIA SC MAURITIUS COMPANY,SELL,61708,325.7,-
11-OCT-2022,POONAWALLA,Poonawalla Fincorp Ltd,ISHARES MSCI INDIA SMALL-CAP ETF,BUY,61708,325.7,-
11-OCT-2022,GMMPFAUDLR,GMM Pfaudler Ltd,ISHARES CORE EMERGING MARKETS MAURITIUS CO,SELL,60691,1893.95,-
11-OCT-2022,GMMPFAUDLR,GMM Pfaudler Ltd,ISHARES CORE MSCI EMERGING MARKETS ETF,BUY,60691,1893.95,-
11-OCT-2022,AIAENG,AIA Engineering Ltd,ISHARES CORE EMERGING MARKETS MAURITIUS CO,SELL,60260,2542.5,-
11-OCT-2022,AIAENG,AIA Engineering Ltd,ISHARES CORE MSCI EMERGING MARKETS ETF,BUY,60260,2542.5,-
11-OCT-2022,VTL,Vardhman Textiles Ltd,ISHARES MSCI INDIA SMALL-CAP ETF,BUY,59938,349.15,-
11-OCT-2022,VTL,Vardhman Textiles Ltd,ISHARES INDIA SC MAURITIUS COMPANY,SELL,59938,349.15,-
11-OCT-2022,LICHSGFIN,LIC Housing Finance Ltd,ISHARES MSCI INDIA SMALL-CAP ETF,BUY,59253,416.2,-
11-OCT-2022,LICHSGFIN,LIC Housing Finance Ltd,ISHARES INDIA SC MAURITIUS COMPANY,SELL,59253,416.2,-
11-OCT-2022,ABFRL,Aditya Birla Fashion and Retail Ltd,ISHARES INDIA SC MAURITIUS COMPANY,SELL,58927,338.75,-
11-OCT-2022,ABFRL,Aditya Birla Fashion and Retail Ltd,ISHARES MSCI INDIA SMALL-CAP ETF,BUY,58927,338.75,-
11-OCT-2022,IIFL,IIFL Finance Ltd,ISHARES INDIA SC MAURITIUS COMPANY,SELL,58479,361.1,-
11-OCT-2022,IIFL,IIFL Finance Ltd,ISHARES MSCI INDIA SMALL-CAP ETF,BUY,58479,361.1,-
11-OCT-2022,GRINDWELL,Grindwell Norton Ltd-$,ISHARES CORE EMERGING MARKETS MAURITIUS CO,SELL,58168,2019.35,-
11-OCT-2022,GRINDWELL,Grindwell Norton Ltd-$,ISHARES CORE MSCI EMERGING MARKETS ETF,BUY,58168,2019.35,-
11-OCT-2022,VGUARD,V-Guard Industries Ltd,ISHARES INDIA SC MAURITIUS COMPANY,SELL,57751,251.2,-
11-OCT-2022,VGUARD,V-Guard Industries Ltd,ISHARES MSCI INDIA SMALL-CAP ETF,BUY,57751,251.2,-
11-OCT-2022,SCHAEFFLER,Schaeffler India Ltd,ISHARES CORE MSCI EMERGING MARKETS ETF,BUY,57135,3268.1,-
11-OCT-2022,SCHAEFFLER,Schaeffler India Ltd,ISHARES CORE EMERGING MARKETS MAURITIUS CO,SELL,57135,3268.1,-
11-OCT-2022,BSOFT,Birlasoft Ltd,ISHARES MSCI INDIA SMALL-CAP ETF,BUY,56484,289.1,-
11-OCT-2022,BSOFT,Birlasoft Ltd,ISHARES INDIA SC MAURITIUS COMPANY,SELL,56484,289.1,-
11-OCT-2022,ORIENTELEC,Orient Electric Ltd,ISHARES MSCI INDIA SMALL-CAP ETF,BUY,55768,272.95,-
11-OCT-2022,ORIENTELEC,Orient Electric Ltd,ISHARES INDIA SC MAURITIUS COMPANY,SELL,55768,272.95,-
11-OCT-2022,POLYCAB,Polycab India Ltd,ISHARES CORE EMERGING MARKETS MAURITIUS CO,SELL,55157,2614.35,-
11-OCT-2022,POLYCAB,Polycab India Ltd,ISHARES CORE MSCI EMERGING MARKETS ETF,BUY,55157,2614.35,-
11-OCT-2022,GRANULES,Granules India Ltd-$,ISHARES MSCI INDIA SMALL-CAP ETF,BUY,50143,347.05,-
11-OCT-2022,GRANULES,Granules India Ltd-$,ISHARES INDIA SC MAURITIUS COMPANY,SELL,50143,347.05,-
11-OCT-2022,CIEINDIA,CIE Automotive India Ltd,ISHARES INDIA SC MAURITIUS COMPANY,SELL,50043,320.1,-
11-OCT-2022,CIEINDIA,CIE Automotive India Ltd,ISHARES MSCI INDIA SMALL-CAP ETF,BUY,50043,320.1,-
11-OCT-2022,CHAMBLFERT,Chambal Fertilisers & Chemicals Ltd,ISHARES MSCI INDIA SMALL-CAP ETF,BUY,49976,318.55,-
11-OCT-2022,CHAMBLFERT,Chambal Fertilisers & Chemicals Ltd,ISHARES INDIA SC MAURITIUS COMPANY,SELL,49976,318.55,-
11-OCT-2022,BASF,BASF India Ltd,ISHARES CORE MSCI EMERGING MARKETS ETF,BUY,49524,2917.2,-
11-OCT-2022,BASF,BASF India Ltd,ISHARES CORE EMERGING MARKETS MAURITIUS CO,SELL,49524,2917.2,-
11-OCT-2022,VINATIORGA,Vinati Organics Ltd-$,ISHARES CORE MSCI EMERGING MARKETS ETF,BUY,49235,2050.5,-
11-OCT-2022,VINATIORGA,Vinati Organics Ltd-$,ISHARES CORE EMERGING MARKETS MAURITIUS CO,SELL,49235,2050.5,-
11-OCT-2022,BRIGADE,Brigade Enterprises Ltd,ISHARES INDIA SC MAURITIUS COMPANY,SELL,46848,513.15,-
11-OCT-2022,BRIGADE,Brigade Enterprises Ltd,ISHARES MSCI INDIA SMALL-CAP ETF,BUY,46848,513.15,-
11-OCT-2022,AAVAS,AAVAS Financiers Ltd,ISHARES CORE MSCI EMERGING MARKETS ETF,BUY,46829,2091.55,-
11-OCT-2022,AAVAS,AAVAS Financiers Ltd,ISHARES CORE EMERGING MARKETS MAURITIUS CO,SELL,46829,2091.55,-
11-OCT-2022,OFSS,Oracle Financial Services Software Ltd,ISHARES CORE MSCI EMERGING MARKETS ETF,BUY,46657,2965.1,-
11-OCT-2022,OFSS,Oracle Financial Services Software Ltd,ISHARES CORE EMERGING MARKETS MAURITIUS CO,SELL,46657,2965.1,-
11-OCT-2022,TATAELXSI,Tata Elxsi Ltd,ISHARES CORE MSCI EMERGING MARKETS ETF,BUY,45285,8584.2,-
11-OCT-2022,TATAELXSI,Tata Elxsi Ltd,ISHARES CORE EMERGING MARKETS MAURITIUS CO,SELL,45285,8584.2,-
11-OCT-2022,LALPATHLAB,Dr. Lal PathLabs Ltd,ISHARES CORE EMERGING MARKETS MAURITIUS CO,SELL,45074,2374.5,-
11-OCT-2022,LALPATHLAB,Dr. Lal PathLabs Ltd,ISHARES CORE MSCI EMERGING MARKETS ETF,BUY,45074,2374.5,-
11-OCT-2022,TEAMLEASE,TeamLease Services Ltd,ISHARES CORE EMERGING MARKETS MAURITIUS CO,SELL,44831,3065.6,-
11-OCT-2022,TEAMLEASE,TeamLease Services Ltd,ISHARES CORE MSCI EMERGING MARKETS ETF,BUY,44831,3065.6,-
11-OCT-2022,NESTLEIND,Nestle India Ltd,ISHARES CORE EMERGING MARKETS MAURITIUS CO,SELL,44215,19119.05,-
11-OCT-2022,NESTLEIND,Nestle India Ltd,ISHARES CORE MSCI EMERGING MARKETS ETF,BUY,44215,19119.05,-
11-OCT-2022,JKCEMENT,JK Cement Ltd,ISHARES CORE MSCI EMERGING MARKETS ETF,BUY,44124,2554.35,-
11-OCT-2022,JKCEMENT,JK Cement Ltd,ISHARES CORE EMERGING MARKETS MAURITIUS CO,SELL,44124,2554.35,-
11-OCT-2022,MFSL,Max Financial Services Ltd,ISHARES INDIA SC MAURITIUS COMPANY,SELL,43935,758.2,-
11-OCT-2022,MFSL,Max Financial Services Ltd,ISHARES MSCI INDIA SMALL-CAP ETF,BUY,43935,758.2,-
11-OCT-2022,SUMICHEM,Sumitomo Chemical India Ltd,ISHARES INDIA SC MAURITIUS COMPANY,SELL,43924,504.95,-
11-OCT-2022,SUMICHEM,Sumitomo Chemical India Ltd,ISHARES MSCI INDIA SMALL-CAP ETF,BUY,43924,504.95,-
11-OCT-2022,VOLTAS,Voltas Ltd,ISHARES INDIA SC MAURITIUS COMPANY,SELL,42124,899.9,-
11-OCT-2022,VOLTAS,Voltas Ltd,ISHARES MSCI INDIA SMALL-CAP ETF,BUY,42124,899.9,-
11-OCT-2022,NAM-INDIA,Nippon Life India Asset Management Ltd,ISHARES MSCI INDIA SMALL-CAP ETF,BUY,41761,270.55,-
11-OCT-2022,NAM-INDIA,Nippon Life India Asset Management Ltd,ISHARES INDIA SC MAURITIUS COMPANY,SELL,41761,270.55,-
11-OCT-2022,INDIACEM,India Cements Ltd,ISHARES INDIA SC MAURITIUS COMPANY,SELL,41573,275.25,-
11-OCT-2022,INDIACEM,India Cements Ltd,ISHARES MSCI INDIA SMALL-CAP ETF,BUY,41573,275.25,-
11-OCT-2022,SONATSOFTW,Sonata Software Ltd,ISHARES MSCI INDIA SMALL-CAP ETF,BUY,41480,517.55,-
11-OCT-2022,SONATSOFTW,Sonata Software Ltd,ISHARES INDIA SC MAURITIUS COMPANY,SELL,41480,517.55,-
11-OCT-2022,BALRAMCHIN,Balrampur Chini Mills Ltd,ISHARES MSCI INDIA SMALL-CAP ETF,BUY,41255,357.9,-
11-OCT-2022,BALRAMCHIN,Balrampur Chini Mills Ltd,ISHARES INDIA SC MAURITIUS COMPANY,SELL,41255,357.9,-
11-OCT-2022,SUNTV,Sun TV Network Ltd,ISHARES MSCI INDIA SMALL-CAP ETF,BUY,40682,534.65,-
11-OCT-2022,SUNTV,Sun TV Network Ltd,ISHARES INDIA SC MAURITIUS COMPANY,SELL,40682,534.65,-
11-OCT-2022,CAMS,Computer Age Management Services Ltd,ISHARES CORE EMERGING MARKETS MAURITIUS CO,SELL,40333,2535.35,-
11-OCT-2022,CAMS,Computer Age Management Services Ltd,ISHARES CORE MSCI EMERGING MARKETS ETF,BUY,40333,2535.35,-
11-OCT-2022,AARTIIND,Aarti Industries Ltd,ISHARES INDIA SC MAURITIUS COMPANY,SELL,39049,769.5,-
11-OCT-2022,AARTIIND,Aarti Industries Ltd,ISHARES MSCI INDIA SMALL-CAP ETF,BUY,39049,769.5,-
11-OCT-2022,NAVINFLUOR,Navin Fluorine International Ltd-$,ISHARES CORE MSCI EMERGING MARKETS ETF,BUY,38952,4605.25,-
11-OCT-2022,NAVINFLUOR,Navin Fluorine International Ltd-$,ISHARES CORE EMERGING MARKETS MAURITIUS CO,SELL,38952,4605.25,-
11-OCT-2022,DIXON,Dixon Technologies (India) Ltd,ISHARES CORE EMERGING MARKETS MAURITIUS CO,SELL,38846,4235.6,-
11-OCT-2022,DIXON,Dixon Technologies (India) Ltd,ISHARES CORE MSCI EMERGING MARKETS ETF,BUY,38846,4235.6,-
11-OCT-2022,EMAMILTD,Emami Ltd-$,ISHARES INDIA SC MAURITIUS COMPANY,SELL,38837,475.6,-
11-OCT-2022,EMAMILTD,Emami Ltd-$,ISHARES MSCI INDIA SMALL-CAP ETF,BUY,38837,475.6,-
11-OCT-2022,GLENMARK,Glenmark Pharmaceuticals Ltd,ISHARES INDIA SC MAURITIUS COMPANY,SELL,38184,393.1,-
11-OCT-2022,GLENMARK,Glenmark Pharmaceuticals Ltd,ISHARES MSCI INDIA SMALL-CAP ETF,BUY,38184,393.1,-
11-OCT-2022,MINDSPACE,MINDSPACE,ISHARES MSCI INDIA SMALL-CAP ETF,BUY,37378,363.97,-
11-OCT-2022,MINDSPACE,MINDSPACE,ISHARES INDIA SC MAURITIUS COMPANY,SELL,37378,363.97,-
11-OCT-2022,TVSMOTOR,TVS Motor Company Ltd,ISHARES MSCI INDIA SMALL-CAP ETF,BUY,37219,1066.65,-
11-OCT-2022,TVSMOTOR,TVS Motor Company Ltd,ISHARES INDIA SC MAURITIUS COMPANY,SELL,37219,1066.65,-
11-OCT-2022,FLUOROCHEM,Gujarat Fluorochemicals Ltd,ISHARES CORE EMERGING MARKETS MAURITIUS CO,SELL,37200,4038.35,-
11-OCT-2022,FLUOROCHEM,Gujarat Fluorochemicals Ltd,ISHARES CORE MSCI EMERGING MARKETS ETF,BUY,37200,4038.35,-
11-OCT-2022,PRAJIND,Praj Industries Ltd,ISHARES MSCI INDIA SMALL-CAP ETF,BUY,37137,454.1,-
11-OCT-2022,PRAJIND,Praj Industries Ltd,ISHARES INDIA SC MAURITIUS COMPANY,SELL,37137,454.1,-
11-OCT-2022,POLICYBZR,PB Fintech Ltd,ISHARES INDIA SC MAURITIUS COMPANY,SELL,36249,479.1,-
11-OCT-2022,POLICYBZR,PB Fintech Ltd,ISHARES MSCI INDIA SMALL-CAP ETF,BUY,36249,479.1,-
11-OCT-2022,KANSAINER,Kansai Nerolac Paints Ltd,ISHARES INDIA SC MAURITIUS COMPANY,SELL,36227,476.7,-
11-OCT-2022,KANSAINER,Kansai Nerolac Paints Ltd,ISHARES MSCI INDIA SMALL-CAP ETF,BUY,36227,476.7,-
11-OCT-2022,ISEC,ICICI Securities Ltd,ISHARES MSCI INDIA SMALL-CAP ETF,BUY,35484,510.85,-
11-OCT-2022,ISEC,ICICI Securities Ltd,ISHARES INDIA SC MAURITIUS COMPANY,SELL,35484,510.85,-
11-OCT-2022,EIDPARRY,EID Parry India Ltd,ISHARES MSCI INDIA SMALL-CAP ETF,BUY,35113,605.8,-
11-OCT-2022,EIDPARRY,EID Parry India Ltd,ISHARES INDIA SC MAURITIUS COMPANY,SELL,35113,605.8,-
11-OCT-2022,KEC,KEC International Ltd,ISHARES INDIA SC MAURITIUS COMPANY,SELL,34844,418.2,-
11-OCT-2022,KEC,KEC International Ltd,ISHARES MSCI INDIA SMALL-CAP ETF,BUY,34844,418.2,-
11-OCT-2022,GODREJIND,Godrej Industries Ltd,ISHARES MSCI INDIA SMALL-CAP ETF,BUY,34444,430.05,-
11-OCT-2022,GODREJIND,Godrej Industries Ltd,ISHARES INDIA SC MAURITIUS COMPANY,SELL,34444,430.05,-
11-OCT-2022,LINDEINDIA,Linde India Ltd,ISHARES CORE EMERGING MARKETS MAURITIUS CO,SELL,34374,3187.4,-
11-OCT-2022,LINDEINDIA,Linde India Ltd,ISHARES CORE MSCI EMERGING MARKETS ETF,BUY,34374,3187.4,-
11-OCT-2022,UNOMINDA,UNO Minda Ltd-$,ISHARES MSCI INDIA SMALL-CAP ETF,BUY,34315,568.0,-
11-OCT-2022,UNOMINDA,UNO Minda Ltd-$,ISHARES INDIA SC MAURITIUS COMPANY,SELL,34315,568.0,-
11-OCT-2022,MAHLIFE,Mahindra Lifespace Developers Ltd,ISHARES INDIA SC MAURITIUS COMPANY,SELL,33837,460.4,-
11-OCT-2022,MAHLIFE,Mahindra Lifespace Developers Ltd,ISHARES MSCI INDIA SMALL-CAP ETF,BUY,33837,460.4,-
11-OCT-2022,TIMKEN,Timken India Ltd,ISHARES CORE EMERGING MARKETS MAURITIUS CO,SELL,33478,3242.9,-
11-OCT-2022,TIMKEN,Timken India Ltd,ISHARES CORE MSCI EMERGING MARKETS ETF,BUY,33478,3242.9,-
11-OCT-2022,SOLARINDS,Solar Industries India Ltd,ISHARES CORE MSCI EMERGING MARKETS ETF,BUY,32982,4011.7,-
11-OCT-2022,SOLARINDS,Solar Industries India Ltd,ISHARES CORE EMERGING MARKETS MAURITIUS CO,SELL,32982,4011.7,-
11-OCT-2022,CRISIL,Crisil Ltd,ISHARES CORE MSCI EMERGING MARKETS ETF,BUY,32561,3133.7,-
11-OCT-2022,CRISIL,Crisil Ltd,ISHARES CORE EMERGING MARKETS MAURITIUS CO,SELL,32561,3133.7,-
11-OCT-2022,GHCL,GHCL Ltd,ISHARES MSCI INDIA SMALL-CAP ETF,BUY,31818,673.4,-
11-OCT-2022,GHCL,GHCL Ltd,ISHARES INDIA SC MAURITIUS COMPANY,SELL,31818,673.4,-
11-OCT-2022,FINCABLES,Finolex Cables Ltd,ISHARES INDIA SC MAURITIUS COMPANY,SELL,31686,452.25,-
11-OCT-2022,FINCABLES,Finolex Cables Ltd,ISHARES MSCI INDIA SMALL-CAP ETF,BUY,31686,452.25,-
11-OCT-2022,PRESTIGE,Prestige Estates Projects Ltd,ISHARES INDIA SC MAURITIUS COMPANY,SELL,31404,454.5,-
11-OCT-2022,PRESTIGE,Prestige Estates Projects Ltd,ISHARES MSCI INDIA SMALL-CAP ETF,BUY,31404,454.5,-
11-OCT-2022,GUJENERGY,Gujarat Energy Ltd,ISHARES MSCI INDIA SMALL-CAP ETF,BUY,30837,490.95,-
11-OCT-2022,GUJENERGY,Gujarat Energy Ltd,ISHARES INDIA SC MAURITIUS COMPANY,SELL,30837,490.95,-
11-OCT-2022,WESTLIFE,Westlife Foodworld Ltd,ISHARES INDIA SC MAURITIUS COMPANY,SELL,30686,729.75,-
11-OCT-2022,WESTLIFE,Westlife Foodworld Ltd,ISHARES MSCI INDIA SMALL-CAP ETF,BUY,30686,729.75,-
11-OCT-2022,COFORGE,Coforge Ltd,ISHARES CORE EMERGING MARKETS MAURITIUS CO,SELL,30540,3638.05,-
11-OCT-2022,COFORGE,Coforge Ltd,ISHARES CORE MSCI EMERGING MARKETS ETF,BUY,30540,3638.05,-
11-OCT-2022,BALAMINES,Balaji Amines Ltd-$,ISHARES CORE EMERGING MARKETS MAURITIUS CO,SELL,30478,3157.25,-
11-OCT-2022,BALAMINES,Balaji Amines Ltd-$,ISHARES CORE MSCI EMERGING MARKETS ETF,BUY,30478,3157.25,-
11-OCT-2022,POWERINDIA,Hitachi Energy India Ltd,ISHARES CORE EMERGING MARKETS MAURITIUS CO,SELL,29519,3419.6,-
11-OCT-2022,POWERINDIA,Hitachi Energy India Ltd,ISHARES CORE MSCI EMERGING MARKETS ETF,BUY,29519,3419.6,-
11-OCT-2022,INOXLEISUR,INOX Leisure Ltd,ISHARES MSCI INDIA SMALL-CAP ETF,BUY,29376,507.9,-
11-OCT-2022,INOXLEISUR,INOX Leisure Ltd,ISHARES INDIA SC MAURITIUS COMPANY,SELL,29376,507.9,-
11-OCT-2022,KPRMILL,K.P.R. Mill Limited,ISHARES MSCI INDIA SMALL-CAP ETF,BUY,28464,552.4,-
11-OCT-2022,KPRMILL,K.P.R. Mill Limited,ISHARES INDIA SC MAURITIUS COMPANY,SELL,28464,552.4,-
11-OCT-2022,VIPIND,VIP Industries Ltd-$,ISHARES MSCI INDIA SMALL-CAP ETF,BUY,27946,698.05,-
11-OCT-2022,VIPIND,VIP Industries Ltd-$,ISHARES INDIA SC MAURITIUS COMPANY,SELL,27946,698.05,-
11-OCT-2022,TORNTPOWER,Torrent Power Ltd,ISHARES MSCI INDIA SMALL-CAP ETF,BUY,27652,491.35,-
11-OCT-2022,TORNTPOWER,Torrent Power Ltd,ISHARES INDIA SC MAURITIUS COMPANY,SELL,27652,491.35,-
11-OCT-2022,COHANCE,Cohance Lifesciences Ltd,ISHARES INDIA SC MAURITIUS COMPANY,SELL,27617,419.65,-
11-OCT-2022,COHANCE,Cohance Lifesciences Ltd,ISHARES MSCI INDIA SMALL-CAP ETF,BUY,27617,419.65,-
11-OCT-2022,TATACHEM,Tata Chemicals Ltd,ISHARES MSCI INDIA SMALL-CAP ETF,BUY,27449,1199.65,-
11-OCT-2022,TATACHEM,Tata Chemicals Ltd,ISHARES INDIA SC MAURITIUS COMPANY,SELL,27449,1199.65,-
11-OCT-2022,INTELLECT,Intellect Design Arena Ltd,ISHARES MSCI INDIA SMALL-CAP ETF,BUY,27132,519.9,-
11-OCT-2022,INTELLECT,Intellect Design Arena Ltd,ISHARES INDIA SC MAURITIUS COMPANY,SELL,27132,519.9,-
11-OCT-2022,APLAPOLLO,APL Apollo Tubes Ltd,ISHARES INDIA SC MAURITIUS COMPANY,SELL,26959,1125.95,-
11-OCT-2022,APLAPOLLO,APL Apollo Tubes Ltd,ISHARES MSCI INDIA SMALL-CAP ETF,BUY,26959,1125.95,-
11-OCT-2022,SYNGENE,Syngene International Ltd,ISHARES MSCI INDIA SMALL-CAP ETF,BUY,26739,561.45,-
11-OCT-2022,SYNGENE,Syngene International Ltd,ISHARES INDIA SC MAURITIUS COMPANY,SELL,26739,561.45,-
11-OCT-2022,RAJESHEXPO,Rajesh Exports Ltd,ISHARES INDIA SC MAURITIUS COMPANY,SELL,25928,601.95,-
11-OCT-2022,RAJESHEXPO,Rajesh Exports Ltd,ISHARES MSCI INDIA SMALL-CAP ETF,BUY,25928,601.95,-
11-OCT-2022,APLLTD,Alembic Pharmaceuticals Ltd,ISHARES MSCI INDIA SMALL-CAP ETF,BUY,25903,611.25,-
11-OCT-2022,APLLTD,Alembic Pharmaceuticals Ltd,ISHARES INDIA SC MAURITIUS COMPANY,SELL,25903,611.25,-
11-OCT-2022,ARE&M,Amara Raja Energy & Mobility Ltd,ISHARES INDIA SC MAURITIUS COMPANY,SELL,25481,495.9,-
11-OCT-2022,ARE&M,Amara Raja Energy & Mobility Ltd,ISHARES MSCI INDIA SMALL-CAP ETF,BUY,25481,495.9,-
11-OCT-2022,GESHIP,Great Eastern Shipping Company Ltd,ISHARES MSCI INDIA SMALL-CAP ETF,BUY,25169,531.4,-
11-OCT-2022,GESHIP,Great Eastern Shipping Company Ltd,ISHARES INDIA SC MAURITIUS COMPANY,SELL,25169,531.4,-
11-OCT-2022,IPCALAB,Ipca Laboratories Ltd,ISHARES MSCI INDIA SMALL-CAP ETF,BUY,25053,912.05,-
11-OCT-2022,IPCALAB,Ipca Laboratories Ltd,ISHARES INDIA SC MAURITIUS COMPANY,SELL,25053,912.05,-
11-OCT-2022,QUESS,Quess Corp Ltd,ISHARES MSCI INDIA SMALL-CAP ETF,BUY,24914,617.55,-
11-OCT-2022,QUESS,Quess Corp Ltd,ISHARES INDIA SC MAURITIUS COMPANY,SELL,24914,617.55,-
11-OCT-2022,CUMMINSIND,Cummins India Ltd,ISHARES MSCI INDIA SMALL-CAP ETF,BUY,24430,1224.7,-
11-OCT-2022,CUMMINSIND,Cummins India Ltd,ISHARES INDIA SC MAURITIUS COMPANY,SELL,24430,1224.7,-
11-OCT-2022,NH,Narayana Hrudayalaya Ltd,ISHARES INDIA SC MAURITIUS COMPANY,SELL,23820,711.65,-
11-OCT-2022,NH,Narayana Hrudayalaya Ltd,ISHARES MSCI INDIA SMALL-CAP ETF,BUY,23820,711.65,-
11-OCT-2022,INDIAMART,IndiaMART InterMESH Ltd,ISHARES CORE MSCI EMERGING MARKETS ETF,BUY,23565,4472.75,-
11-OCT-2022,INDIAMART,IndiaMART InterMESH Ltd,ISHARES CORE EMERGING MARKETS MAURITIUS CO,SELL,23565,4472.75,-
11-OCT-2022,KPITTECH,KPIT Technologies Ltd,ISHARES MSCI INDIA SMALL-CAP ETF,BUY,23258,657.65,-
11-OCT-2022,KPITTECH,KPIT Technologies Ltd,ISHARES INDIA SC MAURITIUS COMPANY,SELL,23258,657.65,-
11-OCT-2022,PEL,Piramal Enterprises Ltd,ISHARES INDIA SC MAURITIUS COMPANY,SELL,23247,822.85,-
11-OCT-2022,PEL,Piramal Enterprises Ltd,ISHARES MSCI INDIA SMALL-CAP ETF,BUY,23247,822.85,-
11-OCT-2022,COROMANDEL,Coromandel International Ltd,ISHARES INDIA SC MAURITIUS COMPANY,SELL,22993,976.3,-
11-OCT-2022,COROMANDEL,Coromandel International Ltd,ISHARES MSCI INDIA SMALL-CAP ETF,BUY,22993,976.3,-
11-OCT-2022,OBEROIRLTY,Oberoi Realty Ltd,ISHARES INDIA SC MAURITIUS COMPANY,SELL,22854,931.35,-
11-OCT-2022,OBEROIRLTY,Oberoi Realty Ltd,ISHARES MSCI INDIA SMALL-CAP ETF,BUY,22854,931.35,-
11-OCT-2022,GILLETTE,Gillette India Ltd,ISHARES CORE EMERGING MARKETS MAURITIUS CO,SELL,22328,5178.75,-
11-OCT-2022,GILLETTE,Gillette India Ltd,ISHARES CORE MSCI EMERGING MARKETS ETF,BUY,22328,5178.75,-
11-OCT-2022,TATACOMM,Tata Communications Ltd,ISHARES INDIA SC MAURITIUS COMPANY,SELL,22327,1219.4,-
11-OCT-2022,TATACOMM,Tata Communications Ltd,ISHARES MSCI INDIA SMALL-CAP ETF,BUY,22327,1219.4,-
11-OCT-2022,TANLA,Tanla Platforms Ltd,ISHARES MSCI INDIA SMALL-CAP ETF,BUY,22316,802.0,-
11-OCT-2022,TANLA,Tanla Platforms Ltd,ISHARES INDIA SC MAURITIUS COMPANY,SELL,22316,802.0,-
11-OCT-2022,NATCOPHARM,Natco Pharma Ltd,ISHARES MSCI INDIA SMALL-CAP ETF,BUY,22244,616.7,-
11-OCT-2022,NATCOPHARM,Natco Pharma Ltd,ISHARES INDIA SC MAURITIUS COMPANY,SELL,22244,616.7,-
11-OCT-2022,BAYERCROP,Bayer CropScience Ltd,ISHARES CORE MSCI EMERGING MARKETS ETF,BUY,22068,4697.65,-
11-OCT-2022,BAYERCROP,Bayer CropScience Ltd,ISHARES CORE EMERGING MARKETS MAURITIUS CO,SELL,22068,4697.65,-
11-OCT-2022,ABREL,Aditya Birla Real Estate Ltd,ISHARES MSCI INDIA SMALL-CAP ETF,BUY,21978,830.3,-
11-OCT-2022,ABREL,Aditya Birla Real Estate Ltd,ISHARES INDIA SC MAURITIUS COMPANY,SELL,21978,830.3,-
11-OCT-2022,GNFC,Gujarat Narmada Valley Fertilizers & Chemicals Ltd,ISHARES INDIA SC MAURITIUS COMPANY,SELL,21076,666.7,-
11-OCT-2022,GNFC,Gujarat Narmada Valley Fertilizers & Chemicals Ltd,ISHARES MSCI INDIA SMALL-CAP ETF,BUY,21076,666.7,-
11-OCT-2022,SKFINDIA,SKF India Ltd,ISHARES CORE MSCI EMERGING MARKETS ETF,BUY,20783,4636.0,-
11-OCT-2022,SKFINDIA,SKF India Ltd,ISHARES CORE EMERGING MARKETS MAURITIUS CO,SELL,20783,4636.0,-
11-OCT-2022,RAMCOCEM,The Ramco Cements Ltd,ISHARES INDIA SC MAURITIUS COMPANY,SELL,20393,724.25,-
11-OCT-2022,RAMCOCEM,The Ramco Cements Ltd,ISHARES MSCI INDIA SMALL-CAP ETF,BUY,20393,724.25,-
11-OCT-2022,CHOLAHLDNG,Cholamandalam Financial Holdings Ltd,ISHARES MSCI INDIA SMALL-CAP ETF,BUY,20343,636.9,-
11-OCT-2022,CHOLAHLDNG,Cholamandalam Financial Holdings Ltd,ISHARES INDIA SC MAURITIUS COMPANY,SELL,20343,636.9,-
11-OCT-2022,CARBORUNIV,Carborundum Universal Ltd,ISHARES MSCI INDIA SMALL-CAP ETF,BUY,19508,895.65,-
11-OCT-2022,CARBORUNIV,Carborundum Universal Ltd,ISHARES INDIA SC MAURITIUS COMPANY,SELL,19508,895.65,-
11-OCT-2022,UTIAMC,UTI Asset Management Company Ltd,ISHARES MSCI INDIA SMALL-CAP ETF,BUY,19507,740.1,-
11-OCT-2022,UTIAMC,UTI Asset Management Company Ltd,ISHARES INDIA SC MAURITIUS COMPANY,SELL,19507,740.1,-
11-OCT-2022,PHOENIXLTD,The Phoenix Mills Ltd,ISHARES INDIA SC MAURITIUS COMPANY,SELL,19232,1437.85,-
11-OCT-2022,PHOENIXLTD,The Phoenix Mills Ltd,ISHARES MSCI INDIA SMALL-CAP ETF,BUY,19232,1437.85,-
11-OCT-2022,TIINDIA,Tube Investments of India Ltd,ISHARES MSCI INDIA SMALL-CAP ETF,BUY,19042,2722.4,-
11-OCT-2022,TIINDIA,Tube Investments of India Ltd,ISHARES INDIA SC MAURITIUS COMPANY,SELL,19042,2722.4,-
11-OCT-2022,SANOFI,Sanofi India Ltd,ISHARES CORE EMERGING MARKETS MAURITIUS CO,SELL,18905,5887.2,-
11-OCT-2022,SANOFI,Sanofi India Ltd,ISHARES CORE MSCI EMERGING MARKETS ETF,BUY,18905,5887.2,-
11-OCT-2022,CYIENT,Cyient Ltd,ISHARES INDIA SC MAURITIUS COMPANY,SELL,18688,797.45,-
11-OCT-2022,CYIENT,Cyient Ltd,ISHARES MSCI INDIA SMALL-CAP ETF,BUY,18688,797.45,-
11-OCT-2022,DEEPAKFERT,Deepak Fertilisers & Petrochemicals Corporation Ltd,ISHARES INDIA SC MAURITIUS COMPANY,SELL,18236,910.25,-
11-OCT-2022,DEEPAKFERT,Deepak Fertilisers & Petrochemicals Corporation Ltd,ISHARES MSCI INDIA SMALL-CAP ETF,BUY,18236,910.25,-
11-OCT-2022,ATUL,Atul Ltd,ISHARES CORE EMERGING MARKETS MAURITIUS CO,SELL,18150,8767.95,-
11-OCT-2022,ATUL,Atul Ltd,ISHARES CORE MSCI EMERGING MARKETS ETF,BUY,18150,8767.95,-
11-OCT-2022,AVANTIFEED,Avanti Feeds Ltd-$,ISHARES INDIA SC MAURITIUS COMPANY,SELL,17790,491.65,-
11-OCT-2022,AVANTIFEED,Avanti Feeds Ltd-$,ISHARES MSCI INDIA SMALL-CAP ETF,BUY,17790,491.65,-
11-OCT-2022,ASTRAL,Astral Ltd,ISHARES MSCI INDIA SMALL-CAP ETF,BUY,17708,2199.9,-
11-OCT-2022,ASTRAL,Astral Ltd,ISHARES INDIA SC MAURITIUS COMPANY,SELL,17708,2199.9,-
11-OCT-2022,SUNDRMFAST,Sundram Fasteners Ltd,ISHARES MSCI INDIA SMALL-CAP ETF,BUY,17654,929.55,-
11-OCT-2022,SUNDRMFAST,Sundram Fasteners Ltd,ISHARES INDIA SC MAURITIUS COMPANY,SELL,17654,929.55,-
11-OCT-2022,METROPOLIS,Metropolis Healthcare Ltd,ISHARES INDIA SC MAURITIUS COMPANY,SELL,17520,1553.15,-
11-OCT-2022,METROPOLIS,Metropolis Healthcare Ltd,ISHARES MSCI INDIA SMALL-CAP ETF,BUY,17520,1553.15,-
11-OCT-2022,BLUESTARCO,Blue Star Ltd,ISHARES MSCI INDIA SMALL-CAP ETF,BUY,16672,1156.5,-
11-OCT-2022,BLUESTARCO,Blue Star Ltd,ISHARES INDIA SC MAURITIUS COMPANY,SELL,16672,1156.5,-
11-OCT-2022,CREDITACC,CreditAccess Grameen Ltd,ISHARES INDIA SC MAURITIUS COMPANY,SELL,15762,995.65,-
11-OCT-2022,CREDITACC,CreditAccess Grameen Ltd,ISHARES MSCI INDIA SMALL-CAP ETF,BUY,15762,995.65,-
11-OCT-2022,FINEORG,Fine Organic Industries Ltd,ISHARES CORE EMERGING MARKETS MAURITIUS CO,SELL,15644,6849.75,-
11-OCT-2022,FINEORG,Fine Organic Industries Ltd,ISHARES CORE MSCI EMERGING MARKETS ETF,BUY,15644,6849.75,-
11-OCT-2022,KAJARIACER,Kajaria Ceramics Ltd,ISHARES INDIA SC MAURITIUS COMPANY,SELL,15561,1139.9,-
11-OCT-2022,KAJARIACER,Kajaria Ceramics Ltd,ISHARES MSCI INDIA SMALL-CAP ETF,BUY,15561,1139.9,-
11-OCT-2022,RADICO,Radico Khaitan Ltd,ISHARES MSCI INDIA SMALL-CAP ETF,BUY,15380,1055.65,-
11-OCT-2022,RADICO,Radico Khaitan Ltd,ISHARES INDIA SC MAURITIUS COMPANY,SELL,15380,1055.65,-
11-OCT-2022,MGL,Mahanagar Gas Ltd,ISHARES INDIA SC MAURITIUS COMPANY,SELL,14735,806.85,-
11-OCT-2022,MGL,Mahanagar Gas Ltd,ISHARES MSCI INDIA SMALL-CAP ETF,BUY,14735,806.85,-
11-OCT-2022,DALBHARAT,Dalmia Bharat Ltd,ISHARES INDIA SC MAURITIUS COMPANY,SELL,14679,1532.45,-
11-OCT-2022,DALBHARAT,Dalmia Bharat Ltd,ISHARES MSCI INDIA SMALL-CAP ETF,BUY,14679,1532.45,-
11-OCT-2022,SHREECEM,Shree Cement Ltd,ISHARES CORE MSCI EMERGING MARKETS ETF,BUY,14640,21142.65,-
11-OCT-2022,SHREECEM,Shree Cement Ltd,ISHARES CORE EMERGING MARKETS MAURITIUS CO,SELL,14640,21142.65,-
11-OCT-2022,CLEAN,Clean Science and Technology Ltd,ISHARES MSCI INDIA SMALL-CAP ETF,BUY,14584,1665.2,-
11-OCT-2022,CLEAN,Clean Science and Technology Ltd,ISHARES INDIA SC MAURITIUS COMPANY,SELL,14584,1665.2,-
11-OCT-2022,BLUEDART,Blue Dart Express Ltd,ISHARES CORE MSCI EMERGING MARKETS ETF,BUY,13424,9036.2,-
11-OCT-2022,BLUEDART,Blue Dart Express Ltd,ISHARES CORE EMERGING MARKETS MAURITIUS CO,SELL,13424,9036.2,-
11-OCT-2022,ROUTE,Route Mobile Ltd,ISHARES MSCI INDIA SMALL-CAP ETF,BUY,12886,1366.8,-
11-OCT-2022,ROUTE,Route Mobile Ltd,ISHARES INDIA SC MAURITIUS COMPANY,SELL,12886,1366.8,-
11-OCT-2022,HAPPSTMNDS,Happiest Minds Technologies Ltd,ISHARES INDIA SC MAURITIUS COMPANY,SELL,12731,1027.7,-
11-OCT-2022,HAPPSTMNDS,Happiest Minds Technologies Ltd,ISHARES MSCI INDIA SMALL-CAP ETF,BUY,12731,1027.7,-
11-OCT-2022,SUPREMEIND,Supreme Industries Ltd,ISHARES INDIA SC MAURITIUS COMPANY,SELL,12439,1997.75,-
11-OCT-2022,SUPREMEIND,Supreme Industries Ltd,ISHARES MSCI INDIA SMALL-CAP ETF,BUY,12439,1997.75,-
11-OCT-2022,BAJAJELEC,Bajaj Electricals Ltd-$,ISHARES MSCI INDIA SMALL-CAP ETF,BUY,12328,1183.9,-
11-OCT-2022,BAJAJELEC,Bajaj Electricals Ltd-$,ISHARES INDIA SC MAURITIUS COMPANY,SELL,12328,1183.9,-
11-OCT-2022,KIMS,Krishna Institute of Medical Sciences Ltd,ISHARES MSCI INDIA SMALL-CAP ETF,BUY,12324,1470.25,-
11-OCT-2022,KIMS,Krishna Institute of Medical Sciences Ltd,ISHARES INDIA SC MAURITIUS COMPANY,SELL,12324,1470.25,-
11-OCT-2022,DEEPAKNTR,Deepak Nitrite Ltd-$,ISHARES INDIA SC MAURITIUS COMPANY,SELL,12247,2206.65,-
11-OCT-2022,DEEPAKNTR,Deepak Nitrite Ltd-$,ISHARES MSCI INDIA SMALL-CAP ETF,BUY,12247,2206.65,-
11-OCT-2022,TTKPRESTIG,TTK Prestige Ltd,ISHARES INDIA SC MAURITIUS COMPANY,SELL,11880,984.25,-
11-OCT-2022,TTKPRESTIG,TTK Prestige Ltd,ISHARES MSCI INDIA SMALL-CAP ETF,BUY,11880,984.25,-
11-OCT-2022,AMBER,Amber Enterprises India Ltd,ISHARES MSCI INDIA SMALL-CAP ETF,BUY,11530,2308.45,-
11-OCT-2022,AMBER,Amber Enterprises India Ltd,ISHARES INDIA SC MAURITIUS COMPANY,SELL,11530,2308.45,-
11-OCT-2022,KEI,KEI Industries Ltd,ISHARES INDIA SC MAURITIUS COMPANY,SELL,11450,1408.1,-
11-OCT-2022,KEI,KEI Industries Ltd,ISHARES MSCI INDIA SMALL-CAP ETF,BUY,11450,1408.1,-
11-OCT-2022,GLAXO,GlaxoSmithKline Pharmaceuticals Ltd,ISHARES INDIA SC MAURITIUS COMPANY,SELL,11417,1393.45,-
11-OCT-2022,GLAXO,GlaxoSmithKline Pharmaceuticals Ltd,ISHARES MSCI INDIA SMALL-CAP ETF,BUY,11417,1393.45,-
11-OCT-2022,RELAXO,Relaxo Footwears Ltd-$,ISHARES MSCI INDIA SMALL-CAP ETF,BUY,11111,998.0,-
11-OCT-2022,RELAXO,Relaxo Footwears Ltd-$,ISHARES INDIA SC MAURITIUS COMPANY,SELL,11111,998.0,-
11-OCT-2022,ANGELONE,Angel One Ltd,ISHARES MSCI INDIA SMALL-CAP ETF,BUY,10872,1610.7,-
11-OCT-2022,ANGELONE,Angel One Ltd,ISHARES INDIA SC MAURITIUS COMPANY,SELL,10872,1610.7,-
11-OCT-2022,AJANTPHARM,Ajanta Pharma Ltd,ISHARES MSCI INDIA SMALL-CAP ETF,BUY,10311,1268.8,-
11-OCT-2022,AJANTPHARM,Ajanta Pharma Ltd,ISHARES INDIA SC MAURITIUS COMPANY,SELL,10311,1268.8,-
11-OCT-2022,AFFLE,Affle 3I Ltd,ISHARES MSCI INDIA SMALL-CAP ETF,BUY,10209,1239.3,-
11-OCT-2022,AFFLE,Affle 3I Ltd,ISHARES INDIA SC MAURITIUS COMPANY,SELL,10209,1239.3,-
11-OCT-2022,SFL,Sheela Foam Ltd,ISHARES MSCI INDIA SMALL-CAP ETF,BUY,10047,2631.85,-
11-OCT-2022,SFL,Sheela Foam Ltd,ISHARES INDIA SC MAURITIUS COMPANY,SELL,10047,2631.85,-
11-OCT-2022,LMW,LMW Ltd,ISHARES CORE MSCI EMERGING MARKETS ETF,BUY,9959,12377.4,-
11-OCT-2022,LMW,LMW Ltd,ISHARES CORE EMERGING MARKETS MAURITIUS CO,SELL,9959,12377.4,-
11-OCT-2022,CEATLTD,Ceat Ltd,ISHARES INDIA SC MAURITIUS COMPANY,SELL,9766,1562.9,-
11-OCT-2022,CEATLTD,Ceat Ltd,ISHARES MSCI INDIA SMALL-CAP ETF,BUY,9766,1562.9,-
11-OCT-2022,PERSISTENT,Persistent Systems Ltd,ISHARES MSCI INDIA SMALL-CAP ETF,BUY,9728,3563.2,-
11-OCT-2022,PERSISTENT,Persistent Systems Ltd,ISHARES INDIA SC MAURITIUS COMPANY,SELL,9728,3563.2,-
11-OCT-2022,BATAINDIA,Bata India Ltd,ISHARES MSCI INDIA SMALL-CAP ETF,BUY,9221,1781.15,-
11-OCT-2022,BATAINDIA,Bata India Ltd,ISHARES INDIA SC MAURITIUS COMPANY,SELL,9221,1781.15,-
11-OCT-2022,SCHAEFFLER,Schaeffler India Ltd,ISHARES INDIA SC MAURITIUS COMPANY,SELL,9183,3268.1,-
11-OCT-2022,SCHAEFFLER,Schaeffler India Ltd,ISHARES MSCI INDIA SMALL-CAP ETF,BUY,9183,3268.1,-
11-OCT-2022,360ONE,360 ONE WAM LTD,ISHARES MSCI INDIA SMALL-CAP ETF,BUY,8951,1782.45,-
11-OCT-2022,360ONE,360 ONE WAM LTD,ISHARES INDIA SC MAURITIUS COMPANY,SELL,8951,1782.45,-
11-OCT-2022,PVRINOX,PVR Inox Ltd,ISHARES MSCI INDIA SMALL-CAP ETF,BUY,8945,1745.3,-
11-OCT-2022,PVRINOX,PVR Inox Ltd,ISHARES INDIA SC MAURITIUS COMPANY,SELL,8945,1745.3,-
11-OCT-2022,OFSS,Oracle Financial Services Software Ltd,ISHARES INDIA SC MAURITIUS COMPANY,SELL,8704,2965.1,-
11-OCT-2022,OFSS,Oracle Financial Services Software Ltd,ISHARES MSCI INDIA SMALL-CAP ETF,BUY,8704,2965.1,-
11-OCT-2022,GRINDWELL,Grindwell Norton Ltd-$,ISHARES MSCI INDIA SMALL-CAP ETF,BUY,8664,2019.35,-
11-OCT-2022,GRINDWELL,Grindwell Norton Ltd-$,ISHARES INDIA SC MAURITIUS COMPANY,SELL,8664,2019.35,-
11-OCT-2022,WHIRLPOOL,Whirlpool of India Ltd,ISHARES INDIA SC MAURITIUS COMPANY,SELL,8602,1647.35,-
11-OCT-2022,WHIRLPOOL,Whirlpool of India Ltd,ISHARES MSCI INDIA SMALL-CAP ETF,BUY,8602,1647.35,-
11-OCT-2022,AAVAS,AAVAS Financiers Ltd,ISHARES MSCI INDIA SMALL-CAP ETF,BUY,8500,2091.55,-
11-OCT-2022,AAVAS,AAVAS Financiers Ltd,ISHARES INDIA SC MAURITIUS COMPANY,SELL,8500,2091.55,-
11-OCT-2022,LALPATHLAB,Dr. Lal PathLabs Ltd,ISHARES INDIA SC MAURITIUS COMPANY,SELL,8419,2374.5,-
11-OCT-2022,LALPATHLAB,Dr. Lal PathLabs Ltd,ISHARES MSCI INDIA SMALL-CAP ETF,BUY,8419,2374.5,-
11-OCT-2022,AIAENG,AIA Engineering Ltd,ISHARES MSCI INDIA SMALL-CAP ETF,BUY,8307,2542.5,-
11-OCT-2022,AIAENG,AIA Engineering Ltd,ISHARES INDIA SC MAURITIUS COMPANY,SELL,8307,2542.5,-
11-OCT-2022,POLYCAB,Polycab India Ltd,ISHARES MSCI INDIA SMALL-CAP ETF,BUY,8055,2614.35,-
11-OCT-2022,POLYCAB,Polycab India Ltd,ISHARES INDIA SC MAURITIUS COMPANY,SELL,8055,2614.35,-
11-OCT-2022,ENDURANCE,Endurance Technologies Ltd,ISHARES INDIA SC MAURITIUS COMPANY,SELL,7617,1355.0,-
11-OCT-2022,ENDURANCE,Endurance Technologies Ltd,ISHARES MSCI INDIA SMALL-CAP ETF,BUY,7617,1355.0,-
11-OCT-2022,PAGEIND,Page Industries Ltd,ISHARES CORE EMERGING MARKETS MAURITIUS CO,SELL,7511,52385.0,-
11-OCT-2022,PAGEIND,Page Industries Ltd,ISHARES CORE MSCI EMERGING MARKETS ETF,BUY,7511,52385.0,-
11-OCT-2022,JKCEMENT,JK Cement Ltd,ISHARES INDIA SC MAURITIUS COMPANY,SELL,6803,2554.35,-
11-OCT-2022,JKCEMENT,JK Cement Ltd,ISHARES MSCI INDIA SMALL-CAP ETF,BUY,6803,2554.35,-
11-OCT-2022,GMMPFAUDLR,GMM Pfaudler Ltd,ISHARES MSCI INDIA SMALL-CAP ETF,BUY,6649,1893.95,-
11-OCT-2022,GMMPFAUDLR,GMM Pfaudler Ltd,ISHARES INDIA SC MAURITIUS COMPANY,SELL,6649,1893.95,-
11-OCT-2022,TIMKEN,Timken India Ltd,ISHARES MSCI INDIA SMALL-CAP ETF,BUY,6072,3242.9,-
11-OCT-2022,TIMKEN,Timken India Ltd,ISHARES INDIA SC MAURITIUS COMPANY,SELL,6072,3242.9,-
11-OCT-2022,CAMS,Computer Age Management Services Ltd,ISHARES INDIA SC MAURITIUS COMPANY,SELL,5863,2535.35,-
11-OCT-2022,CAMS,Computer Age Management Services Ltd,ISHARES MSCI INDIA SMALL-CAP ETF,BUY,5863,2535.35,-
11-OCT-2022,VINATIORGA,Vinati Organics Ltd-$,ISHARES INDIA SC MAURITIUS COMPANY,SELL,5782,2050.5,-
11-OCT-2022,VINATIORGA,Vinati Organics Ltd-$,ISHARES MSCI INDIA SMALL-CAP ETF,BUY,5782,2050.5,-
11-OCT-2022,TEAMLEASE,TeamLease Services Ltd,ISHARES INDIA SC MAURITIUS COMPANY,SELL,5730,3065.6,-
11-OCT-2022,TEAMLEASE,TeamLease Services Ltd,ISHARES MSCI INDIA SMALL-CAP ETF,BUY,5730,3065.6,-
11-OCT-2022,SKFINDIA,SKF India Ltd,ISHARES INDIA SC MAURITIUS COMPANY,SELL,5556,4636.0,-
11-OCT-2022,SKFINDIA,SKF India Ltd,ISHARES MSCI INDIA SMALL-CAP ETF,BUY,5556,4636.0,-
11-OCT-2022,BASF,BASF India Ltd,ISHARES MSCI INDIA SMALL-CAP ETF,BUY,5549,2917.2,-
11-OCT-2022,BASF,BASF India Ltd,ISHARES INDIA SC MAURITIUS COMPANY,SELL,5549,2917.2,-
11-OCT-2022,NAVINFLUOR,Navin Fluorine International Ltd-$,ISHARES MSCI INDIA SMALL-CAP ETF,BUY,5376,4605.25,-
11-OCT-2022,NAVINFLUOR,Navin Fluorine International Ltd-$,ISHARES INDIA SC MAURITIUS COMPANY,SELL,5376,4605.25,-
11-OCT-2022,DIXON,Dixon Technologies (India) Ltd,ISHARES MSCI INDIA SMALL-CAP ETF,BUY,5328,4235.6,-
11-OCT-2022,DIXON,Dixon Technologies (India) Ltd,ISHARES INDIA SC MAURITIUS COMPANY,SELL,5328,4235.6,-
11-OCT-2022,COFORGE,Coforge Ltd,ISHARES MSCI INDIA SMALL-CAP ETF,BUY,5262,3638.05,-
11-OCT-2022,COFORGE,Coforge Ltd,ISHARES INDIA SC MAURITIUS COMPANY,SELL,5262,3638.05,-
11-OCT-2022,3MINDIA,3M India Ltd,ISHARES CORE MSCI EMERGING MARKETS ETF,BUY,4965,24517.65,-
11-OCT-2022,3MINDIA,3M India Ltd,ISHARES CORE EMERGING MARKETS MAURITIUS CO,SELL,4965,24517.65,-
11-OCT-2022,FLUOROCHEM,Gujarat Fluorochemicals Ltd,ISHARES INDIA SC MAURITIUS COMPANY,SELL,4923,4038.35,-
11-OCT-2022,FLUOROCHEM,Gujarat Fluorochemicals Ltd,ISHARES MSCI INDIA SMALL-CAP ETF,BUY,4923,4038.35,-
11-OCT-2022,SOLARINDS,Solar Industries India Ltd,ISHARES INDIA SC MAURITIUS COMPANY,SELL,4867,4011.7,-
11-OCT-2022,SOLARINDS,Solar Industries India Ltd,ISHARES MSCI INDIA SMALL-CAP ETF,BUY,4867,4011.7,-
11-OCT-2022,LINDEINDIA,Linde India Ltd,ISHARES MSCI INDIA SMALL-CAP ETF,BUY,4775,3187.4,-
11-OCT-2022,LINDEINDIA,Linde India Ltd,ISHARES INDIA SC MAURITIUS COMPANY,SELL,4775,3187.4,-
11-OCT-2022,POWERINDIA,Hitachi Energy India Ltd,ISHARES MSCI INDIA SMALL-CAP ETF,BUY,4613,3419.6,-
11-OCT-2022,POWERINDIA,Hitachi Energy India Ltd,ISHARES INDIA SC MAURITIUS COMPANY,SELL,4613,3419.6,-
11-OCT-2022,BALAMINES,Balaji Amines Ltd-$,ISHARES MSCI INDIA SMALL-CAP ETF,BUY,4232,3157.25,-
11-OCT-2022,BALAMINES,Balaji Amines Ltd-$,ISHARES INDIA SC MAURITIUS COMPANY,SELL,4232,3157.25,-
11-OCT-2022,CRISIL,Crisil Ltd,ISHARES INDIA SC MAURITIUS COMPANY,SELL,3961,3133.7,-
11-OCT-2022,CRISIL,Crisil Ltd,ISHARES MSCI INDIA SMALL-CAP ETF,BUY,3961,3133.7,-
11-OCT-2022,BAYERCROP,Bayer CropScience Ltd,ISHARES MSCI INDIA SMALL-CAP ETF,BUY,3019,4697.65,-
11-OCT-2022,BAYERCROP,Bayer CropScience Ltd,ISHARES INDIA SC MAURITIUS COMPANY,SELL,3019,4697.65,-
11-OCT-2022,INDIAMART,IndiaMART InterMESH Ltd,ISHARES INDIA SC MAURITIUS COMPANY,SELL,2959,4472.75,-
11-OCT-2022,INDIAMART,IndiaMART InterMESH Ltd,ISHARES MSCI INDIA SMALL-CAP ETF,BUY,2959,4472.75,-
11-OCT-2022,ATUL,Atul Ltd,ISHARES MSCI INDIA SMALL-CAP ETF,BUY,2897,8767.95,-
11-OCT-2022,ATUL,Atul Ltd,ISHARES INDIA SC MAURITIUS COMPANY,SELL,2897,8767.95,-
11-OCT-2022,GILLETTE,Gillette India Ltd,ISHARES MSCI INDIA SMALL-CAP ETF,BUY,2837,5178.75,-
11-OCT-2022,GILLETTE,Gillette India Ltd,ISHARES INDIA SC MAURITIUS COMPANY,SELL,2837,5178.75,-
11-OCT-2022,FINEORG,Fine Organic Industries Ltd,ISHARES MSCI INDIA SMALL-CAP ETF,BUY,2577,6849.75,-
11-OCT-2022,FINEORG,Fine Organic Industries Ltd,ISHARES INDIA SC MAURITIUS COMPANY,SELL,2577,6849.75,-
11-OCT-2022,MRF,MRF Ltd,ISHARES CORE MSCI EMERGING MARKETS ETF,BUY,2472,82302.1,-
11-OCT-2022,MRF,MRF Ltd,ISHARES CORE EMERGING MARKETS MAURITIUS CO,SELL,2472,82302.1,-
11-OCT-2022,SANOFI,Sanofi India Ltd,ISHARES INDIA SC MAURITIUS COMPANY,SELL,2180,5887.2,-
11-OCT-2022,SANOFI,Sanofi India Ltd,ISHARES MSCI INDIA SMALL-CAP ETF,BUY,2180,5887.2,-
11-OCT-2022,BLUEDART,Blue Dart Express Ltd,ISHARES INDIA SC MAURITIUS COMPANY,SELL,1279,9036.2,-
11-OCT-2022,BLUEDART,Blue Dart Express Ltd,ISHARES MSCI INDIA SMALL-CAP ETF,BUY,1279,9036.2,-
11-OCT-2022,LMW,LMW Ltd,ISHARES INDIA SC MAURITIUS COMPANY,SELL,860,12377.4,-
11-OCT-2022,LMW,LMW Ltd,ISHARES MSCI INDIA SMALL-CAP ETF,BUY,860,12377.4,-
11-OCT-2022,3MINDIA,3M India Ltd,ISHARES INDIA SC MAURITIUS COMPANY,SELL,636,24517.65,-
11-OCT-2022,3MINDIA,3M India Ltd,ISHARES MSCI INDIA SMALL-CAP ETF,BUY,636,24517.65,-
14-OCT-2022,VERITAS,Veritas (India) Ltd,SWAN ENERGY LIMITED,BUY,825000,123.0,-
14-OCT-2022,VERITAS,Veritas (India) Ltd,NITI NITINKUMAR DIDWANIA,SELL,825000,123.0,-
17-OCT-2022,IDEA,Vodafone Idea Ltd,ISHARES CORE MSCI EMERGING MARKETS ETF,BUY,22890108,8.5,-
17-OCT-2022,IDEA,Vodafone Idea Ltd,ISHARES CORE EMERGING MARKETS MAURITIUS CO,SELL,22890108,8.5,-
17-OCT-2022,SUZLON,Suzlon Energy Ltd,ISHARES CORE EMERGING MARKETS MAURITIUS CO,SELL,13303786,6.7,-
17-OCT-2022,SUZLON,Suzlon Energy Ltd,ISHARES CORE MSCI EMERGING MARKETS ETF,BUY,13303786,6.7,-
17-OCT-2022,TATASTEEL,Tata Steel Ltd,ISHARES CORE MSCI EMERGING MARKETS ETF,BUY,9655501,100.1,-
17-OCT-2022,TATASTEEL,Tata Steel Ltd,ISHARES CORE EMERGING MARKETS MAURITIUS CO,SELL,9655501,100.1,-
17-OCT-2022,GMRAIRPORT,GMR Airports Ltd,ISHARES CORE MSCI EMERGING MARKETS ETF,BUY,6340945,34.7,-
17-OCT-2022,GMRAIRPORT,GMR Airports Ltd,ISHARES CORE EMERGING MARKETS MAURITIUS CO,SELL,6340945,34.7,-
17-OCT-2022,ICICIBANK,ICICI Bank Ltd,ISHARES CORE MSCI EMERGING MARKETS ETF,BUY,6154141,870.25,-
17-OCT-2022,ICICIBANK,ICICI Bank Ltd,ISHARES CORE EMERGING MARKETS MAURITIUS CO,SELL,6154141,870.25,-
17-OCT-2022,BEL,Bharat Electronics Ltd,ISHARES CORE EMERGING MARKETS MAURITIUS CO,SELL,5237289,100.8,-
17-OCT-2022,BEL,Bharat Electronics Ltd,ISHARES CORE MSCI EMERGING MARKETS ETF,BUY,5237289,100.8,-
17-OCT-2022,NTPC,NTPC Ltd,ISHARES CORE MSCI EMERGING MARKETS ETF,BUY,5213080,165.1,-
17-OCT-2022,NTPC,NTPC Ltd,ISHARES CORE EMERGING MARKETS MAURITIUS CO,SELL,5213080,165.1,-
17-OCT-2022,POWERGRID,Power Grid Corporation of India Ltd,ISHARES CORE MSCI EMERGING MARKETS ETF,BUY,4185417,212.65,-
17-OCT-2022,POWERGRID,Power Grid Corporation of India Ltd,ISHARES CORE EMERGING MARKETS MAURITIUS CO,SELL,4185417,212.65,-
17-OCT-2022,INFY,Infosys Ltd,ISHARES CORE EMERGING MARKETS MAURITIUS CO,SELL,4100228,1474.25,-
17-OCT-2022,INFY,Infosys Ltd,ISHARES CORE MSCI EMERGING MARKETS ETF,BUY,4100228,1474.25,-
17-OCT-2022,ITC,ITC Ltd,ISHARES CORE EMERGING MARKETS MAURITIUS CO,SELL,3892494,332.1,-
17-OCT-2022,ITC,ITC Ltd,ISHARES CORE MSCI EMERGING MARKETS ETF,BUY,3892494,332.1,-
17-OCT-2022,IDEA,Vodafone Idea Ltd,ISHARES INDIA SC MAURITIUS COMPANY,SELL,3782812,8.5,-
17-OCT-2022,IDEA,Vodafone Idea Ltd,ISHARES MSCI INDIA SMALL-CAP ETF,BUY,3782812,8.5,-
17-OCT-2022,ETERNAL,Eternal Ltd,ISHARES CORE MSCI EMERGING MARKETS ETF,BUY,3763425,61.9,-
17-OCT-2022,ETERNAL,Eternal Ltd,ISHARES CORE EMERGING MARKETS MAURITIUS CO,SELL,3763425,61.9,-
17-OCT-2022,IDFCFIRSTB,IDFC First Bank Ltd,ISHARES CORE MSCI EMERGING MARKETS ETF,BUY,3596643,54.3,-
17-OCT-2022,IDFCFIRSTB,IDFC First Bank Ltd,ISHARES CORE EMERGING MARKETS MAURITIUS CO,SELL,3596643,54.3,-
17-OCT-2022,IOC,Indian Oil Corporation Ltd,ISHARES CORE MSCI EMERGING MARKETS ETF,BUY,3505352,66.3,-
17-OCT-2022,IOC,Indian Oil Corporation Ltd,ISHARES CORE EMERGING MARKETS MAURITIUS CO,SELL,3505352,66.3,-
17-OCT-2022,GAIL,Gail (India) Ltd,ISHARES CORE MSCI EMERGING MARKETS ETF,BUY,3350177,85.1,-
17-OCT-2022,GAIL,Gail (India) Ltd,ISHARES CORE EMERGING MARKETS MAURITIUS CO,SELL,3350177,85.1,-
17-OCT-2022,ONGC,Oil and Natural Gas Corporation Ltd,ISHARES CORE MSCI EMERGING MARKETS ETF,BUY,3216105,127.6,-
17-OCT-2022,ONGC,Oil and Natural Gas Corporation Ltd,ISHARES CORE EMERGING MARKETS MAURITIUS CO,SELL,3216105,127.6,-
17-OCT-2022,IDFC,IDFC Ltd,ISHARES CORE EMERGING MARKETS MAURITIUS CO,SELL,2930292,76.35,-
17-OCT-2022,IDFC,IDFC Ltd,ISHARES CORE MSCI EMERGING MARKETS ETF,BUY,2930292,76.35,-
17-OCT-2022,BHARTIARTL,Bharti Airtel Ltd,ISHARES CORE MSCI EMERGING MARKETS ETF,BUY,2875307,765.95,-
17-OCT-2022,BHARTIARTL,Bharti Airtel Ltd,ISHARES CORE EMERGING MARKETS MAURITIUS CO,SELL,2875307,765.95,-
17-OCT-2022,RECLTD,REC Ltd,ISHARES CORE MSCI EMERGING MARKETS ETF,BUY,2730656,91.9,-
17-OCT-2022,RECLTD,REC Ltd,ISHARES CORE EMERGING MARKETS MAURITIUS CO,SELL,2730656,91.9,-
17-OCT-2022,CESC,CESC Ltd,ISHARES CORE EMERGING MARKETS MAURITIUS CO,SELL,2626726,78.45,-
17-OCT-2022,CESC,CESC Ltd,ISHARES CORE MSCI EMERGING MARKETS ETF,BUY,2626726,78.45,-
17-OCT-2022,HDFC,Housing Development Finance Corporation Ltd,ISHARES CORE MSCI EMERGING MARKETS ETF,BUY,2243565,2343.5,-
17-OCT-2022,HDFC,Housing Development Finance Corporation Ltd,ISHARES CORE EMERGING MARKETS MAURITIUS CO,SELL,2243565,2343.5,-
17-OCT-2022,SUZLON,Suzlon Energy Ltd,ISHARES MSCI INDIA SMALL-CAP ETF,BUY,2007611,6.7,-
17-OCT-2022,SUZLON,Suzlon Energy Ltd,ISHARES INDIA SC MAURITIUS COMPANY,SELL,2007611,6.7,-
17-OCT-2022,TCS,Tata Consultancy Services Ltd,ISHARES CORE MSCI EMERGING MARKETS ETF,BUY,1180213,3099.15,-
17-OCT-2022,TCS,Tata Consultancy Services Ltd,ISHARES CORE EMERGING MARKETS MAURITIUS CO,SELL,1180213,3099.15,-
17-OCT-2022,M&M,Mahindra & Mahindra Ltd,ISHARES CORE EMERGING MARKETS MAURITIUS CO,SELL,1159307,1230.3,-
17-OCT-2022,M&M,Mahindra & Mahindra Ltd,ISHARES CORE MSCI EMERGING MARKETS ETF,BUY,1159307,1230.3,-
17-OCT-2022,HDFCLIFE,HDFC Life Insurance Company Ltd,ISHARES CORE EMERGING MARKETS MAURITIUS CO,SELL,1112710,523.0,-
17-OCT-2022,HDFCLIFE,HDFC Life Insurance Company Ltd,ISHARES CORE MSCI EMERGING MARKETS ETF,BUY,1112710,523.0,-
17-OCT-2022,HINDUNILVR,Hindustan Unilever Ltd,ISHARES CORE MSCI EMERGING MARKETS ETF,BUY,1081457,2575.8,-
17-OCT-2022,HINDUNILVR,Hindustan Unilever Ltd,ISHARES CORE EMERGING MARKETS MAURITIUS CO,SELL,1081457,2575.8,-
17-OCT-2022,HINDPETRO,Hindustan Petroleum Corporation Ltd,ISHARES CORE MSCI EMERGING MARKETS ETF,BUY,1079570,204.95,-
17-OCT-2022,HINDPETRO,Hindustan Petroleum Corporation Ltd,ISHARES CORE EMERGING MARKETS MAURITIUS CO,SELL,1079570,204.95,-
17-OCT-2022,VEDL,Vedanta Ltd,ISHARES CORE MSCI EMERGING MARKETS ETF,BUY,1032816,287.85,-
17-OCT-2022,VEDL,Vedanta Ltd,ISHARES CORE EMERGING MARKETS MAURITIUS CO,SELL,1032816,287.85,-
17-OCT-2022,CANBK,Canara Bank,ISHARES CORE MSCI EMERGING MARKETS ETF,BUY,981493,226.75,-
17-OCT-2022,CANBK,Canara Bank,ISHARES CORE EMERGING MARKETS MAURITIUS CO,SELL,981493,226.75,-
17-OCT-2022,ADANIPOWER,Adani Power Ltd,ISHARES CORE MSCI EMERGING MARKETS ETF,BUY,924440,331.25,-
17-OCT-2022,ADANIPOWER,Adani Power Ltd,ISHARES CORE EMERGING MARKETS MAURITIUS CO,SELL,924440,331.25,-
17-OCT-2022,LT,Larsen & Toubro Ltd,ISHARES CORE EMERGING MARKETS MAURITIUS CO,SELL,908458,1911.6,-
17-OCT-2022,LT,Larsen & Toubro Ltd,ISHARES CORE MSCI EMERGING MARKETS ETF,BUY,908458,1911.6,-
17-OCT-2022,FORTIS,Fortis Healthcare Ltd,ISHARES CORE EMERGING MARKETS MAURITIUS CO,SELL,869515,274.2,-
17-OCT-2022,FORTIS,Fortis Healthcare Ltd,ISHARES CORE MSCI EMERGING MARKETS ETF,BUY,869515,274.2,-
17-OCT-2022,BANDHANBNK,Bandhan Bank Ltd,ISHARES CORE EMERGING MARKETS MAURITIUS CO,SELL,851803,265.45,-
17-OCT-2022,BANDHANBNK,Bandhan Bank Ltd,ISHARES CORE MSCI EMERGING MARKETS ETF,BUY,851803,265.45,-
17-OCT-2022,DLF,DLF Ltd,ISHARES CORE MSCI EMERGING MARKETS ETF,BUY,851770,358.7,-
17-OCT-2022,DLF,DLF Ltd,ISHARES CORE EMERGING MARKETS MAURITIUS CO,SELL,851770,358.7,-
17-OCT-2022,DABUR,Dabur India Ltd,ISHARES CORE MSCI EMERGING MARKETS ETF,BUY,842344,531.35,-
17-OCT-2022,DABUR,Dabur India Ltd,ISHARES CORE EMERGING MARKETS MAURITIUS CO,SELL,842344,531.35,-
17-OCT-2022,JSWSTEEL,JSW Steel Ltd,ISHARES CORE MSCI EMERGING MARKETS ETF,BUY,837439,640.25,-
17-OCT-2022,JSWSTEEL,JSW Steel Ltd,ISHARES CORE EMERGING MARKETS MAURITIUS CO,SELL,837439,640.25,-
17-OCT-2022,GMRAIRPORT,GMR Airports Ltd,ISHARES INDIA SC MAURITIUS COMPANY,SELL,828740,34.7,-
17-OCT-2022,GMRAIRPORT,GMR Airports Ltd,ISHARES MSCI INDIA SMALL-CAP ETF,BUY,828740,34.7,-
17-OCT-2022,AMBUJACEM,Ambuja Cements Ltd,ISHARES CORE MSCI EMERGING MARKETS ETF,BUY,814622,501.85,-
17-OCT-2022,AMBUJACEM,Ambuja Cements Ltd,ISHARES CORE EMERGING MARKETS MAURITIUS CO,SELL,814622,501.85,-
17-OCT-2022,TATACONSUM,Tata Consumer Products Ltd,ISHARES CORE MSCI EMERGING MARKETS ETF,BUY,784364,761.25,-
17-OCT-2022,TATACONSUM,Tata Consumer Products Ltd,ISHARES CORE EMERGING MARKETS MAURITIUS CO,SELL,784364,761.25,-
17-OCT-2022,TECHM,Tech Mahindra Ltd,ISHARES CORE EMERGING MARKETS MAURITIUS CO,SELL,755045,1019.85,-
17-OCT-2022,TECHM,Tech Mahindra Ltd,ISHARES CORE MSCI EMERGING MARKETS ETF,BUY,755045,1019.85,-
17-OCT-2022,BIOCON,Biocon Ltd,ISHARES CORE MSCI EMERGING MARKETS ETF,BUY,732649,261.3,-
17-OCT-2022,BIOCON,Biocon Ltd,ISHARES CORE EMERGING MARKETS MAURITIUS CO,SELL,732649,261.3,-
17-OCT-2022,KOTAKBANK,Kotak Mahindra Bank Ltd,ISHARES CORE MSCI EMERGING MARKETS ETF,BUY,731464,1834.0,-
17-OCT-2022,KOTAKBANK,Kotak Mahindra Bank Ltd,ISHARES CORE EMERGING MARKETS MAURITIUS CO,SELL,731464,1834.0,-
17-OCT-2022,IGL,Indraprastha Gas Ltd,ISHARES CORE EMERGING MARKETS MAURITIUS CO,SELL,730770,384.95,-
17-OCT-2022,IGL,Indraprastha Gas Ltd,ISHARES CORE MSCI EMERGING MARKETS ETF,BUY,730770,384.95,-
17-OCT-2022,MARICO,Marico Ltd,ISHARES CORE MSCI EMERGING MARKETS ETF,BUY,722998,511.5,-
17-OCT-2022,MARICO,Marico Ltd,ISHARES CORE EMERGING MARKETS MAURITIUS CO,SELL,722998,511.5,-
17-OCT-2022,APOLLOTYRE,Apollo Tyres Ltd,ISHARES CORE MSCI EMERGING MARKETS ETF,BUY,722838,271.1,-
17-OCT-2022,APOLLOTYRE,Apollo Tyres Ltd,ISHARES CORE EMERGING MARKETS MAURITIUS CO,SELL,722838,271.1,-
17-OCT-2022,ADANIPORTS,Adani Ports and Special Economic Zone Ltd,ISHARES CORE MSCI EMERGING MARKETS ETF,BUY,677396,780.1,-
17-OCT-2022,ADANIPORTS,Adani Ports and Special Economic Zone Ltd,ISHARES CORE EMERGING MARKETS MAURITIUS CO,SELL,677396,780.1,-
17-OCT-2022,UPL,UPL Ltd,ISHARES CORE MSCI EMERGING MARKETS ETF,BUY,675264,678.3,-
17-OCT-2022,UPL,UPL Ltd,ISHARES CORE EMERGING MARKETS MAURITIUS CO,SELL,675264,678.3,-
17-OCT-2022,GSPL,Gujarat State Petronet Ltd,ISHARES CORE EMERGING MARKETS MAURITIUS CO,SELL,662763,222.85,-
17-OCT-2022,GSPL,Gujarat State Petronet Ltd,ISHARES CORE MSCI EMERGING MARKETS ETF,BUY,662763,222.85,-
17-OCT-2022,CIPLA,Cipla Ltd,ISHARES CORE EMERGING MARKETS MAURITIUS CO,SELL,643544,1108.9,-
17-OCT-2022,CIPLA,Cipla Ltd,ISHARES CORE MSCI EMERGING MARKETS ETF,BUY,643544,1108.9,-
17-OCT-2022,CROMPTON,Crompton Greaves Consumer Electricals Ltd,ISHARES CORE EMERGING MARKETS MAURITIUS CO,SELL,638368,381.5,-
17-OCT-2022,CROMPTON,Crompton Greaves Consumer Electricals Ltd,ISHARES CORE MSCI EMERGING MARKETS ETF,BUY,638368,381.5,-
17-OCT-2022,SBILIFE,SBI Life Insurance Company Ltd,ISHARES CORE MSCI EMERGING MARKETS ETF,BUY,612123,1179.8,-
17-OCT-2022,SBILIFE,SBI Life Insurance Company Ltd,ISHARES CORE EMERGING MARKETS MAURITIUS CO,SELL,612123,1179.8,-
17-OCT-2022,IDFCFIRSTB,IDFC First Bank Ltd,ISHARES INDIA SC MAURITIUS COMPANY,SELL,610286,54.3,-
17-OCT-2022,IDFCFIRSTB,IDFC First Bank Ltd,ISHARES MSCI INDIA SMALL-CAP ETF,BUY,610286,54.3,-
17-OCT-2022,MAXHEALTH,Max Healthcare Institute Ltd,ISHARES CORE MSCI EMERGING MARKETS ETF,BUY,591645,427.75,-
17-OCT-2022,MAXHEALTH,Max Healthcare Institute Ltd,ISHARES CORE EMERGING MARKETS MAURITIUS CO,SELL,591645,427.75,-
17-OCT-2022,MINDSPACE,MINDSPACE,ISHARES CORE MSCI EMERGING MARKETS ETF,BUY,583982,369.58,-
17-OCT-2022,MINDSPACE,MINDSPACE,ISHARES CORE EMERGING MARKETS MAURITIUS CO,SELL,583982,369.58,-
17-OCT-2022,CHOLAFIN,Cholamandalam Investment and Finance Company Ltd,ISHARES CORE EMERGING MARKETS MAURITIUS CO,SELL,571427,726.6,-
17-OCT-2022,CHOLAFIN,Cholamandalam Investment and Finance Company Ltd,ISHARES CORE MSCI EMERGING MARKETS ETF,BUY,571427,726.6,-
17-OCT-2022,JINDALSTEL,Jindal Steel Ltd,ISHARES CORE MSCI EMERGING MARKETS ETF,BUY,559149,435.85,-
17-OCT-2022,JINDALSTEL,Jindal Steel Ltd,ISHARES CORE EMERGING MARKETS MAURITIUS CO,SELL,559149,435.85,-
17-OCT-2022,ABFRL,Aditya Birla Fashion and Retail Ltd,ISHARES CORE MSCI EMERGING MARKETS ETF,BUY,557167,327.7,-
17-OCT-2022,ABFRL,Aditya Birla Fashion and Retail Ltd,ISHARES CORE EMERGING MARKETS MAURITIUS CO,SELL,557167,327.7,-
17-OCT-2022,LICHSGFIN,LIC Housing Finance Ltd,ISHARES CORE MSCI EMERGING MARKETS ETF,BUY,538625,405.95,-
17-OCT-2022,LICHSGFIN,LIC Housing Finance Ltd,ISHARES CORE EMERGING MARKETS MAURITIUS CO,SELL,538625,405.95,-
17-OCT-2022,JUBLFOOD,Jubilant FoodWorks Ltd,ISHARES CORE EMERGING MARKETS MAURITIUS CO,SELL,520942,597.6,-
17-OCT-2022,JUBLFOOD,Jubilant FoodWorks Ltd,ISHARES CORE MSCI EMERGING MARKETS ETF,BUY,520942,597.6,-
17-OCT-2022,VGUARD,V-Guard Industries Ltd,ISHARES CORE EMERGING MARKETS MAURITIUS CO,SELL,519922,244.4,-
17-OCT-2022,VGUARD,V-Guard Industries Ltd,ISHARES CORE MSCI EMERGING MARKETS ETF,BUY,519922,244.4,-
17-OCT-2022,GODREJCP,Godrej Consumer Products Ltd,ISHARES CORE MSCI EMERGING MARKETS ETF,BUY,513132,833.4,-
17-OCT-2022,GODREJCP,Godrej Consumer Products Ltd,ISHARES CORE EMERGING MARKETS MAURITIUS CO,SELL,513132,833.4,-
17-OCT-2022,COHANCE,Cohance Lifesciences Ltd,ISHARES CORE EMERGING MARKETS MAURITIUS CO,SELL,503350,406.4,-
17-OCT-2022,COHANCE,Cohance Lifesciences Ltd,ISHARES CORE MSCI EMERGING MARKETS ETF,BUY,503350,406.4,-
17-OCT-2022,INDIACEM,India Cements Ltd,ISHARES CORE MSCI EMERGING MARKETS ETF,BUY,491861,230.15,-
17-OCT-2022,INDIACEM,India Cements Ltd,ISHARES CORE EMERGING MARKETS MAURITIUS CO,SELL,491861,230.15,-
17-OCT-2022,KEC,KEC International Ltd,ISHARES CORE MSCI EMERGING MARKETS ETF,BUY,484191,417.35,-
17-OCT-2022,KEC,KEC International Ltd,ISHARES CORE EMERGING MARKETS MAURITIUS CO,SELL,484191,417.35,-
17-OCT-2022,RECLTD,REC Ltd,ISHARES INDIA SC MAURITIUS COMPANY,SELL,474676,91.9,-
17-OCT-2022,RECLTD,REC Ltd,ISHARES MSCI INDIA SMALL-CAP ETF,BUY,474676,91.9,-
17-OCT-2022,ICICIPRULI,ICICI Prudential Life Insurance Company Ltd,ISHARES CORE MSCI EMERGING MARKETS ETF,BUY,471912,513.35,-
17-OCT-2022,ICICIPRULI,ICICI Prudential Life Insurance Company Ltd,ISHARES CORE EMERGING MARKETS MAURITIUS CO,SELL,471912,513.35,-
17-OCT-2022,TITAN,Titan Company Ltd,ISHARES CORE MSCI EMERGING MARKETS ETF,BUY,471726,2617.8,-
17-OCT-2022,TITAN,Titan Company Ltd,ISHARES CORE EMERGING MARKETS MAURITIUS CO,SELL,471726,2617.8,-
17-OCT-2022,POLICYBZR,PB Fintech Ltd,ISHARES CORE EMERGING MARKETS MAURITIUS CO,SELL,467305,442.4,-
17-OCT-2022,POLICYBZR,PB Fintech Ltd,ISHARES CORE MSCI EMERGING MARKETS ETF,BUY,467305,442.4,-
17-OCT-2022,ARE&M,Amara Raja Energy & Mobility Ltd,ISHARES CORE EMERGING MARKETS MAURITIUS CO,SELL,460947,487.95,-
17-OCT-2022,ARE&M,Amara Raja Energy & Mobility Ltd,ISHARES CORE MSCI EMERGING MARKETS ETF,BUY,460947,487.95,-
17-OCT-2022,TORNTPOWER,Torrent Power Ltd,ISHARES CORE EMERGING MARKETS MAURITIUS CO,SELL,454522,478.0,-
17-OCT-2022,TORNTPOWER,Torrent Power Ltd,ISHARES CORE MSCI EMERGING MARKETS ETF,BUY,454522,478.0,-
17-OCT-2022,LAURUSLABS,Laurus Labs Ltd,ISHARES CORE MSCI EMERGING MARKETS ETF,BUY,447533,516.1,-
17-OCT-2022,LAURUSLABS,Laurus Labs Ltd,ISHARES CORE EMERGING MARKETS MAURITIUS CO,SELL,447533,516.1,-
17-OCT-2022,GUJENERGY,Gujarat Energy Ltd,ISHARES CORE EMERGING MARKETS MAURITIUS CO,SELL,444240,472.65,-
17-OCT-2022,GUJENERGY,Gujarat Energy Ltd,ISHARES CORE MSCI EMERGING MARKETS ETF,BUY,444240,472.65,-
17-OCT-2022,AUROPHARMA,Aurobindo Pharma Ltd,ISHARES CORE MSCI EMERGING MARKETS ETF,BUY,435602,514.05,-
17-OCT-2022,AUROPHARMA,Aurobindo Pharma Ltd,ISHARES CORE EMERGING MARKETS MAURITIUS CO,SELL,435602,514.05,-
17-OCT-2022,POONAWALLA,Poonawalla Fincorp Ltd,ISHARES CORE EMERGING MARKETS MAURITIUS CO,SELL,417949,323.0,-
17-OCT-2022,POONAWALLA,Poonawalla Fincorp Ltd,ISHARES CORE MSCI EMERGING MARKETS ETF,BUY,417949,323.0,-
17-OCT-2022,CHAMBLFERT,Chambal Fertilisers & Chemicals Ltd,ISHARES CORE MSCI EMERGING MARKETS ETF,BUY,417761,325.95,-
17-OCT-2022,CHAMBLFERT,Chambal Fertilisers & Chemicals Ltd,ISHARES CORE EMERGING MARKETS MAURITIUS CO,SELL,417761,325.95,-
17-OCT-2022,AUBANK,AU Small Finance Bank Ltd,ISHARES CORE MSCI EMERGING MARKETS ETF,BUY,416261,601.4,-
17-OCT-2022,AUBANK,AU Small Finance Bank Ltd,ISHARES CORE EMERGING MARKETS MAURITIUS CO,SELL,416261,601.4,-
17-OCT-2022,GRANULES,Granules India Ltd-$,ISHARES CORE EMERGING MARKETS MAURITIUS CO,SELL,415740,342.9,-
17-OCT-2022,GRANULES,Granules India Ltd-$,ISHARES CORE MSCI EMERGING MARKETS ETF,BUY,415740,342.9,-
17-OCT-2022,ADANIGREEN,Adani Green Energy Ltd,ISHARES CORE MSCI EMERGING MARKETS ETF,BUY,413930,2033.15,-
17-OCT-2022,ADANIGREEN,Adani Green Energy Ltd,ISHARES CORE EMERGING MARKETS MAURITIUS CO,SELL,413930,2033.15,-
17-OCT-2022,PRESTIGE,Prestige Estates Projects Ltd,ISHARES CORE MSCI EMERGING MARKETS ETF,BUY,409142,437.85,-
17-OCT-2022,PRESTIGE,Prestige Estates Projects Ltd,ISHARES CORE EMERGING MARKETS MAURITIUS CO,SELL,409142,437.85,-
17-OCT-2022,NAM-INDIA,Nippon Life India Asset Management Ltd,ISHARES CORE MSCI EMERGING MARKETS ETF,BUY,407718,272.05,-
17-OCT-2022,NAM-INDIA,Nippon Life India Asset Management Ltd,ISHARES CORE EMERGING MARKETS MAURITIUS CO,SELL,407718,272.05,-
17-OCT-2022,UNITDSPR,United Spirits Ltd,ISHARES CORE MSCI EMERGING MARKETS ETF,BUY,407619,823.5,-
17-OCT-2022,UNITDSPR,United Spirits Ltd,ISHARES CORE EMERGING MARKETS MAURITIUS CO,SELL,407619,823.5,-
17-OCT-2022,BERGEPAINT,Berger Paints India Ltd,ISHARES CORE MSCI EMERGING MARKETS ETF,BUY,404879,612.4,-
17-OCT-2022,BERGEPAINT,Berger Paints India Ltd,ISHARES CORE EMERGING MARKETS MAURITIUS CO,SELL,404879,612.4,-
17-OCT-2022,BSOFT,Birlasoft Ltd,ISHARES CORE MSCI EMERGING MARKETS ETF,BUY,400593,282.8,-
17-OCT-2022,BSOFT,Birlasoft Ltd,ISHARES CORE EMERGING MARKETS MAURITIUS CO,SELL,400593,282.8,-
17-OCT-2022,IDFC,IDFC Ltd,ISHARES MSCI INDIA SMALL-CAP ETF,BUY,395228,76.35,-
17-OCT-2022,IDFC,IDFC Ltd,ISHARES INDIA SC MAURITIUS COMPANY,SELL,395228,76.35,-
17-OCT-2022,IRCTC,Indian Railway Catering and Tourism Corporation Ltd,ISHARES CORE MSCI EMERGING MARKETS ETF,BUY,379921,722.85,-
17-OCT-2022,IRCTC,Indian Railway Catering and Tourism Corporation Ltd,ISHARES CORE EMERGING MARKETS MAURITIUS CO,SELL,379921,722.85,-
17-OCT-2022,ADANIENT,Adani Enterprises Ltd,ISHARES CORE MSCI EMERGING MARKETS ETF,BUY,367642,3209.5,-
17-OCT-2022,ADANIENT,Adani Enterprises Ltd,ISHARES CORE EMERGING MARKETS MAURITIUS CO,SELL,367642,3209.5,-
17-OCT-2022,GRASIM,Grasim Industries Ltd,ISHARES CORE MSCI EMERGING MARKETS ETF,BUY,367302,1695.55,-
17-OCT-2022,GRASIM,Grasim Industries Ltd,ISHARES CORE EMERGING MARKETS MAURITIUS CO,SELL,367302,1695.55,-
17-OCT-2022,EMAMILTD,Emami Ltd-$,ISHARES CORE MSCI EMERGING MARKETS ETF,BUY,367115,467.65,-
17-OCT-2022,EMAMILTD,Emami Ltd-$,ISHARES CORE EMERGING MARKETS MAURITIUS CO,SELL,367115,467.65,-
17-OCT-2022,ASIANPAINT,Asian Paints Ltd,ISHARES CORE MSCI EMERGING MARKETS ETF,BUY,358401,3185.5,-
17-OCT-2022,ASIANPAINT,Asian Paints Ltd,ISHARES CORE EMERGING MARKETS MAURITIUS CO,SELL,358401,3185.5,-
17-OCT-2022,BALRAMCHIN,Balrampur Chini Mills Ltd,ISHARES CORE MSCI EMERGING MARKETS ETF,BUY,351039,349.5,-
17-OCT-2022,BALRAMCHIN,Balrampur Chini Mills Ltd,ISHARES CORE EMERGING MARKETS MAURITIUS CO,SELL,351039,349.5,-
17-OCT-2022,CONCOR,Container Corporation of India Ltd,ISHARES CORE MSCI EMERGING MARKETS ETF,BUY,342973,696.0,-
17-OCT-2022,CONCOR,Container Corporation of India Ltd,ISHARES CORE EMERGING MARKETS MAURITIUS CO,SELL,342973,696.0,-
17-OCT-2022,UNOMINDA,UNO Minda Ltd-$,ISHARES CORE EMERGING MARKETS MAURITIUS CO,SELL,337945,557.25,-
17-OCT-2022,UNOMINDA,UNO Minda Ltd-$,ISHARES CORE MSCI EMERGING MARKETS ETF,BUY,337945,557.25,-
17-OCT-2022,LUPIN,Lupin Ltd,ISHARES CORE MSCI EMERGING MARKETS ETF,BUY,334753,690.65,-
17-OCT-2022,LUPIN,Lupin Ltd,ISHARES CORE EMERGING MARKETS MAURITIUS CO,SELL,334753,690.65,-
17-OCT-2022,ATGL,Adani Total Gas Ltd,ISHARES CORE MSCI EMERGING MARKETS ETF,BUY,334233,3047.15,-
17-OCT-2022,ATGL,Adani Total Gas Ltd,ISHARES CORE EMERGING MARKETS MAURITIUS CO,SELL,334233,3047.15,-
17-OCT-2022,ADANIENSOL,Adani Energy Solutions Ltd,ISHARES CORE EMERGING MARKETS MAURITIUS CO,SELL,333865,3035.3,-
17-OCT-2022,ADANIENSOL,Adani Energy Solutions Ltd,ISHARES CORE MSCI EMERGING MARKETS ETF,BUY,333865,3035.3,-
17-OCT-2022,CESC,CESC Ltd,ISHARES INDIA SC MAURITIUS COMPANY,SELL,332569,78.45,-
17-OCT-2022,CESC,CESC Ltd,ISHARES MSCI INDIA SMALL-CAP ETF,BUY,332569,78.45,-
17-OCT-2022,GNFC,Gujarat Narmada Valley Fertilizers & Chemicals Ltd,ISHARES CORE EMERGING MARKETS MAURITIUS CO,SELL,326542,698.05,-
17-OCT-2022,GNFC,Gujarat Narmada Valley Fertilizers & Chemicals Ltd,ISHARES CORE MSCI EMERGING MARKETS ETF,BUY,326542,698.05,-
17-OCT-2022,RAMCOCEM,The Ramco Cements Ltd,ISHARES CORE MSCI EMERGING MARKETS ETF,BUY,323917,697.75,-
17-OCT-2022,RAMCOCEM,The Ramco Cements Ltd,ISHARES CORE EMERGING MARKETS MAURITIUS CO,SELL,323917,697.75,-
17-OCT-2022,KPITTECH,KPIT Technologies Ltd,ISHARES CORE MSCI EMERGING MARKETS ETF,BUY,319738,669.75,-
17-OCT-2022,KPITTECH,KPIT Technologies Ltd,ISHARES CORE EMERGING MARKETS MAURITIUS CO,SELL,319738,669.75,-
17-OCT-2022,HAVELLS,Havells India Ltd,ISHARES CORE EMERGING MARKETS MAURITIUS CO,SELL,319233,1253.5,-
17-OCT-2022,HAVELLS,Havells India Ltd,ISHARES CORE MSCI EMERGING MARKETS ETF,BUY,319233,1253.5,-
17-OCT-2022,BAJFINANCE,Bajaj Finance Ltd,ISHARES CORE MSCI EMERGING MARKETS ETF,BUY,317072,7272.5,-
17-OCT-2022,BAJFINANCE,Bajaj Finance Ltd,ISHARES CORE EMERGING MARKETS MAURITIUS CO,SELL,317072,7272.5,-
17-OCT-2022,SYNGENE,Syngene International Ltd,ISHARES CORE MSCI EMERGING MARKETS ETF,BUY,316165,550.8,-
17-OCT-2022,SYNGENE,Syngene International Ltd,ISHARES CORE EMERGING MARKETS MAURITIUS CO,SELL,316165,550.8,-
17-OCT-2022,BHARATFORG,Bharat Forge Ltd,ISHARES CORE MSCI EMERGING MARKETS ETF,BUY,313923,747.8,-
17-OCT-2022,BHARATFORG,Bharat Forge Ltd,ISHARES CORE EMERGING MARKETS MAURITIUS CO,SELL,313923,747.8,-
17-OCT-2022,BRIGADE,Brigade Enterprises Ltd,ISHARES CORE MSCI EMERGING MARKETS ETF,BUY,307223,494.75,-
17-OCT-2022,BRIGADE,Brigade Enterprises Ltd,ISHARES CORE EMERGING MARKETS MAURITIUS CO,SELL,307223,494.75,-
17-OCT-2022,PEL,Piramal Enterprises Ltd,ISHARES CORE EMERGING MARKETS MAURITIUS CO,SELL,302638,805.85,-
17-OCT-2022,PEL,Piramal Enterprises Ltd,ISHARES CORE MSCI EMERGING MARKETS ETF,BUY,302638,805.85,-
17-OCT-2022,GLENMARK,Glenmark Pharmaceuticals Ltd,ISHARES CORE MSCI EMERGING MARKETS ETF,BUY,302331,390.85,-
17-OCT-2022,GLENMARK,Glenmark Pharmaceuticals Ltd,ISHARES CORE EMERGING MARKETS MAURITIUS CO,SELL,302331,390.85,-
17-OCT-2022,ICICIGI,ICICI Lombard General Insurance Company Ltd,ISHARES CORE EMERGING MARKETS MAURITIUS CO,SELL,295839,1126.65,-
17-OCT-2022,ICICIGI,ICICI Lombard General Insurance Company Ltd,ISHARES CORE MSCI EMERGING MARKETS ETF,BUY,295839,1126.65,-
17-OCT-2022,VOLTAS,Voltas Ltd,ISHARES CORE MSCI EMERGING MARKETS ETF,BUY,291749,871.15,-
17-OCT-2022,VOLTAS,Voltas Ltd,ISHARES CORE EMERGING MARKETS MAURITIUS CO,SELL,291749,871.15,-
17-OCT-2022,SBICARD,SBI Cards and Payment Services Ltd,ISHARES CORE MSCI EMERGING MARKETS ETF,BUY,290738,846.85,-
17-OCT-2022,SBICARD,SBI Cards and Payment Services Ltd,ISHARES CORE EMERGING MARKETS MAURITIUS CO,SELL,290738,846.85,-
17-OCT-2022,MFSL,Max Financial Services Ltd,ISHARES CORE EMERGING MARKETS MAURITIUS CO,SELL,288910,714.45,-
17-OCT-2022,MFSL,Max Financial Services Ltd,ISHARES CORE MSCI EMERGING MARKETS ETF,BUY,288910,714.45,-
17-OCT-2022,PRAJIND,Praj Industries Ltd,ISHARES CORE MSCI EMERGING MARKETS ETF,BUY,288179,435.1,-
17-OCT-2022,PRAJIND,Praj Industries Ltd,ISHARES CORE EMERGING MARKETS MAURITIUS CO,SELL,288179,435.1,-
17-OCT-2022,OBEROIRLTY,Oberoi Realty Ltd,ISHARES CORE MSCI EMERGING MARKETS ETF,BUY,285563,900.35,-
17-OCT-2022,OBEROIRLTY,Oberoi Realty Ltd,ISHARES CORE EMERGING MARKETS MAURITIUS CO,SELL,285563,900.35,-
17-OCT-2022,MGL,Mahanagar Gas Ltd,ISHARES CORE MSCI EMERGING MARKETS ETF,BUY,276211,808.4,-
17-OCT-2022,MGL,Mahanagar Gas Ltd,ISHARES CORE EMERGING MARKETS MAURITIUS CO,SELL,276211,808.4,-
17-OCT-2022,CARBORUNIV,Carborundum Universal Ltd,ISHARES CORE MSCI EMERGING MARKETS ETF,BUY,268283,884.1,-
17-OCT-2022,CARBORUNIV,Carborundum Universal Ltd,ISHARES CORE EMERGING MARKETS MAURITIUS CO,SELL,268283,884.1,-
17-OCT-2022,TRENT,Trent Ltd,ISHARES CORE MSCI EMERGING MARKETS ETF,BUY,258402,1379.6,-
17-OCT-2022,TRENT,Trent Ltd,ISHARES CORE EMERGING MARKETS MAURITIUS CO,SELL,258402,1379.6,-
17-OCT-2022,SHRIRAMFIN,Shriram Finance Ltd,ISHARES CORE MSCI EMERGING MARKETS ETF,BUY,253799,1183.9,-
17-OCT-2022,SHRIRAMFIN,Shriram Finance Ltd,ISHARES CORE EMERGING MARKETS MAURITIUS CO,SELL,253799,1183.9,-
17-OCT-2022,TVSMOTOR,TVS Motor Company Ltd,ISHARES CORE MSCI EMERGING MARKETS ETF,BUY,252428,1078.35,-
17-OCT-2022,TVSMOTOR,TVS Motor Company Ltd,ISHARES CORE EMERGING MARKETS MAURITIUS CO,SELL,252428,1078.35,-
17-OCT-2022,KANSAINER,Kansai Nerolac Paints Ltd,ISHARES CORE MSCI EMERGING MARKETS ETF,BUY,250366,481.35,-
17-OCT-2022,KANSAINER,Kansai Nerolac Paints Ltd,ISHARES CORE EMERGING MARKETS MAURITIUS CO,SELL,250366,481.35,-
17-OCT-2022,COROMANDEL,Coromandel International Ltd,ISHARES CORE MSCI EMERGING MARKETS ETF,BUY,249615,966.95,-
17-OCT-2022,COROMANDEL,Coromandel International Ltd,ISHARES CORE EMERGING MARKETS MAURITIUS CO,SELL,249615,966.95,-
17-OCT-2022,CHOLAHLDNG,Cholamandalam Financial Holdings Ltd,ISHARES CORE EMERGING MARKETS MAURITIUS CO,SELL,241863,623.6,-
17-OCT-2022,CHOLAHLDNG,Cholamandalam Financial Holdings Ltd,ISHARES CORE MSCI EMERGING MARKETS ETF,BUY,241863,623.6,-
17-OCT-2022,RADICO,Radico Khaitan Ltd,ISHARES CORE MSCI EMERGING MARKETS ETF,BUY,238375,1034.95,-
17-OCT-2022,RADICO,Radico Khaitan Ltd,ISHARES CORE EMERGING MARKETS MAURITIUS CO,SELL,238375,1034.95,-
17-OCT-2022,SUNDRMFAST,Sundram Fasteners Ltd,ISHARES CORE EMERGING MARKETS MAURITIUS CO,SELL,235036,921.45,-
17-OCT-2022,SUNDRMFAST,Sundram Fasteners Ltd,ISHARES CORE MSCI EMERGING MARKETS ETF,BUY,235036,921.45,-
17-OCT-2022,BAJAJFINSV,Bajaj Finserv Ltd,ISHARES CORE EMERGING MARKETS MAURITIUS CO,SELL,233492,1688.3,-
17-OCT-2022,BAJAJFINSV,Bajaj Finserv Ltd,ISHARES CORE MSCI EMERGING MARKETS ETF,BUY,233492,1688.3,-
17-OCT-2022,IPCALAB,Ipca Laboratories Ltd,ISHARES CORE MSCI EMERGING MARKETS ETF,BUY,232725,889.45,-
17-OCT-2022,IPCALAB,Ipca Laboratories Ltd,ISHARES CORE EMERGING MARKETS MAURITIUS CO,SELL,232725,889.45,-
17-OCT-2022,GESHIP,Great Eastern Shipping Company Ltd,ISHARES CORE MSCI EMERGING MARKETS ETF,BUY,227437,514.0,-
17-OCT-2022,GESHIP,Great Eastern Shipping Company Ltd,ISHARES CORE EMERGING MARKETS MAURITIUS CO,SELL,227437,514.0,-
17-OCT-2022,GODREJPROP,Godrej Properties Ltd,ISHARES CORE MSCI EMERGING MARKETS ETF,BUY,220493,1178.95,-
17-OCT-2022,GODREJPROP,Godrej Properties Ltd,ISHARES CORE EMERGING MARKETS MAURITIUS CO,SELL,220493,1178.95,-
17-OCT-2022,CYIENT,Cyient Ltd,ISHARES CORE EMERGING MARKETS MAURITIUS CO,SELL,217800,759.95,-
17-OCT-2022,CYIENT,Cyient Ltd,ISHARES CORE MSCI EMERGING MARKETS ETF,BUY,217800,759.95,-
17-OCT-2022,KPRMILL,K.P.R. Mill Limited,ISHARES CORE EMERGING MARKETS MAURITIUS CO,SELL,217437,565.85,-
17-OCT-2022,KPRMILL,K.P.R. Mill Limited,ISHARES CORE MSCI EMERGING MARKETS ETF,BUY,217437,565.85,-
17-OCT-2022,PIDILITIND,Pidilite Industries Ltd,ISHARES CORE EMERGING MARKETS MAURITIUS CO,SELL,215177,2619.75,-
17-OCT-2022,PIDILITIND,Pidilite Industries Ltd,ISHARES CORE MSCI EMERGING MARKETS ETF,BUY,215177,2619.75,-
17-OCT-2022,DMART,Avenue Supermarts Ltd,ISHARES CORE MSCI EMERGING MARKETS ETF,BUY,214798,4306.15,-
17-OCT-2022,DMART,Avenue Supermarts Ltd,ISHARES CORE EMERGING MARKETS MAURITIUS CO,SELL,214798,4306.15,-
17-OCT-2022,MUTHOOTFIN,Muthoot Finance Ltd,ISHARES CORE MSCI EMERGING MARKETS ETF,BUY,211750,1015.1,-
17-OCT-2022,MUTHOOTFIN,Muthoot Finance Ltd,ISHARES CORE EMERGING MARKETS MAURITIUS CO,SELL,211750,1015.1,-
17-OCT-2022,QUESS,Quess Corp Ltd,ISHARES CORE MSCI EMERGING MARKETS ETF,BUY,211290,576.35,-
17-OCT-2022,QUESS,Quess Corp Ltd,ISHARES CORE EMERGING MARKETS MAURITIUS CO,SELL,211290,576.35,-
17-OCT-2022,INTELLECT,Intellect Design Arena Ltd,ISHARES CORE MSCI EMERGING MARKETS ETF,BUY,208648,528.3,-
17-OCT-2022,INTELLECT,Intellect Design Arena Ltd,ISHARES CORE EMERGING MARKETS MAURITIUS CO,SELL,208648,528.3,-
17-OCT-2022,SRF,SRF Ltd,ISHARES CORE MSCI EMERGING MARKETS ETF,BUY,205159,2496.6,-
17-OCT-2022,SRF,SRF Ltd,ISHARES CORE EMERGING MARKETS MAURITIUS CO,SELL,205159,2496.6,-
17-OCT-2022,TATACHEM,Tata Chemicals Ltd,ISHARES CORE EMERGING MARKETS MAURITIUS CO,SELL,200728,1143.7,-
17-OCT-2022,TATACHEM,Tata Chemicals Ltd,ISHARES CORE MSCI EMERGING MARKETS ETF,BUY,200728,1143.7,-
17-OCT-2022,NATCOPHARM,Natco Pharma Ltd,ISHARES CORE MSCI EMERGING MARKETS ETF,BUY,193749,598.0,-
17-OCT-2022,NATCOPHARM,Natco Pharma Ltd,ISHARES CORE EMERGING MARKETS MAURITIUS CO,SELL,193749,598.0,-
17-OCT-2022,TATACOMM,Tata Communications Ltd,ISHARES CORE EMERGING MARKETS MAURITIUS CO,SELL,190021,1163.7,-
17-OCT-2022,TATACOMM,Tata Communications Ltd,ISHARES CORE MSCI EMERGING MARKETS ETF,BUY,190021,1163.7,-
17-OCT-2022,AFFLE,Affle 3I Ltd,ISHARES CORE EMERGING MARKETS MAURITIUS CO,SELL,179437,1174.75,-
17-OCT-2022,AFFLE,Affle 3I Ltd,ISHARES CORE MSCI EMERGING MARKETS ETF,BUY,179437,1174.75,-
17-OCT-2022,DIVISLAB,Divis Laboratories Ltd,ISHARES CORE MSCI EMERGING MARKETS ETF,BUY,176805,3572.8,-
17-OCT-2022,DIVISLAB,Divis Laboratories Ltd,ISHARES CORE EMERGING MARKETS MAURITIUS CO,SELL,176805,3572.8,-
17-OCT-2022,NH,Narayana Hrudayalaya Ltd,ISHARES CORE MSCI EMERGING MARKETS ETF,BUY,176557,729.7,-
17-OCT-2022,NH,Narayana Hrudayalaya Ltd,ISHARES CORE EMERGING MARKETS MAURITIUS CO,SELL,176557,729.7,-
17-OCT-2022,APLAPOLLO,APL Apollo Tubes Ltd,ISHARES CORE MSCI EMERGING MARKETS ETF,BUY,172608,1120.75,-
17-OCT-2022,APLAPOLLO,APL Apollo Tubes Ltd,ISHARES CORE EMERGING MARKETS MAURITIUS CO,SELL,172608,1120.75,-
17-OCT-2022,CUMMINSIND,Cummins India Ltd,ISHARES CORE EMERGING MARKETS MAURITIUS CO,SELL,170448,1185.65,-
17-OCT-2022,CUMMINSIND,Cummins India Ltd,ISHARES CORE MSCI EMERGING MARKETS ETF,BUY,170448,1185.65,-
17-OCT-2022,EICHERMOT,Eicher Motors Ltd,ISHARES CORE EMERGING MARKETS MAURITIUS CO,SELL,167739,3477.2,-
17-OCT-2022,EICHERMOT,Eicher Motors Ltd,ISHARES CORE MSCI EMERGING MARKETS ETF,BUY,167739,3477.2,-
17-OCT-2022,KAJARIACER,Kajaria Ceramics Ltd,ISHARES CORE MSCI EMERGING MARKETS ETF,BUY,166049,1088.75,-
17-OCT-2022,KAJARIACER,Kajaria Ceramics Ltd,ISHARES CORE EMERGING MARKETS MAURITIUS CO,SELL,166049,1088.75,-
17-OCT-2022,HAPPSTMNDS,Happiest Minds Technologies Ltd,ISHARES CORE MSCI EMERGING MARKETS ETF,BUY,163545,990.9,-
17-OCT-2022,HAPPSTMNDS,Happiest Minds Technologies Ltd,ISHARES CORE EMERGING MARKETS MAURITIUS CO,SELL,163545,990.9,-
17-OCT-2022,COLPAL,Colgate Palmolive (India) Ltd,ISHARES CORE EMERGING MARKETS MAURITIUS CO,SELL,162628,1552.75,-
17-OCT-2022,COLPAL,Colgate Palmolive (India) Ltd,ISHARES CORE MSCI EMERGING MARKETS ETF,BUY,162628,1552.75,-
17-OCT-2022,MARUTI,Maruti Suzuki India Ltd,ISHARES CORE MSCI EMERGING MARKETS ETF,BUY,159960,8617.3,-
17-OCT-2022,MARUTI,Maruti Suzuki India Ltd,ISHARES CORE EMERGING MARKETS MAURITIUS CO,SELL,159960,8617.3,-
17-OCT-2022,RELAXO,Relaxo Footwears Ltd-$,ISHARES CORE MSCI EMERGING MARKETS ETF,BUY,156236,977.4,-
17-OCT-2022,RELAXO,Relaxo Footwears Ltd-$,ISHARES CORE EMERGING MARKETS MAURITIUS CO,SELL,156236,977.4,-
17-OCT-2022,TANLA,Tanla Platforms Ltd,ISHARES CORE EMERGING MARKETS MAURITIUS CO,SELL,156109,820.8,-
17-OCT-2022,TANLA,Tanla Platforms Ltd,ISHARES CORE MSCI EMERGING MARKETS ETF,BUY,156109,820.8,-
17-OCT-2022,DRREDDY,Dr Reddys Laboratories Ltd,ISHARES CORE EMERGING MARKETS MAURITIUS CO,SELL,152789,4310.8,-
17-OCT-2022,DRREDDY,Dr Reddys Laboratories Ltd,ISHARES CORE MSCI EMERGING MARKETS ETF,BUY,152789,4310.8,-
17-OCT-2022,ENDURANCE,Endurance Technologies Ltd,ISHARES CORE MSCI EMERGING MARKETS ETF,BUY,149414,1361.15,-
17-OCT-2022,ENDURANCE,Endurance Technologies Ltd,ISHARES CORE EMERGING MARKETS MAURITIUS CO,SELL,149414,1361.15,-
17-OCT-2022,KEI,KEI Industries Ltd,ISHARES CORE MSCI EMERGING MARKETS ETF,BUY,148781,1432.9,-
17-OCT-2022,KEI,KEI Industries Ltd,ISHARES CORE EMERGING MARKETS MAURITIUS CO,SELL,148781,1432.9,-
17-OCT-2022,HEROMOTOCO,Hero MotoCorp Ltd,ISHARES CORE MSCI EMERGING MARKETS ETF,BUY,147731,2535.9,-
17-OCT-2022,HEROMOTOCO,Hero MotoCorp Ltd,ISHARES CORE EMERGING MARKETS MAURITIUS CO,SELL,147731,2535.9,-
17-OCT-2022,PVRINOX,PVR Inox Ltd,ISHARES CORE MSCI EMERGING MARKETS ETF,BUY,144281,1691.95,-
17-OCT-2022,PVRINOX,PVR Inox Ltd,ISHARES CORE EMERGING MARKETS MAURITIUS CO,SELL,144281,1691.95,-
17-OCT-2022,BRITANNIA,Britannia Industries Ltd,ISHARES CORE MSCI EMERGING MARKETS ETF,BUY,143664,3796.25,-
17-OCT-2022,BRITANNIA,Britannia Industries Ltd,ISHARES CORE EMERGING MARKETS MAURITIUS CO,SELL,143664,3796.25,-
17-OCT-2022,CANBK,Canara Bank,ISHARES MSCI INDIA SMALL-CAP ETF,BUY,142392,226.75,-
17-OCT-2022,CANBK,Canara Bank,ISHARES INDIA SC MAURITIUS COMPANY,SELL,142392,226.75,-
17-OCT-2022,BATAINDIA,Bata India Ltd,ISHARES CORE EMERGING MARKETS MAURITIUS CO,SELL,139014,1785.35,-
17-OCT-2022,BATAINDIA,Bata India Ltd,ISHARES CORE MSCI EMERGING MARKETS ETF,BUY,139014,1785.35,-
17-OCT-2022,DALBHARAT,Dalmia Bharat Ltd,ISHARES CORE MSCI EMERGING MARKETS ETF,BUY,138311,1503.45,-
17-OCT-2022,DALBHARAT,Dalmia Bharat Ltd,ISHARES CORE EMERGING MARKETS MAURITIUS CO,SELL,138311,1503.45,-
17-OCT-2022,INDIGO,InterGlobe Aviation Ltd,ISHARES CORE MSCI EMERGING MARKETS ETF,BUY,136384,1751.95,-
17-OCT-2022,INDIGO,InterGlobe Aviation Ltd,ISHARES CORE EMERGING MARKETS MAURITIUS CO,SELL,136384,1751.95,-
17-OCT-2022,ULTRACEMCO,UltraTech Cement Ltd,ISHARES CORE MSCI EMERGING MARKETS ETF,BUY,135757,6192.0,-
17-OCT-2022,ULTRACEMCO,UltraTech Cement Ltd,ISHARES CORE EMERGING MARKETS MAURITIUS CO,SELL,135757,6192.0,-
17-OCT-2022,PHOENIXLTD,The Phoenix Mills Ltd,ISHARES CORE MSCI EMERGING MARKETS ETF,BUY,135709,1361.85,-
17-OCT-2022,PHOENIXLTD,The Phoenix Mills Ltd,ISHARES CORE EMERGING MARKETS MAURITIUS CO,SELL,135709,1361.85,-
17-OCT-2022,TORNTPHARM,Torrent Pharmaceuticals Ltd,ISHARES CORE MSCI EMERGING MARKETS ETF,BUY,135148,1595.05,-
17-OCT-2022,TORNTPHARM,Torrent Pharmaceuticals Ltd,ISHARES CORE EMERGING MARKETS MAURITIUS CO,SELL,135148,1595.05,-
17-OCT-2022,DEEPAKFERT,Deepak Fertilisers & Petrochemicals Corporation Ltd,ISHARES CORE MSCI EMERGING MARKETS ETF,BUY,134323,894.55,-
17-OCT-2022,DEEPAKFERT,Deepak Fertilisers & Petrochemicals Corporation Ltd,ISHARES CORE EMERGING MARKETS MAURITIUS CO,SELL,134323,894.55,-
17-OCT-2022,APOLLOHOSP,Apollo Hospitals Enterprise Ltd,ISHARES CORE MSCI EMERGING MARKETS ETF,BUY,133956,4297.15,-
17-OCT-2022,APOLLOHOSP,Apollo Hospitals Enterprise Ltd,ISHARES CORE EMERGING MARKETS MAURITIUS CO,SELL,133956,4297.15,-
17-OCT-2022,WHIRLPOOL,Whirlpool of India Ltd,ISHARES CORE MSCI EMERGING MARKETS ETF,BUY,133239,1566.2,-
17-OCT-2022,WHIRLPOOL,Whirlpool of India Ltd,ISHARES CORE EMERGING MARKETS MAURITIUS CO,SELL,133239,1566.2,-
17-OCT-2022,TTKPRESTIG,TTK Prestige Ltd,ISHARES CORE EMERGING MARKETS MAURITIUS CO,SELL,131157,983.55,-
17-OCT-2022,TTKPRESTIG,TTK Prestige Ltd,ISHARES CORE MSCI EMERGING MARKETS ETF,BUY,131157,983.55,-
17-OCT-2022,ASTRAL,Astral Ltd,ISHARES CORE EMERGING MARKETS MAURITIUS CO,SELL,127781,2150.0,-
17-OCT-2022,ASTRAL,Astral Ltd,ISHARES CORE MSCI EMERGING MARKETS ETF,BUY,127781,2150.0,-
17-OCT-2022,TIINDIA,Tube Investments of India Ltd,ISHARES CORE EMERGING MARKETS MAURITIUS CO,SELL,123904,2643.9,-
17-OCT-2022,TIINDIA,Tube Investments of India Ltd,ISHARES CORE MSCI EMERGING MARKETS ETF,BUY,123904,2643.9,-
17-OCT-2022,BALKRISIND,Balkrishna Industries Ltd-$,ISHARES CORE MSCI EMERGING MARKETS ETF,BUY,123885,1901.7,-
17-OCT-2022,BALKRISIND,Balkrishna Industries Ltd-$,ISHARES CORE EMERGING MARKETS MAURITIUS CO,SELL,123885,1901.7,-
17-OCT-2022,THERMAX,Thermax Ltd,ISHARES CORE EMERGING MARKETS MAURITIUS CO,SELL,123604,2026.25,-
17-OCT-2022,THERMAX,Thermax Ltd,ISHARES CORE MSCI EMERGING MARKETS ETF,BUY,123604,2026.25,-
17-OCT-2022,FORTIS,Fortis Healthcare Ltd,ISHARES MSCI INDIA SMALL-CAP ETF,BUY,120971,274.2,-
17-OCT-2022,FORTIS,Fortis Healthcare Ltd,ISHARES INDIA SC MAURITIUS COMPANY,SELL,120971,274.2,-
17-OCT-2022,GRINDWELL,Grindwell Norton Ltd-$,ISHARES CORE MSCI EMERGING MARKETS ETF,BUY,118973,2049.0,-
17-OCT-2022,GRINDWELL,Grindwell Norton Ltd-$,ISHARES CORE EMERGING MARKETS MAURITIUS CO,SELL,118973,2049.0,-
17-OCT-2022,BLUESTARCO,Blue Star Ltd,ISHARES CORE EMERGING MARKETS MAURITIUS CO,SELL,118829,1166.15,-
17-OCT-2022,BLUESTARCO,Blue Star Ltd,ISHARES CORE MSCI EMERGING MARKETS ETF,BUY,118829,1166.15,-
17-OCT-2022,CREDITACC,CreditAccess Grameen Ltd,ISHARES CORE EMERGING MARKETS MAURITIUS CO,SELL,113604,977.15,-
17-OCT-2022,CREDITACC,CreditAccess Grameen Ltd,ISHARES CORE MSCI EMERGING MARKETS ETF,BUY,113604,977.15,-
17-OCT-2022,MPHASIS,Mphasis Ltd,ISHARES CORE MSCI EMERGING MARKETS ETF,BUY,112947,2105.7,-
17-OCT-2022,MPHASIS,Mphasis Ltd,ISHARES CORE EMERGING MARKETS MAURITIUS CO,SELL,112947,2105.7,-
17-OCT-2022,CROMPTON,Crompton Greaves Consumer Electricals Ltd,ISHARES MSCI INDIA SMALL-CAP ETF,BUY,110548,381.5,-
17-OCT-2022,CROMPTON,Crompton Greaves Consumer Electricals Ltd,ISHARES INDIA SC MAURITIUS COMPANY,SELL,110548,381.5,-
17-OCT-2022,BAJAJELEC,Bajaj Electricals Ltd-$,ISHARES CORE EMERGING MARKETS MAURITIUS CO,SELL,105110,1144.3,-
17-OCT-2022,BAJAJELEC,Bajaj Electricals Ltd-$,ISHARES CORE MSCI EMERGING MARKETS ETF,BUY,105110,1144.3,-
17-OCT-2022,ACC,ACC Ltd,ISHARES CORE EMERGING MARKETS MAURITIUS CO,SELL,104297,2243.65,-
17-OCT-2022,ACC,ACC Ltd,ISHARES CORE MSCI EMERGING MARKETS ETF,BUY,104297,2243.65,-
17-OCT-2022,SIEMENS,Siemens Ltd,ISHARES CORE MSCI EMERGING MARKETS ETF,BUY,101349,2746.4,-
17-OCT-2022,SIEMENS,Siemens Ltd,ISHARES CORE EMERGING MARKETS MAURITIUS CO,SELL,101349,2746.4,-
17-OCT-2022,NAUKRI,Info Edge (India) Ltd,ISHARES CORE MSCI EMERGING MARKETS ETF,BUY,98370,3763.05,-
17-OCT-2022,NAUKRI,Info Edge (India) Ltd,ISHARES CORE EMERGING MARKETS MAURITIUS CO,SELL,98370,3763.05,-
17-OCT-2022,GSPL,Gujarat State Petronet Ltd,ISHARES MSCI INDIA SMALL-CAP ETF,BUY,97028,222.85,-
17-OCT-2022,GSPL,Gujarat State Petronet Ltd,ISHARES INDIA SC MAURITIUS COMPANY,SELL,97028,222.85,-
17-OCT-2022,AAVAS,AAVAS Financiers Ltd,ISHARES CORE EMERGING MARKETS MAURITIUS CO,SELL,95781,2076.5,-
17-OCT-2022,AAVAS,AAVAS Financiers Ltd,ISHARES CORE MSCI EMERGING MARKETS ETF,BUY,95781,2076.5,-
17-OCT-2022,AJANTPHARM,Ajanta Pharma Ltd,ISHARES CORE EMERGING MARKETS MAURITIUS CO,SELL,94374,1275.95,-
17-OCT-2022,AJANTPHARM,Ajanta Pharma Ltd,ISHARES CORE MSCI EMERGING MARKETS ETF,BUY,94374,1275.95,-
17-OCT-2022,PIIND,PI Industries Ltd,ISHARES CORE MSCI EMERGING MARKETS ETF,BUY,92456,3014.6,-
17-OCT-2022,PIIND,PI Industries Ltd,ISHARES CORE EMERGING MARKETS MAURITIUS CO,SELL,92456,3014.6,-
17-OCT-2022,JKCEMENT,JK Cement Ltd,ISHARES CORE MSCI EMERGING MARKETS ETF,BUY,90251,2479.15,-
17-OCT-2022,JKCEMENT,JK Cement Ltd,ISHARES CORE EMERGING MARKETS MAURITIUS CO,SELL,90251,2479.15,-
17-OCT-2022,SUPREMEIND,Supreme Industries Ltd,ISHARES CORE MSCI EMERGING MARKETS ETF,BUY,89136,1939.55,-
17-OCT-2022,SUPREMEIND,Supreme Industries Ltd,ISHARES CORE EMERGING MARKETS MAURITIUS CO,SELL,89136,1939.55,-
17-OCT-2022,MAXHEALTH,Max Healthcare Institute Ltd,ISHARES INDIA SC MAURITIUS COMPANY,SELL,89040,427.75,-
17-OCT-2022,MAXHEALTH,Max Healthcare Institute Ltd,ISHARES MSCI INDIA SMALL-CAP ETF,BUY,89040,427.75,-
17-OCT-2022,DEEPAKNTR,Deepak Nitrite Ltd-$,ISHARES CORE MSCI EMERGING MARKETS ETF,BUY,87611,2225.05,-
17-OCT-2022,DEEPAKNTR,Deepak Nitrite Ltd-$,ISHARES CORE EMERGING MARKETS MAURITIUS CO,SELL,87611,2225.05,-
17-OCT-2022,BAJAJ-AUTO,Bajaj Auto Ltd,ISHARES CORE MSCI EMERGING MARKETS ETF,BUY,84793,3570.5,-
17-OCT-2022,BAJAJ-AUTO,Bajaj Auto Ltd,ISHARES CORE EMERGING MARKETS MAURITIUS CO,SELL,84793,3570.5,-
17-OCT-2022,APOLLOTYRE,Apollo Tyres Ltd,ISHARES INDIA SC MAURITIUS COMPANY,SELL,84640,271.1,-
17-OCT-2022,APOLLOTYRE,Apollo Tyres Ltd,ISHARES MSCI INDIA SMALL-CAP ETF,BUY,84640,271.1,-
17-OCT-2022,MINDTREE,MindTree Ltd,ISHARES CORE EMERGING MARKETS MAURITIUS CO,SELL,82914,3379.75,-
17-OCT-2022,MINDTREE,MindTree Ltd,ISHARES CORE MSCI EMERGING MARKETS ETF,BUY,82914,3379.75,-
17-OCT-2022,AIAENG,AIA Engineering Ltd,ISHARES CORE EMERGING MARKETS MAURITIUS CO,SELL,82169,2598.35,-
17-OCT-2022,AIAENG,AIA Engineering Ltd,ISHARES CORE MSCI EMERGING MARKETS ETF,BUY,82169,2598.35,-
17-OCT-2022,LICHSGFIN,LIC Housing Finance Ltd,ISHARES INDIA SC MAURITIUS COMPANY,SELL,80794,405.95,-
17-OCT-2022,LICHSGFIN,LIC Housing Finance Ltd,ISHARES MSCI INDIA SMALL-CAP ETF,BUY,80794,405.95,-
17-OCT-2022,GLAXO,GlaxoSmithKline Pharmaceuticals Ltd,ISHARES CORE EMERGING MARKETS MAURITIUS CO,SELL,80615,1378.65,-
17-OCT-2022,GLAXO,GlaxoSmithKline Pharmaceuticals Ltd,ISHARES CORE MSCI EMERGING MARKETS ETF,BUY,80615,1378.65,-
17-OCT-2022,ABFRL,Aditya Birla Fashion and Retail Ltd,ISHARES INDIA SC MAURITIUS COMPANY,SELL,80350,327.7,-
17-OCT-2022,ABFRL,Aditya Birla Fashion and Retail Ltd,ISHARES MSCI INDIA SMALL-CAP ETF,BUY,80350,327.7,-
17-OCT-2022,MINDSPACE,MINDSPACE,ISHARES MSCI INDIA SMALL-CAP ETF,BUY,76834,369.58,-
17-OCT-2022,MINDSPACE,MINDSPACE,ISHARES INDIA SC MAURITIUS COMPANY,SELL,76834,369.58,-
17-OCT-2022,VINATIORGA,Vinati Organics Ltd-$,ISHARES CORE EMERGING MARKETS MAURITIUS CO,SELL,75640,1943.1,-
17-OCT-2022,VINATIORGA,Vinati Organics Ltd-$,ISHARES CORE MSCI EMERGING MARKETS ETF,BUY,75640,1943.1,-
17-OCT-2022,POLYCAB,Polycab India Ltd,ISHARES CORE MSCI EMERGING MARKETS ETF,BUY,75209,2570.45,-
17-OCT-2022,POLYCAB,Polycab India Ltd,ISHARES CORE EMERGING MARKETS MAURITIUS CO,SELL,75209,2570.45,-
17-OCT-2022,POLICYBZR,PB Fintech Ltd,ISHARES INDIA SC MAURITIUS COMPANY,SELL,74515,442.4,-
17-OCT-2022,POLICYBZR,PB Fintech Ltd,ISHARES MSCI INDIA SMALL-CAP ETF,BUY,74515,442.4,-
17-OCT-2022,KEC,KEC International Ltd,ISHARES INDIA SC MAURITIUS COMPANY,SELL,71626,417.35,-
17-OCT-2022,KEC,KEC International Ltd,ISHARES MSCI INDIA SMALL-CAP ETF,BUY,71626,417.35,-
17-OCT-2022,LAURUSLABS,Laurus Labs Ltd,ISHARES INDIA SC MAURITIUS COMPANY,SELL,69957,516.1,-
17-OCT-2022,LAURUSLABS,Laurus Labs Ltd,ISHARES MSCI INDIA SMALL-CAP ETF,BUY,69957,516.1,-
17-OCT-2022,LALPATHLAB,Dr. Lal PathLabs Ltd,ISHARES CORE MSCI EMERGING MARKETS ETF,BUY,69250,2377.5,-
17-OCT-2022,LALPATHLAB,Dr. Lal PathLabs Ltd,ISHARES CORE EMERGING MARKETS MAURITIUS CO,SELL,69250,2377.5,-
17-OCT-2022,360ONE,360 ONE WAM LTD,ISHARES CORE MSCI EMERGING MARKETS ETF,BUY,69239,1808.1,-
17-OCT-2022,360ONE,360 ONE WAM LTD,ISHARES CORE EMERGING MARKETS MAURITIUS CO,SELL,69239,1808.1,-
17-OCT-2022,TIMKEN,Timken India Ltd,ISHARES CORE EMERGING MARKETS MAURITIUS CO,SELL,68819,3076.15,-
17-OCT-2022,TIMKEN,Timken India Ltd,ISHARES CORE MSCI EMERGING MARKETS ETF,BUY,68819,3076.15,-
17-OCT-2022,PERSISTENT,Persistent Systems Ltd,ISHARES CORE MSCI EMERGING MARKETS ETF,BUY,68737,3647.4,-
17-OCT-2022,PERSISTENT,Persistent Systems Ltd,ISHARES CORE EMERGING MARKETS MAURITIUS CO,SELL,68737,3647.4,-
17-OCT-2022,CRISIL,Crisil Ltd,ISHARES CORE EMERGING MARKETS MAURITIUS CO,SELL,66934,3143.45,-
17-OCT-2022,CRISIL,Crisil Ltd,ISHARES CORE MSCI EMERGING MARKETS ETF,BUY,66934,3143.45,-
17-OCT-2022,LTM,LTM Ltd,ISHARES CORE EMERGING MARKETS MAURITIUS CO,SELL,63553,4668.55,-
17-OCT-2022,LTM,LTM Ltd,ISHARES CORE MSCI EMERGING MARKETS ETF,BUY,63553,4668.55,-
17-OCT-2022,POONAWALLA,Poonawalla Fincorp Ltd,ISHARES MSCI INDIA SMALL-CAP ETF,BUY,63392,323.0,-
17-OCT-2022,POONAWALLA,Poonawalla Fincorp Ltd,ISHARES INDIA SC MAURITIUS COMPANY,SELL,63392,323.0,-
17-OCT-2022,GUJENERGY,Gujarat Energy Ltd,ISHARES INDIA SC MAURITIUS COMPANY,SELL,63072,472.65,-
17-OCT-2022,GUJENERGY,Gujarat Energy Ltd,ISHARES MSCI INDIA SMALL-CAP ETF,BUY,63072,472.65,-
17-OCT-2022,GMMPFAUDLR,GMM Pfaudler Ltd,ISHARES CORE MSCI EMERGING MARKETS ETF,BUY,62939,1829.75,-
17-OCT-2022,GMMPFAUDLR,GMM Pfaudler Ltd,ISHARES CORE EMERGING MARKETS MAURITIUS CO,SELL,62939,1829.75,-
17-OCT-2022,COFORGE,Coforge Ltd,ISHARES CORE MSCI EMERGING MARKETS ETF,BUY,62466,3742.0,-
17-OCT-2022,COFORGE,Coforge Ltd,ISHARES CORE EMERGING MARKETS MAURITIUS CO,SELL,62466,3742.0,-
17-OCT-2022,CAMS,Computer Age Management Services Ltd,ISHARES CORE MSCI EMERGING MARKETS ETF,BUY,61966,2575.95,-
17-OCT-2022,CAMS,Computer Age Management Services Ltd,ISHARES CORE EMERGING MARKETS MAURITIUS CO,SELL,61966,2575.95,-
17-OCT-2022,VGUARD,V-Guard Industries Ltd,ISHARES MSCI INDIA SMALL-CAP ETF,BUY,59892,244.4,-
17-OCT-2022,VGUARD,V-Guard Industries Ltd,ISHARES INDIA SC MAURITIUS COMPANY,SELL,59892,244.4,-
17-OCT-2022,BSOFT,Birlasoft Ltd,ISHARES INDIA SC MAURITIUS COMPANY,SELL,58576,282.8,-
17-OCT-2022,BSOFT,Birlasoft Ltd,ISHARES MSCI INDIA SMALL-CAP ETF,BUY,58576,282.8,-
17-OCT-2022,SCHAEFFLER,Schaeffler India Ltd,ISHARES CORE MSCI EMERGING MARKETS ETF,BUY,58428,3202.15,-
17-OCT-2022,SCHAEFFLER,Schaeffler India Ltd,ISHARES CORE EMERGING MARKETS MAURITIUS CO,SELL,58428,3202.15,-
17-OCT-2022,COHANCE,Cohance Lifesciences Ltd,ISHARES MSCI INDIA SMALL-CAP ETF,BUY,56772,406.4,-
17-OCT-2022,COHANCE,Cohance Lifesciences Ltd,ISHARES INDIA SC MAURITIUS COMPANY,SELL,56772,406.4,-
17-OCT-2022,TORNTPOWER,Torrent Power Ltd,ISHARES MSCI INDIA SMALL-CAP ETF,BUY,56556,478.0,-
17-OCT-2022,TORNTPOWER,Torrent Power Ltd,ISHARES INDIA SC MAURITIUS COMPANY,SELL,56556,478.0,-
17-OCT-2022,NAVINFLUOR,Navin Fluorine International Ltd-$,ISHARES CORE MSCI EMERGING MARKETS ETF,BUY,53114,4608.15,-
17-OCT-2022,NAVINFLUOR,Navin Fluorine International Ltd-$,ISHARES CORE EMERGING MARKETS MAURITIUS CO,SELL,53114,4608.15,-
17-OCT-2022,DIXON,Dixon Technologies (India) Ltd,ISHARES CORE MSCI EMERGING MARKETS ETF,BUY,52969,4249.05,-
17-OCT-2022,DIXON,Dixon Technologies (India) Ltd,ISHARES CORE EMERGING MARKETS MAURITIUS CO,SELL,52969,4249.05,-
17-OCT-2022,EMAMILTD,Emami Ltd-$,ISHARES INDIA SC MAURITIUS COMPANY,SELL,52955,467.65,-
17-OCT-2022,EMAMILTD,Emami Ltd-$,ISHARES MSCI INDIA SMALL-CAP ETF,BUY,52955,467.65,-
17-OCT-2022,LINDEINDIA,Linde India Ltd,ISHARES CORE MSCI EMERGING MARKETS ETF,BUY,52809,3150.5,-
17-OCT-2022,LINDEINDIA,Linde India Ltd,ISHARES CORE EMERGING MARKETS MAURITIUS CO,SELL,52809,3150.5,-
17-OCT-2022,UNOMINDA,UNO Minda Ltd-$,ISHARES MSCI INDIA SMALL-CAP ETF,BUY,52719,557.25,-
17-OCT-2022,UNOMINDA,UNO Minda Ltd-$,ISHARES INDIA SC MAURITIUS COMPANY,SELL,52719,557.25,-
17-OCT-2022,ARE&M,Amara Raja Energy & Mobility Ltd,ISHARES INDIA SC MAURITIUS COMPANY,SELL,52379,487.95,-
17-OCT-2022,ARE&M,Amara Raja Energy & Mobility Ltd,ISHARES MSCI INDIA SMALL-CAP ETF,BUY,52379,487.95,-
17-OCT-2022,GRANULES,Granules India Ltd-$,ISHARES INDIA SC MAURITIUS COMPANY,SELL,52001,342.9,-
17-OCT-2022,GRANULES,Granules India Ltd-$,ISHARES MSCI INDIA SMALL-CAP ETF,BUY,52001,342.9,-
17-OCT-2022,CHAMBLFERT,Chambal Fertilisers & Chemicals Ltd,ISHARES MSCI INDIA SMALL-CAP ETF,BUY,51341,325.95,-
17-OCT-2022,CHAMBLFERT,Chambal Fertilisers & Chemicals Ltd,ISHARES INDIA SC MAURITIUS COMPANY,SELL,51341,325.95,-
17-OCT-2022,FLUOROCHEM,Gujarat Fluorochemicals Ltd,ISHARES CORE EMERGING MARKETS MAURITIUS CO,SELL,50724,3924.5,-
17-OCT-2022,FLUOROCHEM,Gujarat Fluorochemicals Ltd,ISHARES CORE MSCI EMERGING MARKETS ETF,BUY,50724,3924.5,-
17-OCT-2022,BRIGADE,Brigade Enterprises Ltd,ISHARES INDIA SC MAURITIUS COMPANY,SELL,48584,494.75,-
17-OCT-2022,BRIGADE,Brigade Enterprises Ltd,ISHARES MSCI INDIA SMALL-CAP ETF,BUY,48584,494.75,-
17-OCT-2022,OFSS,Oracle Financial Services Software Ltd,ISHARES CORE EMERGING MARKETS MAURITIUS CO,SELL,48386,2947.3,-
17-OCT-2022,OFSS,Oracle Financial Services Software Ltd,ISHARES CORE MSCI EMERGING MARKETS ETF,BUY,48386,2947.3,-
17-OCT-2022,PRESTIGE,Prestige Estates Projects Ltd,ISHARES MSCI INDIA SMALL-CAP ETF,BUY,48246,437.85,-
17-OCT-2022,PRESTIGE,Prestige Estates Projects Ltd,ISHARES INDIA SC MAURITIUS COMPANY,SELL,48246,437.85,-
17-OCT-2022,KPITTECH,KPIT Technologies Ltd,ISHARES INDIA SC MAURITIUS COMPANY,SELL,47570,669.75,-
17-OCT-2022,KPITTECH,KPIT Technologies Ltd,ISHARES MSCI INDIA SMALL-CAP ETF,BUY,47570,669.75,-
17-OCT-2022,PEL,Piramal Enterprises Ltd,ISHARES INDIA SC MAURITIUS COMPANY,SELL,47550,805.85,-
17-OCT-2022,PEL,Piramal Enterprises Ltd,ISHARES MSCI INDIA SMALL-CAP ETF,BUY,47550,805.85,-
17-OCT-2022,COROMANDEL,Coromandel International Ltd,ISHARES MSCI INDIA SMALL-CAP ETF,BUY,47028,966.95,-
17-OCT-2022,COROMANDEL,Coromandel International Ltd,ISHARES INDIA SC MAURITIUS COMPANY,SELL,47028,966.95,-
17-OCT-2022,OBEROIRLTY,Oberoi Realty Ltd,ISHARES INDIA SC MAURITIUS COMPANY,SELL,46745,900.35,-
17-OCT-2022,OBEROIRLTY,Oberoi Realty Ltd,ISHARES MSCI INDIA SMALL-CAP ETF,BUY,46745,900.35,-
17-OCT-2022,TATAELXSI,Tata Elxsi Ltd,ISHARES CORE EMERGING MARKETS MAURITIUS CO,SELL,46311,8465.55,-
17-OCT-2022,TATAELXSI,Tata Elxsi Ltd,ISHARES CORE MSCI EMERGING MARKETS ETF,BUY,46311,8465.55,-
17-OCT-2022,NESTLEIND,Nestle India Ltd,ISHARES CORE MSCI EMERGING MARKETS ETF,BUY,45216,18928.0,-
17-OCT-2022,NESTLEIND,Nestle India Ltd,ISHARES CORE EMERGING MARKETS MAURITIUS CO,SELL,45216,18928.0,-
17-OCT-2022,SOLARINDS,Solar Industries India Ltd,ISHARES CORE MSCI EMERGING MARKETS ETF,BUY,44972,3847.5,-
17-OCT-2022,SOLARINDS,Solar Industries India Ltd,ISHARES CORE EMERGING MARKETS MAURITIUS CO,SELL,44972,3847.5,-
17-OCT-2022,MFSL,Max Financial Services Ltd,ISHARES MSCI INDIA SMALL-CAP ETF,BUY,44930,714.45,-
17-OCT-2022,MFSL,Max Financial Services Ltd,ISHARES INDIA SC MAURITIUS COMPANY,SELL,44930,714.45,-
17-OCT-2022,GNFC,Gujarat Narmada Valley Fertilizers & Chemicals Ltd,ISHARES INDIA SC MAURITIUS COMPANY,SELL,43327,698.05,-
17-OCT-2022,GNFC,Gujarat Narmada Valley Fertilizers & Chemicals Ltd,ISHARES MSCI INDIA SMALL-CAP ETF,BUY,43327,698.05,-
17-OCT-2022,NAM-INDIA,Nippon Life India Asset Management Ltd,ISHARES INDIA SC MAURITIUS COMPANY,SELL,43309,272.05,-
17-OCT-2022,NAM-INDIA,Nippon Life India Asset Management Ltd,ISHARES MSCI INDIA SMALL-CAP ETF,BUY,43309,272.05,-
17-OCT-2022,INDIACEM,India Cements Ltd,ISHARES MSCI INDIA SMALL-CAP ETF,BUY,43113,230.15,-
17-OCT-2022,INDIACEM,India Cements Ltd,ISHARES INDIA SC MAURITIUS COMPANY,SELL,43113,230.15,-
17-OCT-2022,VOLTAS,Voltas Ltd,ISHARES MSCI INDIA SMALL-CAP ETF,BUY,43078,871.15,-
17-OCT-2022,VOLTAS,Voltas Ltd,ISHARES INDIA SC MAURITIUS COMPANY,SELL,43078,871.15,-
17-OCT-2022,BALRAMCHIN,Balrampur Chini Mills Ltd,ISHARES INDIA SC MAURITIUS COMPANY,SELL,42783,349.5,-
17-OCT-2022,BALRAMCHIN,Balrampur Chini Mills Ltd,ISHARES MSCI INDIA SMALL-CAP ETF,BUY,42783,349.5,-
17-OCT-2022,RAMCOCEM,The Ramco Cements Ltd,ISHARES INDIA SC MAURITIUS COMPANY,SELL,41712,697.75,-
17-OCT-2022,RAMCOCEM,The Ramco Cements Ltd,ISHARES MSCI INDIA SMALL-CAP ETF,BUY,41712,697.75,-
17-OCT-2022,SYNGENE,Syngene International Ltd,ISHARES INDIA SC MAURITIUS COMPANY,SELL,41081,550.8,-
17-OCT-2022,SYNGENE,Syngene International Ltd,ISHARES MSCI INDIA SMALL-CAP ETF,BUY,41081,550.8,-
17-OCT-2022,CARBORUNIV,Carborundum Universal Ltd,ISHARES INDIA SC MAURITIUS COMPANY,SELL,39902,884.1,-
17-OCT-2022,CARBORUNIV,Carborundum Universal Ltd,ISHARES MSCI INDIA SMALL-CAP ETF,BUY,39902,884.1,-
17-OCT-2022,GLENMARK,Glenmark Pharmaceuticals Ltd,ISHARES INDIA SC MAURITIUS COMPANY,SELL,39226,390.85,-
17-OCT-2022,GLENMARK,Glenmark Pharmaceuticals Ltd,ISHARES MSCI INDIA SMALL-CAP ETF,BUY,39226,390.85,-
17-OCT-2022,SANOFI,Sanofi India Ltd,ISHARES CORE MSCI EMERGING MARKETS ETF,BUY,38863,5743.7,-
17-OCT-2022,SANOFI,Sanofi India Ltd,ISHARES CORE EMERGING MARKETS MAURITIUS CO,SELL,38863,5743.7,-
17-OCT-2022,PRAJIND,Praj Industries Ltd,ISHARES INDIA SC MAURITIUS COMPANY,SELL,38513,435.1,-
17-OCT-2022,PRAJIND,Praj Industries Ltd,ISHARES MSCI INDIA SMALL-CAP ETF,BUY,38513,435.1,-
17-OCT-2022,TVSMOTOR,TVS Motor Company Ltd,ISHARES MSCI INDIA SMALL-CAP ETF,BUY,38062,1078.35,-
17-OCT-2022,TVSMOTOR,TVS Motor Company Ltd,ISHARES INDIA SC MAURITIUS COMPANY,SELL,38062,1078.35,-
17-OCT-2022,KANSAINER,Kansai Nerolac Paints Ltd,ISHARES INDIA SC MAURITIUS COMPANY,SELL,37216,481.35,-
17-OCT-2022,KANSAINER,Kansai Nerolac Paints Ltd,ISHARES MSCI INDIA SMALL-CAP ETF,BUY,37216,481.35,-
17-OCT-2022,INDIAMART,IndiaMART InterMESH Ltd,ISHARES CORE MSCI EMERGING MARKETS ETF,BUY,36205,4336.8,-
17-OCT-2022,INDIAMART,IndiaMART InterMESH Ltd,ISHARES CORE EMERGING MARKETS MAURITIUS CO,SELL,36205,4336.8,-
17-OCT-2022,SUNDRMFAST,Sundram Fasteners Ltd,ISHARES INDIA SC MAURITIUS COMPANY,SELL,36108,921.45,-
17-OCT-2022,SUNDRMFAST,Sundram Fasteners Ltd,ISHARES MSCI INDIA SMALL-CAP ETF,BUY,36108,921.45,-
17-OCT-2022,IPCALAB,Ipca Laboratories Ltd,ISHARES MSCI INDIA SMALL-CAP ETF,BUY,34160,889.45,-
17-OCT-2022,IPCALAB,Ipca Laboratories Ltd,ISHARES INDIA SC MAURITIUS COMPANY,SELL,34160,889.45,-
17-OCT-2022,BAYERCROP,Bayer CropScience Ltd,ISHARES CORE MSCI EMERGING MARKETS ETF,BUY,33905,4649.55,-
17-OCT-2022,BAYERCROP,Bayer CropScience Ltd,ISHARES CORE EMERGING MARKETS MAURITIUS CO,SELL,33905,4649.55,-
17-OCT-2022,SKFINDIA,SKF India Ltd,ISHARES CORE MSCI EMERGING MARKETS ETF,BUY,31931,4517.95,-
17-OCT-2022,SKFINDIA,SKF India Ltd,ISHARES CORE EMERGING MARKETS MAURITIUS CO,SELL,31931,4517.95,-
17-OCT-2022,RADICO,Radico Khaitan Ltd,ISHARES INDIA SC MAURITIUS COMPANY,SELL,31457,1034.95,-
17-OCT-2022,RADICO,Radico Khaitan Ltd,ISHARES MSCI INDIA SMALL-CAP ETF,BUY,31457,1034.95,-
17-OCT-2022,CHOLAHLDNG,Cholamandalam Financial Holdings Ltd,ISHARES INDIA SC MAURITIUS COMPANY,SELL,31255,623.6,-
17-OCT-2022,CHOLAHLDNG,Cholamandalam Financial Holdings Ltd,ISHARES MSCI INDIA SMALL-CAP ETF,BUY,31255,623.6,-
17-OCT-2022,TATACOMM,Tata Communications Ltd,ISHARES INDIA SC MAURITIUS COMPANY,SELL,30444,1163.7,-
17-OCT-2022,TATACOMM,Tata Communications Ltd,ISHARES MSCI INDIA SMALL-CAP ETF,BUY,30444,1163.7,-
17-OCT-2022,MGL,Mahanagar Gas Ltd,ISHARES INDIA SC MAURITIUS COMPANY,SELL,30290,808.4,-
17-OCT-2022,MGL,Mahanagar Gas Ltd,ISHARES MSCI INDIA SMALL-CAP ETF,BUY,30290,808.4,-
17-OCT-2022,KPRMILL,K.P.R. Mill Limited,ISHARES MSCI INDIA SMALL-CAP ETF,BUY,29520,565.85,-
17-OCT-2022,KPRMILL,K.P.R. Mill Limited,ISHARES INDIA SC MAURITIUS COMPANY,SELL,29520,565.85,-
17-OCT-2022,CYIENT,Cyient Ltd,ISHARES MSCI INDIA SMALL-CAP ETF,BUY,28712,759.95,-
17-OCT-2022,CYIENT,Cyient Ltd,ISHARES INDIA SC MAURITIUS COMPANY,SELL,28712,759.95,-
17-OCT-2022,INTELLECT,Intellect Design Arena Ltd,ISHARES MSCI INDIA SMALL-CAP ETF,BUY,28138,528.3,-
17-OCT-2022,INTELLECT,Intellect Design Arena Ltd,ISHARES INDIA SC MAURITIUS COMPANY,SELL,28138,528.3,-
17-OCT-2022,TATACHEM,Tata Chemicals Ltd,ISHARES MSCI INDIA SMALL-CAP ETF,BUY,28071,1143.7,-
17-OCT-2022,TATACHEM,Tata Chemicals Ltd,ISHARES INDIA SC MAURITIUS COMPANY,SELL,28071,1143.7,-
17-OCT-2022,APLAPOLLO,APL Apollo Tubes Ltd,ISHARES INDIA SC MAURITIUS COMPANY,SELL,27570,1120.75,-
17-OCT-2022,APLAPOLLO,APL Apollo Tubes Ltd,ISHARES MSCI INDIA SMALL-CAP ETF,BUY,27570,1120.75,-
17-OCT-2022,PHOENIXLTD,The Phoenix Mills Ltd,ISHARES INDIA SC MAURITIUS COMPANY,SELL,26225,1361.85,-
17-OCT-2022,PHOENIXLTD,The Phoenix Mills Ltd,ISHARES MSCI INDIA SMALL-CAP ETF,BUY,26225,1361.85,-
17-OCT-2022,GESHIP,Great Eastern Shipping Company Ltd,ISHARES MSCI INDIA SMALL-CAP ETF,BUY,25857,514.0,-
17-OCT-2022,GESHIP,Great Eastern Shipping Company Ltd,ISHARES INDIA SC MAURITIUS COMPANY,SELL,25857,514.0,-
17-OCT-2022,QUESS,Quess Corp Ltd,ISHARES INDIA SC MAURITIUS COMPANY,SELL,25839,576.35,-
17-OCT-2022,QUESS,Quess Corp Ltd,ISHARES MSCI INDIA SMALL-CAP ETF,BUY,25839,576.35,-
17-OCT-2022,CUMMINSIND,Cummins India Ltd,ISHARES MSCI INDIA SMALL-CAP ETF,BUY,24984,1185.65,-
17-OCT-2022,CUMMINSIND,Cummins India Ltd,ISHARES INDIA SC MAURITIUS COMPANY,SELL,24984,1185.65,-
17-OCT-2022,ATUL,Atul Ltd,ISHARES CORE MSCI EMERGING MARKETS ETF,BUY,24748,8764.75,-
17-OCT-2022,ATUL,Atul Ltd,ISHARES CORE EMERGING MARKETS MAURITIUS CO,SELL,24748,8764.75,-
17-OCT-2022,NH,Narayana Hrudayalaya Ltd,ISHARES INDIA SC MAURITIUS COMPANY,SELL,24703,729.7,-
17-OCT-2022,NH,Narayana Hrudayalaya Ltd,ISHARES MSCI INDIA SMALL-CAP ETF,BUY,24703,729.7,-
17-OCT-2022,TANLA,Tanla Platforms Ltd,ISHARES MSCI INDIA SMALL-CAP ETF,BUY,23145,820.8,-
17-OCT-2022,TANLA,Tanla Platforms Ltd,ISHARES INDIA SC MAURITIUS COMPANY,SELL,23145,820.8,-
17-OCT-2022,NATCOPHARM,Natco Pharma Ltd,ISHARES MSCI INDIA SMALL-CAP ETF,BUY,22852,598.0,-
17-OCT-2022,NATCOPHARM,Natco Pharma Ltd,ISHARES INDIA SC MAURITIUS COMPANY,SELL,22852,598.0,-
17-OCT-2022,KAJARIACER,Kajaria Ceramics Ltd,ISHARES MSCI INDIA SMALL-CAP ETF,BUY,21219,1088.75,-
17-OCT-2022,KAJARIACER,Kajaria Ceramics Ltd,ISHARES INDIA SC MAURITIUS COMPANY,SELL,21219,1088.75,-
17-OCT-2022,AFFLE,Affle 3I Ltd,ISHARES MSCI INDIA SMALL-CAP ETF,BUY,20880,1174.75,-
17-OCT-2022,AFFLE,Affle 3I Ltd,ISHARES INDIA SC MAURITIUS COMPANY,SELL,20880,1174.75,-
17-OCT-2022,DALBHARAT,Dalmia Bharat Ltd,ISHARES INDIA SC MAURITIUS COMPANY,SELL,20015,1503.45,-
17-OCT-2022,DALBHARAT,Dalmia Bharat Ltd,ISHARES MSCI INDIA SMALL-CAP ETF,BUY,20015,1503.45,-
17-OCT-2022,HAPPSTMNDS,Happiest Minds Technologies Ltd,ISHARES INDIA SC MAURITIUS COMPANY,SELL,19559,990.9,-
17-OCT-2022,HAPPSTMNDS,Happiest Minds Technologies Ltd,ISHARES MSCI INDIA SMALL-CAP ETF,BUY,19559,990.9,-
17-OCT-2022,TIINDIA,Tube Investments of India Ltd,ISHARES MSCI INDIA SMALL-CAP ETF,BUY,19473,2643.9,-
17-OCT-2022,TIINDIA,Tube Investments of India Ltd,ISHARES INDIA SC MAURITIUS COMPANY,SELL,19473,2643.9,-
17-OCT-2022,DEEPAKFERT,Deepak Fertilisers & Petrochemicals Corporation Ltd,ISHARES MSCI INDIA SMALL-CAP ETF,BUY,18912,894.55,-
17-OCT-2022,DEEPAKFERT,Deepak Fertilisers & Petrochemicals Corporation Ltd,ISHARES INDIA SC MAURITIUS COMPANY,SELL,18912,894.55,-
17-OCT-2022,BATAINDIA,Bata India Ltd,ISHARES MSCI INDIA SMALL-CAP ETF,BUY,18860,1785.35,-
17-OCT-2022,BATAINDIA,Bata India Ltd,ISHARES INDIA SC MAURITIUS COMPANY,SELL,18860,1785.35,-
17-OCT-2022,PVRINOX,PVR Inox Ltd,ISHARES INDIA SC MAURITIUS COMPANY,SELL,18297,1691.95,-
17-OCT-2022,PVRINOX,PVR Inox Ltd,ISHARES MSCI INDIA SMALL-CAP ETF,BUY,18297,1691.95,-
17-OCT-2022,ASTRAL,Astral Ltd,ISHARES MSCI INDIA SMALL-CAP ETF,BUY,18109,2150.0,-
17-OCT-2022,ASTRAL,Astral Ltd,ISHARES INDIA SC MAURITIUS COMPANY,SELL,18109,2150.0,-
17-OCT-2022,GRINDWELL,Grindwell Norton Ltd-$,ISHARES MSCI INDIA SMALL-CAP ETF,BUY,17723,2049.0,-
17-OCT-2022,GRINDWELL,Grindwell Norton Ltd-$,ISHARES INDIA SC MAURITIUS COMPANY,SELL,17723,2049.0,-
17-OCT-2022,WHIRLPOOL,Whirlpool of India Ltd,ISHARES MSCI INDIA SMALL-CAP ETF,BUY,17685,1566.2,-
17-OCT-2022,WHIRLPOOL,Whirlpool of India Ltd,ISHARES INDIA SC MAURITIUS COMPANY,SELL,17685,1566.2,-
17-OCT-2022,AAVAS,AAVAS Financiers Ltd,ISHARES MSCI INDIA SMALL-CAP ETF,BUY,17387,2076.5,-
17-OCT-2022,AAVAS,AAVAS Financiers Ltd,ISHARES INDIA SC MAURITIUS COMPANY,SELL,17387,2076.5,-
17-OCT-2022,BLUESTARCO,Blue Star Ltd,ISHARES MSCI INDIA SMALL-CAP ETF,BUY,17126,1166.15,-
17-OCT-2022,BLUESTARCO,Blue Star Ltd,ISHARES INDIA SC MAURITIUS COMPANY,SELL,17126,1166.15,-
17-OCT-2022,RELAXO,Relaxo Footwears Ltd-$,ISHARES INDIA SC MAURITIUS COMPANY,SELL,17070,977.4,-
17-OCT-2022,RELAXO,Relaxo Footwears Ltd-$,ISHARES MSCI INDIA SMALL-CAP ETF,BUY,17070,977.4,-
17-OCT-2022,THERMAX,Thermax Ltd,ISHARES INDIA SC MAURITIUS COMPANY,SELL,16692,2026.25,-
17-OCT-2022,THERMAX,Thermax Ltd,ISHARES MSCI INDIA SMALL-CAP ETF,BUY,16692,2026.25,-
17-OCT-2022,CREDITACC,CreditAccess Grameen Ltd,ISHARES INDIA SC MAURITIUS COMPANY,SELL,16347,977.15,-
17-OCT-2022,CREDITACC,CreditAccess Grameen Ltd,ISHARES MSCI INDIA SMALL-CAP ETF,BUY,16347,977.15,-
17-OCT-2022,FINEORG,Fine Organic Industries Ltd,ISHARES CORE EMERGING MARKETS MAURITIUS CO,SELL,16226,7048.1,-
17-OCT-2022,FINEORG,Fine Organic Industries Ltd,ISHARES CORE MSCI EMERGING MARKETS ETF,BUY,16226,7048.1,-
17-OCT-2022,ENDURANCE,Endurance Technologies Ltd,ISHARES INDIA SC MAURITIUS COMPANY,SELL,15661,1361.15,-
17-OCT-2022,ENDURANCE,Endurance Technologies Ltd,ISHARES MSCI INDIA SMALL-CAP ETF,BUY,15661,1361.15,-
17-OCT-2022,KEI,KEI Industries Ltd,ISHARES INDIA SC MAURITIUS COMPANY,SELL,15613,1432.9,-
17-OCT-2022,KEI,KEI Industries Ltd,ISHARES MSCI INDIA SMALL-CAP ETF,BUY,15613,1432.9,-
17-OCT-2022,SHREECEM,Shree Cement Ltd,ISHARES CORE MSCI EMERGING MARKETS ETF,BUY,14972,21188.5,-
17-OCT-2022,SHREECEM,Shree Cement Ltd,ISHARES CORE EMERGING MARKETS MAURITIUS CO,SELL,14972,21188.5,-
17-OCT-2022,JKCEMENT,JK Cement Ltd,ISHARES INDIA SC MAURITIUS COMPANY,SELL,13914,2479.15,-
17-OCT-2022,JKCEMENT,JK Cement Ltd,ISHARES MSCI INDIA SMALL-CAP ETF,BUY,13914,2479.15,-
17-OCT-2022,BLUEDART,Blue Dart Express Ltd,ISHARES CORE EMERGING MARKETS MAURITIUS CO,SELL,13791,8930.25,-
17-OCT-2022,BLUEDART,Blue Dart Express Ltd,ISHARES CORE MSCI EMERGING MARKETS ETF,BUY,13791,8930.25,-
17-OCT-2022,LALPATHLAB,Dr. Lal PathLabs Ltd,ISHARES INDIA SC MAURITIUS COMPANY,SELL,12934,2377.5,-
17-OCT-2022,LALPATHLAB,Dr. Lal PathLabs Ltd,ISHARES MSCI INDIA SMALL-CAP ETF,BUY,12934,2377.5,-
17-OCT-2022,SUPREMEIND,Supreme Industries Ltd,ISHARES INDIA SC MAURITIUS COMPANY,SELL,12720,1939.55,-
17-OCT-2022,SUPREMEIND,Supreme Industries Ltd,ISHARES MSCI INDIA SMALL-CAP ETF,BUY,12720,1939.55,-
17-OCT-2022,BAJAJELEC,Bajaj Electricals Ltd-$,ISHARES INDIA SC MAURITIUS COMPANY,SELL,12664,1144.3,-
17-OCT-2022,BAJAJELEC,Bajaj Electricals Ltd-$,ISHARES MSCI INDIA SMALL-CAP ETF,BUY,12664,1144.3,-
17-OCT-2022,DEEPAKNTR,Deepak Nitrite Ltd-$,ISHARES INDIA SC MAURITIUS COMPANY,SELL,12524,2225.05,-
17-OCT-2022,DEEPAKNTR,Deepak Nitrite Ltd-$,ISHARES MSCI INDIA SMALL-CAP ETF,BUY,12524,2225.05,-
17-OCT-2022,TIMKEN,Timken India Ltd,ISHARES MSCI INDIA SMALL-CAP ETF,BUY,12484,3076.15,-
17-OCT-2022,TIMKEN,Timken India Ltd,ISHARES INDIA SC MAURITIUS COMPANY,SELL,12484,3076.15,-
17-OCT-2022,TTKPRESTIG,TTK Prestige Ltd,ISHARES MSCI INDIA SMALL-CAP ETF,BUY,12320,983.55,-
17-OCT-2022,TTKPRESTIG,TTK Prestige Ltd,ISHARES INDIA SC MAURITIUS COMPANY,SELL,12320,983.55,-
17-OCT-2022,GLAXO,GlaxoSmithKline Pharmaceuticals Ltd,ISHARES INDIA SC MAURITIUS COMPANY,SELL,11841,1378.65,-
17-OCT-2022,GLAXO,GlaxoSmithKline Pharmaceuticals Ltd,ISHARES MSCI INDIA SMALL-CAP ETF,BUY,11841,1378.65,-
17-OCT-2022,AIAENG,AIA Engineering Ltd,ISHARES MSCI INDIA SMALL-CAP ETF,BUY,11326,2598.35,-
17-OCT-2022,AIAENG,AIA Engineering Ltd,ISHARES INDIA SC MAURITIUS COMPANY,SELL,11326,2598.35,-
17-OCT-2022,POLYCAB,Polycab India Ltd,ISHARES INDIA SC MAURITIUS COMPANY,SELL,10985,2570.45,-
17-OCT-2022,POLYCAB,Polycab India Ltd,ISHARES MSCI INDIA SMALL-CAP ETF,BUY,10985,2570.45,-
17-OCT-2022,COFORGE,Coforge Ltd,ISHARES INDIA SC MAURITIUS COMPANY,SELL,10764,3742.0,-
17-OCT-2022,COFORGE,Coforge Ltd,ISHARES MSCI INDIA SMALL-CAP ETF,BUY,10764,3742.0,-
17-OCT-2022,AJANTPHARM,Ajanta Pharma Ltd,ISHARES INDIA SC MAURITIUS COMPANY,SELL,10591,1275.95,-
17-OCT-2022,AJANTPHARM,Ajanta Pharma Ltd,ISHARES MSCI INDIA SMALL-CAP ETF,BUY,10591,1275.95,-
17-OCT-2022,LMW,LMW Ltd,ISHARES CORE MSCI EMERGING MARKETS ETF,BUY,10232,12114.5,-
17-OCT-2022,LMW,LMW Ltd,ISHARES CORE EMERGING MARKETS MAURITIUS CO,SELL,10232,12114.5,-
17-OCT-2022,PERSISTENT,Persistent Systems Ltd,ISHARES INDIA SC MAURITIUS COMPANY,SELL,9950,3647.4,-
17-OCT-2022,PERSISTENT,Persistent Systems Ltd,ISHARES MSCI INDIA SMALL-CAP ETF,BUY,9950,3647.4,-
17-OCT-2022,SCHAEFFLER,Schaeffler India Ltd,ISHARES INDIA SC MAURITIUS COMPANY,SELL,9392,3202.15,-
17-OCT-2022,SCHAEFFLER,Schaeffler India Ltd,ISHARES MSCI INDIA SMALL-CAP ETF,BUY,9392,3202.15,-
17-OCT-2022,360ONE,360 ONE WAM LTD,ISHARES INDIA SC MAURITIUS COMPANY,SELL,9195,1808.1,-
17-OCT-2022,360ONE,360 ONE WAM LTD,ISHARES MSCI INDIA SMALL-CAP ETF,BUY,9195,1808.1,-
17-OCT-2022,OFSS,Oracle Financial Services Software Ltd,ISHARES INDIA SC MAURITIUS COMPANY,SELL,9029,2947.3,-
17-OCT-2022,OFSS,Oracle Financial Services Software Ltd,ISHARES MSCI INDIA SMALL-CAP ETF,BUY,9029,2947.3,-
17-OCT-2022,CAMS,Computer Age Management Services Ltd,ISHARES INDIA SC MAURITIUS COMPANY,SELL,9008,2575.95,-
17-OCT-2022,CAMS,Computer Age Management Services Ltd,ISHARES MSCI INDIA SMALL-CAP ETF,BUY,9008,2575.95,-
17-OCT-2022,VINATIORGA,Vinati Organics Ltd-$,ISHARES MSCI INDIA SMALL-CAP ETF,BUY,8885,1943.1,-
17-OCT-2022,VINATIORGA,Vinati Organics Ltd-$,ISHARES INDIA SC MAURITIUS COMPANY,SELL,8885,1943.1,-
17-OCT-2022,SKFINDIA,SKF India Ltd,ISHARES MSCI INDIA SMALL-CAP ETF,BUY,8536,4517.95,-
17-OCT-2022,SKFINDIA,SKF India Ltd,ISHARES INDIA SC MAURITIUS COMPANY,SELL,8536,4517.95,-
17-OCT-2022,CRISIL,Crisil Ltd,ISHARES INDIA SC MAURITIUS COMPANY,SELL,8144,3143.45,-
17-OCT-2022,CRISIL,Crisil Ltd,ISHARES MSCI INDIA SMALL-CAP ETF,BUY,8144,3143.45,-
17-OCT-2022,PAGEIND,Page Industries Ltd,ISHARES CORE EMERGING MARKETS MAURITIUS CO,SELL,7682,50754.3,-
17-OCT-2022,PAGEIND,Page Industries Ltd,ISHARES CORE MSCI EMERGING MARKETS ETF,BUY,7682,50754.3,-
17-OCT-2022,3MINDIA,3M India Ltd,ISHARES CORE EMERGING MARKETS MAURITIUS CO,SELL,7629,23003.45,-
17-OCT-2022,3MINDIA,3M India Ltd,ISHARES CORE MSCI EMERGING MARKETS ETF,BUY,7629,23003.45,-
17-OCT-2022,LINDEINDIA,Linde India Ltd,ISHARES INDIA SC MAURITIUS COMPANY,SELL,7337,3150.5,-
17-OCT-2022,LINDEINDIA,Linde India Ltd,ISHARES MSCI INDIA SMALL-CAP ETF,BUY,7337,3150.5,-
17-OCT-2022,NAVINFLUOR,Navin Fluorine International Ltd-$,ISHARES INDIA SC MAURITIUS COMPANY,SELL,7332,4608.15,-
17-OCT-2022,NAVINFLUOR,Navin Fluorine International Ltd-$,ISHARES MSCI INDIA SMALL-CAP ETF,BUY,7332,4608.15,-
17-OCT-2022,DIXON,Dixon Technologies (India) Ltd,ISHARES INDIA SC MAURITIUS COMPANY,SELL,7265,4249.05,-
17-OCT-2022,DIXON,Dixon Technologies (India) Ltd,ISHARES MSCI INDIA SMALL-CAP ETF,BUY,7265,4249.05,-
17-OCT-2022,GMMPFAUDLR,GMM Pfaudler Ltd,ISHARES MSCI INDIA SMALL-CAP ETF,BUY,6898,1829.75,-
17-OCT-2022,GMMPFAUDLR,GMM Pfaudler Ltd,ISHARES INDIA SC MAURITIUS COMPANY,SELL,6898,1829.75,-
17-OCT-2022,FLUOROCHEM,Gujarat Fluorochemicals Ltd,ISHARES MSCI INDIA SMALL-CAP ETF,BUY,6713,3924.5,-
17-OCT-2022,FLUOROCHEM,Gujarat Fluorochemicals Ltd,ISHARES INDIA SC MAURITIUS COMPANY,SELL,6713,3924.5,-
17-OCT-2022,SOLARINDS,Solar Industries India Ltd,ISHARES INDIA SC MAURITIUS COMPANY,SELL,6637,3847.5,-
17-OCT-2022,SOLARINDS,Solar Industries India Ltd,ISHARES MSCI INDIA SMALL-CAP ETF,BUY,6637,3847.5,-
17-OCT-2022,BAYERCROP,Bayer CropScience Ltd,ISHARES MSCI INDIA SMALL-CAP ETF,BUY,4638,4649.55,-
17-OCT-2022,BAYERCROP,Bayer CropScience Ltd,ISHARES INDIA SC MAURITIUS COMPANY,SELL,4638,4649.55,-
17-OCT-2022,INDIAMART,IndiaMART InterMESH Ltd,ISHARES INDIA SC MAURITIUS COMPANY,SELL,4546,4336.8,-
17-OCT-2022,INDIAMART,IndiaMART InterMESH Ltd,ISHARES MSCI INDIA SMALL-CAP ETF,BUY,4546,4336.8,-
17-OCT-2022,SANOFI,Sanofi India Ltd,ISHARES MSCI INDIA SMALL-CAP ETF,BUY,4485,5743.7,-
17-OCT-2022,SANOFI,Sanofi India Ltd,ISHARES INDIA SC MAURITIUS COMPANY,SELL,4485,5743.7,-
17-OCT-2022,ATUL,Atul Ltd,ISHARES INDIA SC MAURITIUS COMPANY,SELL,3951,8764.75,-
17-OCT-2022,ATUL,Atul Ltd,ISHARES MSCI INDIA SMALL-CAP ETF,BUY,3951,8764.75,-
17-OCT-2022,MRF,MRF Ltd,ISHARES CORE EMERGING MARKETS MAURITIUS CO,SELL,3371,81350.15,-
17-OCT-2022,MRF,MRF Ltd,ISHARES CORE MSCI EMERGING MARKETS ETF,BUY,3371,81350.15,-
17-OCT-2022,FINEORG,Fine Organic Industries Ltd,ISHARES INDIA SC MAURITIUS COMPANY,SELL,2674,7048.1,-
17-OCT-2022,FINEORG,Fine Organic Industries Ltd,ISHARES MSCI INDIA SMALL-CAP ETF,BUY,2674,7048.1,-
17-OCT-2022,BLUEDART,Blue Dart Express Ltd,ISHARES INDIA SC MAURITIUS COMPANY,SELL,1315,8930.25,-
17-OCT-2022,BLUEDART,Blue Dart Express Ltd,ISHARES MSCI INDIA SMALL-CAP ETF,BUY,1315,8930.25,-
17-OCT-2022,3MINDIA,3M India Ltd,ISHARES INDIA SC MAURITIUS COMPANY,SELL,977,23003.45,-
17-OCT-2022,3MINDIA,3M India Ltd,ISHARES MSCI INDIA SMALL-CAP ETF,BUY,977,23003.45,-
17-OCT-2022,LMW,LMW Ltd,ISHARES MSCI INDIA SMALL-CAP ETF,BUY,883,12114.5,-
17-OCT-2022,LMW,LMW Ltd,ISHARES INDIA SC MAURITIUS COMPANY,SELL,883,12114.5,-
21-OCT-2022,SHILPAMED,Shilpa Medicare Ltd,NALINI DHIRAJLAL PAREKH,BUY,835000,330.7,-
21-OCT-2022,SHILPAMED,Shilpa Medicare Ltd,PIVOTAL BUSINESS MANAGERS LLP,SELL,835000,330.7,-
21-OCT-2022,SHILPAMED,Shilpa Medicare Ltd,PIVOTAL BUSINESS MANAGERS LLP,SELL,370000,330.7,-
21-OCT-2022,SHILPAMED,Shilpa Medicare Ltd,BIMAL JASVANTLAL PAREKH,BUY,370000,330.7,-
21-OCT-2022,SHILPAMED,Shilpa Medicare Ltd,PIVOTAL BUSINESS MANAGERS LLP,SELL,306667,330.7,-
21-OCT-2022,SHILPAMED,Shilpa Medicare Ltd,ARUN JAYANTILAL SHAH,BUY,306667,330.7,-
21-OCT-2022,SHILPAMED,Shilpa Medicare Ltd,PIVOTAL BUSINESS MANAGERS LLP,SELL,303333,330.7,-
21-OCT-2022,SHILPAMED,Shilpa Medicare Ltd,MALIKA BIMAL PAREKH,BUY,303333,330.7,-
25-OCT-2022,IDEA,Vodafone Idea Ltd,ISHARES CORE MSCI EMERGING MARKETS ETF,BUY,22911956,8.7,-
25-OCT-2022,IDEA,Vodafone Idea Ltd,ISHARES CORE EMERGING MARKETS MAURITIUS CO,SELL,22911956,8.7,-
25-OCT-2022,GMRAIRPORT,GMR Airports Ltd,ISHARES CORE MSCI EMERGING MARKETS ETF,BUY,6346999,34.9,-
25-OCT-2022,GMRAIRPORT,GMR Airports Ltd,ISHARES CORE EMERGING MARKETS MAURITIUS CO,SELL,6346999,34.9,-
25-OCT-2022,IDEA,Vodafone Idea Ltd,ISHARES INDIA SC MAURITIUS COMPANY,SELL,3786425,8.7,-
25-OCT-2022,IDEA,Vodafone Idea Ltd,ISHARES MSCI INDIA SMALL-CAP ETF,BUY,3786425,8.7,-
25-OCT-2022,IDFCFIRSTB,IDFC First Bank Ltd,ISHARES CORE MSCI EMERGING MARKETS ETF,BUY,3433033,58.4,-
25-OCT-2022,IDFCFIRSTB,IDFC First Bank Ltd,ISHARES CORE EMERGING MARKETS MAURITIUS CO,SELL,3433033,58.4,-
25-OCT-2022,BEL,Bharat Electronics Ltd,ISHARES CORE EMERGING MARKETS MAURITIUS CO,SELL,3332697,104.9,-
25-OCT-2022,BEL,Bharat Electronics Ltd,ISHARES CORE MSCI EMERGING MARKETS ETF,BUY,3332697,104.9,-
25-OCT-2022,IDFC,IDFC Ltd,ISHARES CORE MSCI EMERGING MARKETS ETF,BUY,2933090,79.6,-
25-OCT-2022,IDFC,IDFC Ltd,ISHARES CORE EMERGING MARKETS MAURITIUS CO,SELL,2933090,79.6,-
25-OCT-2022,RECLTD,REC Ltd,ISHARES CORE MSCI EMERGING MARKETS ETF,BUY,2733264,94.65,-
25-OCT-2022,RECLTD,REC Ltd,ISHARES CORE EMERGING MARKETS MAURITIUS CO,SELL,2733264,94.65,-
25-OCT-2022,INFY,Infosys Ltd,ISHARES CORE EMERGING MARKETS MAURITIUS CO,SELL,2609139,1517.4,-
25-OCT-2022,INFY,Infosys Ltd,ISHARES CORE MSCI EMERGING MARKETS ETF,BUY,2609139,1517.4,-
25-OCT-2022,RELIANCE,Reliance Industries Ltd,ISHARES CORE MSCI EMERGING MARKETS ETF,BUY,2504679,2479.7,-
25-OCT-2022,RELIANCE,Reliance Industries Ltd,ISHARES CORE EMERGING MARKETS MAURITIUS CO,SELL,2504679,2479.7,-
25-OCT-2022,MOTHERSON,Samvardhana Motherson International Ltd,ISHARES CORE MSCI EMERGING MARKETS ETF,BUY,2494712,62.8,-
25-OCT-2022,MOTHERSON,Samvardhana Motherson International Ltd,ISHARES CORE EMERGING MARKETS MAURITIUS CO,SELL,2494712,62.8,-
25-OCT-2022,ETERNAL,Eternal Ltd,ISHARES CORE MSCI EMERGING MARKETS ETF,BUY,2395008,62.35,-
25-OCT-2022,ETERNAL,Eternal Ltd,ISHARES CORE EMERGING MARKETS MAURITIUS CO,SELL,2395008,62.35,-
25-OCT-2022,IOC,Indian Oil Corporation Ltd,ISHARES CORE EMERGING MARKETS MAURITIUS CO,SELL,2230595,68.05,-
25-OCT-2022,IOC,Indian Oil Corporation Ltd,ISHARES CORE MSCI EMERGING MARKETS ETF,BUY,2230595,68.05,-
25-OCT-2022,NATIONALUM,National Aluminium Company Ltd,ISHARES CORE EMERGING MARKETS MAURITIUS CO,SELL,2194381,70.15,-
25-OCT-2022,NATIONALUM,National Aluminium Company Ltd,ISHARES CORE MSCI EMERGING MARKETS ETF,BUY,2194381,70.15,-
25-OCT-2022,GAIL,Gail (India) Ltd,ISHARES CORE MSCI EMERGING MARKETS ETF,BUY,2131852,86.8,-
25-OCT-2022,GAIL,Gail (India) Ltd,ISHARES CORE EMERGING MARKETS MAURITIUS CO,SELL,2131852,86.8,-
25-OCT-2022,ONGC,Oil and Natural Gas Corporation Ltd,ISHARES CORE MSCI EMERGING MARKETS ETF,BUY,2046537,132.8,-
25-OCT-2022,ONGC,Oil and Natural Gas Corporation Ltd,ISHARES CORE EMERGING MARKETS MAURITIUS CO,SELL,2046537,132.8,-
25-OCT-2022,IDFCFIRSTB,IDFC First Bank Ltd,ISHARES INDIA SC MAURITIUS COMPANY,SELL,1832027,58.4,-
25-OCT-2022,IDFCFIRSTB,IDFC First Bank Ltd,ISHARES MSCI INDIA SMALL-CAP ETF,BUY,1832027,58.4,-
25-OCT-2022,REDINGTON,Redington Ltd,ISHARES CORE MSCI EMERGING MARKETS ETF,BUY,1537319,140.55,-
25-OCT-2022,REDINGTON,Redington Ltd,ISHARES CORE EMERGING MARKETS MAURITIUS CO,SELL,1537319,140.55,-
25-OCT-2022,INDUSTOWER,Indus Towers Ltd,ISHARES CORE EMERGING MARKETS MAURITIUS CO,SELL,1467600,194.15,-
25-OCT-2022,INDUSTOWER,Indus Towers Ltd,ISHARES CORE MSCI EMERGING MARKETS ETF,BUY,1467600,194.15,-
25-OCT-2022,MSUMI,Motherson Sumi Wiring India Ltd,ISHARES CORE MSCI EMERGING MARKETS ETF,BUY,1431093,86.85,-
25-OCT-2022,MSUMI,Motherson Sumi Wiring India Ltd,ISHARES CORE EMERGING MARKETS MAURITIUS CO,SELL,1431093,86.85,-
25-OCT-2022,FEDERALBNK,Federal Bank Ltd,ISHARES CORE EMERGING MARKETS MAURITIUS CO,SELL,1333703,134.75,-
25-OCT-2022,FEDERALBNK,Federal Bank Ltd,ISHARES CORE MSCI EMERGING MARKETS ETF,BUY,1333703,134.75,-
25-OCT-2022,M&MFIN,Mahindra & Mahindra Financial Services Ltd,ISHARES CORE EMERGING MARKETS MAURITIUS CO,SELL,1281301,204.35,-
25-OCT-2022,M&MFIN,Mahindra & Mahindra Financial Services Ltd,ISHARES CORE MSCI EMERGING MARKETS ETF,BUY,1281301,204.35,-
25-OCT-2022,ASHOKLEY,Ashok Leyland Ltd,ISHARES CORE MSCI EMERGING MARKETS ETF,BUY,1274562,144.55,-
25-OCT-2022,ASHOKLEY,Ashok Leyland Ltd,ISHARES CORE EMERGING MARKETS MAURITIUS CO,SELL,1274562,144.55,-
25-OCT-2022,COALINDIA,Coal India Ltd,ISHARES CORE EMERGING MARKETS MAURITIUS CO,SELL,1271118,240.5,-
25-OCT-2022,COALINDIA,Coal India Ltd,ISHARES CORE MSCI EMERGING MARKETS ETF,BUY,1271118,240.5,-
25-OCT-2022,TATAPOWER,Tata Power Company Ltd,ISHARES CORE EMERGING MARKETS MAURITIUS CO,SELL,1238122,219.0,-
25-OCT-2022,TATAPOWER,Tata Power Company Ltd,ISHARES CORE MSCI EMERGING MARKETS ETF,BUY,1238122,219.0,-
25-OCT-2022,HINDALCO,Hindalco Industries Ltd,ISHARES CORE MSCI EMERGING MARKETS ETF,BUY,1148268,395.6,-
25-OCT-2022,HINDALCO,Hindalco Industries Ltd,ISHARES CORE EMERGING MARKETS MAURITIUS CO,SELL,1148268,395.6,-
25-OCT-2022,EXIDEIND,Exide Industries Ltd,ISHARES CORE MSCI EMERGING MARKETS ETF,BUY,1125669,159.8,-
25-OCT-2022,EXIDEIND,Exide Industries Ltd,ISHARES CORE EMERGING MARKETS MAURITIUS CO,SELL,1125669,159.8,-
25-OCT-2022,WIPRO,Wipro Ltd,ISHARES CORE MSCI EMERGING MARKETS ETF,BUY,1116304,384.75,-
25-OCT-2022,WIPRO,Wipro Ltd,ISHARES CORE EMERGING MARKETS MAURITIUS CO,SELL,1116304,384.75,-
25-OCT-2022,IEX,Indian Energy Exchange Ltd,ISHARES CORE EMERGING MARKETS MAURITIUS CO,SELL,1084951,136.45,-
25-OCT-2022,IEX,Indian Energy Exchange Ltd,ISHARES CORE MSCI EMERGING MARKETS ETF,BUY,1084951,136.45,-
25-OCT-2022,ABCAPITAL,Aditya Birla Capital Ltd,ISHARES CORE EMERGING MARKETS MAURITIUS CO,SELL,1073377,114.35,-
25-OCT-2022,ABCAPITAL,Aditya Birla Capital Ltd,ISHARES CORE MSCI EMERGING MARKETS ETF,BUY,1073377,114.35,-
25-OCT-2022,CUB,City Union Bank Ltd,ISHARES CORE MSCI EMERGING MARKETS ETF,BUY,1010036,187.05,-
25-OCT-2022,CUB,City Union Bank Ltd,ISHARES CORE EMERGING MARKETS MAURITIUS CO,SELL,1010036,187.05,-
25-OCT-2022,CANBK,Canara Bank,ISHARES CORE EMERGING MARKETS MAURITIUS CO,SELL,982431,270.5,-
25-OCT-2022,CANBK,Canara Bank,ISHARES CORE MSCI EMERGING MARKETS ETF,BUY,982431,270.5,-
25-OCT-2022,FEDERALBNK,Federal Bank Ltd,ISHARES MSCI INDIA SMALL-CAP ETF,BUY,935885,134.75,-
25-OCT-2022,FEDERALBNK,Federal Bank Ltd,ISHARES INDIA SC MAURITIUS COMPANY,SELL,935885,134.75,-
25-OCT-2022,ASHOKLEY,Ashok Leyland Ltd,ISHARES INDIA SC MAURITIUS COMPANY,SELL,882515,144.55,-
25-OCT-2022,ASHOKLEY,Ashok Leyland Ltd,ISHARES MSCI INDIA SMALL-CAP ETF,BUY,882515,144.55,-
25-OCT-2022,PETRONET,Petronet LNG Ltd,ISHARES CORE MSCI EMERGING MARKETS ETF,BUY,844189,202.65,-
25-OCT-2022,PETRONET,Petronet LNG Ltd,ISHARES CORE EMERGING MARKETS MAURITIUS CO,SELL,844189,202.65,-
25-OCT-2022,GMRAIRPORT,GMR Airports Ltd,ISHARES INDIA SC MAURITIUS COMPANY,SELL,829533,34.9,-
25-OCT-2022,GMRAIRPORT,GMR Airports Ltd,ISHARES MSCI INDIA SMALL-CAP ETF,BUY,829533,34.9,-
25-OCT-2022,ZEEL,Zee Entertainment Enterprises Ltd,ISHARES CORE MSCI EMERGING MARKETS ETF,BUY,733999,267.5,-
25-OCT-2022,ZEEL,Zee Entertainment Enterprises Ltd,ISHARES CORE EMERGING MARKETS MAURITIUS CO,SELL,733999,267.5,-
25-OCT-2022,IGL,Indraprastha Gas Ltd,ISHARES CORE MSCI EMERGING MARKETS ETF,BUY,731468,383.35,-
25-OCT-2022,IGL,Indraprastha Gas Ltd,ISHARES CORE EMERGING MARKETS MAURITIUS CO,SELL,731468,383.35,-
25-OCT-2022,BPCL,Bharat Petroleum Corporation Ltd,ISHARES CORE EMERGING MARKETS MAURITIUS CO,SELL,715333,300.75,-
25-OCT-2022,BPCL,Bharat Petroleum Corporation Ltd,ISHARES CORE MSCI EMERGING MARKETS ETF,BUY,715333,300.75,-
25-OCT-2022,HDFCLIFE,HDFC Life Insurance Company Ltd,ISHARES CORE EMERGING MARKETS MAURITIUS CO,SELL,708062,541.6,-
25-OCT-2022,HDFCLIFE,HDFC Life Insurance Company Ltd,ISHARES CORE MSCI EMERGING MARKETS ETF,BUY,708062,541.6,-
25-OCT-2022,HINDPETRO,Hindustan Petroleum Corporation Ltd,ISHARES CORE EMERGING MARKETS MAURITIUS CO,SELL,687029,207.4,-
25-OCT-2022,HINDPETRO,Hindustan Petroleum Corporation Ltd,ISHARES CORE MSCI EMERGING MARKETS ETF,BUY,687029,207.4,-
25-OCT-2022,MSUMI,Motherson Sumi Wiring India Ltd,ISHARES INDIA SC MAURITIUS COMPANY,SELL,674882,86.85,-
25-OCT-2022,MSUMI,Motherson Sumi Wiring India Ltd,ISHARES MSCI INDIA SMALL-CAP ETF,BUY,674882,86.85,-
25-OCT-2022,GSPL,Gujarat State Petronet Ltd,ISHARES CORE MSCI EMERGING MARKETS ETF,BUY,663398,221.6,-
25-OCT-2022,GSPL,Gujarat State Petronet Ltd,ISHARES CORE EMERGING MARKETS MAURITIUS CO,SELL,663398,221.6,-
25-OCT-2022,VEDL,Vedanta Ltd,ISHARES CORE EMERGING MARKETS MAURITIUS CO,SELL,657222,281.75,-
25-OCT-2022,VEDL,Vedanta Ltd,ISHARES CORE MSCI EMERGING MARKETS ETF,BUY,657222,281.75,-
25-OCT-2022,INDHOTEL,Indian Hotels Company Ltd,ISHARES CORE MSCI EMERGING MARKETS ETF,BUY,651690,316.25,-
25-OCT-2022,INDHOTEL,Indian Hotels Company Ltd,ISHARES CORE EMERGING MARKETS MAURITIUS CO,SELL,651690,316.25,-
25-OCT-2022,CGPOWER,CG Power and Industrial Solutions Ltd,ISHARES CORE MSCI EMERGING MARKETS ETF,BUY,626727,255.95,-
25-OCT-2022,CGPOWER,CG Power and Industrial Solutions Ltd,ISHARES CORE EMERGING MARKETS MAURITIUS CO,SELL,626727,255.95,-
25-OCT-2022,ADANIPOWER,Adani Power Ltd,ISHARES CORE MSCI EMERGING MARKETS ETF,BUY,588259,335.55,-
25-OCT-2022,ADANIPOWER,Adani Power Ltd,ISHARES CORE EMERGING MARKETS MAURITIUS CO,SELL,588259,335.55,-
25-OCT-2022,FORTIS,Fortis Healthcare Ltd,ISHARES CORE EMERGING MARKETS MAURITIUS CO,SELL,553352,272.8,-
25-OCT-2022,FORTIS,Fortis Healthcare Ltd,ISHARES CORE MSCI EMERGING MARKETS ETF,BUY,553352,272.8,-
25-OCT-2022,BANDHANBNK,Bandhan Bank Ltd,ISHARES CORE EMERGING MARKETS MAURITIUS CO,SELL,542036,268.45,-
25-OCT-2022,BANDHANBNK,Bandhan Bank Ltd,ISHARES CORE MSCI EMERGING MARKETS ETF,BUY,542036,268.45,-
25-OCT-2022,DLF,DLF Ltd,ISHARES CORE MSCI EMERGING MARKETS ETF,BUY,542016,367.65,-
25-OCT-2022,DLF,DLF Ltd,ISHARES CORE EMERGING MARKETS MAURITIUS CO,SELL,542016,367.65,-
25-OCT-2022,DABUR,Dabur India Ltd,ISHARES CORE EMERGING MARKETS MAURITIUS CO,SELL,536017,536.85,-
25-OCT-2022,DABUR,Dabur India Ltd,ISHARES CORE MSCI EMERGING MARKETS ETF,BUY,536017,536.85,-
25-OCT-2022,JSWSTEEL,JSW Steel Ltd,ISHARES CORE MSCI EMERGING MARKETS ETF,BUY,532896,629.2,-
25-OCT-2022,JSWSTEEL,JSW Steel Ltd,ISHARES CORE EMERGING MARKETS MAURITIUS CO,SELL,532896,629.2,-
25-OCT-2022,ZEEL,Zee Entertainment Enterprises Ltd,ISHARES INDIA SC MAURITIUS COMPANY,SELL,519774,267.5,-
25-OCT-2022,ZEEL,Zee Entertainment Enterprises Ltd,ISHARES MSCI INDIA SMALL-CAP ETF,BUY,519774,267.5,-
25-OCT-2022,AMBUJACEM,Ambuja Cements Ltd,ISHARES CORE EMERGING MARKETS MAURITIUS CO,SELL,518376,516.9,-
25-OCT-2022,AMBUJACEM,Ambuja Cements Ltd,ISHARES CORE MSCI EMERGING MARKETS ETF,BUY,518376,516.9,-
25-OCT-2022,TATACONSUM,Tata Consumer Products Ltd,ISHARES CORE MSCI EMERGING MARKETS ETF,BUY,499122,771.2,-
25-OCT-2022,TATACONSUM,Tata Consumer Products Ltd,ISHARES CORE EMERGING MARKETS MAURITIUS CO,SELL,499122,771.2,-
25-OCT-2022,RECLTD,REC Ltd,ISHARES MSCI INDIA SMALL-CAP ETF,BUY,475130,94.65,-
25-OCT-2022,RECLTD,REC Ltd,ISHARES INDIA SC MAURITIUS COMPANY,SELL,475130,94.65,-
25-OCT-2022,INDHOTEL,Indian Hotels Company Ltd,ISHARES INDIA SC MAURITIUS COMPANY,SELL,469720,316.25,-
25-OCT-2022,INDHOTEL,Indian Hotels Company Ltd,ISHARES MSCI INDIA SMALL-CAP ETF,BUY,469720,316.25,-
25-OCT-2022,BIOCON,Biocon Ltd,ISHARES CORE EMERGING MARKETS MAURITIUS CO,SELL,466252,270.1,-
25-OCT-2022,BIOCON,Biocon Ltd,ISHARES CORE MSCI EMERGING MARKETS ETF,BUY,466252,270.1,-
25-OCT-2022,MARICO,Marico Ltd,ISHARES CORE EMERGING MARKETS MAURITIUS CO,SELL,460073,519.85,-
25-OCT-2022,MARICO,Marico Ltd,ISHARES CORE MSCI EMERGING MARKETS ETF,BUY,460073,519.85,-
25-OCT-2022,APOLLOTYRE,Apollo Tyres Ltd,ISHARES CORE EMERGING MARKETS MAURITIUS CO,SELL,460008,281.3,-
25-OCT-2022,APOLLOTYRE,Apollo Tyres Ltd,ISHARES CORE MSCI EMERGING MARKETS ETF,BUY,460008,281.3,-
25-OCT-2022,TORNTPOWER,Torrent Power Ltd,ISHARES CORE EMERGING MARKETS MAURITIUS CO,SELL,454957,485.75,-
25-OCT-2022,TORNTPOWER,Torrent Power Ltd,ISHARES CORE MSCI EMERGING MARKETS ETF,BUY,454957,485.75,-
25-OCT-2022,GUJENERGY,Gujarat Energy Ltd,ISHARES CORE EMERGING MARKETS MAURITIUS CO,SELL,444667,508.95,-
25-OCT-2022,GUJENERGY,Gujarat Energy Ltd,ISHARES CORE MSCI EMERGING MARKETS ETF,BUY,444667,508.95,-
25-OCT-2022,ADANIPORTS,Adani Ports and Special Economic Zone Ltd,ISHARES CORE MSCI EMERGING MARKETS ETF,BUY,431054,805.3,-
25-OCT-2022,ADANIPORTS,Adani Ports and Special Economic Zone Ltd,ISHARES CORE EMERGING MARKETS MAURITIUS CO,SELL,431054,805.3,-
25-OCT-2022,UPL,UPL Ltd,ISHARES CORE MSCI EMERGING MARKETS ETF,BUY,429697,708.1,-
25-OCT-2022,UPL,UPL Ltd,ISHARES CORE EMERGING MARKETS MAURITIUS CO,SELL,429697,708.1,-
25-OCT-2022,POONAWALLA,Poonawalla Fincorp Ltd,ISHARES CORE MSCI EMERGING MARKETS ETF,BUY,418349,319.0,-
25-OCT-2022,POONAWALLA,Poonawalla Fincorp Ltd,ISHARES CORE EMERGING MARKETS MAURITIUS CO,SELL,418349,319.0,-
25-OCT-2022,CHAMBLFERT,Chambal Fertilisers & Chemicals Ltd,ISHARES CORE EMERGING MARKETS MAURITIUS CO,SELL,418162,327.45,-
25-OCT-2022,CHAMBLFERT,Chambal Fertilisers & Chemicals Ltd,ISHARES CORE MSCI EMERGING MARKETS ETF,BUY,418162,327.45,-
25-OCT-2022,AUBANK,AU Small Finance Bank Ltd,ISHARES CORE MSCI EMERGING MARKETS ETF,BUY,416659,580.7,-
25-OCT-2022,AUBANK,AU Small Finance Bank Ltd,ISHARES CORE EMERGING MARKETS MAURITIUS CO,SELL,416659,580.7,-
25-OCT-2022,PRESTIGE,Prestige Estates Projects Ltd,ISHARES CORE MSCI EMERGING MARKETS ETF,BUY,409535,445.6,-
25-OCT-2022,PRESTIGE,Prestige Estates Projects Ltd,ISHARES CORE EMERGING MARKETS MAURITIUS CO,SELL,409535,445.6,-
25-OCT-2022,CIPLA,Cipla Ltd,ISHARES CORE MSCI EMERGING MARKETS ETF,BUY,409513,1146.45,-
25-OCT-2022,CIPLA,Cipla Ltd,ISHARES CORE EMERGING MARKETS MAURITIUS CO,SELL,409513,1146.45,-
25-OCT-2022,CROMPTON,Crompton Greaves Consumer Electricals Ltd,ISHARES CORE MSCI EMERGING MARKETS ETF,BUY,406220,377.45,-
25-OCT-2022,CROMPTON,Crompton Greaves Consumer Electricals Ltd,ISHARES CORE EMERGING MARKETS MAURITIUS CO,SELL,406220,377.45,-
25-OCT-2022,IDFC,IDFC Ltd,ISHARES INDIA SC MAURITIUS COMPANY,SELL,395607,79.6,-
25-OCT-2022,IDFC,IDFC Ltd,ISHARES MSCI INDIA SMALL-CAP ETF,BUY,395607,79.6,-
25-OCT-2022,MAXHEALTH,Max Healthcare Institute Ltd,ISHARES CORE EMERGING MARKETS MAURITIUS CO,SELL,376488,411.55,-
25-OCT-2022,MAXHEALTH,Max Healthcare Institute Ltd,ISHARES CORE MSCI EMERGING MARKETS ETF,BUY,376488,411.55,-
25-OCT-2022,CHOLAFIN,Cholamandalam Investment and Finance Company Ltd,ISHARES CORE EMERGING MARKETS MAURITIUS CO,SELL,363622,713.25,-
25-OCT-2022,CHOLAFIN,Cholamandalam Investment and Finance Company Ltd,ISHARES CORE MSCI EMERGING MARKETS ETF,BUY,363622,713.25,-
25-OCT-2022,JINDALSTEL,Jindal Steel Ltd,ISHARES CORE EMERGING MARKETS MAURITIUS CO,SELL,355809,438.35,-
25-OCT-2022,JINDALSTEL,Jindal Steel Ltd,ISHARES CORE MSCI EMERGING MARKETS ETF,BUY,355809,438.35,-
25-OCT-2022,ABFRL,Aditya Birla Fashion and Retail Ltd,ISHARES CORE EMERGING MARKETS MAURITIUS CO,SELL,354576,336.05,-
25-OCT-2022,ABFRL,Aditya Birla Fashion and Retail Ltd,ISHARES CORE MSCI EMERGING MARKETS ETF,BUY,354576,336.05,-
25-OCT-2022,LICHSGFIN,LIC Housing Finance Ltd,ISHARES CORE EMERGING MARKETS MAURITIUS CO,SELL,342777,416.05,-
25-OCT-2022,LICHSGFIN,LIC Housing Finance Ltd,ISHARES CORE MSCI EMERGING MARKETS ETF,BUY,342777,416.05,-
25-OCT-2022,UNOMINDA,UNO Minda Ltd-$,ISHARES CORE EMERGING MARKETS MAURITIUS CO,SELL,338269,541.4,-
25-OCT-2022,UNOMINDA,UNO Minda Ltd-$,ISHARES CORE MSCI EMERGING MARKETS ETF,BUY,338269,541.4,-
25-OCT-2022,CROMPTON,Crompton Greaves Consumer Electricals Ltd,ISHARES INDIA SC MAURITIUS COMPANY,SELL,331858,377.45,-
25-OCT-2022,CROMPTON,Crompton Greaves Consumer Electricals Ltd,ISHARES MSCI INDIA SMALL-CAP ETF,BUY,331858,377.45,-
25-OCT-2022,JUBLFOOD,Jubilant FoodWorks Ltd,ISHARES CORE MSCI EMERGING MARKETS ETF,BUY,331497,596.3,-
25-OCT-2022,JUBLFOOD,Jubilant FoodWorks Ltd,ISHARES CORE EMERGING MARKETS MAURITIUS CO,SELL,331497,596.3,-
25-OCT-2022,GODREJCP,Godrej Consumer Products Ltd,ISHARES CORE EMERGING MARKETS MAURITIUS CO,SELL,326526,820.3,-
25-OCT-2022,GODREJCP,Godrej Consumer Products Ltd,ISHARES CORE MSCI EMERGING MARKETS ETF,BUY,326526,820.3,-
25-OCT-2022,RAMCOCEM,The Ramco Cements Ltd,ISHARES CORE MSCI EMERGING MARKETS ETF,BUY,324229,703.9,-
25-OCT-2022,RAMCOCEM,The Ramco Cements Ltd,ISHARES CORE EMERGING MARKETS MAURITIUS CO,SELL,324229,703.9,-
25-OCT-2022,KPITTECH,KPIT Technologies Ltd,ISHARES CORE EMERGING MARKETS MAURITIUS CO,SELL,320047,712.85,-
25-OCT-2022,KPITTECH,KPIT Technologies Ltd,ISHARES CORE MSCI EMERGING MARKETS ETF,BUY,320047,712.85,-
25-OCT-2022,SYNGENE,Syngene International Ltd,ISHARES CORE EMERGING MARKETS MAURITIUS CO,SELL,316469,575.05,-
25-OCT-2022,SYNGENE,Syngene International Ltd,ISHARES CORE MSCI EMERGING MARKETS ETF,BUY,316469,575.05,-
25-OCT-2022,CGPOWER,CG Power and Industrial Solutions Ltd,ISHARES INDIA SC MAURITIUS COMPANY,SELL,308267,255.95,-
25-OCT-2022,CGPOWER,CG Power and Industrial Solutions Ltd,ISHARES MSCI INDIA SMALL-CAP ETF,BUY,308267,255.95,-
25-OCT-2022,PEL,Piramal Enterprises Ltd,ISHARES CORE EMERGING MARKETS MAURITIUS CO,SELL,302930,842.55,-
25-OCT-2022,PEL,Piramal Enterprises Ltd,ISHARES CORE MSCI EMERGING MARKETS ETF,BUY,302930,842.55,-
25-OCT-2022,GLENMARK,Glenmark Pharmaceuticals Ltd,ISHARES CORE MSCI EMERGING MARKETS ETF,BUY,302621,397.9,-
25-OCT-2022,GLENMARK,Glenmark Pharmaceuticals Ltd,ISHARES CORE EMERGING MARKETS MAURITIUS CO,SELL,302621,397.9,-
25-OCT-2022,ICICIPRULI,ICICI Prudential Life Insurance Company Ltd,ISHARES CORE MSCI EMERGING MARKETS ETF,BUY,300297,511.7,-
25-OCT-2022,ICICIPRULI,ICICI Prudential Life Insurance Company Ltd,ISHARES CORE EMERGING MARKETS MAURITIUS CO,SELL,300297,511.7,-
25-OCT-2022,NATIONALUM,National Aluminium Company Ltd,ISHARES MSCI INDIA SMALL-CAP ETF,BUY,286909,70.15,-
25-OCT-2022,NATIONALUM,National Aluminium Company Ltd,ISHARES INDIA SC MAURITIUS COMPANY,SELL,286909,70.15,-
25-OCT-2022,OBEROIRLTY,Oberoi Realty Ltd,ISHARES CORE MSCI EMERGING MARKETS ETF,BUY,285838,868.3,-
25-OCT-2022,OBEROIRLTY,Oberoi Realty Ltd,ISHARES CORE EMERGING MARKETS MAURITIUS CO,SELL,285838,868.3,-
25-OCT-2022,LAURUSLABS,Laurus Labs Ltd,ISHARES CORE MSCI EMERGING MARKETS ETF,BUY,284783,479.8,-
25-OCT-2022,LAURUSLABS,Laurus Labs Ltd,ISHARES CORE EMERGING MARKETS MAURITIUS CO,SELL,284783,479.8,-
25-OCT-2022,AUROPHARMA,Aurobindo Pharma Ltd,ISHARES CORE MSCI EMERGING MARKETS ETF,BUY,277213,524.5,-
25-OCT-2022,AUROPHARMA,Aurobindo Pharma Ltd,ISHARES CORE EMERGING MARKETS MAURITIUS CO,SELL,277213,524.5,-
25-OCT-2022,CARBORUNIV,Carborundum Universal Ltd,ISHARES CORE EMERGING MARKETS MAURITIUS CO,SELL,268542,851.45,-
25-OCT-2022,CARBORUNIV,Carborundum Universal Ltd,ISHARES CORE MSCI EMERGING MARKETS ETF,BUY,268542,851.45,-
25-OCT-2022,MAXHEALTH,Max Healthcare Institute Ltd,ISHARES MSCI INDIA SMALL-CAP ETF,BUY,267293,411.55,-
25-OCT-2022,MAXHEALTH,Max Healthcare Institute Ltd,ISHARES INDIA SC MAURITIUS COMPANY,SELL,267293,411.55,-
25-OCT-2022,UNITDSPR,United Spirits Ltd,ISHARES CORE MSCI EMERGING MARKETS ETF,BUY,259385,835.45,-
25-OCT-2022,UNITDSPR,United Spirits Ltd,ISHARES CORE EMERGING MARKETS MAURITIUS CO,SELL,259385,835.45,-
25-OCT-2022,BERGEPAINT,Berger Paints India Ltd,ISHARES CORE MSCI EMERGING MARKETS ETF,BUY,257661,590.0,-
25-OCT-2022,BERGEPAINT,Berger Paints India Ltd,ISHARES CORE EMERGING MARKETS MAURITIUS CO,SELL,257661,590.0,-
25-OCT-2022,KANSAINER,Kansai Nerolac Paints Ltd,ISHARES CORE EMERGING MARKETS MAURITIUS CO,SELL,250609,479.65,-
25-OCT-2022,KANSAINER,Kansai Nerolac Paints Ltd,ISHARES CORE MSCI EMERGING MARKETS ETF,BUY,250609,479.65,-
25-OCT-2022,COROMANDEL,Coromandel International Ltd,ISHARES CORE EMERGING MARKETS MAURITIUS CO,SELL,249856,1001.85,-
25-OCT-2022,COROMANDEL,Coromandel International Ltd,ISHARES CORE MSCI EMERGING MARKETS ETF,BUY,249856,1001.85,-
25-OCT-2022,FORTIS,Fortis Healthcare Ltd,ISHARES INDIA SC MAURITIUS COMPANY,SELL,242116,272.8,-
25-OCT-2022,FORTIS,Fortis Healthcare Ltd,ISHARES MSCI INDIA SMALL-CAP ETF,BUY,242116,272.8,-
25-OCT-2022,CHOLAHLDNG,Cholamandalam Financial Holdings Ltd,ISHARES CORE MSCI EMERGING MARKETS ETF,BUY,242098,625.8,-
25-OCT-2022,CHOLAHLDNG,Cholamandalam Financial Holdings Ltd,ISHARES CORE EMERGING MARKETS MAURITIUS CO,SELL,242098,625.8,-
25-OCT-2022,IRCTC,Indian Railway Catering and Tourism Corporation Ltd,ISHARES CORE EMERGING MARKETS MAURITIUS CO,SELL,241778,743.8,-
25-OCT-2022,IRCTC,Indian Railway Catering and Tourism Corporation Ltd,ISHARES CORE MSCI EMERGING MARKETS ETF,BUY,241778,743.8,-
25-OCT-2022,RADICO,Radico Khaitan Ltd,ISHARES CORE EMERGING MARKETS MAURITIUS CO,SELL,238603,1046.6,-
25-OCT-2022,RADICO,Radico Khaitan Ltd,ISHARES CORE MSCI EMERGING MARKETS ETF,BUY,238603,1046.6,-
25-OCT-2022,SUNDRMFAST,Sundram Fasteners Ltd,ISHARES CORE EMERGING MARKETS MAURITIUS CO,SELL,235263,900.3,-
25-OCT-2022,SUNDRMFAST,Sundram Fasteners Ltd,ISHARES CORE MSCI EMERGING MARKETS ETF,BUY,235263,900.3,-
25-OCT-2022,GRASIM,Grasim Industries Ltd,ISHARES CORE MSCI EMERGING MARKETS ETF,BUY,233729,1697.55,-
25-OCT-2022,GRASIM,Grasim Industries Ltd,ISHARES CORE EMERGING MARKETS MAURITIUS CO,SELL,233729,1697.55,-
25-OCT-2022,EMAMILTD,Emami Ltd-$,ISHARES CORE MSCI EMERGING MARKETS ETF,BUY,233629,481.65,-
25-OCT-2022,EMAMILTD,Emami Ltd-$,ISHARES CORE EMERGING MARKETS MAURITIUS CO,SELL,233629,481.65,-
25-OCT-2022,GESHIP,Great Eastern Shipping Company Ltd,ISHARES CORE MSCI EMERGING MARKETS ETF,BUY,227655,510.3,-
25-OCT-2022,GESHIP,Great Eastern Shipping Company Ltd,ISHARES CORE EMERGING MARKETS MAURITIUS CO,SELL,227655,510.3,-
25-OCT-2022,AARTIIND,Aarti Industries Ltd,ISHARES CORE MSCI EMERGING MARKETS ETF,BUY,227175,687.05,-
25-OCT-2022,AARTIIND,Aarti Industries Ltd,ISHARES CORE EMERGING MARKETS MAURITIUS CO,SELL,227175,687.05,-
25-OCT-2022,CONCOR,Container Corporation of India Ltd,ISHARES CORE MSCI EMERGING MARKETS ETF,BUY,218265,746.9,-
25-OCT-2022,CONCOR,Container Corporation of India Ltd,ISHARES CORE EMERGING MARKETS MAURITIUS CO,SELL,218265,746.9,-
25-OCT-2022,REDINGTON,Redington Ltd,ISHARES INDIA SC MAURITIUS COMPANY,SELL,214781,140.55,-
25-OCT-2022,REDINGTON,Redington Ltd,ISHARES MSCI INDIA SMALL-CAP ETF,BUY,214781,140.55,-
25-OCT-2022,LUPIN,Lupin Ltd,ISHARES CORE EMERGING MARKETS MAURITIUS CO,SELL,213033,680.75,-
25-OCT-2022,LUPIN,Lupin Ltd,ISHARES CORE MSCI EMERGING MARKETS ETF,BUY,213033,680.75,-
25-OCT-2022,LAURUSLABS,Laurus Labs Ltd,ISHARES INDIA SC MAURITIUS COMPANY,SELL,210010,479.8,-
25-OCT-2022,LAURUSLABS,Laurus Labs Ltd,ISHARES MSCI INDIA SMALL-CAP ETF,BUY,210010,479.8,-
25-OCT-2022,HAVELLS,Havells India Ltd,ISHARES CORE MSCI EMERGING MARKETS ETF,BUY,203141,1175.95,-
25-OCT-2022,HAVELLS,Havells India Ltd,ISHARES CORE EMERGING MARKETS MAURITIUS CO,SELL,203141,1175.95,-
25-OCT-2022,BHARATFORG,Bharat Forge Ltd,ISHARES CORE EMERGING MARKETS MAURITIUS CO,SELL,199762,786.35,-
25-OCT-2022,BHARATFORG,Bharat Forge Ltd,ISHARES CORE MSCI EMERGING MARKETS ETF,BUY,199762,786.35,-
25-OCT-2022,NATCOPHARM,Natco Pharma Ltd,ISHARES CORE EMERGING MARKETS MAURITIUS CO,SELL,193938,593.9,-
25-OCT-2022,NATCOPHARM,Natco Pharma Ltd,ISHARES CORE MSCI EMERGING MARKETS ETF,BUY,193938,593.9,-
25-OCT-2022,M&MFIN,Mahindra & Mahindra Financial Services Ltd,ISHARES MSCI INDIA SMALL-CAP ETF,BUY,189619,204.35,-
25-OCT-2022,M&MFIN,Mahindra & Mahindra Financial Services Ltd,ISHARES INDIA SC MAURITIUS COMPANY,SELL,189619,204.35,-
25-OCT-2022,ICICIGI,ICICI Lombard General Insurance Company Ltd,ISHARES CORE MSCI EMERGING MARKETS ETF,BUY,188254,1150.0,-
25-OCT-2022,ICICIGI,ICICI Lombard General Insurance Company Ltd,ISHARES CORE EMERGING MARKETS MAURITIUS CO,SELL,188254,1150.0,-
25-OCT-2022,VOLTAS,Voltas Ltd,ISHARES CORE MSCI EMERGING MARKETS ETF,BUY,185652,866.1,-
25-OCT-2022,VOLTAS,Voltas Ltd,ISHARES CORE EMERGING MARKETS MAURITIUS CO,SELL,185652,866.1,-
25-OCT-2022,MFSL,Max Financial Services Ltd,ISHARES CORE MSCI EMERGING MARKETS ETF,BUY,183846,698.8,-
25-OCT-2022,MFSL,Max Financial Services Ltd,ISHARES CORE EMERGING MARKETS MAURITIUS CO,SELL,183846,698.8,-
25-OCT-2022,AFFLE,Affle 3I Ltd,ISHARES CORE MSCI EMERGING MARKETS ETF,BUY,179610,1190.4,-
25-OCT-2022,AFFLE,Affle 3I Ltd,ISHARES CORE EMERGING MARKETS MAURITIUS CO,SELL,179610,1190.4,-
25-OCT-2022,APOLLOTYRE,Apollo Tyres Ltd,ISHARES MSCI INDIA SMALL-CAP ETF,BUY,169405,281.3,-
25-OCT-2022,APOLLOTYRE,Apollo Tyres Ltd,ISHARES INDIA SC MAURITIUS COMPANY,SELL,169405,281.3,-
25-OCT-2022,APLAPOLLO,APL Apollo Tubes Ltd,ISHARES CORE MSCI EMERGING MARKETS ETF,BUY,164757,1099.65,-
25-OCT-2022,APLAPOLLO,APL Apollo Tubes Ltd,ISHARES CORE EMERGING MARKETS MAURITIUS CO,SELL,164757,1099.65,-
25-OCT-2022,TRENT,Trent Ltd,ISHARES CORE EMERGING MARKETS MAURITIUS CO,SELL,164432,1429.25,-
25-OCT-2022,TRENT,Trent Ltd,ISHARES CORE MSCI EMERGING MARKETS ETF,BUY,164432,1429.25,-
25-OCT-2022,HAPPSTMNDS,Happiest Minds Technologies Ltd,ISHARES CORE EMERGING MARKETS MAURITIUS CO,SELL,163703,996.65,-
25-OCT-2022,HAPPSTMNDS,Happiest Minds Technologies Ltd,ISHARES CORE MSCI EMERGING MARKETS ETF,BUY,163703,996.65,-
25-OCT-2022,LICHSGFIN,LIC Housing Finance Ltd,ISHARES MSCI INDIA SMALL-CAP ETF,BUY,161706,416.05,-
25-OCT-2022,LICHSGFIN,LIC Housing Finance Ltd,ISHARES INDIA SC MAURITIUS COMPANY,SELL,161706,416.05,-
25-OCT-2022,SHRIRAMFIN,Shriram Finance Ltd,ISHARES CORE MSCI EMERGING MARKETS ETF,BUY,161503,1199.0,-
25-OCT-2022,SHRIRAMFIN,Shriram Finance Ltd,ISHARES CORE EMERGING MARKETS MAURITIUS CO,SELL,161503,1199.0,-
25-OCT-2022,ABFRL,Aditya Birla Fashion and Retail Ltd,ISHARES MSCI INDIA SMALL-CAP ETF,BUY,160817,336.05,-
25-OCT-2022,ABFRL,Aditya Birla Fashion and Retail Ltd,ISHARES INDIA SC MAURITIUS COMPANY,SELL,160817,336.05,-
25-OCT-2022,TVSMOTOR,TVS Motor Company Ltd,ISHARES CORE MSCI EMERGING MARKETS ETF,BUY,160630,1146.1,-
25-OCT-2022,TVSMOTOR,TVS Motor Company Ltd,ISHARES CORE EMERGING MARKETS MAURITIUS CO,SELL,160630,1146.1,-
25-OCT-2022,AARTIIND,Aarti Industries Ltd,ISHARES INDIA SC MAURITIUS COMPANY,SELL,159814,687.05,-
25-OCT-2022,AARTIIND,Aarti Industries Ltd,ISHARES MSCI INDIA SMALL-CAP ETF,BUY,159814,687.05,-
25-OCT-2022,RELAXO,Relaxo Footwears Ltd-$,ISHARES CORE MSCI EMERGING MARKETS ETF,BUY,156387,981.05,-
25-OCT-2022,RELAXO,Relaxo Footwears Ltd-$,ISHARES CORE EMERGING MARKETS MAURITIUS CO,SELL,156387,981.05,-
25-OCT-2022,IEX,Indian Energy Exchange Ltd,ISHARES MSCI INDIA SMALL-CAP ETF,BUY,151207,136.45,-
25-OCT-2022,IEX,Indian Energy Exchange Ltd,ISHARES INDIA SC MAURITIUS COMPANY,SELL,151207,136.45,-
25-OCT-2022,BAJAJFINSV,Bajaj Finserv Ltd,ISHARES CORE MSCI EMERGING MARKETS ETF,BUY,148580,1701.8,-
25-OCT-2022,BAJAJFINSV,Bajaj Finserv Ltd,ISHARES CORE EMERGING MARKETS MAURITIUS CO,SELL,148580,1701.8,-
25-OCT-2022,IPCALAB,Ipca Laboratories Ltd,ISHARES CORE MSCI EMERGING MARKETS ETF,BUY,148105,900.35,-
25-OCT-2022,IPCALAB,Ipca Laboratories Ltd,ISHARES CORE EMERGING MARKETS MAURITIUS CO,SELL,148105,900.35,-
25-OCT-2022,PVRINOX,PVR Inox Ltd,ISHARES CORE EMERGING MARKETS MAURITIUS CO,SELL,144422,1715.75,-
25-OCT-2022,PVRINOX,PVR Inox Ltd,ISHARES CORE MSCI EMERGING MARKETS ETF,BUY,144422,1715.75,-
25-OCT-2022,CANBK,Canara Bank,ISHARES MSCI INDIA SMALL-CAP ETF,BUY,142530,270.5,-
25-OCT-2022,CANBK,Canara Bank,ISHARES INDIA SC MAURITIUS COMPANY,SELL,142530,270.5,-
25-OCT-2022,GODREJPROP,Godrej Properties Ltd,ISHARES CORE MSCI EMERGING MARKETS ETF,BUY,140321,1204.55,-
25-OCT-2022,GODREJPROP,Godrej Properties Ltd,ISHARES CORE EMERGING MARKETS MAURITIUS CO,SELL,140321,1204.55,-
25-OCT-2022,BATAINDIA,Bata India Ltd,ISHARES CORE MSCI EMERGING MARKETS ETF,BUY,139149,1814.55,-
25-OCT-2022,BATAINDIA,Bata India Ltd,ISHARES CORE EMERGING MARKETS MAURITIUS CO,SELL,139149,1814.55,-
25-OCT-2022,PIDILITIND,Pidilite Industries Ltd,ISHARES CORE MSCI EMERGING MARKETS ETF,BUY,136926,2644.45,-
25-OCT-2022,PIDILITIND,Pidilite Industries Ltd,ISHARES CORE EMERGING MARKETS MAURITIUS CO,SELL,136926,2644.45,-
25-OCT-2022,MFSL,Max Financial Services Ltd,ISHARES INDIA SC MAURITIUS COMPANY,SELL,134881,698.8,-
25-OCT-2022,MFSL,Max Financial Services Ltd,ISHARES MSCI INDIA SMALL-CAP ETF,BUY,134881,698.8,-
25-OCT-2022,MUTHOOTFIN,Muthoot Finance Ltd,ISHARES CORE MSCI EMERGING MARKETS ETF,BUY,134757,1035.35,-
25-OCT-2022,MUTHOOTFIN,Muthoot Finance Ltd,ISHARES CORE EMERGING MARKETS MAURITIUS CO,SELL,134757,1035.35,-
25-OCT-2022,EXIDEIND,Exide Industries Ltd,ISHARES MSCI INDIA SMALL-CAP ETF,BUY,132780,159.8,-
25-OCT-2022,EXIDEIND,Exide Industries Ltd,ISHARES INDIA SC MAURITIUS COMPANY,SELL,132780,159.8,-
25-OCT-2022,SRF,SRF Ltd,ISHARES CORE MSCI EMERGING MARKETS ETF,BUY,130550,2547.5,-
25-OCT-2022,SRF,SRF Ltd,ISHARES CORE EMERGING MARKETS MAURITIUS CO,SELL,130550,2547.5,-
25-OCT-2022,VOLTAS,Voltas Ltd,ISHARES INDIA SC MAURITIUS COMPANY,SELL,129318,866.1,-
25-OCT-2022,VOLTAS,Voltas Ltd,ISHARES MSCI INDIA SMALL-CAP ETF,BUY,129318,866.1,-
25-OCT-2022,TATACHEM,Tata Chemicals Ltd,ISHARES CORE EMERGING MARKETS MAURITIUS CO,SELL,127732,1156.75,-
25-OCT-2022,TATACHEM,Tata Chemicals Ltd,ISHARES CORE MSCI EMERGING MARKETS ETF,BUY,127732,1156.75,-
25-OCT-2022,ABCAPITAL,Aditya Birla Capital Ltd,ISHARES INDIA SC MAURITIUS COMPANY,SELL,126600,114.35,-
25-OCT-2022,ABCAPITAL,Aditya Birla Capital Ltd,ISHARES MSCI INDIA SMALL-CAP ETF,BUY,126600,114.35,-
25-OCT-2022,CUB,City Union Bank Ltd,ISHARES MSCI INDIA SMALL-CAP ETF,BUY,125779,187.05,-
25-OCT-2022,CUB,City Union Bank Ltd,ISHARES INDIA SC MAURITIUS COMPANY,SELL,125779,187.05,-
25-OCT-2022,THERMAX,Thermax Ltd,ISHARES CORE MSCI EMERGING MARKETS ETF,BUY,123725,2112.9,-
25-OCT-2022,THERMAX,Thermax Ltd,ISHARES CORE EMERGING MARKETS MAURITIUS CO,SELL,123725,2112.9,-
25-OCT-2022,TATACOMM,Tata Communications Ltd,ISHARES CORE EMERGING MARKETS MAURITIUS CO,SELL,120928,1226.0,-
25-OCT-2022,TATACOMM,Tata Communications Ltd,ISHARES CORE MSCI EMERGING MARKETS ETF,BUY,120928,1226.0,-
25-OCT-2022,GRINDWELL,Grindwell Norton Ltd-$,ISHARES CORE EMERGING MARKETS MAURITIUS CO,SELL,119090,2045.9,-
25-OCT-2022,GRINDWELL,Grindwell Norton Ltd-$,ISHARES CORE MSCI EMERGING MARKETS ETF,BUY,119090,2045.9,-
25-OCT-2022,BLUESTARCO,Blue Star Ltd,ISHARES CORE MSCI EMERGING MARKETS ETF,BUY,118944,1214.85,-
25-OCT-2022,BLUESTARCO,Blue Star Ltd,ISHARES CORE EMERGING MARKETS MAURITIUS CO,SELL,118944,1214.85,-
25-OCT-2022,TVSMOTOR,TVS Motor Company Ltd,ISHARES INDIA SC MAURITIUS COMPANY,SELL,114264,1146.1,-
25-OCT-2022,TVSMOTOR,TVS Motor Company Ltd,ISHARES MSCI INDIA SMALL-CAP ETF,BUY,114264,1146.1,-
25-OCT-2022,DIVISLAB,Divis Laboratories Ltd,ISHARES CORE MSCI EMERGING MARKETS ETF,BUY,112509,3612.0,-
25-OCT-2022,DIVISLAB,Divis Laboratories Ltd,ISHARES CORE EMERGING MARKETS MAURITIUS CO,SELL,112509,3612.0,-
25-OCT-2022,CUMMINSIND,Cummins India Ltd,ISHARES CORE EMERGING MARKETS MAURITIUS CO,SELL,108463,1203.75,-
25-OCT-2022,CUMMINSIND,Cummins India Ltd,ISHARES CORE MSCI EMERGING MARKETS ETF,BUY,108463,1203.75,-
25-OCT-2022,EICHERMOT,Eicher Motors Ltd,ISHARES CORE MSCI EMERGING MARKETS ETF,BUY,106739,3641.1,-
25-OCT-2022,EICHERMOT,Eicher Motors Ltd,ISHARES CORE EMERGING MARKETS MAURITIUS CO,SELL,106739,3641.1,-
25-OCT-2022,EMAMILTD,Emami Ltd-$,ISHARES INDIA SC MAURITIUS COMPANY,SELL,105989,481.65,-
25-OCT-2022,EMAMILTD,Emami Ltd-$,ISHARES MSCI INDIA SMALL-CAP ETF,BUY,105989,481.65,-
25-OCT-2022,KAJARIACER,Kajaria Ceramics Ltd,ISHARES CORE EMERGING MARKETS MAURITIUS CO,SELL,105672,1109.55,-
25-OCT-2022,KAJARIACER,Kajaria Ceramics Ltd,ISHARES CORE MSCI EMERGING MARKETS ETF,BUY,105672,1109.55,-
25-OCT-2022,BAJAJELEC,Bajaj Electricals Ltd-$,ISHARES CORE MSCI EMERGING MARKETS ETF,BUY,105213,1163.8,-
25-OCT-2022,BAJAJELEC,Bajaj Electricals Ltd-$,ISHARES CORE EMERGING MARKETS MAURITIUS CO,SELL,105213,1163.8,-
25-OCT-2022,COLPAL,Colgate Palmolive (India) Ltd,ISHARES CORE MSCI EMERGING MARKETS ETF,BUY,103487,1595.75,-
25-OCT-2022,COLPAL,Colgate Palmolive (India) Ltd,ISHARES CORE EMERGING MARKETS MAURITIUS CO,SELL,103487,1595.75,-
25-OCT-2022,DRREDDY,Dr Reddys Laboratories Ltd,ISHARES CORE MSCI EMERGING MARKETS ETF,BUY,97226,4377.1,-
25-OCT-2022,DRREDDY,Dr Reddys Laboratories Ltd,ISHARES CORE EMERGING MARKETS MAURITIUS CO,SELL,97226,4377.1,-
25-OCT-2022,GSPL,Gujarat State Petronet Ltd,ISHARES MSCI INDIA SMALL-CAP ETF,BUY,97123,221.6,-
25-OCT-2022,GSPL,Gujarat State Petronet Ltd,ISHARES INDIA SC MAURITIUS COMPANY,SELL,97123,221.6,-
25-OCT-2022,AAVAS,AAVAS Financiers Ltd,ISHARES CORE EMERGING MARKETS MAURITIUS CO,SELL,95875,2010.95,-
25-OCT-2022,AAVAS,AAVAS Financiers Ltd,ISHARES CORE MSCI EMERGING MARKETS ETF,BUY,95875,2010.95,-
25-OCT-2022,KEI,KEI Industries Ltd,ISHARES CORE EMERGING MARKETS MAURITIUS CO,SELL,94684,1532.45,-
25-OCT-2022,KEI,KEI Industries Ltd,ISHARES CORE MSCI EMERGING MARKETS ETF,BUY,94684,1532.45,-
25-OCT-2022,AJANTPHARM,Ajanta Pharma Ltd,ISHARES CORE MSCI EMERGING MARKETS ETF,BUY,94466,1241.8,-
25-OCT-2022,AJANTPHARM,Ajanta Pharma Ltd,ISHARES CORE EMERGING MARKETS MAURITIUS CO,SELL,94466,1241.8,-
25-OCT-2022,HEROMOTOCO,Hero MotoCorp Ltd,ISHARES CORE EMERGING MARKETS MAURITIUS CO,SELL,94007,2581.9,-
25-OCT-2022,HEROMOTOCO,Hero MotoCorp Ltd,ISHARES CORE MSCI EMERGING MARKETS ETF,BUY,94007,2581.9,-
25-OCT-2022,BRITANNIA,Britannia Industries Ltd,ISHARES CORE MSCI EMERGING MARKETS ETF,BUY,91419,3802.9,-
25-OCT-2022,BRITANNIA,Britannia Industries Ltd,ISHARES CORE EMERGING MARKETS MAURITIUS CO,SELL,91419,3802.9,-
25-OCT-2022,JKCEMENT,JK Cement Ltd,ISHARES CORE EMERGING MARKETS MAURITIUS CO,SELL,90339,2680.5,-
25-OCT-2022,JKCEMENT,JK Cement Ltd,ISHARES CORE MSCI EMERGING MARKETS ETF,BUY,90339,2680.5,-
25-OCT-2022,DALBHARAT,Dalmia Bharat Ltd,ISHARES CORE EMERGING MARKETS MAURITIUS CO,SELL,88021,1520.7,-
25-OCT-2022,DALBHARAT,Dalmia Bharat Ltd,ISHARES CORE MSCI EMERGING MARKETS ETF,BUY,88021,1520.7,-
25-OCT-2022,INDIGO,InterGlobe Aviation Ltd,ISHARES CORE EMERGING MARKETS MAURITIUS CO,SELL,86787,1793.4,-
25-OCT-2022,INDIGO,InterGlobe Aviation Ltd,ISHARES CORE MSCI EMERGING MARKETS ETF,BUY,86787,1793.4,-
25-OCT-2022,PHOENIXLTD,The Phoenix Mills Ltd,ISHARES CORE MSCI EMERGING MARKETS ETF,BUY,86365,1421.4,-
25-OCT-2022,PHOENIXLTD,The Phoenix Mills Ltd,ISHARES CORE EMERGING MARKETS MAURITIUS CO,SELL,86365,1421.4,-
25-OCT-2022,TORNTPHARM,Torrent Pharmaceuticals Ltd,ISHARES CORE EMERGING MARKETS MAURITIUS CO,SELL,86000,1567.3,-
25-OCT-2022,TORNTPHARM,Torrent Pharmaceuticals Ltd,ISHARES CORE MSCI EMERGING MARKETS ETF,BUY,86000,1567.3,-
25-OCT-2022,APOLLOHOSP,Apollo Hospitals Enterprise Ltd,ISHARES CORE MSCI EMERGING MARKETS ETF,BUY,85242,4407.85,-
25-OCT-2022,APOLLOHOSP,Apollo Hospitals Enterprise Ltd,ISHARES CORE EMERGING MARKETS MAURITIUS CO,SELL,85242,4407.85,-
25-OCT-2022,SUPREMEIND,Supreme Industries Ltd,ISHARES CORE EMERGING MARKETS MAURITIUS CO,SELL,85082,2052.4,-
25-OCT-2022,SUPREMEIND,Supreme Industries Ltd,ISHARES CORE MSCI EMERGING MARKETS ETF,BUY,85082,2052.4,-
25-OCT-2022,TATACHEM,Tata Chemicals Ltd,ISHARES MSCI INDIA SMALL-CAP ETF,BUY,84270,1156.75,-
25-OCT-2022,TATACHEM,Tata Chemicals Ltd,ISHARES INDIA SC MAURITIUS COMPANY,SELL,84270,1156.75,-
25-OCT-2022,DEEPAKNTR,Deepak Nitrite Ltd-$,ISHARES CORE EMERGING MARKETS MAURITIUS CO,SELL,83626,2236.8,-
25-OCT-2022,DEEPAKNTR,Deepak Nitrite Ltd-$,ISHARES CORE MSCI EMERGING MARKETS ETF,BUY,83626,2236.8,-
25-OCT-2022,APLAPOLLO,APL Apollo Tubes Ltd,ISHARES INDIA SC MAURITIUS COMPANY,SELL,82769,1099.65,-
25-OCT-2022,APLAPOLLO,APL Apollo Tubes Ltd,ISHARES MSCI INDIA SMALL-CAP ETF,BUY,82769,1099.65,-
25-OCT-2022,ASTRAL,Astral Ltd,ISHARES CORE MSCI EMERGING MARKETS ETF,BUY,81312,2016.6,-
25-OCT-2022,ASTRAL,Astral Ltd,ISHARES CORE EMERGING MARKETS MAURITIUS CO,SELL,81312,2016.6,-
25-OCT-2022,TIINDIA,Tube Investments of India Ltd,ISHARES CORE MSCI EMERGING MARKETS ETF,BUY,78845,2716.85,-
25-OCT-2022,TIINDIA,Tube Investments of India Ltd,ISHARES CORE EMERGING MARKETS MAURITIUS CO,SELL,78845,2716.85,-
25-OCT-2022,BALKRISIND,Balkrishna Industries Ltd-$,ISHARES CORE EMERGING MARKETS MAURITIUS CO,SELL,78833,1950.4,-
25-OCT-2022,BALKRISIND,Balkrishna Industries Ltd-$,ISHARES CORE MSCI EMERGING MARKETS ETF,BUY,78833,1950.4,-
25-OCT-2022,VINATIORGA,Vinati Organics Ltd-$,ISHARES CORE MSCI EMERGING MARKETS ETF,BUY,75714,2010.2,-
25-OCT-2022,VINATIORGA,Vinati Organics Ltd-$,ISHARES CORE EMERGING MARKETS MAURITIUS CO,SELL,75714,2010.2,-
25-OCT-2022,CUMMINSIND,Cummins India Ltd,ISHARES MSCI INDIA SMALL-CAP ETF,BUY,75004,1203.75,-
25-OCT-2022,CUMMINSIND,Cummins India Ltd,ISHARES INDIA SC MAURITIUS COMPANY,SELL,75004,1203.75,-
25-OCT-2022,MPHASIS,Mphasis Ltd,ISHARES CORE MSCI EMERGING MARKETS ETF,BUY,71872,2038.0,-
25-OCT-2022,MPHASIS,Mphasis Ltd,ISHARES CORE EMERGING MARKETS MAURITIUS CO,SELL,71872,2038.0,-
25-OCT-2022,LALPATHLAB,Dr. Lal PathLabs Ltd,ISHARES CORE MSCI EMERGING MARKETS ETF,BUY,69319,2550.9,-
25-OCT-2022,LALPATHLAB,Dr. Lal PathLabs Ltd,ISHARES CORE EMERGING MARKETS MAURITIUS CO,SELL,69319,2550.9,-
25-OCT-2022,360ONE,360 ONE WAM LTD,ISHARES CORE MSCI EMERGING MARKETS ETF,BUY,69307,1763.85,-
25-OCT-2022,360ONE,360 ONE WAM LTD,ISHARES CORE EMERGING MARKETS MAURITIUS CO,SELL,69307,1763.85,-
25-OCT-2022,IPCALAB,Ipca Laboratories Ltd,ISHARES INDIA SC MAURITIUS COMPANY,SELL,68372,900.35,-
25-OCT-2022,IPCALAB,Ipca Laboratories Ltd,ISHARES MSCI INDIA SMALL-CAP ETF,BUY,68372,900.35,-
25-OCT-2022,ACC,ACC Ltd,ISHARES CORE EMERGING MARKETS MAURITIUS CO,SELL,66368,2257.1,-
25-OCT-2022,ACC,ACC Ltd,ISHARES CORE MSCI EMERGING MARKETS ETF,BUY,66368,2257.1,-
25-OCT-2022,SIEMENS,Siemens Ltd,ISHARES CORE EMERGING MARKETS MAURITIUS CO,SELL,64493,2817.8,-
25-OCT-2022,SIEMENS,Siemens Ltd,ISHARES CORE MSCI EMERGING MARKETS ETF,BUY,64493,2817.8,-
25-OCT-2022,POONAWALLA,Poonawalla Fincorp Ltd,ISHARES INDIA SC MAURITIUS COMPANY,SELL,63454,319.0,-
25-OCT-2022,POONAWALLA,Poonawalla Fincorp Ltd,ISHARES MSCI INDIA SMALL-CAP ETF,BUY,63454,319.0,-
25-OCT-2022,GUJENERGY,Gujarat Energy Ltd,ISHARES MSCI INDIA SMALL-CAP ETF,BUY,63135,508.95,-
25-OCT-2022,GUJENERGY,Gujarat Energy Ltd,ISHARES INDIA SC MAURITIUS COMPANY,SELL,63135,508.95,-
25-OCT-2022,NAUKRI,Info Edge (India) Ltd,ISHARES CORE EMERGING MARKETS MAURITIUS CO,SELL,62597,3857.2,-
25-OCT-2022,NAUKRI,Info Edge (India) Ltd,ISHARES CORE MSCI EMERGING MARKETS ETF,BUY,62597,3857.2,-
25-OCT-2022,COFORGE,Coforge Ltd,ISHARES CORE EMERGING MARKETS MAURITIUS CO,SELL,62526,3877.3,-
25-OCT-2022,COFORGE,Coforge Ltd,ISHARES CORE MSCI EMERGING MARKETS ETF,BUY,62526,3877.3,-
25-OCT-2022,CAMS,Computer Age Management Services Ltd,ISHARES CORE EMERGING MARKETS MAURITIUS CO,SELL,62026,2666.9,-
25-OCT-2022,CAMS,Computer Age Management Services Ltd,ISHARES CORE MSCI EMERGING MARKETS ETF,BUY,62026,2666.9,-
25-OCT-2022,TATACOMM,Tata Communications Ltd,ISHARES MSCI INDIA SMALL-CAP ETF,BUY,60935,1226.0,-
25-OCT-2022,TATACOMM,Tata Communications Ltd,ISHARES INDIA SC MAURITIUS COMPANY,SELL,60935,1226.0,-
25-OCT-2022,PIIND,PI Industries Ltd,ISHARES CORE MSCI EMERGING MARKETS ETF,BUY,58834,3121.85,-
25-OCT-2022,PIIND,PI Industries Ltd,ISHARES CORE EMERGING MARKETS MAURITIUS CO,SELL,58834,3121.85,-
25-OCT-2022,TIINDIA,Tube Investments of India Ltd,ISHARES INDIA SC MAURITIUS COMPANY,SELL,58460,2716.85,-
25-OCT-2022,TIINDIA,Tube Investments of India Ltd,ISHARES MSCI INDIA SMALL-CAP ETF,BUY,58460,2716.85,-
25-OCT-2022,TORNTPOWER,Torrent Power Ltd,ISHARES INDIA SC MAURITIUS COMPANY,SELL,56613,485.75,-
25-OCT-2022,TORNTPOWER,Torrent Power Ltd,ISHARES MSCI INDIA SMALL-CAP ETF,BUY,56613,485.75,-
25-OCT-2022,ASTRAL,Astral Ltd,ISHARES INDIA SC MAURITIUS COMPANY,SELL,54364,2016.6,-
25-OCT-2022,ASTRAL,Astral Ltd,ISHARES MSCI INDIA SMALL-CAP ETF,BUY,54364,2016.6,-
25-OCT-2022,BAJAJ-AUTO,Bajaj Auto Ltd,ISHARES CORE EMERGING MARKETS MAURITIUS CO,SELL,53957,3699.8,-
25-OCT-2022,BAJAJ-AUTO,Bajaj Auto Ltd,ISHARES CORE MSCI EMERGING MARKETS ETF,BUY,53957,3699.8,-
25-OCT-2022,LINDEINDIA,Linde India Ltd,ISHARES CORE MSCI EMERGING MARKETS ETF,BUY,52861,3110.65,-
25-OCT-2022,LINDEINDIA,Linde India Ltd,ISHARES CORE EMERGING MARKETS MAURITIUS CO,SELL,52861,3110.65,-
25-OCT-2022,UNOMINDA,UNO Minda Ltd-$,ISHARES MSCI INDIA SMALL-CAP ETF,BUY,52771,541.4,-
25-OCT-2022,UNOMINDA,UNO Minda Ltd-$,ISHARES INDIA SC MAURITIUS COMPANY,SELL,52771,541.4,-
25-OCT-2022,MINDTREE,MindTree Ltd,ISHARES CORE EMERGING MARKETS MAURITIUS CO,SELL,52762,3422.8,-
25-OCT-2022,MINDTREE,MindTree Ltd,ISHARES CORE MSCI EMERGING MARKETS ETF,BUY,52762,3422.8,-
25-OCT-2022,PHOENIXLTD,The Phoenix Mills Ltd,ISHARES INDIA SC MAURITIUS COMPANY,SELL,52490,1421.4,-
25-OCT-2022,PHOENIXLTD,The Phoenix Mills Ltd,ISHARES MSCI INDIA SMALL-CAP ETF,BUY,52490,1421.4,-
25-OCT-2022,AIAENG,AIA Engineering Ltd,ISHARES CORE EMERGING MARKETS MAURITIUS CO,SELL,52292,2605.1,-
25-OCT-2022,AIAENG,AIA Engineering Ltd,ISHARES CORE MSCI EMERGING MARKETS ETF,BUY,52292,2605.1,-
25-OCT-2022,CHAMBLFERT,Chambal Fertilisers & Chemicals Ltd,ISHARES MSCI INDIA SMALL-CAP ETF,BUY,51391,327.45,-
25-OCT-2022,CHAMBLFERT,Chambal Fertilisers & Chemicals Ltd,ISHARES INDIA SC MAURITIUS COMPANY,SELL,51391,327.45,-
25-OCT-2022,PRESTIGE,Prestige Estates Projects Ltd,ISHARES INDIA SC MAURITIUS COMPANY,SELL,48295,445.6,-
25-OCT-2022,PRESTIGE,Prestige Estates Projects Ltd,ISHARES MSCI INDIA SMALL-CAP ETF,BUY,48295,445.6,-
25-OCT-2022,POLYCAB,Polycab India Ltd,ISHARES CORE EMERGING MARKETS MAURITIUS CO,SELL,47863,2722.0,-
25-OCT-2022,POLYCAB,Polycab India Ltd,ISHARES CORE MSCI EMERGING MARKETS ETF,BUY,47863,2722.0,-
25-OCT-2022,KPITTECH,KPIT Technologies Ltd,ISHARES MSCI INDIA SMALL-CAP ETF,BUY,47617,712.85,-
25-OCT-2022,KPITTECH,KPIT Technologies Ltd,ISHARES INDIA SC MAURITIUS COMPANY,SELL,47617,712.85,-
25-OCT-2022,PEL,Piramal Enterprises Ltd,ISHARES MSCI INDIA SMALL-CAP ETF,BUY,47596,842.55,-
25-OCT-2022,PEL,Piramal Enterprises Ltd,ISHARES INDIA SC MAURITIUS COMPANY,SELL,47596,842.55,-
25-OCT-2022,COROMANDEL,Coromandel International Ltd,ISHARES MSCI INDIA SMALL-CAP ETF,BUY,47075,1001.85,-
25-OCT-2022,COROMANDEL,Coromandel International Ltd,ISHARES INDIA SC MAURITIUS COMPANY,SELL,47075,1001.85,-
25-OCT-2022,OBEROIRLTY,Oberoi Realty Ltd,ISHARES MSCI INDIA SMALL-CAP ETF,BUY,46791,868.3,-
25-OCT-2022,OBEROIRLTY,Oberoi Realty Ltd,ISHARES INDIA SC MAURITIUS COMPANY,SELL,46791,868.3,-
25-OCT-2022,PERSISTENT,Persistent Systems Ltd,ISHARES CORE MSCI EMERGING MARKETS ETF,BUY,43741,3708.0,-
25-OCT-2022,PERSISTENT,Persistent Systems Ltd,ISHARES CORE EMERGING MARKETS MAURITIUS CO,SELL,43741,3708.0,-
25-OCT-2022,KAJARIACER,Kajaria Ceramics Ltd,ISHARES MSCI INDIA SMALL-CAP ETF,BUY,42473,1109.55,-
25-OCT-2022,KAJARIACER,Kajaria Ceramics Ltd,ISHARES INDIA SC MAURITIUS COMPANY,SELL,42473,1109.55,-
25-OCT-2022,RAMCOCEM,The Ramco Cements Ltd,ISHARES INDIA SC MAURITIUS COMPANY,SELL,41753,703.9,-
25-OCT-2022,RAMCOCEM,The Ramco Cements Ltd,ISHARES MSCI INDIA SMALL-CAP ETF,BUY,41753,703.9,-
25-OCT-2022,SYNGENE,Syngene International Ltd,ISHARES MSCI INDIA SMALL-CAP ETF,BUY,41121,575.05,-
25-OCT-2022,SYNGENE,Syngene International Ltd,ISHARES INDIA SC MAURITIUS COMPANY,SELL,41121,575.05,-
25-OCT-2022,LTM,LTM Ltd,ISHARES CORE EMERGING MARKETS MAURITIUS CO,SELL,40442,4738.3,-
25-OCT-2022,LTM,LTM Ltd,ISHARES CORE MSCI EMERGING MARKETS ETF,BUY,40442,4738.3,-
25-OCT-2022,DALBHARAT,Dalmia Bharat Ltd,ISHARES MSCI INDIA SMALL-CAP ETF,BUY,40061,1520.7,-
25-OCT-2022,DALBHARAT,Dalmia Bharat Ltd,ISHARES INDIA SC MAURITIUS COMPANY,SELL,40061,1520.7,-
25-OCT-2022,CARBORUNIV,Carborundum Universal Ltd,ISHARES MSCI INDIA SMALL-CAP ETF,BUY,39942,851.45,-
25-OCT-2022,CARBORUNIV,Carborundum Universal Ltd,ISHARES INDIA SC MAURITIUS COMPANY,SELL,39942,851.45,-
25-OCT-2022,GLENMARK,Glenmark Pharmaceuticals Ltd,ISHARES INDIA SC MAURITIUS COMPANY,SELL,39265,397.9,-
25-OCT-2022,GLENMARK,Glenmark Pharmaceuticals Ltd,ISHARES MSCI INDIA SMALL-CAP ETF,BUY,39265,397.9,-
25-OCT-2022,SUPREMEIND,Supreme Industries Ltd,ISHARES MSCI INDIA SMALL-CAP ETF,BUY,38191,2052.4,-
25-OCT-2022,SUPREMEIND,Supreme Industries Ltd,ISHARES INDIA SC MAURITIUS COMPANY,SELL,38191,2052.4,-
25-OCT-2022,DEEPAKNTR,Deepak Nitrite Ltd-$,ISHARES INDIA SC MAURITIUS COMPANY,SELL,37600,2236.8,-
25-OCT-2022,DEEPAKNTR,Deepak Nitrite Ltd-$,ISHARES MSCI INDIA SMALL-CAP ETF,BUY,37600,2236.8,-
25-OCT-2022,KANSAINER,Kansai Nerolac Paints Ltd,ISHARES MSCI INDIA SMALL-CAP ETF,BUY,37252,479.65,-
25-OCT-2022,KANSAINER,Kansai Nerolac Paints Ltd,ISHARES INDIA SC MAURITIUS COMPANY,SELL,37252,479.65,-
25-OCT-2022,SCHAEFFLER,Schaeffler India Ltd,ISHARES CORE MSCI EMERGING MARKETS ETF,BUY,37181,3084.65,-
25-OCT-2022,SCHAEFFLER,Schaeffler India Ltd,ISHARES CORE EMERGING MARKETS MAURITIUS CO,SELL,37181,3084.65,-
25-OCT-2022,INDIAMART,IndiaMART InterMESH Ltd,ISHARES CORE EMERGING MARKETS MAURITIUS CO,SELL,36242,4364.15,-
25-OCT-2022,INDIAMART,IndiaMART InterMESH Ltd,ISHARES CORE MSCI EMERGING MARKETS ETF,BUY,36242,4364.15,-
25-OCT-2022,SUNDRMFAST,Sundram Fasteners Ltd,ISHARES INDIA SC MAURITIUS COMPANY,SELL,36145,900.3,-
25-OCT-2022,SUNDRMFAST,Sundram Fasteners Ltd,ISHARES MSCI INDIA SMALL-CAP ETF,BUY,36145,900.3,-
25-OCT-2022,BAYERCROP,Bayer CropScience Ltd,ISHARES CORE EMERGING MARKETS MAURITIUS CO,SELL,33939,4696.7,-
25-OCT-2022,BAYERCROP,Bayer CropScience Ltd,ISHARES CORE MSCI EMERGING MARKETS ETF,BUY,33939,4696.7,-
25-OCT-2022,NAVINFLUOR,Navin Fluorine International Ltd-$,ISHARES CORE EMERGING MARKETS MAURITIUS CO,SELL,33801,4426.5,-
25-OCT-2022,NAVINFLUOR,Navin Fluorine International Ltd-$,ISHARES CORE MSCI EMERGING MARKETS ETF,BUY,33801,4426.5,-
25-OCT-2022,DIXON,Dixon Technologies (India) Ltd,ISHARES CORE MSCI EMERGING MARKETS ETF,BUY,33710,4279.3,-
25-OCT-2022,DIXON,Dixon Technologies (India) Ltd,ISHARES CORE EMERGING MARKETS MAURITIUS CO,SELL,33710,4279.3,-
25-OCT-2022,FLUOROCHEM,Gujarat Fluorochemicals Ltd,ISHARES CORE MSCI EMERGING MARKETS ETF,BUY,32280,3850.65,-
25-OCT-2022,FLUOROCHEM,Gujarat Fluorochemicals Ltd,ISHARES CORE EMERGING MARKETS MAURITIUS CO,SELL,32280,3850.65,-
25-OCT-2022,SKFINDIA,SKF India Ltd,ISHARES CORE EMERGING MARKETS MAURITIUS CO,SELL,31964,4512.1,-
25-OCT-2022,SKFINDIA,SKF India Ltd,ISHARES CORE MSCI EMERGING MARKETS ETF,BUY,31964,4512.1,-
25-OCT-2022,RADICO,Radico Khaitan Ltd,ISHARES MSCI INDIA SMALL-CAP ETF,BUY,31490,1046.6,-
25-OCT-2022,RADICO,Radico Khaitan Ltd,ISHARES INDIA SC MAURITIUS COMPANY,SELL,31490,1046.6,-
25-OCT-2022,CHOLAHLDNG,Cholamandalam Financial Holdings Ltd,ISHARES INDIA SC MAURITIUS COMPANY,SELL,31285,625.8,-
25-OCT-2022,CHOLAHLDNG,Cholamandalam Financial Holdings Ltd,ISHARES MSCI INDIA SMALL-CAP ETF,BUY,31285,625.8,-
25-OCT-2022,KEI,KEI Industries Ltd,ISHARES MSCI INDIA SMALL-CAP ETF,BUY,31250,1532.45,-
25-OCT-2022,KEI,KEI Industries Ltd,ISHARES INDIA SC MAURITIUS COMPANY,SELL,31250,1532.45,-
25-OCT-2022,PERSISTENT,Persistent Systems Ltd,ISHARES INDIA SC MAURITIUS COMPANY,SELL,29871,3708.0,-
25-OCT-2022,PERSISTENT,Persistent Systems Ltd,ISHARES MSCI INDIA SMALL-CAP ETF,BUY,29871,3708.0,-
25-OCT-2022,TATAELXSI,Tata Elxsi Ltd,ISHARES CORE EMERGING MARKETS MAURITIUS CO,SELL,29470,7309.3,-
25-OCT-2022,TATAELXSI,Tata Elxsi Ltd,ISHARES CORE MSCI EMERGING MARKETS ETF,BUY,29470,7309.3,-
25-OCT-2022,SOLARINDS,Solar Industries India Ltd,ISHARES CORE EMERGING MARKETS MAURITIUS CO,SELL,28620,3986.75,-
25-OCT-2022,SOLARINDS,Solar Industries India Ltd,ISHARES CORE MSCI EMERGING MARKETS ETF,BUY,28620,3986.75,-
25-OCT-2022,SCHAEFFLER,Schaeffler India Ltd,ISHARES INDIA SC MAURITIUS COMPANY,SELL,28196,3084.65,-
25-OCT-2022,SCHAEFFLER,Schaeffler India Ltd,ISHARES MSCI INDIA SMALL-CAP ETF,BUY,28196,3084.65,-
25-OCT-2022,GESHIP,Great Eastern Shipping Company Ltd,ISHARES INDIA SC MAURITIUS COMPANY,SELL,25884,510.3,-
25-OCT-2022,GESHIP,Great Eastern Shipping Company Ltd,ISHARES MSCI INDIA SMALL-CAP ETF,BUY,25884,510.3,-
25-OCT-2022,NATCOPHARM,Natco Pharma Ltd,ISHARES INDIA SC MAURITIUS COMPANY,SELL,22874,593.9,-
25-OCT-2022,NATCOPHARM,Natco Pharma Ltd,ISHARES MSCI INDIA SMALL-CAP ETF,BUY,22874,593.9,-
25-OCT-2022,AIAENG,AIA Engineering Ltd,ISHARES MSCI INDIA SMALL-CAP ETF,BUY,22672,2605.1,-
25-OCT-2022,AIAENG,AIA Engineering Ltd,ISHARES INDIA SC MAURITIUS COMPANY,SELL,22672,2605.1,-
25-OCT-2022,POLYCAB,Polycab India Ltd,ISHARES INDIA SC MAURITIUS COMPANY,SELL,21989,2722.0,-
25-OCT-2022,POLYCAB,Polycab India Ltd,ISHARES MSCI INDIA SMALL-CAP ETF,BUY,21989,2722.0,-
25-OCT-2022,AFFLE,Affle 3I Ltd,ISHARES INDIA SC MAURITIUS COMPANY,SELL,20902,1190.4,-
25-OCT-2022,AFFLE,Affle 3I Ltd,ISHARES MSCI INDIA SMALL-CAP ETF,BUY,20902,1190.4,-
25-OCT-2022,HAPPSTMNDS,Happiest Minds Technologies Ltd,ISHARES MSCI INDIA SMALL-CAP ETF,BUY,19579,996.65,-
25-OCT-2022,HAPPSTMNDS,Happiest Minds Technologies Ltd,ISHARES INDIA SC MAURITIUS COMPANY,SELL,19579,996.65,-
25-OCT-2022,BATAINDIA,Bata India Ltd,ISHARES MSCI INDIA SMALL-CAP ETF,BUY,18881,1814.55,-
25-OCT-2022,BATAINDIA,Bata India Ltd,ISHARES INDIA SC MAURITIUS COMPANY,SELL,18881,1814.55,-
25-OCT-2022,PVRINOX,PVR Inox Ltd,ISHARES MSCI INDIA SMALL-CAP ETF,BUY,18315,1715.75,-
25-OCT-2022,PVRINOX,PVR Inox Ltd,ISHARES INDIA SC MAURITIUS COMPANY,SELL,18315,1715.75,-
25-OCT-2022,GRINDWELL,Grindwell Norton Ltd-$,ISHARES MSCI INDIA SMALL-CAP ETF,BUY,17742,2045.9,-
25-OCT-2022,GRINDWELL,Grindwell Norton Ltd-$,ISHARES INDIA SC MAURITIUS COMPANY,SELL,17742,2045.9,-
25-OCT-2022,AAVAS,AAVAS Financiers Ltd,ISHARES MSCI INDIA SMALL-CAP ETF,BUY,17406,2010.95,-
25-OCT-2022,AAVAS,AAVAS Financiers Ltd,ISHARES INDIA SC MAURITIUS COMPANY,SELL,17406,2010.95,-
25-OCT-2022,BLUESTARCO,Blue Star Ltd,ISHARES INDIA SC MAURITIUS COMPANY,SELL,17145,1214.85,-
25-OCT-2022,BLUESTARCO,Blue Star Ltd,ISHARES MSCI INDIA SMALL-CAP ETF,BUY,17145,1214.85,-
25-OCT-2022,RELAXO,Relaxo Footwears Ltd-$,ISHARES INDIA SC MAURITIUS COMPANY,SELL,17089,981.05,-
25-OCT-2022,RELAXO,Relaxo Footwears Ltd-$,ISHARES MSCI INDIA SMALL-CAP ETF,BUY,17089,981.05,-
25-OCT-2022,THERMAX,Thermax Ltd,ISHARES MSCI INDIA SMALL-CAP ETF,BUY,16709,2112.9,-
25-OCT-2022,THERMAX,Thermax Ltd,ISHARES INDIA SC MAURITIUS COMPANY,SELL,16709,2112.9,-
25-OCT-2022,ATUL,Atul Ltd,ISHARES CORE MSCI EMERGING MARKETS ETF,BUY,15750,8379.95,-
25-OCT-2022,ATUL,Atul Ltd,ISHARES CORE EMERGING MARKETS MAURITIUS CO,SELL,15750,8379.95,-
25-OCT-2022,NAVINFLUOR,Navin Fluorine International Ltd-$,ISHARES MSCI INDIA SMALL-CAP ETF,BUY,14676,4426.5,-
25-OCT-2022,NAVINFLUOR,Navin Fluorine International Ltd-$,ISHARES INDIA SC MAURITIUS COMPANY,SELL,14676,4426.5,-
25-OCT-2022,DIXON,Dixon Technologies (India) Ltd,ISHARES INDIA SC MAURITIUS COMPANY,SELL,14544,4279.3,-
25-OCT-2022,DIXON,Dixon Technologies (India) Ltd,ISHARES MSCI INDIA SMALL-CAP ETF,BUY,14544,4279.3,-
25-OCT-2022,JKCEMENT,JK Cement Ltd,ISHARES MSCI INDIA SMALL-CAP ETF,BUY,13929,2680.5,-
25-OCT-2022,JKCEMENT,JK Cement Ltd,ISHARES INDIA SC MAURITIUS COMPANY,SELL,13929,2680.5,-
25-OCT-2022,BLUEDART,Blue Dart Express Ltd,ISHARES CORE MSCI EMERGING MARKETS ETF,BUY,13807,8429.8,-
25-OCT-2022,BLUEDART,Blue Dart Express Ltd,ISHARES CORE EMERGING MARKETS MAURITIUS CO,SELL,13807,8429.8,-
25-OCT-2022,FLUOROCHEM,Gujarat Fluorochemicals Ltd,ISHARES INDIA SC MAURITIUS COMPANY,SELL,13439,3850.65,-
25-OCT-2022,FLUOROCHEM,Gujarat Fluorochemicals Ltd,ISHARES MSCI INDIA SMALL-CAP ETF,BUY,13439,3850.65,-
25-OCT-2022,SOLARINDS,Solar Industries India Ltd,ISHARES MSCI INDIA SMALL-CAP ETF,BUY,13287,3986.75,-
25-OCT-2022,SOLARINDS,Solar Industries India Ltd,ISHARES INDIA SC MAURITIUS COMPANY,SELL,13287,3986.75,-
25-OCT-2022,LALPATHLAB,Dr. Lal PathLabs Ltd,ISHARES INDIA SC MAURITIUS COMPANY,SELL,12949,2550.9,-
25-OCT-2022,LALPATHLAB,Dr. Lal PathLabs Ltd,ISHARES MSCI INDIA SMALL-CAP ETF,BUY,12949,2550.9,-
25-OCT-2022,BAJAJELEC,Bajaj Electricals Ltd-$,ISHARES INDIA SC MAURITIUS COMPANY,SELL,12679,1163.8,-
25-OCT-2022,BAJAJELEC,Bajaj Electricals Ltd-$,ISHARES MSCI INDIA SMALL-CAP ETF,BUY,12679,1163.8,-
25-OCT-2022,COFORGE,Coforge Ltd,ISHARES INDIA SC MAURITIUS COMPANY,SELL,10777,3877.3,-
25-OCT-2022,COFORGE,Coforge Ltd,ISHARES MSCI INDIA SMALL-CAP ETF,BUY,10777,3877.3,-
25-OCT-2022,AJANTPHARM,Ajanta Pharma Ltd,ISHARES INDIA SC MAURITIUS COMPANY,SELL,10604,1241.8,-
25-OCT-2022,AJANTPHARM,Ajanta Pharma Ltd,ISHARES MSCI INDIA SMALL-CAP ETF,BUY,10604,1241.8,-
25-OCT-2022,LMW,LMW Ltd,ISHARES CORE EMERGING MARKETS MAURITIUS CO,SELL,10245,12768.25,-
25-OCT-2022,LMW,LMW Ltd,ISHARES CORE MSCI EMERGING MARKETS ETF,BUY,10245,12768.25,-
25-OCT-2022,SHREECEM,Shree Cement Ltd,ISHARES CORE MSCI EMERGING MARKETS ETF,BUY,9527,21044.45,-
25-OCT-2022,SHREECEM,Shree Cement Ltd,ISHARES CORE EMERGING MARKETS MAURITIUS CO,SELL,9527,21044.45,-
25-OCT-2022,360ONE,360 ONE WAM LTD,ISHARES INDIA SC MAURITIUS COMPANY,SELL,9206,1763.85,-
25-OCT-2022,360ONE,360 ONE WAM LTD,ISHARES MSCI INDIA SMALL-CAP ETF,BUY,9206,1763.85,-
25-OCT-2022,CAMS,Computer Age Management Services Ltd,ISHARES INDIA SC MAURITIUS COMPANY,SELL,9018,2666.9,-
25-OCT-2022,CAMS,Computer Age Management Services Ltd,ISHARES MSCI INDIA SMALL-CAP ETF,BUY,9018,2666.9,-
25-OCT-2022,VINATIORGA,Vinati Organics Ltd-$,ISHARES INDIA SC MAURITIUS COMPANY,SELL,8896,2010.2,-
25-OCT-2022,VINATIORGA,Vinati Organics Ltd-$,ISHARES MSCI INDIA SMALL-CAP ETF,BUY,8896,2010.2,-
25-OCT-2022,SKFINDIA,SKF India Ltd,ISHARES MSCI INDIA SMALL-CAP ETF,BUY,8546,4512.1,-
25-OCT-2022,SKFINDIA,SKF India Ltd,ISHARES INDIA SC MAURITIUS COMPANY,SELL,8546,4512.1,-
25-OCT-2022,ATUL,Atul Ltd,ISHARES INDIA SC MAURITIUS COMPANY,SELL,7908,8379.95,-
25-OCT-2022,ATUL,Atul Ltd,ISHARES MSCI INDIA SMALL-CAP ETF,BUY,7908,8379.95,-
25-OCT-2022,3MINDIA,3M India Ltd,ISHARES CORE EMERGING MARKETS MAURITIUS CO,SELL,7640,23168.2,-
25-OCT-2022,3MINDIA,3M India Ltd,ISHARES CORE MSCI EMERGING MARKETS ETF,BUY,7640,23168.2,-
25-OCT-2022,LINDEINDIA,Linde India Ltd,ISHARES INDIA SC MAURITIUS COMPANY,SELL,7346,3110.65,-
25-OCT-2022,LINDEINDIA,Linde India Ltd,ISHARES MSCI INDIA SMALL-CAP ETF,BUY,7346,3110.65,-
25-OCT-2022,PAGEIND,Page Industries Ltd,ISHARES CORE EMERGING MARKETS MAURITIUS CO,SELL,4888,53222.2,-
25-OCT-2022,PAGEIND,Page Industries Ltd,ISHARES CORE MSCI EMERGING MARKETS ETF,BUY,4888,53222.2,-
25-OCT-2022,BAYERCROP,Bayer CropScience Ltd,ISHARES MSCI INDIA SMALL-CAP ETF,BUY,4645,4696.7,-
25-OCT-2022,BAYERCROP,Bayer CropScience Ltd,ISHARES INDIA SC MAURITIUS COMPANY,SELL,4645,4696.7,-
25-OCT-2022,INDIAMART,IndiaMART InterMESH Ltd,ISHARES MSCI INDIA SMALL-CAP ETF,BUY,4552,4364.15,-
25-OCT-2022,INDIAMART,IndiaMART InterMESH Ltd,ISHARES INDIA SC MAURITIUS COMPANY,SELL,4552,4364.15,-
25-OCT-2022,MRF,MRF Ltd,ISHARES CORE MSCI EMERGING MARKETS ETF,BUY,2146,86291.55,-
25-OCT-2022,MRF,MRF Ltd,ISHARES CORE EMERGING MARKETS MAURITIUS CO,SELL,2146,86291.55,-
25-OCT-2022,BLUEDART,Blue Dart Express Ltd,ISHARES INDIA SC MAURITIUS COMPANY,SELL,1317,8429.8,-
25-OCT-2022,BLUEDART,Blue Dart Express Ltd,ISHARES MSCI INDIA SMALL-CAP ETF,BUY,1317,8429.8,-
25-OCT-2022,3MINDIA,3M India Ltd,ISHARES MSCI INDIA SMALL-CAP ETF,BUY,979,23168.2,-
25-OCT-2022,3MINDIA,3M India Ltd,ISHARES INDIA SC MAURITIUS COMPANY,SELL,979,23168.2,-
25-OCT-2022,LMW,LMW Ltd,ISHARES MSCI INDIA SMALL-CAP ETF,BUY,886,12768.25,-
25-OCT-2022,LMW,LMW Ltd,ISHARES INDIA SC MAURITIUS COMPANY,SELL,886,12768.25,-
02-NOV-2022,VERITAS,Veritas (India) Ltd,SWAN ENERGY LIMITED,BUY,860000,117.25,-
02-NOV-2022,VERITAS,Veritas (India) Ltd,NITI NITINKUMAR DIDWANIA,SELL,860000,117.25,-
03-NOV-2022,ICICIBANK,ICICI Bank Ltd,ISHARES CORE MSCI EMERGING MARKETS ETF,BUY,7279023,904.45,-
03-NOV-2022,ICICIBANK,ICICI Bank Ltd,ISHARES CORE EMERGING MARKETS MAURITIUS CO,SELL,7279023,904.45,-
03-NOV-2022,IOC,Indian Oil Corporation Ltd,ISHARES CORE MSCI EMERGING MARKETS ETF,BUY,4146077,68.6,-
03-NOV-2022,IOC,Indian Oil Corporation Ltd,ISHARES CORE EMERGING MARKETS MAURITIUS CO,SELL,4146077,68.6,-
03-NOV-2022,PPLPHARMA,Piramal Pharma Ltd,ISHARES CORE EMERGING MARKETS MAURITIUS CO,SELL,4050700,166.95,-
03-NOV-2022,PPLPHARMA,Piramal Pharma Ltd,ISHARES CORE MSCI EMERGING MARKETS ETF,BUY,4050700,166.95,-
03-NOV-2022,IDFCFIRSTB,IDFC First Bank Ltd,ISHARES CORE EMERGING MARKETS MAURITIUS CO,SELL,3681883,55.4,-
03-NOV-2022,IDFCFIRSTB,IDFC First Bank Ltd,ISHARES CORE MSCI EMERGING MARKETS ETF,BUY,3681883,55.4,-
03-NOV-2022,HDFC,Housing Development Finance Corporation Ltd,ISHARES CORE EMERGING MARKETS MAURITIUS CO,SELL,2653656,2507.45,-
03-NOV-2022,HDFC,Housing Development Finance Corporation Ltd,ISHARES CORE MSCI EMERGING MARKETS ETF,BUY,2653656,2507.45,-
03-NOV-2022,FEDERALBNK,Federal Bank Ltd,ISHARES CORE MSCI EMERGING MARKETS ETF,BUY,2478994,133.25,-
03-NOV-2022,FEDERALBNK,Federal Bank Ltd,ISHARES CORE EMERGING MARKETS MAURITIUS CO,SELL,2478994,133.25,-
03-NOV-2022,ASHOKLEY,Ashok Leyland Ltd,ISHARES CORE MSCI EMERGING MARKETS ETF,BUY,2369069,149.35,-
03-NOV-2022,ASHOKLEY,Ashok Leyland Ltd,ISHARES CORE EMERGING MARKETS MAURITIUS CO,SELL,2369069,149.35,-
03-NOV-2022,HCLTECH,HCL Technologies Ltd,ISHARES CORE MSCI EMERGING MARKETS ETF,BUY,1650904,1044.65,-
03-NOV-2022,HCLTECH,HCL Technologies Ltd,ISHARES CORE EMERGING MARKETS MAURITIUS CO,SELL,1650904,1044.65,-
03-NOV-2022,TCS,Tata Consultancy Services Ltd,ISHARES CORE MSCI EMERGING MARKETS ETF,BUY,1395939,3242.75,-
03-NOV-2022,TCS,Tata Consultancy Services Ltd,ISHARES CORE EMERGING MARKETS MAURITIUS CO,SELL,1395939,3242.75,-
03-NOV-2022,M&M,Mahindra & Mahindra Ltd,ISHARES CORE MSCI EMERGING MARKETS ETF,BUY,1371212,1352.5,-
03-NOV-2022,M&M,Mahindra & Mahindra Ltd,ISHARES CORE EMERGING MARKETS MAURITIUS CO,SELL,1371212,1352.5,-
03-NOV-2022,ZEEL,Zee Entertainment Enterprises Ltd,ISHARES CORE EMERGING MARKETS MAURITIUS CO,SELL,1364308,265.0,-
03-NOV-2022,ZEEL,Zee Entertainment Enterprises Ltd,ISHARES CORE MSCI EMERGING MARKETS ETF,BUY,1364308,265.0,-
03-NOV-2022,BAJAJFINSV,Bajaj Finserv Ltd,ISHARES CORE EMERGING MARKETS MAURITIUS CO,SELL,1141860,1711.1,-
03-NOV-2022,BAJAJFINSV,Bajaj Finserv Ltd,ISHARES CORE MSCI EMERGING MARKETS ETF,BUY,1141860,1711.1,-
03-NOV-2022,ADANIPOWER,Adani Power Ltd,ISHARES CORE MSCI EMERGING MARKETS ETF,BUY,1093416,343.15,-
03-NOV-2022,ADANIPOWER,Adani Power Ltd,ISHARES CORE EMERGING MARKETS MAURITIUS CO,SELL,1093416,343.15,-
03-NOV-2022,LT,Larsen & Toubro Ltd,ISHARES CORE MSCI EMERGING MARKETS ETF,BUY,1074512,2012.6,-
03-NOV-2022,LT,Larsen & Toubro Ltd,ISHARES CORE EMERGING MARKETS MAURITIUS CO,SELL,1074512,2012.6,-
03-NOV-2022,BANDHANBNK,Bandhan Bank Ltd,ISHARES CORE EMERGING MARKETS MAURITIUS CO,SELL,1007501,232.7,-
03-NOV-2022,BANDHANBNK,Bandhan Bank Ltd,ISHARES CORE MSCI EMERGING MARKETS ETF,BUY,1007501,232.7,-
03-NOV-2022,CROMPTON,Crompton Greaves Consumer Electricals Ltd,ISHARES CORE EMERGING MARKETS MAURITIUS CO,SELL,755054,364.75,-
03-NOV-2022,CROMPTON,Crompton Greaves Consumer Electricals Ltd,ISHARES CORE MSCI EMERGING MARKETS ETF,BUY,755054,364.75,-
03-NOV-2022,MAXHEALTH,Max Healthcare Institute Ltd,ISHARES CORE EMERGING MARKETS MAURITIUS CO,SELL,699791,464.45,-
03-NOV-2022,MAXHEALTH,Max Healthcare Institute Ltd,ISHARES CORE MSCI EMERGING MARKETS ETF,BUY,699791,464.45,-
03-NOV-2022,AARTIIND,Aarti Industries Ltd,ISHARES CORE MSCI EMERGING MARKETS ETF,BUY,422259,723.8,-
03-NOV-2022,AARTIIND,Aarti Industries Ltd,ISHARES CORE EMERGING MARKETS MAURITIUS CO,SELL,422259,723.8,-
03-NOV-2022,BHARATFORG,Bharat Forge Ltd,ISHARES CORE MSCI EMERGING MARKETS ETF,BUY,371305,846.3,-
03-NOV-2022,BHARATFORG,Bharat Forge Ltd,ISHARES CORE EMERGING MARKETS MAURITIUS CO,SELL,371305,846.3,-
03-NOV-2022,MFSL,Max Financial Services Ltd,ISHARES CORE MSCI EMERGING MARKETS ETF,BUY,341721,720.45,-
03-NOV-2022,MFSL,Max Financial Services Ltd,ISHARES CORE EMERGING MARKETS MAURITIUS CO,SELL,341721,720.45,-
03-NOV-2022,TVSMOTOR,TVS Motor Company Ltd,ISHARES CORE MSCI EMERGING MARKETS ETF,BUY,298570,1114.9,-
03-NOV-2022,TVSMOTOR,TVS Motor Company Ltd,ISHARES CORE EMERGING MARKETS MAURITIUS CO,SELL,298570,1114.9,-
03-NOV-2022,IRCTC,Indian Railway Catering and Tourism Corporation Ltd,ISHARES CORE EMERGING MARKETS MAURITIUS CO,SELL,259306,755.45,-
03-NOV-2022,IRCTC,Indian Railway Catering and Tourism Corporation Ltd,ISHARES CORE MSCI EMERGING MARKETS ETF,BUY,259306,755.45,-
03-NOV-2022,COLPAL,Colgate Palmolive (India) Ltd,ISHARES CORE MSCI EMERGING MARKETS ETF,BUY,192356,1615.1,-
03-NOV-2022,COLPAL,Colgate Palmolive (India) Ltd,ISHARES CORE EMERGING MARKETS MAURITIUS CO,SELL,192356,1615.1,-
03-NOV-2022,MARUTI,Maruti Suzuki India Ltd,ISHARES CORE MSCI EMERGING MARKETS ETF,BUY,189200,9228.25,-
03-NOV-2022,MARUTI,Maruti Suzuki India Ltd,ISHARES CORE EMERGING MARKETS MAURITIUS CO,SELL,189200,9228.25,-
03-NOV-2022,MPHASIS,Mphasis Ltd,ISHARES CORE MSCI EMERGING MARKETS ETF,BUY,133593,2035.45,-
03-NOV-2022,MPHASIS,Mphasis Ltd,ISHARES CORE EMERGING MARKETS MAURITIUS CO,SELL,133593,2035.45,-
03-NOV-2022,SIEMENS,Siemens Ltd,ISHARES CORE MSCI EMERGING MARKETS ETF,BUY,119877,2907.95,-
03-NOV-2022,SIEMENS,Siemens Ltd,ISHARES CORE EMERGING MARKETS MAURITIUS CO,SELL,119877,2907.95,-
03-NOV-2022,PIIND,PI Industries Ltd,ISHARES CORE MSCI EMERGING MARKETS ETF,BUY,109358,3257.25,-
03-NOV-2022,PIIND,PI Industries Ltd,ISHARES CORE EMERGING MARKETS MAURITIUS CO,SELL,109358,3257.25,-
03-NOV-2022,MINDTREE,MindTree Ltd,ISHARES CORE EMERGING MARKETS MAURITIUS CO,SELL,98071,3498.8,-
03-NOV-2022,MINDTREE,MindTree Ltd,ISHARES CORE MSCI EMERGING MARKETS ETF,BUY,98071,3498.8,-
03-NOV-2022,SUPREMEIND,Supreme Industries Ltd,ISHARES CORE MSCI EMERGING MARKETS ETF,BUY,91250,2286.9,-
03-NOV-2022,SUPREMEIND,Supreme Industries Ltd,ISHARES CORE EMERGING MARKETS MAURITIUS CO,SELL,91250,2286.9,-
03-NOV-2022,DEEPAKNTR,Deepak Nitrite Ltd-$,ISHARES CORE MSCI EMERGING MARKETS ETF,BUY,89689,2343.45,-
03-NOV-2022,DEEPAKNTR,Deepak Nitrite Ltd-$,ISHARES CORE EMERGING MARKETS MAURITIUS CO,SELL,89689,2343.45,-
03-NOV-2022,MRF,MRF Ltd,ISHARES CORE MSCI EMERGING MARKETS ETF,BUY,2302,90552.0,-
03-NOV-2022,MRF,MRF Ltd,ISHARES CORE EMERGING MARKETS MAURITIUS CO,SELL,2302,90552.0,-
07-NOV-2022,VERITAS,Veritas (India) Ltd,SWAN ENERGY LIMITED,BUY,810000,124.0,-
07-NOV-2022,VERITAS,Veritas (India) Ltd,NITI NITINKUMAR DIDWANIA,SELL,810000,124.0,-
10-NOV-2022,VERITAS,Veritas (India) Ltd,SWAN ENERGY LIMITED,BUY,3290000,122.8,-
10-NOV-2022,VERITAS,Veritas (India) Ltd,NITI NITINKUMAR DIDWANIA,SELL,3290000,122.8,-
10-NOV-2022,WIMPLAST,Wim Plast Ltd-$,PANKAJ GHISULAL RATHOD,SELL,735588,501.0,-
10-NOV-2022,WIMPLAST,Wim Plast Ltd-$,CELLO WORLD PRIVATE LIMITED,BUY,735588,501.0,-
10-NOV-2022,WIMPLAST,Wim Plast Ltd-$,CELLO WORLD PRIVATE LIMITED,BUY,645367,501.0,-
10-NOV-2022,WIMPLAST,Wim Plast Ltd-$,PRADEEP GHISULAL RATHOD,SELL,645367,501.0,-
10-NOV-2022,WIMPLAST,Wim Plast Ltd-$,PRADEEP GHISULAL RATHOD,SELL,586900,501.0,-
10-NOV-2022,WIMPLAST,Wim Plast Ltd-$,CELLO WORLD PRIVATE LIMITED,BUY,586900,501.0,-
10-NOV-2022,WIMPLAST,Wim Plast Ltd-$,CELLO WORLD PRIVATE LIMITED,BUY,586400,501.0,-
10-NOV-2022,WIMPLAST,Wim Plast Ltd-$,PANKAJ GHISULAL RATHOD,SELL,586400,501.0,-
10-NOV-2022,WIMPLAST,Wim Plast Ltd-$,PRADEEP GHISULAL RATHOD,SELL,458100,501.0,-
10-NOV-2022,WIMPLAST,Wim Plast Ltd-$,CELLO WORLD PRIVATE LIMITED,BUY,458100,501.0,-
10-NOV-2022,WIMPLAST,Wim Plast Ltd-$,CELLO WORLD PRIVATE LIMITED,BUY,452600,501.0,-
10-NOV-2022,WIMPLAST,Wim Plast Ltd-$,PANKAJ GHISULAL RATHOD,SELL,452600,501.0,-
10-NOV-2022,WIMPLAST,Wim Plast Ltd-$,CELLO WORLD PRIVATE LIMITED,BUY,444451,501.0,-
10-NOV-2022,WIMPLAST,Wim Plast Ltd-$,GAURAV PRADEEP RATHOD,SELL,444451,501.0,-
10-NOV-2022,WIMPLAST,Wim Plast Ltd-$,GAURAV PRADEEP RATHOD,SELL,442186,501.0,-
10-NOV-2022,WIMPLAST,Wim Plast Ltd-$,CELLO WORLD PRIVATE LIMITED,BUY,442186,501.0,-
10-NOV-2022,WIMPLAST,Wim Plast Ltd-$,CELLO WORLD PRIVATE LIMITED,BUY,429965,501.0,-
10-NOV-2022,WIMPLAST,Wim Plast Ltd-$,CELLO PENS AND STATIONERY PRIVATE LIMITED,SELL,429965,501.0,-
10-NOV-2022,WIMPLAST,Wim Plast Ltd-$,CELLO PENS AND STATIONERY PRIVATE LIMITED,SELL,416785,501.0,-
10-NOV-2022,WIMPLAST,Wim Plast Ltd-$,CELLO WORLD PRIVATE LIMITED,BUY,416785,501.0,-
10-NOV-2022,WIMPLAST,Wim Plast Ltd-$,CELLO WORLD PRIVATE LIMITED,BUY,354275,501.0,-
10-NOV-2022,WIMPLAST,Wim Plast Ltd-$,CELLO PENS AND STATIONERY PRIVATE LIMITED,SELL,354275,501.0,-
10-NOV-2022,WIMPLAST,Wim Plast Ltd-$,SANGEETA PRADEEP RATHOD,SELL,287535,501.0,-
10-NOV-2022,WIMPLAST,Wim Plast Ltd-$,CELLO WORLD PRIVATE LIMITED,BUY,287535,501.0,-
10-NOV-2022,WIMPLAST,Wim Plast Ltd-$,CELLO WORLD PRIVATE LIMITED,BUY,279478,501.0,-
10-NOV-2022,WIMPLAST,Wim Plast Ltd-$,BABITA PANKAJ RATHOD,SELL,279478,501.0,-
10-NOV-2022,WIMPLAST,Wim Plast Ltd-$,BABITA PANKAJ RATHOD,SELL,240522,501.0,-
10-NOV-2022,WIMPLAST,Wim Plast Ltd-$,CELLO WORLD PRIVATE LIMITED,BUY,240522,501.0,-
10-NOV-2022,WIMPLAST,Wim Plast Ltd-$,CELLO WORLD PRIVATE LIMITED,BUY,232465,501.0,-
10-NOV-2022,WIMPLAST,Wim Plast Ltd-$,SANGEETA PRADEEP RATHOD,SELL,232465,501.0,-
11-NOV-2022,NYKAA,FSN E-Commerce Ventures Ltd,MORGAN STANLEY ASIA (SINGAPORE) PTE.,BUY,8213050,186.4,-
11-NOV-2022,NYKAA,FSN E-Commerce Ventures Ltd,TPG GROWTH IV SF PTE LTD,SELL,8213050,186.4,-
11-NOV-2022,NYKAA,FSN E-Commerce Ventures Ltd,SOCIETE GENERALE,BUY,2630000,186.4,-
11-NOV-2022,NYKAA,FSN E-Commerce Ventures Ltd,TPG GROWTH IV SF PTE LTD,SELL,2630000,186.4,-
11-NOV-2022,BAJAJST,Bajaj Steel Industries Ltd,SIDHI VINIMAY PRIVATE LIMITED,BUY,157800,887.0,-
11-NOV-2022,BAJAJST,Bajaj Steel Industries Ltd,GLYCOSIC MERCHANTS PRIVATE LIMITED,SELL,157800,887.0,-
14-NOV-2022,INFY,Infosys Ltd,ISHARES CORE MSCI EMERGING MARKETS ETF,BUY,4849687,1570.05,-
14-NOV-2022,INFY,Infosys Ltd,ISHARES CORE EMERGING MARKETS MAURITIUS CO,SELL,4849687,1570.05,-
14-NOV-2022,RELIANCE,Reliance Industries Ltd,ISHARES CORE MSCI EMERGING MARKETS ETF,BUY,4655522,2631.35,-
14-NOV-2022,RELIANCE,Reliance Industries Ltd,ISHARES CORE EMERGING MARKETS MAURITIUS CO,SELL,4655522,2631.35,-
14-NOV-2022,HDFC,Housing Development Finance Corporation Ltd,ISHARES CORE MSCI EMERGING MARKETS ETF,BUY,2653655,2651.25,-
14-NOV-2022,HDFC,Housing Development Finance Corporation Ltd,ISHARES CORE EMERGING MARKETS MAURITIUS CO,SELL,2653655,2651.25,-
14-NOV-2022,MSUMI,Motherson Sumi Wiring India Ltd,ISHARES CORE MSCI EMERGING MARKETS ETF,BUY,1534828,83.05,-
14-NOV-2022,MSUMI,Motherson Sumi Wiring India Ltd,ISHARES CORE EMERGING MARKETS MAURITIUS CO,SELL,1534828,83.05,-
14-NOV-2022,ADANIPOWER,Adani Power Ltd,ISHARES CORE MSCI EMERGING MARKETS ETF,BUY,1093415,360.2,-
14-NOV-2022,ADANIPOWER,Adani Power Ltd,ISHARES CORE EMERGING MARKETS MAURITIUS CO,SELL,1093415,360.2,-
14-NOV-2022,ABFRL,Aditya Birla Fashion and Retail Ltd,ISHARES CORE MSCI EMERGING MARKETS ETF,BUY,380279,318.9,-
14-NOV-2022,ABFRL,Aditya Birla Fashion and Retail Ltd,ISHARES CORE EMERGING MARKETS MAURITIUS CO,SELL,380279,318.9,-
14-NOV-2022,IRCTC,Indian Railway Catering and Tourism Corporation Ltd,ISHARES CORE MSCI EMERGING MARKETS ETF,BUY,259305,747.8,-
14-NOV-2022,IRCTC,Indian Railway Catering and Tourism Corporation Ltd,ISHARES CORE EMERGING MARKETS MAURITIUS CO,SELL,259305,747.8,-
14-NOV-2022,EMAMILTD,Emami Ltd-$,ISHARES CORE MSCI EMERGING MARKETS ETF,BUY,250565,464.3,-
14-NOV-2022,EMAMILTD,Emami Ltd-$,ISHARES CORE EMERGING MARKETS MAURITIUS CO,SELL,250565,464.3,-
14-NOV-2022,KAJARIACER,Kajaria Ceramics Ltd,ISHARES CORE MSCI EMERGING MARKETS ETF,BUY,113333,1032.15,-
14-NOV-2022,KAJARIACER,Kajaria Ceramics Ltd,ISHARES CORE EMERGING MARKETS MAURITIUS CO,SELL,113333,1032.15,-
14-NOV-2022,FLUOROCHEM,Gujarat Fluorochemicals Ltd,ISHARES CORE MSCI EMERGING MARKETS ETF,BUY,34621,3643.2,-
14-NOV-2022,FLUOROCHEM,Gujarat Fluorochemicals Ltd,ISHARES CORE EMERGING MARKETS MAURITIUS CO,SELL,34621,3643.2,-
14-NOV-2022,SOLARINDS,Solar Industries India Ltd,ISHARES CORE MSCI EMERGING MARKETS ETF,BUY,30696,4142.55,-
14-NOV-2022,SOLARINDS,Solar Industries India Ltd,ISHARES CORE EMERGING MARKETS MAURITIUS CO,SELL,30696,4142.55,-
15-NOV-2022,IDFC,IDFC Ltd,BNP PARIBAS ARBITRAGE,BUY,2048258,79.7,-
15-NOV-2022,IDFC,IDFC Ltd,SOCIETE GENERALE,SELL,2048258,79.7,-
15-NOV-2022,ICICIBANK,ICICI Bank Ltd,ISHARES MSCI INDIA INDEX ETF,BUY,443797,894.95,-
15-NOV-2022,ICICIBANK,ICICI Bank Ltd,ISHARES MSCI INDIA MAURITIUS COMPANY,SELL,443797,894.95,-
15-NOV-2022,PAYTM,One 97 Communications Ltd,SOCIETE GENERALE,SELL,363546,638.6,-
15-NOV-2022,PAYTM,One 97 Communications Ltd,BNP PARIBAS ARBITRAGE,BUY,363546,638.6,-
15-NOV-2022,INFY,Infosys Ltd,ISHARES MSCI INDIA INDEX ETF,BUY,290246,1585.3,-
15-NOV-2022,INFY,Infosys Ltd,ISHARES MSCI INDIA MAURITIUS COMPANY,SELL,290246,1585.3,-
15-NOV-2022,RELIANCE,Reliance Industries Ltd,ISHARES MSCI INDIA INDEX ETF,BUY,262526,2619.05,-
15-NOV-2022,RELIANCE,Reliance Industries Ltd,ISHARES MSCI INDIA MAURITIUS COMPANY,SELL,262526,2619.05,-
15-NOV-2022,AXISBANK,AXIS Bank Ltd,ISHARES MSCI INDIA INDEX ETF,BUY,196143,851.0,-
15-NOV-2022,AXISBANK,AXIS Bank Ltd,ISHARES MSCI INDIA MAURITIUS COMPANY,SELL,196143,851.0,-
15-NOV-2022,BHARTIARTL,Bharti Airtel Ltd,ISHARES MSCI INDIA INDEX ETF,BUY,189999,821.9,-
15-NOV-2022,BHARTIARTL,Bharti Airtel Ltd,ISHARES MSCI INDIA MAURITIUS COMPANY,SELL,189999,821.9,-
15-NOV-2022,HDFC,Housing Development Finance Corporation Ltd,ISHARES MSCI INDIA INDEX ETF,BUY,148648,2661.55,-
15-NOV-2022,HDFC,Housing Development Finance Corporation Ltd,ISHARES MSCI INDIA MAURITIUS COMPANY,SELL,148648,2661.55,-
15-NOV-2022,HCLTECH,HCL Technologies Ltd,ISHARES MSCI INDIA INDEX ETF,BUY,93396,1099.0,-
15-NOV-2022,HCLTECH,HCL Technologies Ltd,ISHARES MSCI INDIA MAURITIUS COMPANY,SELL,93396,1099.0,-
15-NOV-2022,TCS,Tata Consultancy Services Ltd,ISHARES MSCI INDIA INDEX ETF,BUY,78937,3335.5,-
15-NOV-2022,TCS,Tata Consultancy Services Ltd,ISHARES MSCI INDIA MAURITIUS COMPANY,SELL,78937,3335.5,-
15-NOV-2022,HINDUNILVR,Hindustan Unilever Ltd,ISHARES MSCI INDIA INDEX ETF,BUY,71109,2457.8,-
15-NOV-2022,HINDUNILVR,Hindustan Unilever Ltd,ISHARES MSCI INDIA MAURITIUS COMPANY,SELL,71109,2457.8,-
15-NOV-2022,LT,Larsen & Toubro Ltd,ISHARES MSCI INDIA INDEX ETF,BUY,59398,1999.8,-
15-NOV-2022,LT,Larsen & Toubro Ltd,ISHARES MSCI INDIA MAURITIUS COMPANY,SELL,59398,1999.8,-
15-NOV-2022,ASIANPAINT,Asian Paints Ltd,ISHARES MSCI INDIA INDEX ETF,BUY,33197,3053.2,-
15-NOV-2022,ASIANPAINT,Asian Paints Ltd,ISHARES MSCI INDIA MAURITIUS COMPANY,SELL,33197,3053.2,-
15-NOV-2022,BAJFINANCE,Bajaj Finance Ltd,ISHARES MSCI INDIA INDEX ETF,BUY,23503,7025.8,-
15-NOV-2022,BAJFINANCE,Bajaj Finance Ltd,ISHARES MSCI INDIA MAURITIUS COMPANY,SELL,23503,7025.8,-
22-NOV-2022,NYKAA,FSN E-Commerce Ventures Ltd,"LIGHTHOUSE INDIA FUND III, LIMITED",SELL,4600000,182.0,-
22-NOV-2022,WIPRO,Wipro Ltd,BNP PARIBAS ARBITRAGE,SELL,3974144,387.0,-
22-NOV-2022,WIPRO,Wipro Ltd,SOCIETE GENERALE,BUY,3974144,387.0,-
22-NOV-2022,NYKAA,FSN E-Commerce Ventures Ltd,"LIGHTHOUSE INDIA FUND III, LIMITED",SELL,3450000,182.0,-
22-NOV-2022,NYKAA,FSN E-Commerce Ventures Ltd,ONT TEACHERS PENSION PLAN BO A/C ONTARIO TEACHERS PENSION PLAN BOARD,BUY,3450000,182.0,-
22-NOV-2022,NYKAA,FSN E-Commerce Ventures Ltd,"LIGHTHOUSE INDIA FUND III, LIMITED",SELL,2917294,182.0,-
22-NOV-2022,NYKAA,FSN E-Commerce Ventures Ltd,MORGAN STANLEY ASIA SINGAPORE PTE,BUY,2917294,182.0,-
22-NOV-2022,NYKAA,FSN E-Commerce Ventures Ltd,"LIGHTHOUSE INDIA FUND III, LIMITED",SELL,2600000,182.0,-
22-NOV-2022,NYKAA,FSN E-Commerce Ventures Ltd,ICICI PRUDENTIAL MUTUAL FUND,BUY,2190476,182.0,-
22-NOV-2022,NYKAA,FSN E-Commerce Ventures Ltd,ICICI PRUDENTIAL MUTUAL FUND,BUY,2080953,182.0,-
22-NOV-2022,NYKAA,FSN E-Commerce Ventures Ltd,ADITYA BIRLA SUN LIFE MUTUAL FUND,BUY,1368421,182.0,-
22-NOV-2022,NYKAA,FSN E-Commerce Ventures Ltd,BNP PARIBAS ARBITRAGE,BUY,1350000,182.0,-
22-NOV-2022,NYKAA,FSN E-Commerce Ventures Ltd,"LIGHTHOUSE INDIA FUND III, LIMITED",SELL,1350000,182.0,-
22-NOV-2022,NYKAA,FSN E-Commerce Ventures Ltd,ADITYA BIRLA SUN LIFE MUTUAL FUND,BUY,912281,182.0,-
22-NOV-2022,NYKAA,FSN E-Commerce Ventures Ltd,SOCIETE GENERALE,BUY,900000,182.0,-
22-NOV-2022,NYKAA,FSN E-Commerce Ventures Ltd,"LIGHTHOUSE INDIA FUND III, LIMITED",SELL,900000,182.0,-
22-NOV-2022,ASITCFIN,Asit C Mehta Financial Services Ltd,CLIQTRADE STOCK BROKERS PRIVATE LIMITED,BUY,847945,151.4,-
22-NOV-2022,ASITCFIN,Asit C Mehta Financial Services Ltd,ASIT CHIMANLAL MEHTA,SELL,847945,151.4,-
22-NOV-2022,WIPRO,Wipro Ltd,BNP PARIBAS ARBITRAGE,SELL,825856,387.0,-
22-NOV-2022,WIPRO,Wipro Ltd,SOCIETE GENERALE,BUY,825856,387.0,-
22-NOV-2022,NYKAA,FSN E-Commerce Ventures Ltd,BOFA SECURITIES EUROPE SA,BUY,778906,182.0,-
22-NOV-2022,NYKAA,FSN E-Commerce Ventures Ltd,"LIGHTHOUSE INDIA FUND III, LIMITED",SELL,778906,182.0,-
22-NOV-2022,NYKAA,FSN E-Commerce Ventures Ltd,"LIGHTHOUSE INDIA FUND III, LIMITED",SELL,650000,182.0,-
22-NOV-2022,NYKAA,FSN E-Commerce Ventures Ltd,ICICI PRUDENTIAL LIFE INSURANCE COMPANY LIMITED,BUY,650000,182.0,-
22-NOV-2022,NYKAA,FSN E-Commerce Ventures Ltd,"LIGHTHOUSE INDIA FUND III, LIMITED",SELL,650000,182.0,-
22-NOV-2022,NYKAA,FSN E-Commerce Ventures Ltd,"LIGHTHOUSE INDIA FUND III, LIMITED",SELL,550000,182.0,-
22-NOV-2022,NYKAA,FSN E-Commerce Ventures Ltd,AXIS MUTUAL FUND,BUY,550000,182.0,-
22-NOV-2022,NYKAA,FSN E-Commerce Ventures Ltd,ICICI PRUDENTIAL MUTUAL FUND,BUY,328571,182.0,-
22-NOV-2022,NYKAA,FSN E-Commerce Ventures Ltd,ADITYA BIRLA SUN LIFE MUTUAL FUND,BUY,319298,182.0,-
22-NOV-2022,NYKAA,FSN E-Commerce Ventures Ltd,REGAL INVESTMENT FUND,BUY,280646,182.0,-
22-NOV-2022,NYKAA,FSN E-Commerce Ventures Ltd,AMAZON MARKET NEUTRAL FUND,BUY,185643,182.0,-
22-NOV-2022,NYKAA,FSN E-Commerce Ventures Ltd,TASMAN MARKET NEUTRAL FUND,BUY,183711,182.0,-
23-NOV-2022,DABUR,Dabur India Ltd,SOCIETE GENERALE,BUY,940991,546.85,-
23-NOV-2022,DABUR,Dabur India Ltd,SOCIETE GENERALE,SELL,940991,546.85,-
23-NOV-2022,WIPRO,Wipro Ltd,SOCIETE GENERALE,BUY,879836,389.0,-
23-NOV-2022,WIPRO,Wipro Ltd,BNP PARIBAS ARBITRAGE,SELL,879836,389.0,-
23-NOV-2022,MARICO,Marico Ltd,SOCIETE GENERALE,BUY,785560,486.15,-
23-NOV-2022,MARICO,Marico Ltd,SOCIETE GENERALE,SELL,785560,486.15,-
23-NOV-2022,AXISBANK,AXIS Bank Ltd,SOCIETE GENERALE,BUY,414463,870.05,-
23-NOV-2022,AXISBANK,AXIS Bank Ltd,SOCIETE GENERALE,SELL,414463,870.05,-
23-NOV-2022,HINDUNILVR,Hindustan Unilever Ltd,SOCIETE GENERALE,BUY,287782,2517.2,-
23-NOV-2022,HINDUNILVR,Hindustan Unilever Ltd,SOCIETE GENERALE,SELL,287782,2517.2,-
23-NOV-2022,HAVELLS,Havells India Ltd,SOCIETE GENERALE,BUY,257747,1240.5,-
23-NOV-2022,HAVELLS,Havells India Ltd,SOCIETE GENERALE,SELL,257747,1240.5,-
23-NOV-2022,COLPAL,Colgate Palmolive (India) Ltd,SOCIETE GENERALE,BUY,186135,1578.9,-
23-NOV-2022,COLPAL,Colgate Palmolive (India) Ltd,SOCIETE GENERALE,SELL,186135,1578.9,-
23-NOV-2022,ASIANPAINT,Asian Paints Ltd,SOCIETE GENERALE,BUY,152914,3104.05,-
23-NOV-2022,ASIANPAINT,Asian Paints Ltd,SOCIETE GENERALE,SELL,152914,3104.05,-
23-NOV-2022,KOTAKBANK,Kotak Mahindra Bank Ltd,SOCIETE GENERALE,BUY,149696,1939.55,-
23-NOV-2022,KOTAKBANK,Kotak Mahindra Bank Ltd,SOCIETE GENERALE,SELL,149696,1939.55,-
23-NOV-2022,ADANIGREEN,Adani Green Energy Ltd,SOCIETE GENERALE,BUY,90475,1984.2,-
23-NOV-2022,ADANIGREEN,Adani Green Energy Ltd,SOCIETE GENERALE,SELL,90475,1984.2,-
23-NOV-2022,HEROMOTOCO,Hero MotoCorp Ltd,SOCIETE GENERALE,BUY,86756,2684.8,-
23-NOV-2022,HEROMOTOCO,Hero MotoCorp Ltd,SOCIETE GENERALE,SELL,86756,2684.8,-
23-NOV-2022,M&M,Mahindra & Mahindra Ltd,SOCIETE GENERALE,BUY,85381,1228.7,-
23-NOV-2022,M&M,Mahindra & Mahindra Ltd,SOCIETE GENERALE,SELL,85381,1228.7,-
23-NOV-2022,EICHERMOT,Eicher Motors Ltd,SOCIETE GENERALE,BUY,62446,3374.45,-
23-NOV-2022,EICHERMOT,Eicher Motors Ltd,SOCIETE GENERALE,SELL,62446,3374.45,-
23-NOV-2022,NAUKRI,Info Edge (India) Ltd,SOCIETE GENERALE,BUY,45506,3853.45,-
23-NOV-2022,NAUKRI,Info Edge (India) Ltd,SOCIETE GENERALE,SELL,45506,3853.45,-
23-NOV-2022,NESTLEIND,Nestle India Ltd,SOCIETE GENERALE,BUY,34746,19607.35,-
23-NOV-2022,NESTLEIND,Nestle India Ltd,SOCIETE GENERALE,SELL,34746,19607.35,-
25-NOV-2022,VENUSPIPES,Venus Pipes & Tubes Ltd,BNP PARIBAS ARBITRAGE,BUY,650000,650.0,-
25-NOV-2022,VENUSPIPES,Venus Pipes & Tubes Ltd,HEMANT RAJANIKANT SHAH,SELL,650000,650.0,-
29-NOV-2022,WIPRO,Wipro Ltd,SOCIETE GENERALE,BUY,1800164,405.0,-
29-NOV-2022,WIPRO,Wipro Ltd,BNP PARIBAS ARBITRAGE,SELL,1800164,405.0,-
02-DEC-2022,VERITAS,Veritas (India) Ltd,SWAN ENERGY LIMITED,BUY,700000,143.65,-
02-DEC-2022,VERITAS,Veritas (India) Ltd,NITI NITINKUMAR DIDWANIA,SELL,700000,143.65,-
02-DEC-2022,VSTIND,VST Industries Ltd,DAMANI ESTATES AND FINANCE PRIVATE LIMITED,BUY,93000,3520.0,-
02-DEC-2022,VSTIND,VST Industries Ltd,RADHAKISHAN SHIVKISHAN DAMANI,SELL,93000,3520.0,-
06-DEC-2022,VERITAS,Veritas (India) Ltd,SWAN ENERGY LIMITED,BUY,660000,152.15,-
06-DEC-2022,VERITAS,Veritas (India) Ltd,NITI NITINKUMAR DIDWANIA,SELL,660000,152.15,-
08-DEC-2022,TVSHLTD,TVS Holdings Ltd,SRINIVASAN TRUST,BUY,455222,5166.95,-
08-DEC-2022,TVSHLTD,TVS Holdings Ltd,SUNDARAM FINANCE HOLDINGS LIMITED,SELL,455222,5166.95,-
13-DEC-2022,IEX,Indian Energy Exchange Ltd,C WORLDWIDE,SELL,3629257,144.3,-
13-DEC-2022,IEX,Indian Energy Exchange Ltd,C WORLDWIDE ASIA,BUY,3629257,144.3,-
13-DEC-2022,INDHOTEL,Indian Hotels Company Ltd,C WORLDWIDE ASIA,BUY,2309174,332.85,-
13-DEC-2022,INDHOTEL,Indian Hotels Company Ltd,C WORLDWIDE,SELL,2309174,332.85,-
13-DEC-2022,SBIN,State Bank of India,C WORLDWIDE ASIA,BUY,1856311,613.05,-
13-DEC-2022,SBIN,State Bank of India,C WORLDWIDE,SELL,1856311,613.05,-
13-DEC-2022,PRESTIGE,Prestige Estates Projects Ltd,C WORLDWIDE ASIA,BUY,850009,480.55,-
13-DEC-2022,PRESTIGE,Prestige Estates Projects Ltd,C WORLDWIDE,SELL,850009,480.55,-
13-DEC-2022,KEC,KEC International Ltd,C WORLDWIDE ASIA,BUY,667483,468.75,-
13-DEC-2022,KEC,KEC International Ltd,C WORLDWIDE,SELL,667483,468.75,-
13-DEC-2022,ICICIBANK,ICICI Bank Ltd,SOCIETE GENERALE,BUY,613004,930.8,-
13-DEC-2022,ICICIBANK,ICICI Bank Ltd,SOCIETE GENERALE,SELL,613004,930.8,-
13-DEC-2022,HDFCBANK,HDFC Bank Ltd,C WORLDWIDE ASIA,BUY,582258,1643.75,-
13-DEC-2022,HDFCBANK,HDFC Bank Ltd,C WORLDWIDE,SELL,582258,1643.75,-
13-DEC-2022,HDFC,Housing Development Finance Corporation Ltd,C WORLDWIDE ASIA,BUY,551484,2685.75,-
13-DEC-2022,HDFC,Housing Development Finance Corporation Ltd,C WORLDWIDE,SELL,551484,2685.75,-
13-DEC-2022,GODREJPROP,Godrej Properties Ltd,C WORLDWIDE ASIA,BUY,365152,1299.0,-
13-DEC-2022,GODREJPROP,Godrej Properties Ltd,C WORLDWIDE,SELL,365152,1299.0,-
13-DEC-2022,PHOENIXLTD,The Phoenix Mills Ltd,C WORLDWIDE ASIA,BUY,329133,1404.25,-
13-DEC-2022,PHOENIXLTD,The Phoenix Mills Ltd,C WORLDWIDE,SELL,329133,1404.25,-
13-DEC-2022,BALKRISIND,Balkrishna Industries Ltd-$,C WORLDWIDE ASIA,BUY,216946,2059.25,-
13-DEC-2022,BALKRISIND,Balkrishna Industries Ltd-$,C WORLDWIDE,SELL,216946,2059.25,-
13-DEC-2022,CAMS,Computer Age Management Services Ltd,C WORLDWIDE ASIA,BUY,193061,2194.65,-
13-DEC-2022,CAMS,Computer Age Management Services Ltd,C WORLDWIDE,SELL,193061,2194.65,-
13-DEC-2022,AAVAS,AAVAS Financiers Ltd,C WORLDWIDE ASIA,BUY,190701,1925.55,-
13-DEC-2022,AAVAS,AAVAS Financiers Ltd,C WORLDWIDE,SELL,190701,1925.55,-
13-DEC-2022,AMBER,Amber Enterprises India Ltd,C WORLDWIDE ASIA,BUY,166062,2006.05,-
13-DEC-2022,AMBER,Amber Enterprises India Ltd,C WORLDWIDE,SELL,166062,2006.05,-
13-DEC-2022,ULTRACEMCO,UltraTech Cement Ltd,C WORLDWIDE ASIA,BUY,69095,7146.85,-
13-DEC-2022,ULTRACEMCO,UltraTech Cement Ltd,C WORLDWIDE,SELL,69095,7146.85,-
15-DEC-2022,NYKAA,FSN E-Commerce Ventures Ltd,CANADA PENSION PLAN INVESTMENT BOARD             ,BUY,9250000,171.0,-
15-DEC-2022,NYKAA,FSN E-Commerce Ventures Ltd,KRAVIS INVESTMENT PARTNERS II LLC,SELL,9250000,171.0,-
15-DEC-2022,NYKAA,FSN E-Commerce Ventures Ltd,KRAVIS INVESTMENT PARTNERS II LLC,SELL,8770000,171.0,-
15-DEC-2022,NYKAA,FSN E-Commerce Ventures Ltd,ICICI PRUDENTIAL LIFE INSURANCE COMPANY LIMITED,BUY,8770000,171.0,-
15-DEC-2022,NYKAA,FSN E-Commerce Ventures Ltd,KRAVIS INVESTMENT PARTNERS II LLC,SELL,6458775,171.0,-
15-DEC-2022,NYKAA,FSN E-Commerce Ventures Ltd,GOLDMAN SACHS (SINGAPORE) PTE.- ODI,BUY,6458775,171.0,-
15-DEC-2022,NYKAA,FSN E-Commerce Ventures Ltd,KRAVIS INVESTMENT PARTNERS II LLC,SELL,6458774,171.0,-
15-DEC-2022,NYKAA,FSN E-Commerce Ventures Ltd,GOLDMAN SACHS INVESTMENTS MAURITIUS I LIMITED,BUY,6458774,171.0,-
15-DEC-2022,NYKAA,FSN E-Commerce Ventures Ltd,KRAVIS INVESTMENT PARTNERS II LLC,SELL,5850000,171.0,-
15-DEC-2022,NYKAA,FSN E-Commerce Ventures Ltd,MIRAE ASSET MUTUAL FUND,BUY,5850000,171.0,-
15-DEC-2022,SAPPHIRE,Sapphire Foods India Ltd,SAPPHIRE FOODS MAURITIUS LIMITED,SELL,2004454,1347.0,-
15-DEC-2022,SAPPHIRE,Sapphire Foods India Ltd,MIRAE ASSET MUTUAL FUND,BUY,2004454,1347.0,-
15-DEC-2022,SAPPHIRE,Sapphire Foods India Ltd,WWD RUBY LIMITED,SELL,890869,1347.0,-
15-DEC-2022,SAPPHIRE,Sapphire Foods India Ltd,WWD RUBY LIMITED,SELL,724212,1347.0,-
15-DEC-2022,SAPPHIRE,Sapphire Foods India Ltd,NIPPON INDIA MUTUAL FUND,BUY,678895,1347.0,-
15-DEC-2022,SAPPHIRE,Sapphire Foods India Ltd,SAPPHIRE FOODS MAURITIUS LIMITED,SELL,678895,1347.0,-
15-DEC-2022,SAPPHIRE,Sapphire Foods India Ltd,ICICI PRUDENTIAL MUTUAL FUND,BUY,640000,1347.0,-
15-DEC-2022,SAPPHIRE,Sapphire Foods India Ltd,FIDELITY FUNDS INDIA FOCUS FUND,BUY,626365,1347.0,-
15-DEC-2022,SAPPHIRE,Sapphire Foods India Ltd,WWD RUBY LIMITED,SELL,490079,1347.0,-
15-DEC-2022,SAPPHIRE,Sapphire Foods India Ltd,KOTAK FUNDS  INDIA MIDCAP FUND,BUY,437120,1347.0,-
15-DEC-2022,SAPPHIRE,Sapphire Foods India Ltd,SAPPHIRE FOODS MAURITIUS LIMITED,SELL,437120,1347.0,-
15-DEC-2022,SAPPHIRE,Sapphire Foods India Ltd,SAPPHIRE FOODS MAURITIUS LIMITED,SELL,400000,1347.0,-
15-DEC-2022,SAPPHIRE,Sapphire Foods India Ltd,PI OPPORTUNITIES FUND I,BUY,400000,1347.0,-
15-DEC-2022,SAPPHIRE,Sapphire Foods India Ltd,GOVERNMENT OF SINGAPORE,BUY,358704,1347.0,-
15-DEC-2022,SAPPHIRE,Sapphire Foods India Ltd,ICICI PRUDENTIAL MUTUAL FUND,BUY,250869,1347.0,-
15-DEC-2022,SAPPHIRE,Sapphire Foods India Ltd,ICICI PRUDENTIAL LIFE INSURANCE COMPANY LIMITED,BUY,185599,1347.0,-
15-DEC-2022,SAPPHIRE,Sapphire Foods India Ltd,WWD RUBY LIMITED,SELL,185599,1347.0,-
15-DEC-2022,SAPPHIRE,Sapphire Foods India Ltd,SAPPHIRE FOODS MAURITIUS LIMITED,SELL,184891,1347.0,-
15-DEC-2022,SAPPHIRE,Sapphire Foods India Ltd,BAJAJ ALLIANZ LIFE INSURANCE COMPANY LIMITED,BUY,184891,1347.0,-
15-DEC-2022,SAPPHIRE,Sapphire Foods India Ltd,WWD RUBY LIMITED,SELL,167039,1347.0,-
15-DEC-2022,SAPPHIRE,Sapphire Foods India Ltd,MONETARY AUTHORITY OF SINGAPORE,BUY,131375,1347.0,-
15-DEC-2022,SAPPHIRE,Sapphire Foods India Ltd,SOCIETE GENERALE  ODI,BUY,115071,1347.0,-
15-DEC-2022,SAPPHIRE,Sapphire Foods India Ltd,WWD RUBY LIMITED,SELL,104658,1347.0,-
15-DEC-2022,SAPPHIRE,Sapphire Foods India Ltd,WWD RUBY LIMITED,SELL,92799,1347.0,-
15-DEC-2022,SAPPHIRE,Sapphire Foods India Ltd,WWD RUBY LIMITED,SELL,92799,1347.0,-
15-DEC-2022,SAPPHIRE,Sapphire Foods India Ltd,INTEGRATED CORE STRATEGIES (ASIA) PTE.LTD.,BUY,92799,1347.0,-
15-DEC-2022,SAPPHIRE,Sapphire Foods India Ltd,GHISALLO MASTER FUND LP,BUY,92799,1347.0,-
15-DEC-2022,SAPPHIRE,Sapphire Foods India Ltd,GOLDMAN SACHS (SINGAPORE) PTE.- ODI,BUY,74240,1347.0,-
15-DEC-2022,SAPPHIRE,Sapphire Foods India Ltd,PCA INDIA CONSUMER EQUITY OPEN LIMITED           ,BUY,74240,1347.0,-
15-DEC-2022,SAPPHIRE,Sapphire Foods India Ltd,SOCIETE GENERALE  ODI,BUY,74240,1347.0,-
15-DEC-2022,SAPPHIRE,Sapphire Foods India Ltd,HSBC GLOBAL INVESTMENT FUNDS-.ASIA EX JAPAN EQUITY SMALLER COMPANIES,BUY,74240,1347.0,-
15-DEC-2022,SAPPHIRE,Sapphire Foods India Ltd,SAPPHIRE FOODS MAURITIUS LIMITED,SELL,74240,1347.0,-
15-DEC-2022,SAPPHIRE,Sapphire Foods India Ltd,ITI MUTUAL FUND,BUY,74240,1347.0,-
15-DEC-2022,SAPPHIRE,Sapphire Foods India Ltd,WWD RUBY LIMITED,SELL,74240,1347.0,-
15-DEC-2022,SAPPHIRE,Sapphire Foods India Ltd,WWD RUBY LIMITED,SELL,74240,1347.0,-
15-DEC-2022,SAPPHIRE,Sapphire Foods India Ltd,WWD RUBY LIMITED,SELL,74240,1347.0,-
15-DEC-2022,SAPPHIRE,Sapphire Foods India Ltd,WWD RUBY LIMITED,SELL,74240,1347.0,-
15-DEC-2022,SAPPHIRE,Sapphire Foods India Ltd,SOCIETE GENERALE,BUY,51968,1347.0,-
15-DEC-2022,SAPPHIRE,Sapphire Foods India Ltd,NIPPON INDIA MUTUAL FUND-NIPPON INDIA MULTI CAP FUND,BUY,45500,1347.0,-
15-DEC-2022,SAPPHIRE,Sapphire Foods India Ltd,FIDELITY INDIA FUND                              ,BUY,44537,1347.0,-
15-DEC-2022,SAPPHIRE,Sapphire Foods India Ltd,NIPPON INDIA MUTUAL FUND-NIPPON INDIA SMALL CAP FUND,BUY,32000,1347.0,-
15-DEC-2022,SAPPHIRE,Sapphire Foods India Ltd,DENDANA INVESTMENTS (MAURITIUS) LIMITED,BUY,31588,1347.0,-
15-DEC-2022,SAPPHIRE,Sapphire Foods India Ltd,NIPPON INDIA MUTUAL FUND-NIPPON INDIA FLEXI CAP FUND,BUY,27158,1347.0,-
15-DEC-2022,SAPPHIRE,Sapphire Foods India Ltd,FIDELITY KOREA-INDIA EQUITY INVESTMENT TRUST-MOTHER,BUY,21722,1347.0,-
22-DEC-2022,ASTRAMICRO,Astra Microwave Products Ltd,RATNABALI INVESTMENT PRIVATE LIMITED,BUY,1347791,273.0,-
22-DEC-2022,ASTRAMICRO,Astra Microwave Products Ltd,RATNABALI SECURITIES PRIVATE LIMITED,SELL,1347791,273.0,-
26-DEC-2022,MAFATIND,Mafatlal Industries Ltd-$,SUMIL HOLDINGS PVT LTD,BUY,11500000,55.2,-
26-DEC-2022,MAFATIND,Mafatlal Industries Ltd-$,HRISHIKESH ARVIND MAFATLAL,SELL,11500000,55.2,-
26-DEC-2022,VERITAS,Veritas (India) Ltd,SWAN ENERGY LIMITED,BUY,1110000,179.55,-
26-DEC-2022,VERITAS,Veritas (India) Ltd,NITI NITINKUMAR DIDWANIA,SELL,1110000,179.55,-
28-DEC-2022,POLYPLEX,Polyplex Corporation Ltd,BHILANGANA HYDRO POWER LIMITED,BUY,200000,1586.0,-
28-DEC-2022,POLYPLEX,Polyplex Corporation Ltd,SANJIV SARITA CONSULTING PRIVATE LIMITED,SELL,200000,1586.0,-
30-DEC-2022,POLYPLEX,Polyplex Corporation Ltd,BHILANGANA HYDRO POWER LIMITED,BUY,130000,1605.0,-
30-DEC-2022,POLYPLEX,Polyplex Corporation Ltd,SANJIV SARITA CONSULTING PRIVATE LIMITED,SELL,130000,1605.0,-
05-JAN-2023,TUTIALKA,Tuticorin Alkali Chemicals And Fertilizers Ltd,MERCANTILE VENTURES LIMITED,BUY,2618128,63.0,-
05-JAN-2023,TUTIALKA,Tuticorin Alkali Chemicals And Fertilizers Ltd,FORBES EMF,SELL,2618128,63.0,-
06-JAN-2023,TUTIALKA,Tuticorin Alkali Chemicals And Fertilizers Ltd,MERCANTILE VENTURES LIMITED,BUY,2593128,66.0,-
06-JAN-2023,TUTIALKA,Tuticorin Alkali Chemicals And Fertilizers Ltd,POLUS GLOBAL FUND,SELL,2593128,66.0,-
06-JAN-2023,BBTC,The Bombay Burmah Trading Corporation Ltd,MACROFIL INVESTMENTS LIMITED,BUY,1300000,928.0,-
06-JAN-2023,BBTC,The Bombay Burmah Trading Corporation Ltd,THE BOMBAY DYEING AND MANUFACTURING COMPANY LIMITED,SELL,1300000,928.0,-
06-JAN-2023,NAPEROL,Naperol Investments Ltd,BAYMANCO INVESTMENTS LIMITED,BUY,860000,1417.0,-
06-JAN-2023,NAPEROL,Naperol Investments Ltd,MACROFIL INVESTMENTS LIMITED,SELL,860000,1417.0,-
09-JAN-2023,BBTC,The Bombay Burmah Trading Corporation Ltd,MACROFIL INVESTMENTS LIMITED,BUY,440000,954.5,-
09-JAN-2023,BBTC,The Bombay Burmah Trading Corporation Ltd,THE BOMBAY DYEING AND MANUFACTURING COMPANY LIMITED,SELL,440000,954.5,-
09-JAN-2023,NAPEROL,Naperol Investments Ltd,BAYMANCO INVESTMENTS LIMITED,BUY,200000,1590.0,-
09-JAN-2023,NAPEROL,Naperol Investments Ltd,MACROFIL INVESTMENTS LIMITED,SELL,200000,1590.0,-
10-JAN-2023,TUTIALKA,Tuticorin Alkali Chemicals And Fertilizers Ltd,MERCANTILE VENTURES LIMITED,BUY,4000000,62.3,-
10-JAN-2023,TUTIALKA,Tuticorin Alkali Chemicals And Fertilizers Ltd,CITRINE FUND LIMITED,SELL,4000000,62.3,-
11-JAN-2023,ICICIBANK,ICICI Bank Ltd,SOCIETE GENERALE,BUY,2000000,867.0,-
11-JAN-2023,ICICIBANK,ICICI Bank Ltd,BNP PARIBAS ARBITRAGE,SELL,2000000,867.0,-
11-JAN-2023,NAPEROL,Naperol Investments Ltd,BAYMANCO INVESTMENTS LIMITED,BUY,108000,1525.0,-
11-JAN-2023,NAPEROL,Naperol Investments Ltd,MACROFIL INVESTMENTS LIMITED,SELL,108000,1525.0,-
13-JAN-2023,SHRIRAMFIN,Shriram Finance Ltd,FID FUNDS MAURITIUS LIMITED,BUY,3352281,1300.0,-
13-JAN-2023,SHRIRAMFIN,Shriram Finance Ltd,DYNASTY ACQUISITION (FPI) LTD,SELL,3352281,1300.0,-
13-JAN-2023,SHRIRAMFIN,Shriram Finance Ltd,DYNASTY ACQUISITION (FPI) LTD,SELL,3275280,1300.0,-
13-JAN-2023,SHRIRAMFIN,Shriram Finance Ltd,FID FUNDS MAURITIUS LIMITED,BUY,3275280,1300.0,-
13-JAN-2023,VERITAS,Veritas (India) Ltd,SWAN ENERGY LIMITED,BUY,815000,243.7,-
13-JAN-2023,VERITAS,Veritas (India) Ltd,NITI NITINKUMAR DIDWANIA,SELL,815000,243.7,-
13-JAN-2023,SHRIRAMFIN,Shriram Finance Ltd,ICICI PRUDENTIAL LIFE INSURANCE COMPANY LIMITED,BUY,576923,1300.0,-
13-JAN-2023,SHRIRAMFIN,Shriram Finance Ltd,DYNASTY ACQUISITION (FPI) LTD,SELL,576923,1300.0,-
13-JAN-2023,SHRIRAMFIN,Shriram Finance Ltd,DYNASTY ACQUISITION (FPI) LTD,SELL,300000,1300.0,-
13-JAN-2023,SHRIRAMFIN,Shriram Finance Ltd,NORGES BANK ON ACCOUNT OF THE GOVERNMENT PENSION FUND GLOBAL,BUY,300000,1300.0,-
13-JAN-2023,SHRIRAMFIN,Shriram Finance Ltd,DYNASTY ACQUISITION (FPI) LTD,SELL,138461,1300.0,-
13-JAN-2023,SHRIRAMFIN,Shriram Finance Ltd,DYNASTY ACQUISITION (FPI) LTD,SELL,138461,1300.0,-
13-JAN-2023,SHRIRAMFIN,Shriram Finance Ltd,BNP PARIBAS ARBITRAGE,BUY,138461,1300.0,-
13-JAN-2023,SHRIRAMFIN,Shriram Finance Ltd,DYNASTY ACQUISITION (FPI) LTD,SELL,138461,1300.0,-
13-JAN-2023,SHRIRAMFIN,Shriram Finance Ltd,SOCIETE GENERALE,BUY,138461,1300.0,-
13-JAN-2023,SHRIRAMFIN,Shriram Finance Ltd,SOCIETE GENERALE,BUY,138461,1300.0,-
13-JAN-2023,BBTC,The Bombay Burmah Trading Corporation Ltd,MACROFIL INVESTMENTS LIMITED,BUY,111000,922.0,-
13-JAN-2023,BBTC,The Bombay Burmah Trading Corporation Ltd,THE BOMBAY DYEING AND MANUFACTURING COMPANY LIMITED,SELL,111000,922.0,-
13-JAN-2023,SHRIRAMFIN,Shriram Finance Ltd,ADITYA BIRLA SUN LIFE INSURANCE COMPANY LIMITED,BUY,77000,1300.0,-
13-JAN-2023,SHRIRAMFIN,Shriram Finance Ltd,DYNASTY ACQUISITION (FPI) LTD,SELL,77000,1300.0,-
19-JAN-2023,TUTIALKA,Tuticorin Alkali Chemicals And Fertilizers Ltd,MERCANTILE VENTURES LIMITED,BUY,2600000,57.6,-
19-JAN-2023,TUTIALKA,Tuticorin Alkali Chemicals And Fertilizers Ltd,ARES DIVERSIFIED,SELL,2600000,57.6,-
27-JAN-2023,POLYPLEX,Polyplex Corporation Ltd,UTKARSH TRADING  & HOLDINGS LTD,BUY,230000,1525.0,-
27-JAN-2023,POLYPLEX,Polyplex Corporation Ltd,SANJIV SARITA CONSULTING PRIVATE LIMITED,SELL,230000,1525.0,-
30-JAN-2023,POLYPLEX,Polyplex Corporation Ltd,SANJIV SARITA CONSULTING PRIVATE LIMITED,SELL,270000,1505.0,-
30-JAN-2023,POLYPLEX,Polyplex Corporation Ltd,UTKARSH TRADING  & HOLDINGS LTD,BUY,270000,1505.0,-
30-JAN-2023,TITAN,Titan Company Ltd,HARITA TRADE & SERVICES PVT LTD,BUY,178000,2331.0,-
30-JAN-2023,TITAN,Titan Company Ltd,THIRUMALA KUMARA BALAJI,SELL,178000,2331.0,-
31-JAN-2023,POLYPLEX,Polyplex Corporation Ltd,UTKARSH TRADING  & HOLDINGS LTD,BUY,260000,1535.0,-
31-JAN-2023,POLYPLEX,Polyplex Corporation Ltd,SANJIV SARITA CONSULTING PRIVATE LIMITED,SELL,260000,1535.0,-
01-FEB-2023,SYNGENE,Syngene International Ltd,BIOCON LIMITED,SELL,19200000,560.0,-
01-FEB-2023,SYNGENE,Syngene International Ltd,GOVERNMENT OF SINGAPORE,BUY,15799200,560.0,-
01-FEB-2023,SYNGENE,Syngene International Ltd,BIOCON LIMITED,SELL,3750000,560.0,-
01-FEB-2023,SYNGENE,Syngene International Ltd,MONETARY AUTHORITY OF SINGAPORE,BUY,3400800,560.0,-
01-FEB-2023,SYNGENE,Syngene International Ltd,BIOCON LIMITED,SELL,1841500,560.0,-
01-FEB-2023,SYNGENE,Syngene International Ltd,BIOCON LIMITED,SELL,1700000,560.0,-
01-FEB-2023,SYNGENE,Syngene International Ltd,MOTILAL OSWAL MUTUAL FUND,BUY,1700000,560.0,-
01-FEB-2023,SYNGENE,Syngene International Ltd,NORGES BANK ON ACCOUNT OF THE GOVERNMENT PENSION FUND GLOBAL,BUY,1600000,560.0,-
01-FEB-2023,SYNGENE,Syngene International Ltd,BIOCON LIMITED,SELL,1600000,560.0,-
01-FEB-2023,SYNGENE,Syngene International Ltd,BIOCON LIMITED,SELL,1600000,560.0,-
01-FEB-2023,SYNGENE,Syngene International Ltd,BIOCON LIMITED,SELL,1500000,560.0,-
01-FEB-2023,SYNGENE,Syngene International Ltd,ICICI PRUDENTIAL MUTUAL FUND,BUY,1370000,560.0,-
01-FEB-2023,SYNGENE,Syngene International Ltd,BIOCON LIMITED,SELL,1070000,560.0,-
01-FEB-2023,SYNGENE,Syngene International Ltd,BIOCON LIMITED,SELL,1035670,560.0,-
01-FEB-2023,SYNGENE,Syngene International Ltd,MORGAN STANLEY ASIA SINGAPORE PTE,BUY,1035670,560.0,-
01-FEB-2023,SYNGENE,Syngene International Ltd,RELIGARE MUTUAL FUND,BUY,920215,560.0,-
01-FEB-2023,SYNGENE,Syngene International Ltd,BIOCON LIMITED,SELL,900000,560.0,-
01-FEB-2023,SYNGENE,Syngene International Ltd,ICICI PRUDENTIAL MUTUAL FUND,BUY,714286,560.0,-
01-FEB-2023,SYNGENE,Syngene International Ltd,ICICI PRUDENTIAL MUTUAL FUND,BUY,714286,560.0,-
01-FEB-2023,SYNGENE,Syngene International Ltd,ABU DHABI INVESTMENT AUTHORITY,BUY,625000,560.0,-
01-FEB-2023,SYNGENE,Syngene International Ltd,BIOCON LIMITED,SELL,600000,560.0,-
01-FEB-2023,SYNGENE,Syngene International Ltd,TARA  EMERGING  ASIA  LIQUID FUND,BUY,600000,560.0,-
01-FEB-2023,SYNGENE,Syngene International Ltd,ADITYA BIRLA SUN LIFE MUTUAL FUND,BUY,570560,560.0,-
01-FEB-2023,SYNGENE,Syngene International Ltd,INDIA ACORN ICAV,BUY,552000,560.0,-
01-FEB-2023,SYNGENE,Syngene International Ltd,BIOCON LIMITED,SELL,550000,560.0,-
01-FEB-2023,SYNGENE,Syngene International Ltd,BAJAJ ALLIANZ LIFE INSURANCE COMPANY LIMITED,BUY,550000,560.0,-
01-FEB-2023,SYNGENE,Syngene International Ltd,ICICI PRUDENTIAL MUTUAL FUND,BUY,446428,560.0,-
01-FEB-2023,SYNGENE,Syngene International Ltd,FS INV ICVC STEWART INVESTORS INDIAN SUBCONTINENT FUND,BUY,401342,560.0,-
01-FEB-2023,SYNGENE,Syngene International Ltd,BIOCON LIMITED,SELL,401000,560.0,-
01-FEB-2023,SYNGENE,Syngene International Ltd,NIPPON INDIA MUTUAL FUND,BUY,401000,560.0,-
01-FEB-2023,SYNGENE,Syngene International Ltd,BIOCON LIMITED,SELL,400000,560.0,-
01-FEB-2023,SYNGENE,Syngene International Ltd,KOTAK FUNDS-INDIA MIDCAP FUND,BUY,398700,560.0,-
01-FEB-2023,SYNGENE,Syngene International Ltd,BIOCON LIMITED,SELL,357142,560.0,-
01-FEB-2023,SYNGENE,Syngene International Ltd,BIOCON LIMITED,SELL,342355,560.0,-
01-FEB-2023,SYNGENE,Syngene International Ltd,WHITE OAK CAPITAL MANAGEMENT CONSULTANTS LLP,BUY,342355,560.0,-
01-FEB-2023,SYNGENE,Syngene International Ltd,BIOCON LIMITED,SELL,320000,560.0,-
01-FEB-2023,SYNGENE,Syngene International Ltd,MASSACHUSETTS INSTITUTE OF TECHNOLOGY,BUY,320000,560.0,-
01-FEB-2023,SYNGENE,Syngene International Ltd,STICHTING DEPOSITARY APG EMERGING MARKETS EQUITY POOL,BUY,304000,560.0,-
01-FEB-2023,SYNGENE,Syngene International Ltd,BIOCON LIMITED,SELL,304000,560.0,-
01-FEB-2023,SYNGENE,Syngene International Ltd,GOLDMAN SACHS INVESTMENTS MAURITIUS I LTD,BUY,300000,560.0,-
01-FEB-2023,SYNGENE,Syngene International Ltd,BIOCON LIMITED,SELL,300000,560.0,-
01-FEB-2023,SYNGENE,Syngene International Ltd,BIOCON LIMITED,SELL,285434,560.0,-
01-FEB-2023,SYNGENE,Syngene International Ltd,EDELWEISS MUTUAL FUND,BUY,282758,560.0,-
01-FEB-2023,SYNGENE,Syngene International Ltd,MATTHEWS INDIA FUND,BUY,275022,560.0,-
01-FEB-2023,SYNGENE,Syngene International Ltd,BIOCON LIMITED,SELL,275000,560.0,-
01-FEB-2023,SYNGENE,Syngene International Ltd,FS INV ICVC-STEWART INVESTORS ASIA PACIFIC SUSTAINABILITY FUND,BUY,268061,560.0,-
01-FEB-2023,SYNGENE,Syngene International Ltd,INVESCO MUTUAL FUND,BUY,259317,560.0,-
01-FEB-2023,SYNGENE,Syngene International Ltd,BIOCON LIMITED,SELL,250000,560.0,-
01-FEB-2023,SYNGENE,Syngene International Ltd,BIOCON LIMITED,SELL,250000,560.0,-
01-FEB-2023,SYNGENE,Syngene International Ltd,CITIGROUP GLOBAL MARKETS MAURITIUS PRIVATE LIMITED,BUY,250000,560.0,-
01-FEB-2023,SYNGENE,Syngene International Ltd,BIOCON LIMITED,SELL,239100,560.0,-
01-FEB-2023,SYNGENE,Syngene International Ltd,JPMORGAN INDIA SMALLER COMPANIES FUND,BUY,239100,560.0,-
01-FEB-2023,SYNGENE,Syngene International Ltd,AL MEHWAR COMMERCIAL INVESTMENTS LLC,BUY,238000,560.0,-
01-FEB-2023,POLYPLEX,Polyplex Corporation Ltd,SANJIV SARITA CONSULTING PRIVATE LIMITED,SELL,230924,1505.0,-
01-FEB-2023,POLYPLEX,Polyplex Corporation Ltd,UTKARSH TRADING  & HOLDINGS LTD,BUY,230924,1505.0,-
01-FEB-2023,SYNGENE,Syngene International Ltd,ABSL UMBRELLA UCITS FUND PLC - INDIA FRONTLINE EQUITY FUND,BUY,214285,560.0,-
01-FEB-2023,SYNGENE,Syngene International Ltd,BIRLA SUN LIFE MUTUAL FUND,BUY,214160,560.0,-
01-FEB-2023,SYNGENE,Syngene International Ltd,Birla Mutual Fund,BUY,214160,560.0,-
01-FEB-2023,SYNGENE,Syngene International Ltd,FS INV ICVC-STEWART INVESTORS GLOBAL EMERGING MKTS SUSTAINABILITY FUND,BUY,211872,560.0,-
01-FEB-2023,SYNGENE,Syngene International Ltd,NUVAMA ENHANCED DYNAMIC GROWTH EQUITY (EDGE) FUND,BUY,195000,560.0,-
01-FEB-2023,SYNGENE,Syngene International Ltd,BIOCON LIMITED,SELL,195000,560.0,-
01-FEB-2023,SYNGENE,Syngene International Ltd,BIOCON LIMITED,SELL,193799,560.0,-
01-FEB-2023,SYNGENE,Syngene International Ltd,WHITE OAK CAPITAL MANAGEMENT CONSULTANTS LLP,BUY,193799,560.0,-
01-FEB-2023,SYNGENE,Syngene International Ltd,UTI MID CAP FUND,BUY,192500,560.0,-
01-FEB-2023,SYNGENE,Syngene International Ltd,PACIFIC ASSETS TRUST PLC,BUY,189576,560.0,-
01-FEB-2023,SYNGENE,Syngene International Ltd,CIF III SCHEME I,BUY,180000,560.0,-
01-FEB-2023,SYNGENE,Syngene International Ltd,AURIGIN MASTER FUND LIMITED,BUY,180000,560.0,-
01-FEB-2023,SYNGENE,Syngene International Ltd,AVENDUS ABSOLUTE RETURN FUND,BUY,180000,560.0,-
01-FEB-2023,SYNGENE,Syngene International Ltd,BIOCON LIMITED,SELL,180000,560.0,-
01-FEB-2023,SYNGENE,Syngene International Ltd,BIOCON LIMITED,SELL,180000,560.0,-
01-FEB-2023,SYNGENE,Syngene International Ltd,BIOCON LIMITED,SELL,180000,560.0,-
01-FEB-2023,SYNGENE,Syngene International Ltd,ICICI PRUDENTIAL MUTUAL FUND,BUY,178572,560.0,-
01-FEB-2023,SYNGENE,Syngene International Ltd,ICICI PRUDENTIAL MUTUAL FUND,BUY,178571,560.0,-
01-FEB-2023,SYNGENE,Syngene International Ltd,FS INV ICVC STEWART INVESTORS ASIA PACIFIC FUND,BUY,178472,560.0,-
01-FEB-2023,SYNGENE,Syngene International Ltd,RELIGARE MUTUAL FUND,BUY,171868,560.0,-
01-FEB-2023,SYNGENE,Syngene International Ltd,EDELWEISS MUTUAL FUND(EDELWEISS SMALL CAP FUND),BUY,163415,560.0,-
01-FEB-2023,SYNGENE,Syngene International Ltd,EDELWEISS MUTUAL FUND(EDELWEISS SMALL CAP FUND),BUY,162371,560.0,-
01-FEB-2023,SYNGENE,Syngene International Ltd,UNION MUTUAL FUND,BUY,159836,560.0,-
01-FEB-2023,SYNGENE,Syngene International Ltd,EDELWEISS MUTUAL FUND,BUY,150773,560.0,-
01-FEB-2023,SYNGENE,Syngene International Ltd,RELIGARE MUTUAL FUND,BUY,148600,560.0,-
01-FEB-2023,SYNGENE,Syngene International Ltd,ICICI PRUDENTIAL MUTUAL FUND,BUY,147857,560.0,-
01-FEB-2023,SYNGENE,Syngene International Ltd,SUN LIFE EXCEL INDIA FUND,BUY,142857,560.0,-
01-FEB-2023,SYNGENE,Syngene International Ltd,ASHOKA INDIA EQUITY INVESTMENT TRUST PLC,BUY,135000,560.0,-
01-FEB-2023,SYNGENE,Syngene International Ltd,STWRT INVT GLBL EMG MKT SUSTNBLTY FD AS SB FD OF FIRST ST GLBL UMB FD PLC,BUY,133934,560.0,-
01-FEB-2023,SYNGENE,Syngene International Ltd,EDELWEISS MUTUAL FUND,BUY,121546,560.0,-
01-FEB-2023,SYNGENE,Syngene International Ltd,INDIA ACORN FUND LTD,BUY,112000,560.0,-
01-FEB-2023,SYNGENE,Syngene International Ltd,CAISSE DE DEPOT ET PLACEMENT DU QUEBEC,BUY,111000,560.0,-
01-FEB-2023,SYNGENE,Syngene International Ltd,STWRT INVESTRS ASIA PAC SUSTANBLTY FD AS SB FD OF FIRST ST GLBL UMB FD PLC,BUY,106153,560.0,-
01-FEB-2023,SYNGENE,Syngene International Ltd,ADITYA BIRLA SUN LIFE MUTUAL FUND,BUY,71120,560.0,-
01-FEB-2023,SYNGENE,Syngene International Ltd,UNION MUTUAL FUND,BUY,68053,560.0,-
01-FEB-2023,SYNGENE,Syngene International Ltd,UTI - PHARMA AND HEALTHCARE FUND,BUY,57500,560.0,-
01-FEB-2023,SYNGENE,Syngene International Ltd,ABS DIRECT EQUITY FUND LLC - INDIA SERIES 1,BUY,55500,560.0,-
01-FEB-2023,SYNGENE,Syngene International Ltd,UNION MUTUAL FUND,BUY,47111,560.0,-
01-FEB-2023,SYNGENE,Syngene International Ltd,QUAESTIO SOLUTIONS FUNDS,BUY,44336,560.0,-
01-FEB-2023,SYNGENE,Syngene International Ltd,MINE WEALTH AND WELLBEING SUPERANNUATION FUND,BUY,24201,560.0,-
01-FEB-2023,SYNGENE,Syngene International Ltd,FS INV ICVC STEWART INVESTORS GLOBAL EMERGING MARKETS FUND,BUY,20831,560.0,-
01-FEB-2023,SYNGENE,Syngene International Ltd,CFSIL - COLONIAL FIRST STATE GLOBAL ASSET MANAGEMENT EQUITY TRUST 3,BUY,19972,560.0,-
01-FEB-2023,SYNGENE,Syngene International Ltd,EDELWEISS MUTUAL FUND,BUY,19137,560.0,-
01-FEB-2023,SYNGENE,Syngene International Ltd,INDIA  ACORN ICAV ASHOKA INDIA ESG FUND,BUY,13000,560.0,-
01-FEB-2023,SYNGENE,Syngene International Ltd,MATTHEWS ASIA FUNDS INDIA FUND,BUY,10412,560.0,-
01-FEB-2023,SYNGENE,Syngene International Ltd,KOTAK INFINITY FUND,BUY,1300,560.0,-
01-FEB-2023,SYNGENE,Syngene International Ltd,FRST SNTR INVTS GLBL UMBRELLA FD PLC-STEWART INVTS INDN SUBCONT SUSTABLE FD,BUY,1250,560.0,-
02-FEB-2023,POLYPLEX,Polyplex Corporation Ltd,BHILANGANA HYDRO POWER LIMITED,BUY,69000,1509.0,-
02-FEB-2023,POLYPLEX,Polyplex Corporation Ltd,SANJIV SARITA CONSULTING PRIVATE LIMITED,SELL,69000,1509.0,-
03-FEB-2023,GMRAIRPORT,GMR Airports Ltd,H/D INVESTORS FUND L.P.,SELL,33596400,37.2,-
03-FEB-2023,GMRAIRPORT,GMR Airports Ltd,VEDA INVESTORS FUND L.P.,BUY,33596400,37.2,-
03-FEB-2023,GMRAIRPORT,GMR Airports Ltd,VEDA INVESTORS FUND L.P.,BUY,23993700,37.2,-
03-FEB-2023,GMRAIRPORT,GMR Airports Ltd,C/D INVESTORS FUND L.P.,SELL,23993700,37.2,-
03-FEB-2023,GMRAIRPORT,GMR Airports Ltd,C/D INVESTORS FUND L.P.,SELL,20442300,37.2,-
03-FEB-2023,GMRAIRPORT,GMR Airports Ltd,DVG 1740 FUND L.P.,BUY,20442300,37.2,-
03-FEB-2023,GMRAIRPORT,GMR Airports Ltd,C/D INVESTORS FUND L.P.,SELL,10626200,37.2,-
03-FEB-2023,GMRAIRPORT,GMR Airports Ltd,DECCAN VALUE INVESTORS FUND L.P.,BUY,10626200,37.2,-
17-FEB-2023,PRICOLLTD,Pricol Ltd,MINERVA EMERGING OPPORTUNITIES FUND LIMITED,SELL,3999999,209.0,-
17-FEB-2023,PRICOLLTD,Pricol Ltd,MINDA CORPORATION LIMITED,BUY,3999999,209.0,-
17-FEB-2023,PRICOLLTD,Pricol Ltd,AIDOS INDIA FUND LIMITED,SELL,1999999,209.0,-
17-FEB-2023,PRICOLLTD,Pricol Ltd,MINDA CORPORATION LIMITED,BUY,1999999,209.0,-
20-FEB-2023,MMWL,Media Matrix Worldwide Ltd,INDSEC SECURITIES AND FINANCE LIMITED,BUY,10000000,11.99,-
20-FEB-2023,MMWL,Media Matrix Worldwide Ltd,HASTIN MARKETING PRIVATE LIMITED,SELL,10000000,11.99,-
22-FEB-2023,INOXGREEN,Inox Green Energy Services Ltd,ICM FINANCE PRIVATE LIMITED,BUY,3300000,42.9,-
22-FEB-2023,INOXGREEN,Inox Green Energy Services Ltd,PILOT CONSULTANTS PRIVATE LIMITED,SELL,3300000,42.9,-
24-FEB-2023,REDINGTON,Redington Ltd,SYNNEX TECHNOLOGY INTERNATIONAL CORPORATION,BUY,188591880,170.45,-
24-FEB-2023,REDINGTON,Redington Ltd,SYNNEX MAURITIUS LIMITED,SELL,188591880,170.45,-
01-MAR-2023,DELHIVERY,Delhivery Ltd,SVF DOORBELL (CAYMAN) LIMITED,SELL,12336085,340.8,-
01-MAR-2023,DELHIVERY,Delhivery Ltd,SVF DOORBELL (CAYMAN) LIMITED,SELL,7499371,340.8,-
01-MAR-2023,DELHIVERY,Delhivery Ltd,INVESCO PERPETUAL FAR EASTERN INVESTMENT SERIES,BUY,3494288,340.8,-
01-MAR-2023,DELHIVERY,Delhivery Ltd,INVESCO ASIAN EQUITY FUND,BUY,2747905,340.8,-
01-MAR-2023,DELHIVERY,Delhivery Ltd,SVF DOORBELL (CAYMAN) LIMITED,SELL,2671761,340.8,-
01-MAR-2023,DELHIVERY,Delhivery Ltd,BAILLIE GIFFORD EMERGING MARKETS EQUITIES FUND,BUY,2409370,340.8,-
01-MAR-2023,DELHIVERY,Delhivery Ltd,SVF DOORBELL (CAYMAN) LIMITED,SELL,2400000,340.8,-
01-MAR-2023,DELHIVERY,Delhivery Ltd,SOCIETE GENERALE,BUY,2400000,340.8,-
01-MAR-2023,DELHIVERY,Delhivery Ltd,FIDELITY FUNDS - INDIA FOCUS FUND,BUY,2307878,340.8,-
01-MAR-2023,DELHIVERY,Delhivery Ltd,SAUDI ARABIAN MONETARY AUTHORITY,BUY,2137661,340.8,-
01-MAR-2023,DELHIVERY,Delhivery Ltd,CITY OF NEW YORK GROUP TRUST,BUY,1708978,340.8,-
01-MAR-2023,DELHIVERY,Delhivery Ltd,BEST INVESTMENT CORPORATION,BUY,1637765,340.8,-
01-MAR-2023,DELHIVERY,Delhivery Ltd,BUREAU OF LABOR FUNDS - LABOR PENSION FUND,BUY,910239,340.8,-
01-MAR-2023,DELHIVERY,Delhivery Ltd,CITY OF NEW YORK GROUP TRUST,BUY,879899,340.8,-
01-MAR-2023,DELHIVERY,Delhivery Ltd,SVF DOORBELL (CAYMAN) LIMITED,SELL,800000,340.8,-
01-MAR-2023,DELHIVERY,Delhivery Ltd,BNP PARIBAS ARBITRAGE,BUY,800000,340.8,-
01-MAR-2023,DELHIVERY,Delhivery Ltd,MORGAN STANLEY MAURITIUS COMPANY LIMITED,BUY,792783,340.8,-
01-MAR-2023,DELHIVERY,Delhivery Ltd,SVF DOORBELL (CAYMAN) LIMITED,SELL,792783,340.8,-
01-MAR-2023,DELHIVERY,Delhivery Ltd,SVF DOORBELL (CAYMAN) LIMITED,SELL,750000,340.8,-
01-MAR-2023,DELHIVERY,Delhivery Ltd,SVF DOORBELL (CAYMAN) LIMITED,SELL,750000,340.8,-
01-MAR-2023,DELHIVERY,Delhivery Ltd,GHISALLO MASTER FUND LP,BUY,750000,340.8,-
01-MAR-2023,DELHIVERY,Delhivery Ltd,BAILLIE GIFFORD EMERGING MKTS GROWTH FD A SUB FD OF BG OVRSEA GRWTH FD ICVC,BUY,667697,340.8,-
01-MAR-2023,DELHIVERY,Delhivery Ltd,BUREAU OF LABOR FUNDS - LABOR RETIREMENT FUND,BUY,389298,340.8,-
01-MAR-2023,DELHIVERY,Delhivery Ltd,QUILTER INVEST ASIA PAC (EX JAPAN) LARGE-CAP EQ FD A SUB FD OF QI OEIC,BUY,375234,340.8,-
01-MAR-2023,DELHIVERY,Delhivery Ltd,BAYVK A2-FONDS,BUY,341746,340.8,-
01-MAR-2023,DELHIVERY,Delhivery Ltd,BAILLIE GIFFORD EMERGING MARKETS FUND,BUY,321228,340.8,-
01-MAR-2023,DELHIVERY,Delhivery Ltd,REGAL TACTICAL OPPORTUNITIES FUND,BUY,294458,340.8,-
01-MAR-2023,DELHIVERY,Delhivery Ltd,INVESCO PERPETUAL FAR EASTERN INVESTMENT SERIES,BUY,258284,340.8,-
01-MAR-2023,DELHIVERY,Delhivery Ltd,CITY OF NEW YORK GROUP TRUST,BUY,227267,340.8,-
01-MAR-2023,DELHIVERY,Delhivery Ltd,VIRGINIA RETIREMENT SYSTEM,BUY,211519,340.8,-
01-MAR-2023,DELHIVERY,Delhivery Ltd,REGAL INVESTMENT FUND,BUY,207138,340.8,-
01-MAR-2023,DELHIVERY,Delhivery Ltd,OPSEU PENSION PLAN TRUST FUND,BUY,188494,340.8,-
01-MAR-2023,DELHIVERY,Delhivery Ltd,FIDELITY INDIA FUND,BUY,166325,340.8,-
01-MAR-2023,DELHIVERY,Delhivery Ltd,ST JAMES'S PLACE MULTI ASSET UNIT TRUST,BUY,165209,340.8,-
01-MAR-2023,DELHIVERY,Delhivery Ltd,TEACHERS RETIREMENT SYSTEM OF THE CITY OF NEW YORK,BUY,140879,340.8,-
01-MAR-2023,DELHIVERY,Delhivery Ltd,INVESCO PACIFIC EQUITY FUND,BUY,131674,340.8,-
01-MAR-2023,DELHIVERY,Delhivery Ltd,AMAZON MARKET NEUTRAL FUND,BUY,124425,340.8,-
01-MAR-2023,DELHIVERY,Delhivery Ltd,TASMAN MARKET NEUTRAL FUND,BUY,123979,340.8,-
01-MAR-2023,DELHIVERY,Delhivery Ltd,DENDANA INVESTMENTS MAURITIUS LTD,BUY,117133,340.8,-
01-MAR-2023,DELHIVERY,Delhivery Ltd,VANGUARD EMERGING MARKETS SELECT STOCK FUND,BUY,93845,340.8,-
01-MAR-2023,DELHIVERY,Delhivery Ltd,CITY OF NEW YORK GROUP TRUST,BUY,84615,340.8,-
01-MAR-2023,DELHIVERY,Delhivery Ltd,BAILLIE GIFFORD EMERGING MARKETS COLLECTIVE INVESTMENT FUND,BUY,82761,340.8,-
01-MAR-2023,DELHIVERY,Delhivery Ltd,FIDELITY KOREA-INDIA EQUITY INVESTMENT TRUST-MOTHER,BUY,80425,340.8,-
01-MAR-2023,DELHIVERY,Delhivery Ltd,STATE OF INDIANA PUBLIC EMPLOYEES RETIREMENT FUND,BUY,72337,340.8,-
01-MAR-2023,DELHIVERY,Delhivery Ltd,VANGUARD INVESTMENTS FUNDS ICVC - VANGUARD GLOBAL EMERGING MARKETS FUND,BUY,60521,340.8,-
01-MAR-2023,DELHIVERY,Delhivery Ltd,INVESCO PERPETUAL GLOBAL TARGETED RETURNS FUND,BUY,41089,340.8,-
01-MAR-2023,DELHIVERY,Delhivery Ltd,INVESCO GLOBAL TARGETED RETURNS FUND,BUY,27305,340.8,-
01-MAR-2023,DELHIVERY,Delhivery Ltd,TA ASIA HIGH CONVICTION MANDATE,BUY,14724,340.8,-
01-MAR-2023,DELHIVERY,Delhivery Ltd,TEACHERS RETIREMENT SYSTEM OF THE CITY OF NEW YORK,BUY,8215,340.8,-
01-MAR-2023,DELHIVERY,Delhivery Ltd,INVESCO GLOBAL TARGETED RETURNS SELECT FUND,BUY,5410,340.8,-
06-MAR-2023,JINDALSAW,Jindal Saw Ltd,VIRTUOUS TRADECORP PRIVATE LIMITED,BUY,3500000,154.5,-
06-MAR-2023,JINDALSAW,Jindal Saw Ltd,ABHYUDAY JINDAL,SELL,3500000,154.5,-
10-MAR-2023,WELSPLSOL,Welspun Specialty Solutions Ltd,WELSPUN GROUP MASTER TRUST,BUY,8573078,14.9,-
10-MAR-2023,WELSPLSOL,Welspun Specialty Solutions Ltd,WIDESCREEN HOLDINGS PRIVATE LIMITED .,SELL,8573078,14.9,-
10-MAR-2023,EICHERMOT,Eicher Motors Ltd,SIDDHARTHA LAL TRUST,BUY,33000,3110.0,-
10-MAR-2023,EICHERMOT,Eicher Motors Ltd,SIDDHARTHA VIKRAM LAL,SELL,33000,3110.0,-
17-MAR-2023,ELPROINTL,Elpro International Ltd,I G E (INDIA) PRIVATE LIMITED,BUY,1800000,59.0,-
17-MAR-2023,ELPROINTL,Elpro International Ltd,YAMINI  DABRIWALA,SELL,1800000,59.0,-
20-MAR-2023,PVRINOX,PVR Inox Ltd,SBI MUTUAL FUND,BUY,1469650,1559.35,-
20-MAR-2023,PVRINOX,PVR Inox Ltd,BERRY CREEK INVESTMENT LTD,SELL,1469650,1559.35,-
20-MAR-2023,PVRINOX,PVR Inox Ltd,BERRY CREEK INVESTMENT LTD,SELL,641300,1559.35,-
20-MAR-2023,PVRINOX,PVR Inox Ltd,ICICI PRUDENTIAL MUTUAL FUND,BUY,641300,1559.35,-
20-MAR-2023,PVRINOX,PVR Inox Ltd,SOCIETE GENERALE - ODI,BUY,328351,1559.35,-
20-MAR-2023,PVRINOX,PVR Inox Ltd,BERRY CREEK INVESTMENT LTD,SELL,328351,1559.35,-
21-MAR-2023,LLOYDSME,Lloyds Metals and Energy Ltd,PUNE IT SPACE SOLUTIONS PRIVATE LIMITED,BUY,340000,296.5,-
21-MAR-2023,LLOYDSME,Lloyds Metals and Energy Ltd,OM HARI MAHABIR PRASAD HALAN,SELL,340000,296.5,-
22-MAR-2023,DBOL,Dhampur Bio Organics Ltd,DEEPA  GOEL,BUY,1166758,132.0,-
22-MAR-2023,DBOL,Dhampur Bio Organics Ltd,SARASWATI PROPERTIES LIMITED,SELL,1166758,132.0,-
22-MAR-2023,DHAMPURSUG,Dhampur Sugar Mills Ltd,SARASWATI PROPERTIES LIMITED,BUY,1035000,213.0,-
22-MAR-2023,DHAMPURSUG,Dhampur Sugar Mills Ltd,DEEPA  GOEL,SELL,1035000,213.0,-
23-MAR-2023,ANANDRATHI,Anand Rathi Wealth Ltd,ANAND RATHI FINANCIAL SERVICES LIMITED,SELL,180000,810.0,-
23-MAR-2023,ANANDRATHI,Anand Rathi Wealth Ltd,ANANDRATHI HOUSING FINANCE LIMITED,BUY,180000,810.0,-
23-MAR-2023,ANANDRATHI,Anand Rathi Wealth Ltd,ANAND RATHI IT PRIVATE LIMITED,BUY,150000,810.0,-
23-MAR-2023,ANANDRATHI,Anand Rathi Wealth Ltd,ANAND RATHI FINANCIAL SERVICES LIMITED,SELL,150000,810.0,-
24-MAR-2023,GREENLAM,Greenlam Industries Ltd,HYDRA TRADING PRIVATE LIMITED,BUY,2968680,313.0,-
24-MAR-2023,GREENLAM,Greenlam Industries Ltd,SMITI HOLDING AND TRADING COMPANY PRIVATE LIMITED,SELL,2968680,313.0,-
24-MAR-2023,BHARTIARTL,Bharti Airtel Ltd,SOCIETE GENERALE,BUY,1382462,762.55,-
24-MAR-2023,BHARTIARTL,Bharti Airtel Ltd,BNP PARIBAS ARBITRAGE,SELL,1382462,762.55,-
24-MAR-2023,TTKHLTCARE,TTK Healthcare Ltd-$,MCAP INDIA FUND LIMITED,SELL,130488,910.0,-
24-MAR-2023,TTKHLTCARE,TTK Healthcare Ltd-$,ABAKKUS ASSET MANAGER LLP,BUY,130488,910.0,-
24-MAR-2023,TTKHLTCARE,TTK Healthcare Ltd-$,ABAKKUS DIVERSIFIED ALPHA FUND,BUY,115385,910.0,-
24-MAR-2023,TTKHLTCARE,TTK Healthcare Ltd-$,MCAP INDIA FUND LIMITED,SELL,115385,910.0,-
28-MAR-2023,SAIL,Steel Authority of India Ltd,SANTOSH  BHAJANKA,BUY,2000000,81.0,-
28-MAR-2023,SAIL,Steel Authority of India Ltd,SAJJAN  BHAJANKA,SELL,2000000,81.0,-
28-MAR-2023,ZFSTEERING,ZF Steering Gear India Ltd-$,UTKARSH DINESH MUNOT,BUY,1400000,400.0,-
28-MAR-2023,ZFSTEERING,ZF Steering Gear India Ltd-$,ROBERT BOSCH AUTOMOTIVE STEERING GMBH,SELL,1400000,400.0,-
28-MAR-2023,ZFSTEERING,ZF Steering Gear India Ltd-$,ROBERT BOSCH AUTOMOTIVE STEERING GMBH,SELL,940155,400.0,-
28-MAR-2023,ZFSTEERING,ZF Steering Gear India Ltd-$,DINESH HIRACHAND MUNOT,BUY,940155,400.0,-
29-MAR-2023,MFSL,Max Financial Services Ltd,PLUTUS WEALTH MANAGEMENT LLP,BUY,2000000,606.6,-
29-MAR-2023,MFSL,Max Financial Services Ltd,MAX VENTURES INVESTMENT HOLDINGS PRIVATE LIMITED,SELL,2000000,606.6,-
29-MAR-2023,MFSL,Max Financial Services Ltd,PLUTUS WEALTH MANAGEMENT LLP,BUY,1000000,606.6,-
29-MAR-2023,MFSL,Max Financial Services Ltd,MAX VENTURES INVESTMENT HOLDINGS PRIVATE LIMITED,SELL,1000000,606.6,-
31-MAR-2023,MANAKSIA,Manaksia Ltd,VAJRA MACHINERIES PRIVATE LIMITED,BUY,1291000,106.0,-
31-MAR-2023,MANAKSIA,Manaksia Ltd,ANURADHA  AGRAWAL,SELL,1291000,106.0,-
31-MAR-2023,MANAKSIA,Manaksia Ltd,PAYAL  AGRAWAL,SELL,1090000,106.0,-
31-MAR-2023,MANAKSIA,Manaksia Ltd,VAJRA MACHINERIES PRIVATE LIMITED,BUY,1090000,106.0,-
11-APR-2023,SAGCEM,Sagar Cements Ltd-$,ICICI PRUDENTIAL MUTUAL FUND,BUY,6039698,183.1,-
11-APR-2023,SAGCEM,Sagar Cements Ltd-$,PGIM INDIA MUTUAL FUND,SELL,6039698,183.1,-
03-MAY-2023,QUINT,Quint Digital Ltd,SINGULARITY VENTURES PRIVATE LIMITED,BUY,1900000,124.0,-
03-MAY-2023,QUINT,Quint Digital Ltd,FASHIONS BRANDS (INDIA) PRIVATE LIMITED,SELL,1900000,124.0,-
11-MAY-2023,DEVYANI,Devyani International Ltd,SECTOR INVESTMENT FUNDS PLC  SECTOR GLOBAL EMERGING MARKETS FUND,BUY,907217,175.85,-
11-MAY-2023,DEVYANI,Devyani International Ltd,GOLDMAN SACHS (SINGAPORE) PTE.- ODI,SELL,907217,175.85,-
11-MAY-2023,JUBLFOOD,Jubilant FoodWorks Ltd,SECTOR INVESTMENT FUNDS PLC  SECTOR GLOBAL EMERGING MARKETS FUND,BUY,570112,469.15,-
11-MAY-2023,JUBLFOOD,Jubilant FoodWorks Ltd,GOLDMAN SACHS (SINGAPORE) PTE.- ODI,SELL,570112,469.15,-
11-MAY-2023,VBL,Varun Beverages Ltd,SECTOR INVESTMENT FUNDS PLC  SECTOR GLOBAL EMERGING MARKETS FUND,BUY,270595,1606.4,-
11-MAY-2023,VBL,Varun Beverages Ltd,GOLDMAN SACHS (SINGAPORE) PTE.- ODI,SELL,270595,1606.4,-
11-MAY-2023,CHOLAFIN,Cholamandalam Investment and Finance Company Ltd,SECTOR INVESTMENT FUNDS PLC  SECTOR GLOBAL EMERGING MARKETS FUND,BUY,268424,989.6,-
11-MAY-2023,CHOLAFIN,Cholamandalam Investment and Finance Company Ltd,GOLDMAN SACHS (SINGAPORE) PTE.- ODI,SELL,268424,989.6,-
11-MAY-2023,AFFLE,Affle 3I Ltd,SECTOR INVESTMENT FUNDS PLC  SECTOR GLOBAL EMERGING MARKETS FUND,BUY,169355,936.8,-
11-MAY-2023,AFFLE,Affle 3I Ltd,GOLDMAN SACHS (SINGAPORE) PTE.- ODI,SELL,169355,936.8,-
11-MAY-2023,TITAN,Titan Company Ltd,SECTOR INVESTMENT FUNDS PLC  SECTOR GLOBAL EMERGING MARKETS FUND,BUY,120321,2745.45,-
11-MAY-2023,TITAN,Titan Company Ltd,GOLDMAN SACHS (SINGAPORE) PTE.- ODI,SELL,120321,2745.45,-
15-MAY-2023,DEVYANI,Devyani International Ltd,SECTOR INVESTMENT FUNDS PLC  SECTOR GLOBAL EMERGING MARKETS FUND,BUY,907217,176.5,-
15-MAY-2023,DEVYANI,Devyani International Ltd,GOLDMAN SACHS (SINGAPORE) PTE.- ODI,SELL,907217,176.5,-
15-MAY-2023,JUBLFOOD,Jubilant FoodWorks Ltd,SECTOR INVESTMENT FUNDS PLC  SECTOR GLOBAL EMERGING MARKETS FUND,BUY,570112,467.4,-
15-MAY-2023,JUBLFOOD,Jubilant FoodWorks Ltd,GOLDMAN SACHS (SINGAPORE) PTE.- ODI,SELL,570112,467.4,-
15-MAY-2023,VBL,Varun Beverages Ltd,SECTOR INVESTMENT FUNDS PLC  SECTOR GLOBAL EMERGING MARKETS FUND,BUY,270595,1557.2,-
15-MAY-2023,VBL,Varun Beverages Ltd,GOLDMAN SACHS (SINGAPORE) PTE.- ODI,SELL,270595,1557.2,-
15-MAY-2023,CHOLAFIN,Cholamandalam Investment and Finance Company Ltd,SECTOR INVESTMENT FUNDS PLC  SECTOR GLOBAL EMERGING MARKETS FUND,BUY,268424,1004.85,-
15-MAY-2023,CHOLAFIN,Cholamandalam Investment and Finance Company Ltd,GOLDMAN SACHS (SINGAPORE) PTE.- ODI,SELL,268424,1004.85,-
15-MAY-2023,AFFLE,Affle 3I Ltd,SECTOR INVESTMENT FUNDS PLC  SECTOR GLOBAL EMERGING MARKETS FUND,BUY,169355,919.85,-
15-MAY-2023,AFFLE,Affle 3I Ltd,GOLDMAN SACHS (SINGAPORE) PTE.- ODI,SELL,169355,919.85,-
15-MAY-2023,TITAN,Titan Company Ltd,SECTOR INVESTMENT FUNDS PLC  SECTOR GLOBAL EMERGING MARKETS FUND,BUY,120321,2773.25,-
15-MAY-2023,TITAN,Titan Company Ltd,GOLDMAN SACHS (SINGAPORE) PTE.- ODI,SELL,120321,2773.25,-
19-MAY-2023,DEVYANI,Devyani International Ltd,SECTOR INVESTMENT FUNDS PLC  SECTOR GLOBAL EMERGING MARKETS FUND,BUY,907218,184.25,-
19-MAY-2023,DEVYANI,Devyani International Ltd,GOLDMAN SACHS (SINGAPORE) PTE.- ODI,SELL,907218,184.25,-
19-MAY-2023,JUBLFOOD,Jubilant FoodWorks Ltd,SECTOR INVESTMENT FUNDS PLC  SECTOR GLOBAL EMERGING MARKETS FUND,BUY,570111,474.8,-
19-MAY-2023,JUBLFOOD,Jubilant FoodWorks Ltd,GOLDMAN SACHS (SINGAPORE) PTE.- ODI,SELL,570111,474.8,-
19-MAY-2023,VBL,Varun Beverages Ltd,SECTOR INVESTMENT FUNDS PLC  SECTOR GLOBAL EMERGING MARKETS FUND,BUY,270596,1575.8,-
19-MAY-2023,VBL,Varun Beverages Ltd,GOLDMAN SACHS (SINGAPORE) PTE.- ODI,SELL,270596,1575.8,-
19-MAY-2023,CHOLAFIN,Cholamandalam Investment and Finance Company Ltd,SECTOR INVESTMENT FUNDS PLC  SECTOR GLOBAL EMERGING MARKETS FUND,BUY,268425,1042.15,-
19-MAY-2023,CHOLAFIN,Cholamandalam Investment and Finance Company Ltd,GOLDMAN SACHS (SINGAPORE) PTE.- ODI,SELL,268425,1042.15,-
19-MAY-2023,SONATSOFTW,Sonata Software Ltd,SECTOR INVESTMENT FUNDS PLC  SECTOR GLOBAL EMERGING MARKETS FUND,BUY,257542,924.85,-
19-MAY-2023,SONATSOFTW,Sonata Software Ltd,GOLDMAN SACHS (SINGAPORE) PTE.- ODI,SELL,257542,924.85,-
19-MAY-2023,AFFLE,Affle 3I Ltd,SECTOR INVESTMENT FUNDS PLC  SECTOR GLOBAL EMERGING MARKETS FUND,BUY,169354,911.75,-
19-MAY-2023,AFFLE,Affle 3I Ltd,GOLDMAN SACHS (SINGAPORE) PTE.- ODI,SELL,169354,911.75,-
19-MAY-2023,TITAN,Titan Company Ltd,SECTOR INVESTMENT FUNDS PLC  SECTOR GLOBAL EMERGING MARKETS FUND,BUY,120320,2720.65,-
19-MAY-2023,TITAN,Titan Company Ltd,GOLDMAN SACHS (SINGAPORE) PTE.- ODI,SELL,120320,2720.65,-
23-MAY-2023,SYRMA,Syrma SGS Technology Ltd,"SOUTH ASIA GROWTH FUND II HOLDINGS, LLC",SELL,3800000,351.9,-
23-MAY-2023,SYRMA,Syrma SGS Technology Ltd,NORGES BANK ON ACCOUNT OF THE GOVERNMENT PENSION FUND GLOBAL,BUY,3800000,351.9,-
23-MAY-2023,SYRMA,Syrma SGS Technology Ltd,NEUBERGER BERMAN EMERGING MARKETS EQUITY MASTER FUND L.P,BUY,1500000,351.9,-
23-MAY-2023,SYRMA,Syrma SGS Technology Ltd,SANJIV  NARAYAN,SELL,1500000,351.9,-
23-MAY-2023,SYRMA,Syrma SGS Technology Ltd,NEUBERGER BERMAN EMERGING MARKETS EQUITY MASTER FUND L.P,BUY,1000000,351.9,-
23-MAY-2023,SYRMA,Syrma SGS Technology Ltd,"SOUTH ASIA GROWTH FUND II HOLDINGS, LLC",SELL,1000000,351.9,-
23-MAY-2023,SYRMA,Syrma SGS Technology Ltd,"SOUTH ASIA GROWTH FUND II HOLDINGS, LLC",SELL,524000,351.9,-
23-MAY-2023,SYRMA,Syrma SGS Technology Ltd,UNION MUTUAL FUND,BUY,524000,351.9,-
23-MAY-2023,EICHERMOT,Eicher Motors Ltd,SIDDHARTHA LAL TRUST,BUY,28470,3597.0,-
23-MAY-2023,EICHERMOT,Eicher Motors Ltd,SIDDHARTHA VIKRAM LAL,SELL,28470,3597.0,-
29-MAY-2023,RAMCOCEM,The Ramco Cements Ltd,SHARADHA  DEEPA,BUY,283000,880.0,-
29-MAY-2023,RAMCOCEM,The Ramco Cements Ltd,RAJAPALAYAM MILLS LTD,SELL,283000,880.0,-
31-MAY-2023,HDFCLIFE,HDFC Life Insurance Company Ltd,ABRDN (MAURITIUS HOLDINGS)2006 LIMITED,SELL,14200000,579.6,-
31-MAY-2023,HDFCLIFE,HDFC Life Insurance Company Ltd,SBI MUTUAL FUND,BUY,5900000,579.6,-
31-MAY-2023,HDFCLIFE,HDFC Life Insurance Company Ltd,SBI MUTUAL FUND,BUY,3400000,579.6,-
31-MAY-2023,HDFCLIFE,HDFC Life Insurance Company Ltd,SOCIETE GENERALE,BUY,3325000,579.6,-
31-MAY-2023,HDFCLIFE,HDFC Life Insurance Company Ltd,ABRDN (MAURITIUS HOLDINGS)2006 LIMITED,SELL,3325000,579.6,-
31-MAY-2023,HDFCLIFE,HDFC Life Insurance Company Ltd,ABRDN (MAURITIUS HOLDINGS)2006 LIMITED,SELL,2750000,579.6,-
31-MAY-2023,HDFCLIFE,HDFC Life Insurance Company Ltd,NORGES BANK ON ACCOUNT OF GOVERNMENT PETROLEUM FUND,BUY,2750000,579.6,-
31-MAY-2023,HDFCLIFE,HDFC Life Insurance Company Ltd,ABRDN (MAURITIUS HOLDINGS)2006 LIMITED,SELL,2600000,579.6,-
31-MAY-2023,HDFCLIFE,HDFC Life Insurance Company Ltd,WF ASIAN SMALLER COMPANIES FUND LIMITED,BUY,2600000,579.6,-
31-MAY-2023,HDFCLIFE,HDFC Life Insurance Company Ltd,ABRDN (MAURITIUS HOLDINGS)2006 LIMITED,SELL,2575000,579.6,-
31-MAY-2023,HDFCLIFE,HDFC Life Insurance Company Ltd,ABRDN (MAURITIUS HOLDINGS)2006 LIMITED,SELL,2575000,579.6,-
31-MAY-2023,HDFCLIFE,HDFC Life Insurance Company Ltd,T ROWE PRICE ASIA OPPORTUNITIES TRUST,BUY,1850000,579.6,-
31-MAY-2023,HDFCLIFE,HDFC Life Insurance Company Ltd,ABRDN (MAURITIUS HOLDINGS)2006 LIMITED,SELL,1850000,579.6,-
31-MAY-2023,HDFCLIFE,HDFC Life Insurance Company Ltd,ICICI PRUDENTIAL MUTUAL FUND,BUY,1830714,579.6,-
31-MAY-2023,HDFCLIFE,HDFC Life Insurance Company Ltd,SBI MUTUAL FUND,BUY,1724800,579.6,-
31-MAY-2023,HDFCLIFE,HDFC Life Insurance Company Ltd,ABRDN (MAURITIUS HOLDINGS)2006 LIMITED,SELL,1450000,579.6,-
31-MAY-2023,HDFCLIFE,HDFC Life Insurance Company Ltd,ABRDN (MAURITIUS HOLDINGS)2006 LIMITED,SELL,1399000,579.6,-
31-MAY-2023,HDFCLIFE,HDFC Life Insurance Company Ltd,BNP PARIBAS ARBITRAGE,BUY,1399000,579.6,-
31-MAY-2023,HDFCLIFE,HDFC Life Insurance Company Ltd,ADITYA BIRLA SUN LIFE MUTUAL FUND,BUY,1287495,579.6,-
31-MAY-2023,HDFCLIFE,HDFC Life Insurance Company Ltd,SBI MUTUAL FUND,BUY,1270268,579.6,-
31-MAY-2023,HDFCLIFE,HDFC Life Insurance Company Ltd,ABRDN (MAURITIUS HOLDINGS)2006 LIMITED,SELL,1150000,579.6,-
31-MAY-2023,HDFCLIFE,HDFC Life Insurance Company Ltd,SBI MUTUAL FUND,BUY,1040000,579.6,-
31-MAY-2023,HDFCLIFE,HDFC Life Insurance Company Ltd,NIPPON INDIA MUTUAL FUND,BUY,981229,579.6,-
31-MAY-2023,HDFCLIFE,HDFC Life Insurance Company Ltd,FIDELITY INVESTMENT TRUST FIDELITY SERIES EMERGING MARKETS FUND,BUY,869400,579.6,-
31-MAY-2023,HDFCLIFE,HDFC Life Insurance Company Ltd,ABRDN (MAURITIUS HOLDINGS)2006 LIMITED,SELL,650000,579.6,-
31-MAY-2023,HDFCLIFE,HDFC Life Insurance Company Ltd,ABRDN (MAURITIUS HOLDINGS)2006 LIMITED,SELL,650000,579.6,-
31-MAY-2023,HDFCLIFE,HDFC Life Insurance Company Ltd,GHISALLO MASTER FUND LP,BUY,650000,579.6,-
31-MAY-2023,HDFCLIFE,HDFC Life Insurance Company Ltd,MORGAN STANLEY ASIA SINGAPORE PTE,BUY,650000,579.6,-
31-MAY-2023,HDFCLIFE,HDFC Life Insurance Company Ltd,SBI MUTUAL FUND,BUY,570000,579.6,-
31-MAY-2023,HDFCLIFE,HDFC Life Insurance Company Ltd,ICICI PRUDENTIAL MUTUAL FUND,BUY,450000,579.6,-
31-MAY-2023,HDFCLIFE,HDFC Life Insurance Company Ltd,ADITYA BIRLA SUN LIFE MUTUAL FUND,BUY,429165,579.6,-
31-MAY-2023,HDFCLIFE,HDFC Life Insurance Company Ltd,ADITYA BIRLA SUN LIFE MUTUAL FUND,BUY,429165,579.6,-
31-MAY-2023,HDFCLIFE,HDFC Life Insurance Company Ltd,ADITYA BIRLA SUN LIFE MUTUAL FUND,BUY,343342,579.6,-
31-MAY-2023,HDFCLIFE,HDFC Life Insurance Company Ltd,SBI MUTUAL FUND,BUY,243172,579.6,-
31-MAY-2023,HDFCLIFE,HDFC Life Insurance Company Ltd,FGTFEBP:FIAM EMERGING MARKETS OPPORTUNITIES COMMINGLED POOL,BUY,223400,579.6,-
31-MAY-2023,HDFCLIFE,HDFC Life Insurance Company Ltd,ICICI PRUDENTIAL MUTUAL FUND,BUY,183929,579.6,-
31-MAY-2023,HDFCLIFE,HDFC Life Insurance Company Ltd,ABRDN (MAURITIUS HOLDINGS)2006 LIMITED,SELL,174105,579.6,-
31-MAY-2023,HDFCLIFE,HDFC Life Insurance Company Ltd,BOFA SECURITIES EUROPE SA,BUY,174105,579.6,-
31-MAY-2023,HDFCLIFE,HDFC Life Insurance Company Ltd,APTUS GLOBAL FINANCIALS FUND,BUY,173000,579.6,-
31-MAY-2023,HDFCLIFE,HDFC Life Insurance Company Ltd,AMAZON MARKET NEUTRAL FUND,BUY,173000,579.6,-
31-MAY-2023,HDFCLIFE,HDFC Life Insurance Company Ltd,ABRDN (MAURITIUS HOLDINGS)2006 LIMITED,SELL,173000,579.6,-
31-MAY-2023,HDFCLIFE,HDFC Life Insurance Company Ltd,ABRDN (MAURITIUS HOLDINGS)2006 LIMITED,SELL,173000,579.6,-
31-MAY-2023,HDFCLIFE,HDFC Life Insurance Company Ltd,NIPPON INDIA MUTUAL FUND,BUY,168771,579.6,-
31-MAY-2023,HDFCLIFE,HDFC Life Insurance Company Ltd,FIDELITY INVESTMENT TRUST FIDELITY SERIES EMERGING MARKETS FUND,BUY,135800,579.6,-
31-MAY-2023,HDFCLIFE,HDFC Life Insurance Company Ltd,ICICI PRUDENTIAL MUTUAL FUND,BUY,110357,579.6,-
31-MAY-2023,HDFCLIFE,HDFC Life Insurance Company Ltd,FIDELITY CENT INVST PORT LLC FIDELITY EMERGING MARKETS EQUITY CENTRAL FUND,BUY,89100,579.6,-
31-MAY-2023,HDFCLIFE,HDFC Life Insurance Company Ltd,ADITYA BIRLA SUN LIFE MUTUAL FUND,BUY,85833,579.6,-
31-MAY-2023,HDFCLIFE,HDFC Life Insurance Company Ltd,PRMS GRP TRST FOR EMPLEE BNFT PLNS:PRMS SLCT EMG MKTS EQUITY COMMINGLEDPOOL,BUY,78700,579.6,-
31-MAY-2023,HDFCLIFE,HDFC Life Insurance Company Ltd,SBI MUTUAL FUND,BUY,51760,579.6,-
31-MAY-2023,HDFCLIFE,HDFC Life Insurance Company Ltd,FIDELITY EMERGING MARKETS EQUITY INVESTMENT TRUST,BUY,25029,579.6,-
31-MAY-2023,HDFCLIFE,HDFC Life Insurance Company Ltd,FIDELITY EMERGING MARKETS OPPORTUNITIES INSTITUTIONAL TRUST,BUY,19600,579.6,-
31-MAY-2023,HDFCLIFE,HDFC Life Insurance Company Ltd,FIDELITY INVESTMENT TRUST FIDELITY TOTAL EMERGING MARKETS FUND,BUY,5300,579.6,-
31-MAY-2023,HDFCLIFE,HDFC Life Insurance Company Ltd,PYRAMIS SELECT EMERGING MARKETS EQUITY TRUST,BUY,3484,579.6,-
31-MAY-2023,HDFCLIFE,HDFC Life Insurance Company Ltd,FIDELITY INVESTMENT TR FIDELITY SAI SUSTAINABLE EMERGING MARKETS EQUITY FD,BUY,187,579.6,-
19-JUN-2023,SHRIRAMFIN,Shriram Finance Ltd,TPG INDIA INVESTMENTS II INC,SELL,1712700,1401.0,-
19-JUN-2023,SHRIRAMFIN,Shriram Finance Ltd,TPG INDIA INVESTMENTS II INC,SELL,1677000,1401.0,-
19-JUN-2023,SHRIRAMFIN,Shriram Finance Ltd,KOTAK FUNDSINDIA MIDCAP FUND,BUY,1662500,1401.0,-
19-JUN-2023,SHRIRAMFIN,Shriram Finance Ltd,TPG INDIA INVESTMENTS II INC,SELL,1641600,1401.0,-
19-JUN-2023,SHRIRAMFIN,Shriram Finance Ltd,TPG INDIA INVESTMENTS II INC,SELL,1641600,1401.0,-
19-JUN-2023,SHRIRAMFIN,Shriram Finance Ltd,NIPPON INDIA MUTUAL FUND - NIPPON INDIA SMALL CAP FUND,BUY,862593,1401.0,-
19-JUN-2023,SHRIRAMFIN,Shriram Finance Ltd,DSP MUTUAL FUND - EQUITY OPPORTUNITIES FUND,BUY,829818,1401.0,-
19-JUN-2023,SHRIRAMFIN,Shriram Finance Ltd,TPG INDIA INVESTMENTS II INC,SELL,556300,1401.0,-
19-JUN-2023,SHRIRAMFIN,Shriram Finance Ltd,MORGAN STANLEY ASIA SINGAPORE PTE  NON ODI,BUY,556300,1401.0,-
19-JUN-2023,SHRIRAMFIN,Shriram Finance Ltd,ICICI PRUDENTIAL LIFE INSURANCE COMPANY LTD,BUY,535000,1401.0,-
19-JUN-2023,SHRIRAMFIN,Shriram Finance Ltd,TPG INDIA INVESTMENTS II INC,SELL,535000,1401.0,-
19-JUN-2023,SHRIRAMFIN,Shriram Finance Ltd,TPG INDIA INVESTMENTS II INC,SELL,535000,1401.0,-
19-JUN-2023,SHRIRAMFIN,Shriram Finance Ltd,ADITYA BIRLA SUN LIFE MUTUAL FUND - ADITYA BIRLA SUN LIFE FLEXI CAP FUND,BUY,492277,1401.0,-
19-JUN-2023,SHRIRAMFIN,Shriram Finance Ltd,EASTSPRING INVESTMENTS INDIA CONSUMER EQUITY OPEN LIMITED,BUY,453561,1401.0,-
19-JUN-2023,SHRIRAMFIN,Shriram Finance Ltd,NIPPON INDIA MUTUAL FUND - NIPPON INDIA MULTI CAP FUND,BUY,432512,1401.0,-
19-JUN-2023,SHRIRAMFIN,Shriram Finance Ltd,ADITYA BIRLA SUN LIFE MUTUAL FUND - ADITYA BIRLA SUN LIFE FRONTLINE EQUITY FUND,BUY,410264,1401.0,-
19-JUN-2023,SHRIRAMFIN,Shriram Finance Ltd,DSP MUTUAL FUND - DSP TAX SAVER FUND,BUY,390503,1401.0,-
19-JUN-2023,SHRIRAMFIN,Shriram Finance Ltd,ADITYA BIRLA SUN LIFE MUTUAL FUND - ADITYA BIRLA SUN LIFE MIDCAP FUND,BUY,307673,1401.0,-
19-JUN-2023,SHRIRAMFIN,Shriram Finance Ltd,DSP MUTUAL FUND - DSP FLEXI CAP FUND,BUY,295414,1401.0,-
19-JUN-2023,SHRIRAMFIN,Shriram Finance Ltd,TPG INDIA INVESTMENTS II INC,SELL,213800,1401.0,-
19-JUN-2023,SHRIRAMFIN,Shriram Finance Ltd,TPG INDIA INVESTMENTS II INC,SELL,213800,1401.0,-
19-JUN-2023,SHRIRAMFIN,Shriram Finance Ltd,NORGES BANK ON ACCOUNT OF THE GOVERNMENT PENSION FUND GLOBAL,BUY,213800,1401.0,-
19-JUN-2023,SHRIRAMFIN,Shriram Finance Ltd,COHESION MK BEST IDEAS SUBTRUST,BUY,213800,1401.0,-
19-JUN-2023,SHRIRAMFIN,Shriram Finance Ltd,BAJAJ ALLIANZ LIFE INSURANCE COMPANY LIMITED,BUY,206900,1401.0,-
19-JUN-2023,SHRIRAMFIN,Shriram Finance Ltd,TPG INDIA INVESTMENTS II INC,SELL,206900,1401.0,-
19-JUN-2023,SHRIRAMFIN,Shriram Finance Ltd,TPG INDIA INVESTMENTS II INC,SELL,206900,1401.0,-
19-JUN-2023,SHRIRAMFIN,Shriram Finance Ltd,TPG INDIA INVESTMENTS II INC,SELL,206900,1401.0,-
19-JUN-2023,SHRIRAMFIN,Shriram Finance Ltd,KOTAK MAHINDRA MUTUAL FUND - KOTAK MULTICAP FUND,BUY,206900,1401.0,-
19-JUN-2023,SHRIRAMFIN,Shriram Finance Ltd,TPG INDIA INVESTMENTS II INC,SELL,163900,1401.0,-
19-JUN-2023,SHRIRAMFIN,Shriram Finance Ltd,MORGAN STANLEY ASIA SINGAPORE PTE,BUY,163900,1401.0,-
19-JUN-2023,SHRIRAMFIN,Shriram Finance Ltd,NIPPON INDIA MUTUAL FUND - NIPPON INDIA FLEXI CAP FUND,BUY,138501,1401.0,-
19-JUN-2023,SHRIRAMFIN,Shriram Finance Ltd,DSP MUTUAL FUND - DSP  EQUITY & BOND FUND,BUY,135540,1401.0,-
19-JUN-2023,SHRIRAMFIN,Shriram Finance Ltd,NIPPON INDIA MUTUAL FUND - NIPPON INDIA LARGE CAP FUND,BUY,129996,1401.0,-
19-JUN-2023,SHRIRAMFIN,Shriram Finance Ltd,ADITYA BIRLA SUN LIFE MUTUAL FUND - ADITYA BIRLA SUN LIFE EQUITY HYBRID '95 FUND,BUY,125358,1401.0,-
19-JUN-2023,SHRIRAMFIN,Shriram Finance Ltd,ADITYA BIRLA SUN LIFE MUTUAL FUND - ADITYA BIRLA SUN LIFE BANKING AND FINANCIAL SERVICES FUND,BUY,121971,1401.0,-
19-JUN-2023,SHRIRAMFIN,Shriram Finance Ltd,TPG INDIA INVESTMENTS II INC,SELL,107000,1401.0,-
19-JUN-2023,SHRIRAMFIN,Shriram Finance Ltd,MORGAN STANLEY ASIA SINGAPORE PTE,BUY,107000,1401.0,-
19-JUN-2023,SHRIRAMFIN,Shriram Finance Ltd,KOTAK MAHINDRA LIFE INSURANCE COMPANY LIMITED - CLASSIC OPPORTUNITIES FUND ULIF 033 16 12 09 CLAOPPF,BUY,94875,1401.0,-
19-JUN-2023,SHRIRAMFIN,Shriram Finance Ltd,ADITYA BIRLA SUN LIFE MUTUAL FUND - ADITYA BIRLA SUN LIFE BUSINESS CYCLE FUND,BUY,82046,1401.0,-
19-JUN-2023,SHRIRAMFIN,Shriram Finance Ltd,TPG INDIA INVESTMENTS II INC,SELL,78400,1401.0,-
19-JUN-2023,SHRIRAMFIN,Shriram Finance Ltd,TPG INDIA INVESTMENTS II INC,SELL,78400,1401.0,-
19-JUN-2023,SHRIRAMFIN,Shriram Finance Ltd,GOLDMAN SACHS SINGAPORE PTE,BUY,78400,1401.0,-
19-JUN-2023,SHRIRAMFIN,Shriram Finance Ltd,SOCIETE GENERALE  ODI,BUY,78400,1401.0,-
19-JUN-2023,SHRIRAMFIN,Shriram Finance Ltd,NIPPON INDIA MUTUAL FUND - NIPPON BANKING AND FINANCIAL SERVICES FUND,BUY,77998,1401.0,-
19-JUN-2023,SHRIRAMFIN,Shriram Finance Ltd,TARA EMERGING ASIA LIQUID FUND,BUY,71600,1401.0,-
19-JUN-2023,SHRIRAMFIN,Shriram Finance Ltd,TPG INDIA INVESTMENTS II INC,SELL,71600,1401.0,-
19-JUN-2023,SHRIRAMFIN,Shriram Finance Ltd,TARISH INVESTMENT AND TRADING COMPANY PRIVATE LIMITED,BUY,71548,1401.0,-
19-JUN-2023,SHRIRAMFIN,Shriram Finance Ltd,TPG INDIA INVESTMENTS II INC,SELL,71548,1401.0,-
19-JUN-2023,SHRIRAMFIN,Shriram Finance Ltd,KOTAK MAHINDRA LIFE INSURANCE COMPANY LIMITED - FRONTLINE EQUITY FUND ULIF 034 17 12 09 FRLEQUFND 10,BUY,68635,1401.0,-
19-JUN-2023,SHRIRAMFIN,Shriram Finance Ltd,DSP MUTUAL FUND - DSP DYNAMIC ASSET ALLOCATION FUND,BUY,61425,1401.0,-
19-JUN-2023,SHRIRAMFIN,Shriram Finance Ltd,ADITYA BIRLA SUN LIFE MUTUAL FUND - ADITYA BIRLA SUN LIFE DIVIDEND YIELD FUND,BUY,60986,1401.0,-
19-JUN-2023,SHRIRAMFIN,Shriram Finance Ltd,EASTSPRING INVESTMENTS INDIA INFRASTRUCTURE EQUITY OPEN LIMITED,BUY,44864,1401.0,-
19-JUN-2023,SHRIRAMFIN,Shriram Finance Ltd,ADITYA BIRLA SUN LIFE MUTUAL FUND - ADITYA BIRLA SUN LIFE SPECIAL OPPORTUNITIES FUND,BUY,41025,1401.0,-
19-JUN-2023,SHRIRAMFIN,Shriram Finance Ltd,EASTSPRING INVESTMENTS INDIA EQUITY FUND,BUY,36575,1401.0,-
19-JUN-2023,SHRIRAMFIN,Shriram Finance Ltd,KOTAK MAHINDRA LIFE INSURANCE COMPANY LIMITED - KOTAK GROUP BALANCED FUND ULGF 003 27 06 03 BALFND 1,BUY,34815,1401.0,-
19-JUN-2023,SHRIRAMFIN,Shriram Finance Ltd,KOTAK INFINITY FUND  CLASS AC,BUY,14500,1401.0,-
19-JUN-2023,SHRIRAMFIN,Shriram Finance Ltd,KOTAK MAHINDRA LIFE INSURANCE COMPANY LIMITED - KOTAK OPPORTUNITIES FUND ULIF 029 02 10 08 OPPFND 10,BUY,8575,1401.0,-
20-JUN-2023,HDFCAMC,HDFC Asset Management Company Ltd,ABRDN INVESTMENT MANAGEMENT LIMITED,SELL,8350000,1873.0,-
20-JUN-2023,HDFCAMC,HDFC Asset Management Company Ltd,ABRDN INVESTMENT MANAGEMENT LIMITED,SELL,4465361,1873.0,-
20-JUN-2023,KIMS,Krishna Institute of Medical Sciences Ltd,SBI MUTUAL FUND,BUY,4068698,1710.0,-
20-JUN-2023,KIMS,Krishna Institute of Medical Sciences Ltd,GENERAL ATLANTIC SINGAPORE KH PTE LTD,SELL,4068698,1710.0,-
20-JUN-2023,HDFCAMC,HDFC Asset Management Company Ltd,SMALLCAP WORLD FUND INC,BUY,3724324,1873.0,-
20-JUN-2023,HDFCAMC,HDFC Asset Management Company Ltd,SBI MUTUAL FUND,BUY,3334825,1873.0,-
20-JUN-2023,HDFCAMC,HDFC Asset Management Company Ltd,ZULIA INVESTMENTS PTE. LIMITED.,BUY,1626667,1873.0,-
20-JUN-2023,HDFCAMC,HDFC Asset Management Company Ltd,ABRDN INVESTMENT MANAGEMENT LIMITED,SELL,1626667,1873.0,-
20-JUN-2023,HDFCAMC,HDFC Asset Management Company Ltd,ABRDN INVESTMENT MANAGEMENT LIMITED,SELL,1225000,1873.0,-
20-JUN-2023,HDFCAMC,HDFC Asset Management Company Ltd,SOCIETE GENERALE,BUY,1225000,1873.0,-
20-JUN-2023,HDFCAMC,HDFC Asset Management Company Ltd,SBI MUTUAL FUND,BUY,1014416,1873.0,-
20-JUN-2023,HDFCAMC,HDFC Asset Management Company Ltd,SBI MUTUAL FUND,BUY,1014416,1873.0,-
20-JUN-2023,HDFCAMC,HDFC Asset Management Company Ltd,SBI MUTUAL FUND,BUY,1014415,1873.0,-
20-JUN-2023,HDFCAMC,HDFC Asset Management Company Ltd,ABRDN INVESTMENT MANAGEMENT LIMITED,SELL,865000,1873.0,-
20-JUN-2023,HDFCAMC,HDFC Asset Management Company Ltd,BNP PARIBAS ARBITRAGE,BUY,865000,1873.0,-
20-JUN-2023,HDFCAMC,HDFC Asset Management Company Ltd,NORGES BANK ON ACCOUNT OF GOVERNMENT PETROLEUM FUND,BUY,750000,1873.0,-
20-JUN-2023,HDFCAMC,HDFC Asset Management Company Ltd,ABRDN INVESTMENT MANAGEMENT LIMITED,SELL,750000,1873.0,-
20-JUN-2023,HDFCAMC,HDFC Asset Management Company Ltd,AMERICAN FUNDS INSURANCE SERIES-GLOBAL CAPITALIZATION FUND,BUY,741037,1873.0,-
20-JUN-2023,HDFCAMC,HDFC Asset Management Company Ltd,ABRDN INVESTMENT MANAGEMENT LIMITED,SELL,625000,1873.0,-
20-JUN-2023,HDFCAMC,HDFC Asset Management Company Ltd,ABRDN INVESTMENT MANAGEMENT LIMITED,SELL,625000,1873.0,-
20-JUN-2023,HDFCAMC,HDFC Asset Management Company Ltd,GHISALLO MASTER FUND LP,BUY,625000,1873.0,-
20-JUN-2023,HDFCAMC,HDFC Asset Management Company Ltd,SBI MUTUAL FUND,BUY,587293,1873.0,-
20-JUN-2023,HDFCAMC,HDFC Asset Management Company Ltd,BOFA SECURITIES EUROPE SA,BUY,585000,1873.0,-
20-JUN-2023,HDFCAMC,HDFC Asset Management Company Ltd,ABRDN INVESTMENT MANAGEMENT LIMITED,SELL,585000,1873.0,-
20-JUN-2023,HDFCAMC,HDFC Asset Management Company Ltd,ABRDN INVESTMENT MANAGEMENT LIMITED,SELL,475000,1873.0,-
20-JUN-2023,HDFCAMC,HDFC Asset Management Company Ltd,ABRDN INVESTMENT MANAGEMENT LIMITED,SELL,420000,1873.0,-
20-JUN-2023,HDFCAMC,HDFC Asset Management Company Ltd,ABRDN INVESTMENT MANAGEMENT LIMITED,SELL,420000,1873.0,-
20-JUN-2023,HDFCAMC,HDFC Asset Management Company Ltd,MORGAN STANLEY ASIA SINGAPORE PTE,BUY,420000,1873.0,-
20-JUN-2023,HDFCAMC,HDFC Asset Management Company Ltd,SBI MUTUAL FUND,BUY,400428,1873.0,-
20-JUN-2023,HDFCAMC,HDFC Asset Management Company Ltd,KUWAIT INVESTMENT AUTHORITY,BUY,367144,1873.0,-
20-JUN-2023,HDFCAMC,HDFC Asset Management Company Ltd,ABRDN INVESTMENT MANAGEMENT LIMITED,SELL,320000,1873.0,-
20-JUN-2023,HDFCAMC,HDFC Asset Management Company Ltd,ICICI PRUDENTIAL LIFE INSURANCE COMPANY LIMITED,BUY,316667,1873.0,-
20-JUN-2023,HDFCAMC,HDFC Asset Management Company Ltd,ABRDN INVESTMENT MANAGEMENT LIMITED,SELL,300000,1873.0,-
20-JUN-2023,HDFCAMC,HDFC Asset Management Company Ltd,SBI MUTUAL FUND,BUY,300000,1873.0,-
20-JUN-2023,HDFCAMC,HDFC Asset Management Company Ltd,SBI MUTUAL FUND,BUY,214259,1873.0,-
20-JUN-2023,HDFCAMC,HDFC Asset Management Company Ltd,MIRAE ASSET MUTUAL FUND,BUY,204878,1873.0,-
20-JUN-2023,HDFCAMC,HDFC Asset Management Company Ltd,SBI MUTUAL FUND,BUY,186168,1873.0,-
20-JUN-2023,HDFCAMC,HDFC Asset Management Company Ltd,SBI MUTUAL FUND,BUY,170000,1873.0,-
20-JUN-2023,HDFCAMC,HDFC Asset Management Company Ltd,D E SHAW VALENCE INTERNATIONAL (SPV) LLC,BUY,170000,1873.0,-
20-JUN-2023,HDFCAMC,HDFC Asset Management Company Ltd,ABRDN INVESTMENT MANAGEMENT LIMITED,SELL,170000,1873.0,-
20-JUN-2023,HDFCAMC,HDFC Asset Management Company Ltd,ICICI PRUDENTIAL LIFE INSURANCE COMPANY LIMITED,BUY,158333,1873.0,-
20-JUN-2023,HDFCAMC,HDFC Asset Management Company Ltd,ABRDN INVESTMENT MANAGEMENT LIMITED,SELL,150000,1873.0,-
20-JUN-2023,HDFCAMC,HDFC Asset Management Company Ltd,MIRAE ASSET MUTUAL FUND,BUY,122927,1873.0,-
20-JUN-2023,HDFCAMC,HDFC Asset Management Company Ltd,ABRDN INVESTMENT MANAGEMENT LIMITED,SELL,120000,1873.0,-
20-JUN-2023,HDFCAMC,HDFC Asset Management Company Ltd,VANGUARD TOTAL INTERNATIONAL STOCK INDEX FUND,BUY,117932,1873.0,-
20-JUN-2023,HDFCAMC,HDFC Asset Management Company Ltd,VANGUARD EMERGING MARKETS STOCK INDEX FUND A SERIES OF VIEIF,BUY,111371,1873.0,-
20-JUN-2023,HDFCAMC,HDFC Asset Management Company Ltd,ADITYA BIRLA SUN LIFE MUTUAL FUND,BUY,92308,1873.0,-
20-JUN-2023,HDFCAMC,HDFC Asset Management Company Ltd,NIPPON INDIA MUTUAL FUND,BUY,90000,1873.0,-
20-JUN-2023,HDFCAMC,HDFC Asset Management Company Ltd,MIRAE ASSET MUTUAL FUND,BUY,71707,1873.0,-
20-JUN-2023,HDFCAMC,HDFC Asset Management Company Ltd,ADITYA BIRLA SUN LIFE MUTUAL FUND,BUY,69231,1873.0,-
20-JUN-2023,HDFCAMC,HDFC Asset Management Company Ltd,ADITYA BIRLA SUN LIFE MUTUAL FUND,BUY,69231,1873.0,-
20-JUN-2023,HDFCAMC,HDFC Asset Management Company Ltd,SOCIETE GENERALE,BUY,63391,1873.0,-
20-JUN-2023,HDFCAMC,HDFC Asset Management Company Ltd,ABRDN INVESTMENT MANAGEMENT LIMITED,SELL,63391,1873.0,-
20-JUN-2023,HDFCAMC,HDFC Asset Management Company Ltd,ABRDN INVESTMENT MANAGEMENT LIMITED,SELL,62713,1873.0,-
20-JUN-2023,HDFCAMC,HDFC Asset Management Company Ltd,FRANKLIN TEMPLETON MUTUAL FUND,BUY,62713,1873.0,-
20-JUN-2023,HDFCAMC,HDFC Asset Management Company Ltd,NIPPON INDIA MUTUAL FUND,BUY,60000,1873.0,-
20-JUN-2023,HDFCAMC,HDFC Asset Management Company Ltd,VFTC - INSTITUTIONAL TOTAL INTERNATIONAL STOCK MARKET INDEX TRUST II,BUY,54142,1873.0,-
20-JUN-2023,HDFCAMC,HDFC Asset Management Company Ltd,AVENDUS ABSOLUTE RETURN FUND,BUY,53391,1873.0,-
20-JUN-2023,HDFCAMC,HDFC Asset Management Company Ltd,TRIKON ASSET MANAGEMENT MASTER FUND,BUY,53391,1873.0,-
20-JUN-2023,HDFCAMC,HDFC Asset Management Company Ltd,ABRDN INVESTMENT MANAGEMENT LIMITED,SELL,53391,1873.0,-
20-JUN-2023,HDFCAMC,HDFC Asset Management Company Ltd,ABRDN INVESTMENT MANAGEMENT LIMITED,SELL,53391,1873.0,-
20-JUN-2023,HDFCAMC,HDFC Asset Management Company Ltd,ABRDN INVESTMENT MANAGEMENT LIMITED,SELL,53391,1873.0,-
20-JUN-2023,HDFCAMC,HDFC Asset Management Company Ltd,SBI MUTUAL FUND,BUY,53390,1873.0,-
20-JUN-2023,HDFCAMC,HDFC Asset Management Company Ltd,SBI MUTUAL FUND,BUY,53390,1873.0,-
20-JUN-2023,HDFCAMC,HDFC Asset Management Company Ltd,MORGAN STANLEY INSTITUTIONAL FUND INC EMERGING MARKETS PORTFOLIO,BUY,50511,1873.0,-
20-JUN-2023,HDFCAMC,HDFC Asset Management Company Ltd,REGAL TACTICAL OPPORTUNITIES FUND,BUY,49357,1873.0,-
20-JUN-2023,HDFCAMC,HDFC Asset Management Company Ltd,MORGAN STANLEY INVESTMENT MANAGEMENT EMERGING MARKETS TRUST,BUY,45661,1873.0,-
20-JUN-2023,HDFCAMC,HDFC Asset Management Company Ltd,MORGAN STANLEY SICAV EMERGING MARKETS EQUITY FUND,BUY,41737,1873.0,-
20-JUN-2023,HDFCAMC,HDFC Asset Management Company Ltd,MORGAN STANLEY INVESTMENT MGT INC. A/C MORGAN STANLEY INDIA INVT FUND INC,BUY,39702,1873.0,-
20-JUN-2023,HDFCAMC,HDFC Asset Management Company Ltd,ADITYA BIRLA SUN LIFE MUTUAL FUND,BUY,34615,1873.0,-
20-JUN-2023,HDFCAMC,HDFC Asset Management Company Ltd,ADITYA BIRLA SUN LIFE MUTUAL FUND,BUY,34615,1873.0,-
20-JUN-2023,HDFCAMC,HDFC Asset Management Company Ltd,REGAL INVESTMENT FUND,BUY,30868,1873.0,-
20-JUN-2023,HDFCAMC,HDFC Asset Management Company Ltd,UTI MUTUAL FUND,BUY,25424,1873.0,-
20-JUN-2023,HDFCAMC,HDFC Asset Management Company Ltd,EQ ADVISORS TRUST-EQ/GLOBAL MULTI-SECTOR EQUITY PORTFOLIO,BUY,23934,1873.0,-
20-JUN-2023,HDFCAMC,HDFC Asset Management Company Ltd,MIRAE ASSET MUTUAL FUND,BUY,20488,1873.0,-
20-JUN-2023,HDFCAMC,HDFC Asset Management Company Ltd,AMAZON MARKET NEUTRAL FUND,BUY,20486,1873.0,-
20-JUN-2023,HDFCAMC,HDFC Asset Management Company Ltd,TASMAN MARKET NEUTRAL FUND,BUY,19289,1873.0,-
20-JUN-2023,HDFCAMC,HDFC Asset Management Company Ltd,VANGUARD FTSE ALL WORLD EX US FUND A SERIES OF VIEIF,BUY,17561,1873.0,-
20-JUN-2023,HDFCAMC,HDFC Asset Management Company Ltd,MORGAN STANLEY INVT MGT INC. UNIVERSAL INST FUND INC EMG MKT EQT PORTFOLIO,BUY,16472,1873.0,-
20-JUN-2023,HDFCAMC,HDFC Asset Management Company Ltd,UTI MUTUAL FUND,BUY,15255,1873.0,-
20-JUN-2023,HDFCAMC,HDFC Asset Management Company Ltd,MORGAN STANLEY INVT MGMT INC AC M S OFFSHORE EMERGING MKT FUND,BUY,14050,1873.0,-
20-JUN-2023,HDFCAMC,HDFC Asset Management Company Ltd,UTI MUTUAL FUND,BUY,12712,1873.0,-
20-JUN-2023,HDFCAMC,HDFC Asset Management Company Ltd,MORGAN STANLEY INVESTMENT FUNDS INDIAN EQUITY FUND,BUY,12452,1873.0,-
20-JUN-2023,HDFCAMC,HDFC Asset Management Company Ltd,TD EMERGING MARKETS FUND,BUY,8714,1873.0,-
20-JUN-2023,HDFCAMC,HDFC Asset Management Company Ltd,SBI MUTUAL FUND,BUY,7000,1873.0,-
20-JUN-2023,HDFCAMC,HDFC Asset Management Company Ltd,VFTC - INSTITUTIONAL TOTAL INTERNATIONAL STOCK MARKET INDEX TRUST,BUY,6044,1873.0,-
20-JUN-2023,HDFCAMC,HDFC Asset Management Company Ltd,MORGAN STANLEY INVESTMENT FUNDS ASIAN EQUITY FUND,BUY,4623,1873.0,-
20-JUN-2023,HDFCAMC,HDFC Asset Management Company Ltd,VANGUARD TOTAL WORLD STOCK INDEX FUND,BUY,4437,1873.0,-
20-JUN-2023,HDFCAMC,HDFC Asset Management Company Ltd,VANGUARD FUNDS PUBLIC LIMITED COMPANY VANGUARD FTSE EMERGING MARKETS ETF,BUY,3714,1873.0,-
20-JUN-2023,HDFCAMC,HDFC Asset Management Company Ltd,VANGUARD FUNDS PUBLIC LIMITED COMPANY VANGUARD FTSE ALL WORLD ETF,BUY,1938,1873.0,-
20-JUN-2023,HDFCAMC,HDFC Asset Management Company Ltd,VANGUARD ESG INTERNATIONAL STOCK ETF,BUY,1224,1873.0,-
20-JUN-2023,HDFCAMC,HDFC Asset Management Company Ltd,VIS PLC - VANGUARD ESG EMERGING MARKETS ALL CAP EQUITY INDEX FUND,BUY,876,1873.0,-
20-JUN-2023,HDFCAMC,HDFC Asset Management Company Ltd,VANGUARD INVESTMENTS FUNDS ICVC - VANGUARD FTSE GLOBAL ALL CAP INDEX FUND,BUY,391,1873.0,-
20-JUN-2023,HDFCAMC,HDFC Asset Management Company Ltd,VANGUARD ASIA EX JAPAN SHARES INDEX FUND,BUY,274,1873.0,-
20-JUN-2023,HDFCAMC,HDFC Asset Management Company Ltd,VANGUARD FUNDS PLC / VANGUARD ESG GLOBAL ALL CAP UCITS ETF,BUY,96,1873.0,-
22-JUN-2023,DELHIVERY,Delhivery Ltd,CA SWIFT INVESTMENTS,SELL,5000000,385.5,-
22-JUN-2023,DELHIVERY,Delhivery Ltd,CA SWIFT INVESTMENTS,SELL,4066805,385.5,-
22-JUN-2023,DELHIVERY,Delhivery Ltd,NORGES BANK ON ACCOUNT OF GOVERNMENT PETROLEUM FUND,BUY,4066805,385.5,-
22-JUN-2023,DELHIVERY,Delhivery Ltd,SOCIETE GENERALE,BUY,2320607,385.5,-
22-JUN-2023,DELHIVERY,Delhivery Ltd,CA SWIFT INVESTMENTS,SELL,2320607,385.5,-
22-JUN-2023,DELHIVERY,Delhivery Ltd,CA SWIFT INVESTMENTS,SELL,2207195,385.5,-
22-JUN-2023,DELHIVERY,Delhivery Ltd,SAUDI CENTRAL BANK,BUY,2207195,385.5,-
22-JUN-2023,DELHIVERY,Delhivery Ltd,CA SWIFT INVESTMENTS,SELL,1570000,385.5,-
22-JUN-2023,DELHIVERY,Delhivery Ltd,BNP PARIBAS ARBITRAGE,BUY,1570000,385.5,-
22-JUN-2023,DELHIVERY,Delhivery Ltd,CA SWIFT INVESTMENTS,SELL,1400000,385.5,-
22-JUN-2023,DELHIVERY,Delhivery Ltd,TT EMERGING MARKETS OPPORTUNITIES FUND II LIMITED,BUY,698605,385.5,-
22-JUN-2023,DELHIVERY,Delhivery Ltd,TT EMERGING MARKETS EQUITY FUND,BUY,635176,385.5,-
22-JUN-2023,DELHIVERY,Delhivery Ltd,TT EMERGING MARKETS UNCONSTRAINED FUND,BUY,617573,385.5,-
22-JUN-2023,DELHIVERY,Delhivery Ltd,GOLDMAN SACHS (SINGAPORE) PTE,BUY,540000,385.5,-
22-JUN-2023,DELHIVERY,Delhivery Ltd,CA SWIFT INVESTMENTS,SELL,540000,385.5,-
22-JUN-2023,DELHIVERY,Delhivery Ltd,SCHRODER ASIAN GROWTH FUND,BUY,526874,385.5,-
22-JUN-2023,DELHIVERY,Delhivery Ltd,CA SWIFT INVESTMENTS,SELL,520000,385.5,-
22-JUN-2023,DELHIVERY,Delhivery Ltd,MORGAN STANLEY MAURITIUS COMPANY LIMITED,BUY,520000,385.5,-
22-JUN-2023,DELHIVERY,Delhivery Ltd,WASHINGTON STATE INVESTMENT BOARD,BUY,489871,385.5,-
22-JUN-2023,DELHIVERY,Delhivery Ltd,BEST INVESTMENT CORPORATION,BUY,398940,385.5,-
22-JUN-2023,DELHIVERY,Delhivery Ltd,INTERNATIONAL BANK FOR RECONSTRUCTION AND DEVELOPMENT,BUY,372433,385.5,-
22-JUN-2023,DELHIVERY,Delhivery Ltd,TT HORIZON OPPORTUNITIES FUND LIMITED,BUY,340436,385.5,-
22-JUN-2023,DELHIVERY,Delhivery Ltd,UNISUPER LIMITED AS TRUSTEE OF UNISUPER,BUY,317224,385.5,-
22-JUN-2023,DELHIVERY,Delhivery Ltd,VFM EMERGING MARKETS TRUST,BUY,306946,385.5,-
22-JUN-2023,DELHIVERY,Delhivery Ltd,LGT SELECT FUNDS-LGT SELECT EQUITY EMERGING MARKETS,BUY,276845,385.5,-
22-JUN-2023,DELHIVERY,Delhivery Ltd,CITIGROUP GLOBAL MARKETS MAURITIUS PRIVATE LIMITED,BUY,260000,385.5,-
22-JUN-2023,DELHIVERY,Delhivery Ltd,AVENDUS ABSOLUTE RETURN FUND,BUY,260000,385.5,-
22-JUN-2023,DELHIVERY,Delhivery Ltd,CA SWIFT INVESTMENTS,SELL,260000,385.5,-
22-JUN-2023,DELHIVERY,Delhivery Ltd,CA SWIFT INVESTMENTS,SELL,260000,385.5,-
22-JUN-2023,DELHIVERY,Delhivery Ltd,CA SWIFT INVESTMENTS,SELL,260000,385.5,-
22-JUN-2023,DELHIVERY,Delhivery Ltd,DEKA INTERNATIONAL S.A. RE DEKALUXTEAM-AKTIEN ASIEN,BUY,193724,385.5,-
22-JUN-2023,DELHIVERY,Delhivery Ltd,LOCKHEED MARTIN CORPORATION MASTER RETIREMENT TRUST,BUY,190511,385.5,-
22-JUN-2023,DELHIVERY,Delhivery Ltd,AIA SINGAPORE PRIVATE LIMITED,BUY,185308,385.5,-
22-JUN-2023,DELHIVERY,Delhivery Ltd,TELSTRA SUPER PTY LTD AS TRUSTEE FOR TELSTRA SUPERANNUATION SCHEME,BUY,159395,385.5,-
22-JUN-2023,DELHIVERY,Delhivery Ltd,LOCKHEED MARTIN CORPORATION DEFINED CONTRIBUTION PLANS MASTER TRUST,BUY,156630,385.5,-
22-JUN-2023,DELHIVERY,Delhivery Ltd,OPTIMIX WHOLESALE GLOBAL EMERGING MARKETS SHARE TRUST,BUY,121542,385.5,-
22-JUN-2023,DELHIVERY,Delhivery Ltd,REGAL TACTICAL OPPORTUNITIES FUND,BUY,107430,385.5,-
22-JUN-2023,DELHIVERY,Delhivery Ltd,TOKIO MARINE LIFE INSURANCE SINGAPORE LIMITED,BUY,95913,385.5,-
22-JUN-2023,DELHIVERY,Delhivery Ltd,IOOF INVT SERC LTD ARE FOR MULTIMIX WHOLESALE INTERNATIONAL SHARES TRUST,BUY,91075,385.5,-
22-JUN-2023,DELHIVERY,Delhivery Ltd,BARCLAYS MULTI MANAGER FUND PUBLIC LIMITED COMPANY,BUY,80957,385.5,-
22-JUN-2023,DELHIVERY,Delhivery Ltd,JANA EMERGING MARKETS SHARE TRUST,BUY,72448,385.5,-
22-JUN-2023,DELHIVERY,Delhivery Ltd,TT EMERGING MARKETS OPPORTUNITIES FUND,BUY,71574,385.5,-
22-JUN-2023,DELHIVERY,Delhivery Ltd,REGAL INVESTMENT FUND,BUY,66962,385.5,-
22-JUN-2023,DELHIVERY,Delhivery Ltd,AMAZON MARKET NEUTRAL FUND,BUY,44140,385.5,-
22-JUN-2023,DELHIVERY,Delhivery Ltd,TASMAN MARKET NEUTRAL FUND,BUY,41468,385.5,-
23-JUN-2023,EASEMYTRIP,Easy Trip Planners Ltd,WILSON HOLDINGS PRIVATE LIMITED,BUY,62578220,42.6,-
23-JUN-2023,EASEMYTRIP,Easy Trip Planners Ltd,NISHANT PITTI,SELL,62578220,42.6,-
26-JUN-2023,OBEROIRLTY,Oberoi Realty Ltd,OPPENHEIMER DEVELOPING MARKET FUND,BUY,225567,983.95,-
26-JUN-2023,OBEROIRLTY,Oberoi Realty Ltd,OPPENHEIMER EMERGING MARKETS INNOVATORS FUND,SELL,225567,983.95,-
26-JUN-2023,HAVELLS,Havells India Ltd,OPPENHEIMER DEVELOPING MARKET FUND,BUY,156738,1284.95,-
26-JUN-2023,HAVELLS,Havells India Ltd,OPPENHEIMER EMERGING MARKETS INNOVATORS FUND,SELL,156738,1284.95,-
28-JUN-2023,LANCER,Lancer Container Lines Ltd,AYUSHMAT LTD,BUY,1200000,141.5,-
28-JUN-2023,LANCER,Lancer Container Lines Ltd,RESONANCE OPPORTUNITIES FUND,SELL,1200000,141.5,-
28-JUN-2023,IGPL,IG Petrochemicals Ltd,SHEKHAVATI INVESTMENT CORPORATION LIMITED,BUY,374526,487.5,-
28-JUN-2023,IGPL,IG Petrochemicals Ltd,KAMRUP ENTERPRISES LTD,SELL,374526,487.5,-
30-JUN-2023,BHARTIARTL,Bharti Airtel Ltd,LION MEADOW INVESTMENT LTD,SELL,19000000,868.0,-
30-JUN-2023,BHARTIARTL,Bharti Airtel Ltd,CAPITAL WORLD GROWTH AND INCOME FUND,BUY,6526002,868.0,-
30-JUN-2023,BHARTIARTL,Bharti Airtel Ltd,EURO PACIFIC GROWITH FUND,BUY,6413712,868.0,-
30-JUN-2023,BHARTIARTL,Bharti Airtel Ltd,NEW WORLD FUND INC,BUY,4261272,868.0,-
30-JUN-2023,BHARTIARTL,Bharti Airtel Ltd,AMERICAN FUNDS INSURANCE SERIES A/C INTERNATIONAL FUND,BUY,990593,868.0,-
30-JUN-2023,BHARTIARTL,Bharti Airtel Ltd,CAPITAL GROUP EUROPACIFIC GROWTH TRUST US,BUY,310679,868.0,-
30-JUN-2023,BHARTIARTL,Bharti Airtel Ltd,AMERICAN FUNDS INSURANCE SERIES - NEW WORLDFUND,BUY,278551,868.0,-
30-JUN-2023,BHARTIARTL,Bharti Airtel Ltd,AMERICAN FUNDS INSURANCE SERIES GLOBAL GROWTH AND INCOME FUND,BUY,106604,868.0,-
30-JUN-2023,AVL,Aditya Vision Ltd,EAST LANE CAPITAL LLP,BUY,100000,1655.0,-
30-JUN-2023,AVL,Aditya Vision Ltd,SUNITA  SINHA,SELL,100000,1655.0,-
30-JUN-2023,BHARTIARTL,Bharti Airtel Ltd,CAPITAL GROUP WORLD GROWTH AND INCOME TRUST US,BUY,52850,868.0,-
30-JUN-2023,BHARTIARTL,Bharti Airtel Ltd,CAPITAL GROUP NEW WORLD FUND (LUX),BUY,37396,868.0,-
30-JUN-2023,BHARTIARTL,Bharti Airtel Ltd,CAPITAL GROUP WORLD GROWTH AND INCOME (LUX),BUY,16253,868.0,-
30-JUN-2023,BHARTIARTL,Bharti Airtel Ltd,CAPITAL GROUP ASIAN HORIZON FUND (LUX),BUY,6088,868.0,-
04-JUL-2023,RELIANCE,Reliance Industries Ltd,BOFA SECURITIES EUROPE SA,BUY,56193,2615.2,-
04-JUL-2023,RELIANCE,Reliance Industries Ltd,BOFA SECURITIES EUROPE SA,SELL,56193,2615.2,-
06-JUL-2023,PEL,Piramal Enterprises Ltd,SMALL CAP WORLD FUND INC,SELL,1100000,941.15,-
06-JUL-2023,PEL,Piramal Enterprises Ltd,PLUTUS WEALTH MANAGEMENT LLP,BUY,1100000,941.15,-
06-JUL-2023,PEL,Piramal Enterprises Ltd,SMALL CAP WORLD FUND INC,SELL,1000000,941.15,-
06-JUL-2023,PEL,Piramal Enterprises Ltd,BOFA SECURITIES EUROPE SA,BUY,1000000,941.15,-
06-JUL-2023,PEL,Piramal Enterprises Ltd,SMALL CAP WORLD FUND INC,SELL,900000,941.15,-
06-JUL-2023,PEL,Piramal Enterprises Ltd,TATA MUTUAL FUND,BUY,900000,941.15,-
06-JUL-2023,PEL,Piramal Enterprises Ltd,BLUE DAIMOND PROPERTIES PRIVATE LIMITED,BUY,700000,941.15,-
06-JUL-2023,PEL,Piramal Enterprises Ltd,SMALL CAP WORLD FUND INC,SELL,700000,941.15,-
06-JUL-2023,PEL,Piramal Enterprises Ltd,SOCIETE GENERALE,BUY,350068,941.15,-
06-JUL-2023,PEL,Piramal Enterprises Ltd,SMALL CAP WORLD FUND INC,SELL,350068,941.15,-
06-JUL-2023,PEL,Piramal Enterprises Ltd,BNP PARIBAS ARBITRAGE,BUY,270000,941.15,-
06-JUL-2023,PEL,Piramal Enterprises Ltd,SMALL CAP WORLD FUND INC,SELL,270000,941.15,-
06-JUL-2023,PEL,Piramal Enterprises Ltd,SEGANTII INDIA MAURITIUS,BUY,250000,941.15,-
06-JUL-2023,PEL,Piramal Enterprises Ltd,SOCIETE GENERALE,BUY,250000,941.15,-
06-JUL-2023,PEL,Piramal Enterprises Ltd,SMALL CAP WORLD FUND INC,SELL,250000,941.15,-
06-JUL-2023,PEL,Piramal Enterprises Ltd,SMALL CAP WORLD FUND INC,SELL,250000,941.15,-
06-JUL-2023,PEL,Piramal Enterprises Ltd,BANDHAN MUTUAL FUND,BUY,212500,941.15,-
06-JUL-2023,PEL,Piramal Enterprises Ltd,SMALL CAP WORLD FUND INC,SELL,212500,941.15,-
06-JUL-2023,PEL,Piramal Enterprises Ltd,ENAM INVESTMENT & SERVICES PRIVATE LIMITED,BUY,200000,941.15,-
06-JUL-2023,PEL,Piramal Enterprises Ltd,SMALL CAP WORLD FUND INC,SELL,200000,941.15,-
06-JUL-2023,PEL,Piramal Enterprises Ltd,BARODA PIONEER MUTUAL FUND,BUY,175000,941.15,-
06-JUL-2023,PEL,Piramal Enterprises Ltd,SMALL CAP WORLD FUND INC,SELL,175000,941.15,-
06-JUL-2023,PEL,Piramal Enterprises Ltd,SMALL CAP WORLD FUND INC,SELL,142000,941.15,-
06-JUL-2023,PEL,Piramal Enterprises Ltd,MORGAN STANLEY ASIA SINGAPORE PTE,BUY,142000,941.15,-
06-JUL-2023,PEL,Piramal Enterprises Ltd,SMALL CAP WORLD FUND INC,SELL,127500,941.15,-
06-JUL-2023,PEL,Piramal Enterprises Ltd,GOLDMAN SACHS INVESTMENTS MAURITIUS I LIMITED,BUY,127500,941.15,-
06-JUL-2023,PEL,Piramal Enterprises Ltd,SMALL CAP WORLD FUND INC,SELL,108000,941.15,-
06-JUL-2023,PEL,Piramal Enterprises Ltd,SMALL CAP WORLD FUND INC,SELL,108000,941.15,-
06-JUL-2023,PEL,Piramal Enterprises Ltd,SMALL CAP WORLD FUND INC,SELL,108000,941.15,-
06-JUL-2023,PEL,Piramal Enterprises Ltd,CITIGROUP GLOBAL MARKETS MAURITIUS PRIVATE LTD,BUY,108000,941.15,-
06-JUL-2023,PEL,Piramal Enterprises Ltd,BNP PARIBAS ARBITRAGE,BUY,108000,941.15,-
06-JUL-2023,PEL,Piramal Enterprises Ltd,SMALL CAP WORLD FUND INC,SELL,108000,941.15,-
06-JUL-2023,PEL,Piramal Enterprises Ltd,JAGDISH NARESH MASTER,BUY,108000,941.15,-
06-JUL-2023,PEL,Piramal Enterprises Ltd,GOLDMAN SACHS (SINGAPORE) PTE,BUY,108000,941.15,-
14-JUL-2023,PATANJALI,Patanjali Foods Ltd,SEAMEC LIMITED,SELL,195000,1155.0,-
14-JUL-2023,PATANJALI,Patanjali Foods Ltd,FIDELITY SECURITIES FUND FIDELITY BLUE CHIP GROWTH FUND,BUY,121600,1155.0,-
14-JUL-2023,PATANJALI,Patanjali Foods Ltd,FIDELITY SECURITIES FUND FIDELITY BLUE CHIP GROWTH K6 FUND,BUY,24100,1155.0,-
14-JUL-2023,PATANJALI,Patanjali Foods Ltd,FIDELITY SECURITIES FUND FIDELITY SERIES BLUE CHIP GROWTH FUND,BUY,22400,1155.0,-
14-JUL-2023,PATANJALI,Patanjali Foods Ltd,FGTEBP FIAM TARGET DATE BLUE CHIP GROWTH COMMINGLED POOL,BUY,13800,1155.0,-
14-JUL-2023,PATANJALI,Patanjali Foods Ltd,FIDELITY BLUE CHIP GROWTH COMMINGLED POOL,BUY,13100,1155.0,-
20-JUL-2023,JAIBALAJI,Jai Balaji Industries Ltd,S M NIRYAT PRIVATE LIMITED,BUY,1150000,112.0,-
20-JUL-2023,JAIBALAJI,Jai Balaji Industries Ltd,ASHIKA GLOBAL FINANCE PRIVATE LIMITED .,SELL,1150000,112.0,-
31-JUL-2023,HDFCBW3,HDFCBW3,BLUE DAIMOND PROPERTIES PRIVATE LIMITED,BUY,975600,586.0,-
31-JUL-2023,HDFCBW3,HDFCBW3,VOLRADO VENTURE PARTNERS FUND II,SELL,975600,586.0,-
31-JUL-2023,SGFIN,SG Finserve Ltd,VANAJA SUNDAR IYER,BUY,350000,570.45,-
31-JUL-2023,SGFIN,SG Finserve Ltd,RAHUL GUPTA,SELL,350000,570.45,-
31-JUL-2023,SGFIN,SG Finserve Ltd,ROHAN GUPTA,SELL,200000,570.45,-
31-JUL-2023,SGFIN,SG Finserve Ltd,JHANVI KAMLESH SHAH,BUY,200000,570.45,-
31-JUL-2023,SGFIN,SG Finserve Ltd,VANAJA SUNDAR IYER,BUY,185000,570.45,-
31-JUL-2023,SGFIN,SG Finserve Ltd,ROHAN GUPTA,SELL,185000,570.45,-
08-AUG-2023,INOXWIND,Inox Wind Ltd,INOX WIND ENERGY LIMITED,SELL,7100000,208.0,-
08-AUG-2023,INOXWIND,Inox Wind Ltd,NIPPON INDIA MUTUAL FUND,BUY,7100000,208.0,-
08-AUG-2023,INOXWIND,Inox Wind Ltd,INOX WIND ENERGY LIMITED,SELL,2524038,208.0,-
08-AUG-2023,INOXWIND,Inox Wind Ltd,INOX WIND ENERGY LIMITED,SELL,2524038,208.0,-
08-AUG-2023,INOXWIND,Inox Wind Ltd,INOX WIND ENERGY LIMITED,SELL,2500000,208.0,-
08-AUG-2023,INOXWIND,Inox Wind Ltd,NIPPON INDIA MUTUAL FUND,BUY,2500000,208.0,-
08-AUG-2023,INOXWIND,Inox Wind Ltd,ICICI PRUDENTIAL MUTUAL FUND,BUY,1923076,208.0,-
08-AUG-2023,360ONE,360 ONE WAM LTD,GENERAL ATLANTIC SINGAPORE FUND PTE LTD,SELL,1700000,500.0,-
08-AUG-2023,360ONE,360 ONE WAM LTD,ICICI PRUDENTIAL MUTUAL FUND,BUY,1700000,500.0,-
08-AUG-2023,BIKAJI,Bikaji Foods International Ltd,TATA  AIA LIFE INSURANCE COMPANY LIMITED,BUY,1562500,480.0,-
08-AUG-2023,BIKAJI,Bikaji Foods International Ltd,"LIGHTHOUSE INDIA FUND III, LIMITED",SELL,1562500,480.0,-
08-AUG-2023,360ONE,360 ONE WAM LTD,GENERAL ATLANTIC SINGAPORE FUND PTE LTD,SELL,1492910,500.0,-
08-AUG-2023,360ONE,360 ONE WAM LTD,GOLDMAN SACHS FUNDS - GOLDMAN SACHS INDIA EQUITY PORTFOLIO,BUY,1492910,500.0,-
08-AUG-2023,INOXWIND,Inox Wind Ltd,SOCIETE GENERALE,BUY,1442300,208.0,-
08-AUG-2023,INOXWIND,Inox Wind Ltd,DEVANSH TRADEMART LLP,SELL,1442300,208.0,-
08-AUG-2023,INOXWIND,Inox Wind Ltd,DEVANSH TRADEMART LLP,SELL,1396635,208.0,-
08-AUG-2023,INOXWIND,Inox Wind Ltd,BNP PARIBAS ARBITRAGE,BUY,1396635,208.0,-
08-AUG-2023,INOXWIND,Inox Wind Ltd,BANDHAN MUTUAL FUND,BUY,1286983,208.0,-
08-AUG-2023,INOXWIND,Inox Wind Ltd,DEVANSH TRADEMART LLP,SELL,1286983,208.0,-
08-AUG-2023,INOXWIND,Inox Wind Ltd,DEVANSH TRADEMART LLP,SELL,1201923,208.0,-
08-AUG-2023,INOXWIND,Inox Wind Ltd,ICICI PRUDENTIAL MUTUAL FUND,BUY,865384,208.0,-
08-AUG-2023,INOXWIND,Inox Wind Ltd,ICICI PRUDENTIAL MUTUAL FUND(INNOVATION FUND),BUY,817308,208.0,-
08-AUG-2023,INOXWIND,Inox Wind Ltd,ITI MUTUAL FUND,BUY,625000,208.0,-
08-AUG-2023,INOXWIND,Inox Wind Ltd,ICICI PRUDENTIAL MUTUAL FUND,BUY,600962,208.0,-
08-AUG-2023,BIKAJI,Bikaji Foods International Ltd,"LIGHTHOUSE INDIA FUND III, LIMITED",SELL,583333,480.0,-
08-AUG-2023,360ONE,360 ONE WAM LTD,HSBC ASSET MGMT  A/C EQUITY FUND,BUY,550000,500.0,-
08-AUG-2023,360ONE,360 ONE WAM LTD,GENERAL ATLANTIC SINGAPORE FUND PTE LTD,SELL,550000,500.0,-
08-AUG-2023,INOXWIND,Inox Wind Ltd,BANDHAN MUTUAL FUND,BUY,532544,208.0,-
08-AUG-2023,INOXWIND,Inox Wind Ltd,BANDHAN MUTUAL FUND,BUY,532544,208.0,-
08-AUG-2023,INOXWIND,Inox Wind Ltd,DEVANSH TRADEMART LLP,SELL,532544,208.0,-
08-AUG-2023,INOXWIND,Inox Wind Ltd,DEVANSH TRADEMART LLP,SELL,532544,208.0,-
08-AUG-2023,INOXWIND,Inox Wind Ltd,BANDHAN MUTUAL FUND,BUY,532544,208.0,-
08-AUG-2023,INOXWIND,Inox Wind Ltd,DEVANSH TRADEMART LLP,SELL,532544,208.0,-
08-AUG-2023,INOXWIND,Inox Wind Ltd,DEVANSH TRADEMART LLP,SELL,500000,208.0,-
08-AUG-2023,INOXWIND,Inox Wind Ltd,AMPERSAND GROWTH OPPORTUNITIES FUND SCHEME-I,BUY,500000,208.0,-
08-AUG-2023,INOXWIND,Inox Wind Ltd,EASTSPRING INVESTMENTS INDIA INFRASTRUCTURE EQUITY OPEN LIMITED,BUY,481000,208.0,-
08-AUG-2023,INOXWIND,Inox Wind Ltd,DEVANSH TRADEMART LLP,SELL,481000,208.0,-
08-AUG-2023,INOXWIND,Inox Wind Ltd,MC JAIN INFOSERVICES PRIVATE LIMITED,BUY,480770,208.0,-
08-AUG-2023,INOXWIND,Inox Wind Ltd,NEPEAN LONG TERM OPPORTUNITIES FUND II,BUY,480770,208.0,-
08-AUG-2023,INOXWIND,Inox Wind Ltd,SUNIDHI SECURITIES & FINANCE LTD,BUY,480770,208.0,-
08-AUG-2023,INOXWIND,Inox Wind Ltd,DEVANSH TRADEMART LLP,SELL,480770,208.0,-
08-AUG-2023,INOXWIND,Inox Wind Ltd,DEVANSH TRADEMART LLP,SELL,480770,208.0,-
08-AUG-2023,INOXWIND,Inox Wind Ltd,DEVANSH TRADEMART LLP,SELL,480770,208.0,-
08-AUG-2023,INOXWIND,Inox Wind Ltd,ICICI PRUDENTIAL MUTUAL FUND,BUY,480769,208.0,-
08-AUG-2023,BIKAJI,Bikaji Foods International Ltd,ALPS/KOTAK INDIA GROWTH FUND,BUY,360698,480.0,-
08-AUG-2023,BIKAJI,Bikaji Foods International Ltd,"LIGHTHOUSE INDIA FUND III, LIMITED",SELL,354166,480.0,-
08-AUG-2023,BIKAJI,Bikaji Foods International Ltd,ICICI PRUDENTIAL LIFE INSURANCE COMPANY LIMITED,BUY,354166,480.0,-
08-AUG-2023,BIKAJI,Bikaji Foods International Ltd,"LIGHTHOUSE INDIA FUND III, LIMITED",SELL,309139,480.0,-
08-AUG-2023,BIKAJI,Bikaji Foods International Ltd,GOLDMAN SACHS INVESTMENTS MAURITIUS I LIMITED,BUY,309139,480.0,-
08-AUG-2023,BIKAJI,Bikaji Foods International Ltd,MANULIFE GLOBAL FUND INDIA EQUITY FUND,BUY,263230,480.0,-
08-AUG-2023,BIKAJI,Bikaji Foods International Ltd,"LIGHTHOUSE INDIA FUND III, LIMITED",SELL,263230,480.0,-
08-AUG-2023,INOXWIND,Inox Wind Ltd,ITI MUTUAL FUND,BUY,240400,208.0,-
08-AUG-2023,360ONE,360 ONE WAM LTD,GOLDMAN SACHS FUNDS - GOLDMAN SACHS INDIA EQUITY PORTFOLIO,BUY,222992,500.0,-
08-AUG-2023,BIKAJI,Bikaji Foods International Ltd,"LIGHTHOUSE INDIA FUND III, LIMITED",SELL,218798,480.0,-
08-AUG-2023,BIKAJI,Bikaji Foods International Ltd,NORDEA 1 SICAV,BUY,218798,480.0,-
08-AUG-2023,BIKAJI,Bikaji Foods International Ltd,MORGAN STANLEY ASIA SINGAPORE PTE,BUY,208834,480.0,-
08-AUG-2023,BIKAJI,Bikaji Foods International Ltd,"LIGHTHOUSE INDIA FUND III, LIMITED",SELL,208834,480.0,-
08-AUG-2023,BIKAJI,Bikaji Foods International Ltd,PUBLIC SECTOR PENSION INVESTMENT BOARD - KOTAK MAHINDRA ASSET MANAGEMENT (SINGAPORE) PTE LTD,BUY,206511,480.0,-
08-AUG-2023,360ONE,360 ONE WAM LTD,CAISSE DE DEPOT ET PLACEMENT DU QUEBEC,SELL,200815,500.0,-
08-AUG-2023,360ONE,360 ONE WAM LTD,GENERAL ATLANTIC SINGAPORE FUND PTE LTD,SELL,200000,500.0,-
08-AUG-2023,360ONE,360 ONE WAM LTD,FRANKLIN TEMPLETON MUTUAL FUND,BUY,200000,500.0,-
08-AUG-2023,INOXWIND,Inox Wind Ltd,ITI MUTUAL FUND,BUY,192273,208.0,-
08-AUG-2023,360ONE,360 ONE WAM LTD,FIRST STATE INVT (HK) LIMITED A/C FIRST STATE INDIAN SUBCONTINENT FUND,SELL,189099,500.0,-
08-AUG-2023,360ONE,360 ONE WAM LTD,GREATERINDIAPORTFOLIO,BUY,174017,500.0,-
08-AUG-2023,360ONE,360 ONE WAM LTD,THE SCOTTISH ORIENTAL SMALLER COMPANIES TRUST PLC   SOSC,SELL,166635,500.0,-
08-AUG-2023,INOXWIND,Inox Wind Ltd,ITI MUTUAL FUND(ITI FLEXI CAP FUND),BUY,144250,208.0,-
08-AUG-2023,INOXWIND,Inox Wind Ltd,ICICI PRUDENTIAL MUTUAL FUND,BUY,144231,208.0,-
08-AUG-2023,INOXWIND,Inox Wind Ltd,ICICI PRUDENTIAL MUTUAL FUND,BUY,120192,208.0,-
08-AUG-2023,INOXWIND,Inox Wind Ltd,ICICI PRUDENTIAL MUTUAL FUND,BUY,96154,208.0,-
08-AUG-2023,360ONE,360 ONE WAM LTD,NEW YORK STATE TEACHERS RETIREMENT SYSTEM,BUY,83111,500.0,-
08-AUG-2023,360ONE,360 ONE WAM LTD,GS INDIA EQUITY,BUY,42064,500.0,-
08-AUG-2023,360ONE,360 ONE WAM LTD,MEDIOLANUM BEST BRANDS- MEDIOLANUM INDIA OPPORTUNITIES,BUY,38620,500.0,-
08-AUG-2023,BIKAJI,Bikaji Foods International Ltd,INTERNATIONAL MONETARY FUND (IN RESPECT OF THE INTERNATIONAL MONETARY FUND RETIRED STAFF BENEFITS INVESTMENT ACCOUNT),BUY,12596,480.0,-
08-AUG-2023,360ONE,360 ONE WAM LTD,FIRST STATE INVESTMENTS ICVC-FIRST STATE INDIAN SUBCONTINENT ALL-CAP FUND,SELL,4255,500.0,-
08-AUG-2023,BIKAJI,Bikaji Foods International Ltd,INTERNATIONAL MONETARY FUND (IN RESPECT OF THE INTERNATIONAL MONETARY FUND STAFF RETIREMENT PLAN),BUY,3528,480.0,-
11-AUG-2023,MMWL,Media Matrix Worldwide Ltd,G R D SECURITIES LIMITED,BUY,7000000,15.57,-
11-AUG-2023,MMWL,Media Matrix Worldwide Ltd,PARMESH FINLEASE LIMITED,SELL,7000000,15.57,-
16-AUG-2023,JSWENERGY,JSW Energy Ltd,JSW INVESTMENTS PRIVATE LIMITED,SELL,20707000,341.7,-
16-AUG-2023,JSWENERGY,JSW Energy Ltd,GQG PARTNERS EMERGING MARKETS EQUITY FUND,BUY,10284024,341.7,-
16-AUG-2023,RELIGARE,Religare Enterprises Ltd,INVESTMENT OPPORTUNITIES V PTE. LIMITED,SELL,8167000,217.95,-
16-AUG-2023,RELIGARE,Religare Enterprises Ltd,PURAN ASSOCIATES PVT LTD,BUY,8167000,217.95,-
16-AUG-2023,RELIGARE,Religare Enterprises Ltd,VIC ENTERPRISES PRIVATE LIMITED,BUY,8166500,217.95,-
16-AUG-2023,RELIGARE,Religare Enterprises Ltd,M.B. FINMART PRIVATE LIMITED,BUY,8166500,217.95,-
16-AUG-2023,RELIGARE,Religare Enterprises Ltd,INVESTMENT OPPORTUNITIES V PTE. LIMITED,SELL,8166500,217.95,-
16-AUG-2023,RELIGARE,Religare Enterprises Ltd,INVESTMENT OPPORTUNITIES V PTE. LIMITED,SELL,8166500,217.95,-
16-AUG-2023,JSWENERGY,JSW Energy Ltd,GQG PARTNERS EMERGING MARKETS EQUITY FD A SERIES OF GQG PARTNERS SERIES LLC,BUY,2964004,341.7,-
16-AUG-2023,JSWENERGY,JSW Energy Ltd,GQG PARTNERS EMERGING MARKETS EQUITY FUND A SUB FD OF GQG GLOBAL UCITS ICAV,BUY,1681933,341.7,-
16-AUG-2023,JSWENERGY,JSW Energy Ltd,AUSTRALIANSUPER,BUY,1069230,341.7,-
16-AUG-2023,JSWENERGY,JSW Energy Ltd,BBH GQG PARTNERS EMERGING MARKETS EQUITY MASTER FUND LP,BUY,814409,341.7,-
16-AUG-2023,JSWENERGY,JSW Energy Ltd,ACTIVE EMERGING MARKETS EQUITY FUND,BUY,766684,341.7,-
16-AUG-2023,JSWENERGY,JSW Energy Ltd,Reliance Trust Institutional Retirement Trust Series Twelve,BUY,701878,341.7,-
16-AUG-2023,JSWENERGY,JSW Energy Ltd,WASHINGTON STATE INVESTMENT BOARD,BUY,641498,341.7,-
16-AUG-2023,JSWENERGY,JSW Energy Ltd,GENERAL ORGANIZATION FOR SOCIAL INSURANCE,BUY,576935,341.7,-
16-AUG-2023,JSWENERGY,JSW Energy Ltd,JNL GQG EMERGING MARKETS EQUITY FUND,BUY,556306,341.7,-
16-AUG-2023,JSWENERGY,JSW Energy Ltd,GQG PARTNERS EMERGING MARKETS EQUITY FUND,BUY,420971,341.7,-
16-AUG-2023,JSWENERGY,JSW Energy Ltd,ALLIANCE TRUST PLC,BUY,293000,341.7,-
16-AUG-2023,JSWENERGY,JSW Energy Ltd,JSW INVESTMENTS PRIVATE LIMITED,SELL,293000,341.7,-
16-AUG-2023,JSWENERGY,JSW Energy Ltd,UNITED SUPER PTY LTD AS TRUSTEE FOR C. B. U. S. FUND,BUY,139270,341.7,-
16-AUG-2023,JSWENERGY,JSW Energy Ltd,WITAN INVESTMENT TRUST PLC,BUY,89858,341.7,-
24-AUG-2023,MFSL,Max Financial Services Ltd,MAX VENTURES INVESTMENT HOLDINGS PRIVATE LIMITED,SELL,4750000,873.0,-
24-AUG-2023,MFSL,Max Financial Services Ltd,UBS(US)GROUPTRUST,BUY,4750000,873.0,-
24-AUG-2023,MFSL,Max Financial Services Ltd,PLUTUS WEALTH MANAGEMENT LLP,BUY,2500000,873.0,-
24-AUG-2023,MFSL,Max Financial Services Ltd,MAX VENTURES INVESTMENT HOLDINGS PRIVATE LIMITED,SELL,2500000,873.0,-
24-AUG-2023,SAPPHIRE,Sapphire Foods India Ltd,SAPPHIRE FOODS MAURITIUS LIMITED,SELL,1624834,1355.0,-
24-AUG-2023,MFSL,Max Financial Services Ltd,MORGAN STANLEY ASIA SINGAPORE PTE NON ODI,BUY,1255000,873.0,-
24-AUG-2023,MFSL,Max Financial Services Ltd,MAX VENTURES INVESTMENT HOLDINGS PRIVATE LIMITED,SELL,1255000,873.0,-
24-AUG-2023,SAPPHIRE,Sapphire Foods India Ltd,WTCNAM COMMON TRUST FUNDS TRUST EMERGING MARKETS OPPORTUNITIES PORTFOLIO,BUY,1114727,1355.0,-
24-AUG-2023,MFSL,Max Financial Services Ltd,MAX VENTURES INVESTMENT HOLDINGS PRIVATE LIMITED,SELL,1000000,873.0,-
24-AUG-2023,UNIAUTO,Universal Autofoundry Ltd,PAYAL GUPTA,SELL,985000,160.0,-
24-AUG-2023,UNIAUTO,Universal Autofoundry Ltd,ASHISH RAMESHCHANDRA KACHOLIA,BUY,985000,160.0,-
24-AUG-2023,UNIAUTO,Universal Autofoundry Ltd,HIMALAYA FINANCE & INVESTMENT COMPANY,BUY,771456,160.0,-
24-AUG-2023,UNIAUTO,Universal Autofoundry Ltd,AMIT GUPTA,SELL,771456,160.0,-
24-AUG-2023,MFSL,Max Financial Services Ltd,KOTAK FUNDS - INDIA MIDCAP FUND,BUY,495670,873.0,-
24-AUG-2023,MFSL,Max Financial Services Ltd,ICICI PRUDENTIAL MUTUAL FUND,BUY,450000,873.0,-
24-AUG-2023,MFSL,Max Financial Services Ltd,NIPPON INDIA MUTUAL FUND,BUY,450000,873.0,-
24-AUG-2023,MFSL,Max Financial Services Ltd,MAX VENTURES INVESTMENT HOLDINGS PRIVATE LIMITED,SELL,450000,873.0,-
24-AUG-2023,MFSL,Max Financial Services Ltd,MAX VENTURES INVESTMENT HOLDINGS PRIVATE LIMITED,SELL,450000,873.0,-
24-AUG-2023,MFSL,Max Financial Services Ltd,ALPS/KOTAK INDIA GROWTH FUND,BUY,339337,873.0,-
24-AUG-2023,MFSL,Max Financial Services Ltd,KOTAK MAHINDRA LIFE INSURANCE COMPANY LIMITED,BUY,300000,873.0,-
24-AUG-2023,MFSL,Max Financial Services Ltd,MAX VENTURES INVESTMENT HOLDINGS PRIVATE LIMITED,SELL,300000,873.0,-
24-AUG-2023,SAPPHIRE,Sapphire Foods India Ltd,WMP DUBLIN PLC EMERGING MARKETS OPPORTUNITIES PORTFOLIO,BUY,263832,1355.0,-
24-AUG-2023,MFSL,Max Financial Services Ltd,MAX VENTURES INVESTMENT HOLDINGS PRIVATE LIMITED,SELL,200000,873.0,-
24-AUG-2023,MFSL,Max Financial Services Ltd,HDFC STANDARD LIFE INSURANCE,BUY,200000,873.0,-
24-AUG-2023,SAPPHIRE,Sapphire Foods India Ltd,SPRUGOS INVESTMENTS VIII LLC,BUY,198783,1355.0,-
24-AUG-2023,MFSL,Max Financial Services Ltd,CANARA ROBECO MUTUAL FUND,BUY,115000,873.0,-
24-AUG-2023,MFSL,Max Financial Services Ltd,GOLDMAN SACHS INVESTMENTS MAURITIUS  I LIMITED,BUY,115000,873.0,-
24-AUG-2023,MFSL,Max Financial Services Ltd,MAX VENTURES INVESTMENT HOLDINGS PRIVATE LIMITED,SELL,115000,873.0,-
24-AUG-2023,MFSL,Max Financial Services Ltd,MAX VENTURES INVESTMENT HOLDINGS PRIVATE LIMITED,SELL,115000,873.0,-
24-AUG-2023,MFSL,Max Financial Services Ltd,MAX VENTURES INVESTMENT HOLDINGS PRIVATE LIMITED,SELL,115000,873.0,-
24-AUG-2023,MFSL,Max Financial Services Ltd,RAMS INVESTMENT UNIT TRUST - INDIA EQUITIES PORTFOLIO FUND II,BUY,100000,873.0,-
24-AUG-2023,MFSL,Max Financial Services Ltd,KOTAK FUNDS - INDIA GROWTH FUND,BUY,80002,873.0,-
24-AUG-2023,MFSL,Max Financial Services Ltd,INTERNATIONAL MONETARY FUND IN RESPECT OF THE INTERNATIONAL MONETARY FUND STAFF RETIREMENT PLAN,BUY,63164,873.0,-
24-AUG-2023,SAPPHIRE,Sapphire Foods India Ltd,NEW YORK STATE COMMON RETIREMENT FUND,BUY,47492,1355.0,-
24-AUG-2023,MFSL,Max Financial Services Ltd,INTERNATIONAL MONETARY FUND IN RESPECT OF THE INTERNATIONAL MONETARY FUND RETIRED STAFF BENEFITS INVESTMENT ACCOUNT,BUY,17497,873.0,-
24-AUG-2023,MFSL,Max Financial Services Ltd,RAMSEQUITIESPORTFOLIOFUND,BUY,15000,873.0,-
24-AUG-2023,MFSL,Max Financial Services Ltd,KOTAKINFINITYFUND,BUY,4330,873.0,-
25-AUG-2023,PAYTM,One 97 Communications Ltd,SOCIETE GENERALE,BUY,5987329,895.2,-
25-AUG-2023,PAYTM,One 97 Communications Ltd,ANTFIN (NETHERLANDS) HOLDING B.V.,SELL,5987329,895.2,-
25-AUG-2023,PAYTM,One 97 Communications Ltd,ANTFIN (NETHERLANDS) HOLDING B.V.,SELL,3996117,895.2,-
25-AUG-2023,PAYTM,One 97 Communications Ltd,MORGAN STANLEY ASIA SINGAPORE PTE,BUY,3996117,895.2,-
25-AUG-2023,PAYTM,One 97 Communications Ltd,ANTFIN (NETHERLANDS) HOLDING B.V.,SELL,2836000,895.2,-
25-AUG-2023,PAYTM,One 97 Communications Ltd,CITIGROUP GLOBAL MARKETS MAURITIUS PRIVATE LIMITED,BUY,2836000,895.2,-
25-AUG-2023,PAYTM,One 97 Communications Ltd,ANTFIN (NETHERLANDS) HOLDING B.V.,SELL,2110000,895.2,-
25-AUG-2023,PAYTM,One 97 Communications Ltd,ANTFIN (NETHERLANDS) HOLDING B.V.,SELL,1860000,895.2,-
25-AUG-2023,PAYTM,One 97 Communications Ltd,GOLDMAN SACHS (SINGAPORE) PTE,BUY,1860000,895.2,-
25-AUG-2023,PAYTM,One 97 Communications Ltd,ANTFIN (NETHERLANDS) HOLDING B.V.,SELL,1859247,895.2,-
25-AUG-2023,PAYTM,One 97 Communications Ltd,BAY POND PARTNERS L.P.,BUY,1256026,895.2,-
25-AUG-2023,PAYTM,One 97 Communications Ltd,REDWHEEL EMERGING MARKETS EQUITY MASTER FUND LIMITED,BUY,972870,895.2,-
25-AUG-2023,PAYTM,One 97 Communications Ltd,ANTFIN (NETHERLANDS) HOLDING B.V.,SELL,868000,895.2,-
25-AUG-2023,PAYTM,One 97 Communications Ltd,BNP PARIBAS ARBITRAGE,BUY,868000,895.2,-
25-AUG-2023,PAYTM,One 97 Communications Ltd,CITIGROUP GLOBAL MARKETS MAURITIUS PRIVATE LIMITED,BUY,730000,895.2,-
25-AUG-2023,PAYTM,One 97 Communications Ltd,ANTFIN (NETHERLANDS) HOLDING B.V.,SELL,730000,895.2,-
25-AUG-2023,PAYTM,One 97 Communications Ltd,ANTFIN (NETHERLANDS) HOLDING B.V.,SELL,730000,895.2,-
25-AUG-2023,PAYTM,One 97 Communications Ltd,ANTFIN (NETHERLANDS) HOLDING B.V.,SELL,500000,895.2,-
25-AUG-2023,PAYTM,One 97 Communications Ltd,ICICI PRUDENTIAL LIFE INSURANCE COMPANY LIMITED,BUY,500000,895.2,-
25-AUG-2023,PAYTM,One 97 Communications Ltd,ANTFIN (NETHERLANDS) HOLDING B.V.,SELL,457000,895.2,-
25-AUG-2023,PAYTM,One 97 Communications Ltd,RWC FUNDS - RWC GLOBAL EMERGING MARKETS FUND,BUY,439658,895.2,-
25-AUG-2023,PAYTM,One 97 Communications Ltd,ANTFIN (NETHERLANDS) HOLDING B.V.,SELL,400000,895.2,-
25-AUG-2023,PAYTM,One 97 Communications Ltd,MOTILAL OSWAL MUTUAL FUND,BUY,400000,895.2,-
25-AUG-2023,PAYTM,One 97 Communications Ltd,STICHTING DEPOSITARY APG EMERGING MARKETS EQUITY POOL,BUY,385410,895.2,-
25-AUG-2023,PAYTM,One 97 Communications Ltd,THE ROYAL BANK OF SCOTLAND PLC AS TRUSTEE OF JUPITER INDIA FUND,BUY,353835,895.2,-
25-AUG-2023,PAYTM,One 97 Communications Ltd,ITHAN CREEK MASTER INVESTORS (CAYMAN) L.P.,BUY,324783,895.2,-
25-AUG-2023,PAYTM,One 97 Communications Ltd,REGAL TACTICAL OPPORTUNITIES FUND,BUY,309423,895.2,-
25-AUG-2023,PAYTM,One 97 Communications Ltd,BAY POND INVESTORS (BERMUDA) L.P.,BUY,278438,895.2,-
25-AUG-2023,PAYTM,One 97 Communications Ltd,ANTFIN (NETHERLANDS) HOLDING B.V.,SELL,221130,895.2,-
25-AUG-2023,PAYTM,One 97 Communications Ltd,NIPPON INDIA MUTUAL FUND,BUY,221130,895.2,-
25-AUG-2023,PAYTM,One 97 Communications Ltd,ABU DHABI INVESTMENT AUTHORITY,BUY,200000,895.2,-
25-AUG-2023,PAYTM,One 97 Communications Ltd,ANTFIN (NETHERLANDS) HOLDING B.V.,SELL,200000,895.2,-
25-AUG-2023,PAYTM,One 97 Communications Ltd,REGAL INVESTMENT FUND,BUY,191818,895.2,-
25-AUG-2023,PAYTM,One 97 Communications Ltd,AMAZON MARKET NEUTRAL FUND,BUY,125487,895.2,-
25-AUG-2023,PAYTM,One 97 Communications Ltd,RETAIL EMPLOYEES SUPERANNUATION TRUST,BUY,106042,895.2,-
25-AUG-2023,PAYTM,One 97 Communications Ltd,TASMAN MARKET NEUTRAL FUND,BUY,103272,895.2,-
25-AUG-2023,PAYTM,One 97 Communications Ltd,JUPITER SOUTH ASIA INVESTMENT COMPANY LIMITED,BUY,103165,895.2,-
25-AUG-2023,PAYTM,One 97 Communications Ltd,VFM EMERGING MARKETS TRUST,BUY,58383,895.2,-
25-AUG-2023,PAYTM,One 97 Communications Ltd,RWC GLOBAL EMERGING EQUITY FUND,BUY,52239,895.2,-
25-AUG-2023,PAYTM,One 97 Communications Ltd,INTERNATIONAL BANK FOR RECONSTRUCTION AND DEVELOPMENT,BUY,36005,895.2,-
25-AUG-2023,PAYTM,One 97 Communications Ltd,TM RWC GLOBAL EMERGING MARKETS FUND,BUY,33244,895.2,-
25-AUG-2023,PAYTM,One 97 Communications Ltd,PACE INTERNATIONAL EMERGING MARKETS EQUITY INVESTMENTS,BUY,26149,895.2,-
28-AUG-2023,ETERNAL,Eternal Ltd,INTERNET FUND III PTE LTD,SELL,29713928,91.0,-
28-AUG-2023,ETERNAL,Eternal Ltd,SOCIETE GENERALE,BUY,29713928,91.0,-
28-AUG-2023,ETERNAL,Eternal Ltd,INTERNET FUND III PTE LTD,SELL,26112000,91.0,-
28-AUG-2023,ETERNAL,Eternal Ltd,KOTAK FUNDSINDIA MIDCAP FUND,BUY,26112000,91.0,-
28-AUG-2023,ETERNAL,Eternal Ltd,AXIS MUTUAL FUND,BUY,19700000,91.0,-
28-AUG-2023,ETERNAL,Eternal Ltd,INTERNET FUND III PTE LTD,SELL,19700000,91.0,-
28-AUG-2023,ETERNAL,Eternal Ltd,KOTAK MAHINDRA MUTUAL FUND,BUY,14960000,91.0,-
28-AUG-2023,ETERNAL,Eternal Ltd,INTERNET FUND III PTE LTD,SELL,14960000,91.0,-
28-AUG-2023,STARHEALTH,Star Health and Allied Insurance Company Ltd,UNIVERSITY OF NOTRE DAME DU LAC,SELL,12711840,610.2,-
28-AUG-2023,STARHEALTH,Star Health and Allied Insurance Company Ltd,FIDELITY INVESTMENT TRUST FIDELITY SERIES EMERGING MARKETS FUND,BUY,12376100,610.2,-
28-AUG-2023,ETERNAL,Eternal Ltd,INTERNET FUND III PTE LTD,SELL,12308000,91.0,-
28-AUG-2023,ETERNAL,Eternal Ltd,MORGAN STANLEY ASIA SINGAPORE PTE,BUY,12308000,91.0,-
28-AUG-2023,ETERNAL,Eternal Ltd,INTERNET FUND III PTE LTD,SELL,8700000,91.0,-
28-AUG-2023,ETERNAL,Eternal Ltd,SOCIETE GENERALE,BUY,8700000,91.0,-
28-AUG-2023,STARHEALTH,Star Health and Allied Insurance Company Ltd,ICICI PRUDENTIAL LIFE INSURANCE COMPANY LTD,BUY,3900000,610.2,-
28-AUG-2023,STARHEALTH,Star Health and Allied Insurance Company Ltd,UNIVERSITY OF NOTRE DAME DU LAC,SELL,3900000,610.2,-
28-AUG-2023,STARHEALTH,Star Health and Allied Insurance Company Ltd,MIO IV STAR,SELL,3401639,610.2,-
28-AUG-2023,STARHEALTH,Star Health and Allied Insurance Company Ltd,FGTFEBP:FIAM EMERGING MARKETS OPPORTUNITIES COMMINGLED POOL,BUY,3245300,610.2,-
28-AUG-2023,ETERNAL,Eternal Ltd,INTERNET FUND III PTE LTD,SELL,3100800,91.0,-
28-AUG-2023,ETERNAL,Eternal Ltd,GOLDMAN SACHS SINGAPORE PTE,BUY,3100800,91.0,-
28-AUG-2023,ETERNAL,Eternal Ltd,MORGAN STANLEY ASIA SINGAPORE PTE,BUY,3060000,91.0,-
28-AUG-2023,ETERNAL,Eternal Ltd,BNP PARIBAS ARBITRAGE,BUY,3060000,91.0,-
28-AUG-2023,ETERNAL,Eternal Ltd,INTERNET FUND III PTE LTD,SELL,3060000,91.0,-
28-AUG-2023,ETERNAL,Eternal Ltd,INTERNET FUND III PTE LTD,SELL,3060000,91.0,-
28-AUG-2023,ETERNAL,Eternal Ltd,INTERNET FUND III PTE LTD,SELL,1836000,91.0,-
28-AUG-2023,ETERNAL,Eternal Ltd,CITIGROUP GLOBAL MARKETS MAURITIUS PVT LTD,BUY,1836000,91.0,-
28-AUG-2023,STARHEALTH,Star Health and Allied Insurance Company Ltd,ROC STAR INVESTMENT TRUST,SELL,1496721,610.2,-
28-AUG-2023,STARHEALTH,Star Health and Allied Insurance Company Ltd,FIDELITY CENT INVST PORT LLC FIDELITY EMERGING MARKETS EQUITY CENTRAL FUND,BUY,1260200,610.2,-
28-AUG-2023,STARHEALTH,Star Health and Allied Insurance Company Ltd,FIDELITY EMERGING MARKETS EQUITY INVESTMENT TRUST,BUY,258340,610.2,-
28-AUG-2023,STARHEALTH,Star Health and Allied Insurance Company Ltd,FIDELITY EMERGING MARKETS OPPORTUNITIES INSTITUTIONAL TRUST,BUY,236521,610.2,-
28-AUG-2023,STARHEALTH,Star Health and Allied Insurance Company Ltd,FIDELITY EMERGING MARKETS EQUITY INVESTMENT TRUST,BUY,109060,610.2,-
28-AUG-2023,STARHEALTH,Star Health and Allied Insurance Company Ltd,FIDELITY INVESTMENT TRUST FIDELITY TOTAL EMERGING MARKETS FUND,BUY,77400,610.2,-
28-AUG-2023,STARHEALTH,Star Health and Allied Insurance Company Ltd,FIDELITY EMERGING MARKETS OPPORTUNITIES INSTITUTIONAL TRUST,BUY,47279,610.2,-
