Date,Symbol,Security Name,Client Name,Buy / Sell,Quantity Traded,Trade Price / Wght. Avg. Price,Remarks
11-SEP-2023,TRIVENI,Triveni Engineering & Industries Ltd,STFL TRADING AND FINANCE PRIVATE LIMITED,BUY,8888889,348.9,-
11-SEP-2023,TRIVENI,Triveni Engineering & Industries Ltd,RATI  SAWHNEY,SELL,8888889,348.9,-
12-SEP-2023,LTF,L&T Finance Ltd,BNP PARIBAS ARBITRAGE,BUY,36350000,130.0,-
12-SEP-2023,LTF,L&T Finance Ltd,BC ASIA GROWTH INVESTMENTS,SELL,36350000,130.0,-
12-SEP-2023,LTF,L&T Finance Ltd,BC INVESTMENTS VI LIMITED,SELL,14680000,130.0,-
12-SEP-2023,LTF,L&T Finance Ltd,SBI LIFE INSURANCE COMPANY LTD,BUY,14680000,130.0,-
12-SEP-2023,LTF,L&T Finance Ltd,BC ASIA GROWTH INVESTMENTS,SELL,9866066,130.0,-
12-SEP-2023,LTF,L&T Finance Ltd,DSP BLACKROCK MUTUAL FUND,BUY,9866066,130.0,-
12-SEP-2023,LTF,L&T Finance Ltd,BAJAJ ALLIANZ LIFE INSURANCE COMPANY LIMITED,BUY,3187232,130.0,-
12-SEP-2023,LTF,L&T Finance Ltd,BC INVESTMENTS VI LIMITED,SELL,3187232,130.0,-
12-SEP-2023,LTF,L&T Finance Ltd,BC INVESTMENTS VI LIMITED,SELL,1926706,130.0,-
12-SEP-2023,LTF,L&T Finance Ltd,DSP BLACKROCK MUTUAL FUND,BUY,1926706,130.0,-
12-SEP-2023,LTF,L&T Finance Ltd,AXIS MUTUAL FUND,BUY,1910000,130.0,-
12-SEP-2023,LTF,L&T Finance Ltd,BC INVESTMENTS VI LIMITED,SELL,1910000,130.0,-
12-SEP-2023,LTF,L&T Finance Ltd,BC INVESTMENTS VI LIMITED,SELL,1270000,130.0,-
12-SEP-2023,LTF,L&T Finance Ltd,KEY SQUARE MASTER FUND LP,BUY,1270000,130.0,-
12-SEP-2023,LTF,L&T Finance Ltd,LAKSHMI CAPITAL INVESTMENTS LIMITED,BUY,809996,130.0,-
12-SEP-2023,LTF,L&T Finance Ltd,BC INVESTMENTS VI LIMITED,SELL,809996,130.0,-
21-SEP-2023,JMFINANCIL,JM Financial Ltd-$,J M FINANCIAL AND INVESTMENT CONSULTANCY SERVICES PRIVATE LIMITED,BUY,1500000,85.0,-
21-SEP-2023,JMFINANCIL,JM Financial Ltd-$,ARUNA N KAMPANI,SELL,1500000,85.0,-
27-SEP-2023,VENKEYS,Venkys (India) Ltd,VENKATESHWARA HATCHERIES PRIVATE LIMITED,BUY,61175,1969.75,-
27-SEP-2023,VENKEYS,Venkys (India) Ltd,BALAJI RAO BANDA,SELL,61175,1969.75,-
29-SEP-2023,AIIL,Authum Investment & Infrastructure Ltd,MENTOR CAPITAL LIMITED,BUY,5200000,398.7,-
29-SEP-2023,AIIL,Authum Investment & Infrastructure Ltd,NARIMAN INVESTMENT HOLDINGS PRIVATE LIMITED,SELL,5200000,398.7,-
10-OCT-2023,IDFCFIRSTB,IDFC First Bank Ltd,GOLDMAN SACHS (SINGAPORE) PTE.- ODI,BUY,15534626,90.25,-
10-OCT-2023,IDFCFIRSTB,IDFC First Bank Ltd,GOLDMAN SACHS INVESTMENTS MAURITIUS I LIMITED    ,SELL,15534626,90.25,-
11-OCT-2023,BHARTIARTL,Bharti Airtel Ltd,AIA VCC - AIA ASIAN EQUITY FUND,BUY,1331596,955.0,-
11-OCT-2023,ICICIBANK,ICICI Bank Ltd,AIA VCC - AIA ASIAN EQUITY FUND,BUY,1116677,954.0,-
11-OCT-2023,ICICIBANK,ICICI Bank Ltd,AIA VCC - AIA ASIAN EQUITY FUND,BUY,1116676,954.0,-
11-OCT-2023,JIOFIN,Jio Financial Services Ltd,AIA VCC - AIA ASIAN EQUITY FUND,BUY,1086633,221.45,-
11-OCT-2023,AXISBANK,AXIS Bank Ltd,AIA VCC - AIA ASIAN EQUITY FUND,BUY,1008991,1016.4,-
11-OCT-2023,ICICIBANK,ICICI Bank Ltd,AIA INTERNATIONAL LIMITED,SELL,935038,954.0,-
11-OCT-2023,HDFCBANK,HDFC Bank Ltd,AIA VCC - AIA ASIAN EQUITY FUND,BUY,922119,1530.8,-
11-OCT-2023,INFY,Infosys Ltd,AIA VCC - AIA ASIAN EQUITY FUND,BUY,720216,1495.85,-
11-OCT-2023,INFY,Infosys Ltd,AIA VCC - AIA ASIAN EQUITY FUND,BUY,720215,1495.85,-
11-OCT-2023,HINDUNILVR,Hindustan Unilever Ltd,AIA VCC - AIA ASIAN EQUITY FUND,BUY,647771,2557.9,-
11-OCT-2023,INFY,Infosys Ltd,AIA INTERNATIONAL LIMITED,SELL,620002,1495.85,-
11-OCT-2023,BHARTIARTL,Bharti Airtel Ltd,AIA INTERNATIONAL LIMITED,SELL,571240,955.0,-
11-OCT-2023,M&M,Mahindra & Mahindra Ltd,AIA VCC - AIA ASIAN EQUITY FUND,BUY,553400,1552.65,-
11-OCT-2023,RELIANCE,Reliance Industries Ltd,AIA VCC - AIA ASIAN EQUITY FUND,BUY,537749,2331.4,-
11-OCT-2023,RELIANCE,Reliance Industries Ltd,AIA VCC - AIA ASIAN EQUITY FUND,BUY,537749,2331.4,-
11-OCT-2023,JIOFIN,Jio Financial Services Ltd,AIA INTERNATIONAL LIMITED,SELL,463693,221.45,-
11-OCT-2023,RELIANCE,Reliance Industries Ltd,AIA INTERNATIONAL LIMITED,SELL,462214,2331.4,-
11-OCT-2023,ICICIBANK,ICICI Bank Ltd,AIA INTERNATIONAL LIMITED,SELL,447872,954.0,-
11-OCT-2023,TCS,Tata Consultancy Services Ltd,AIA VCC - AIA ASIAN EQUITY FUND,BUY,434280,3619.05,-
11-OCT-2023,ICICIBANK,ICICI Bank Ltd,AIA INVESTMENT TRUST-AIA SINGAPORE PARTICIPATING FUND SGD,SELL,427242,954.0,-
11-OCT-2023,AXISBANK,AXIS Bank Ltd,AIA INTERNATIONAL LIMITED,SELL,416092,1016.4,-
11-OCT-2023,LT,Larsen & Toubro Ltd,AIA VCC - AIA ASIAN EQUITY FUND,BUY,412120,3100.05,-
11-OCT-2023,HDFCBANK,HDFC Bank Ltd,AIA INTERNATIONAL LIMITED,SELL,402069,1530.8,-
11-OCT-2023,INFY,Infosys Ltd,AIA INTERNATIONAL LIMITED,SELL,293305,1495.85,-
11-OCT-2023,HINDUNILVR,Hindustan Unilever Ltd,AIA INTERNATIONAL LIMITED,SELL,278372,2557.9,-
11-OCT-2023,BHARTIARTL,Bharti Airtel Ltd,AIA INTERNATIONAL LIMITED,SELL,266004,955.0,-
11-OCT-2023,INFY,Infosys Ltd,AIA INVESTMENT TRUST-AIA SINGAPORE PARTICIPATING FUND SGD,SELL,258445,1495.85,-
11-OCT-2023,BHARTIARTL,Bharti Airtel Ltd,AIA INVESTMENT TRUST-AIA SINGAPORE PARTICIPATING FUND SGD,SELL,246473,955.0,-
11-OCT-2023,M&M,Mahindra & Mahindra Ltd,AIA INTERNATIONAL LIMITED,SELL,235349,1552.65,-
11-OCT-2023,RELIANCE,Reliance Industries Ltd,AIA INTERNATIONAL LIMITED,SELL,215540,2331.4,-
11-OCT-2023,JIOFIN,Jio Financial Services Ltd,AIA INTERNATIONAL LIMITED,SELL,215032,221.45,-
11-OCT-2023,TITAN,Titan Company Ltd,AIA VCC - AIA ASIAN EQUITY FUND,BUY,211022,3269.45,-
11-OCT-2023,AXISBANK,AXIS Bank Ltd,AIA INTERNATIONAL LIMITED,SELL,209381,1016.4,-
11-OCT-2023,JIOFIN,Jio Financial Services Ltd,AIA INVESTMENT TRUST-AIA SINGAPORE PARTICIPATING FUND SGD,SELL,203692,221.45,-
11-OCT-2023,RELIANCE,Reliance Industries Ltd,AIA INVESTMENT TRUST-AIA SINGAPORE PARTICIPATING FUND SGD,SELL,196739,2331.4,-
11-OCT-2023,AXISBANK,AXIS Bank Ltd,AIA INVESTMENT TRUST-AIA SINGAPORE PARTICIPATING FUND SGD,SELL,193987,1016.4,-
11-OCT-2023,TCS,Tata Consultancy Services Ltd,AIA INTERNATIONAL LIMITED,SELL,187316,3619.05,-
11-OCT-2023,HDFCBANK,HDFC Bank Ltd,AIA INTERNATIONAL LIMITED,SELL,183645,1530.8,-
11-OCT-2023,LT,Larsen & Toubro Ltd,AIA INTERNATIONAL LIMITED,SELL,176802,3100.05,-
11-OCT-2023,HDFCBANK,HDFC Bank Ltd,AIA INVESTMENT TRUST-AIA SINGAPORE PARTICIPATING FUND SGD,SELL,163012,1530.8,-
11-OCT-2023,ICICIBANK,ICICI Bank Ltd,AIA INTERNATIONAL LIMITED,SELL,159670,954.0,-
11-OCT-2023,ULTRACEMCO,UltraTech Cement Ltd,AIA VCC - AIA ASIAN EQUITY FUND,BUY,141777,8340.1,-
11-OCT-2023,ASIANPAINT,Asian Paints Ltd,AIA VCC - AIA ASIAN EQUITY FUND,BUY,138506,3162.9,-
11-OCT-2023,BHARTIARTL,Bharti Airtel Ltd,AIA INTERNATIONAL LIMITED,SELL,135254,955.0,-
11-OCT-2023,MARUTI,Maruti Suzuki India Ltd,AIA VCC - AIA ASIAN EQUITY FUND,BUY,128589,10421.05,-
11-OCT-2023,HINDUNILVR,Hindustan Unilever Ltd,AIA INTERNATIONAL LIMITED,SELL,126879,2557.9,-
11-OCT-2023,ICICIBANK,ICICI Bank Ltd,AIA INTERNATIONAL LIMITED,SELL,122413,954.0,-
11-OCT-2023,HINDUNILVR,Hindustan Unilever Ltd,AIA INVESTMENT TRUST-AIA SINGAPORE PARTICIPATING FUND SGD,SELL,118748,2557.9,-
11-OCT-2023,JIOFIN,Jio Financial Services Ltd,AIA INTERNATIONAL LIMITED,SELL,110008,221.45,-
11-OCT-2023,M&M,Mahindra & Mahindra Ltd,AIA INTERNATIONAL LIMITED,SELL,109745,1552.65,-
11-OCT-2023,AXISBANK,AXIS Bank Ltd,AIA INTERNATIONAL LIMITED,SELL,104472,1016.4,-
11-OCT-2023,M&M,Mahindra & Mahindra Ltd,AIA INVESTMENT TRUST-AIA SINGAPORE PARTICIPATING FUND SGD,SELL,103332,1552.65,-
11-OCT-2023,APOLLOHOSP,Apollo Hospitals Enterprise Ltd,AIA VCC - AIA ASIAN EQUITY FUND,BUY,100948,5117.05,-
11-OCT-2023,INFY,Infosys Ltd,AIA INTERNATIONAL LIMITED,SELL,100214,1495.85,-
11-OCT-2023,DRREDDY,Dr Reddys Laboratories Ltd,AIA VCC - AIA ASIAN EQUITY FUND,BUY,96120,5563.0,-
11-OCT-2023,HDFCBANK,HDFC Bank Ltd,AIA INTERNATIONAL LIMITED,SELL,94424,1530.8,-
11-OCT-2023,TITAN,Titan Company Ltd,AIA INTERNATIONAL LIMITED,SELL,91856,3269.45,-
11-OCT-2023,TCS,Tata Consultancy Services Ltd,AIA INTERNATIONAL LIMITED,SELL,87302,3619.05,-
11-OCT-2023,LT,Larsen & Toubro Ltd,AIA INTERNATIONAL LIMITED,SELL,82931,3100.05,-
11-OCT-2023,INFY,Infosys Ltd,AIA INTERNATIONAL LIMITED,SELL,80218,1495.85,-
11-OCT-2023,TCS,Tata Consultancy Services Ltd,AIA INVESTMENT TRUST-AIA SINGAPORE PARTICIPATING FUND SGD,SELL,79119,3619.05,-
11-OCT-2023,LT,Larsen & Toubro Ltd,AIA INVESTMENT TRUST-AIA SINGAPORE PARTICIPATING FUND SGD,SELL,76180,3100.05,-
11-OCT-2023,RELIANCE,Reliance Industries Ltd,AIA INTERNATIONAL LIMITED,SELL,75535,2331.4,-
11-OCT-2023,ICICIBANK,ICICI Bank Ltd,AIA INTERNATIONAL LIMITED,SELL,72212,954.0,-
11-OCT-2023,BHARTIARTL,Bharti Airtel Ltd,AIA INTERNATIONAL LIMITED,SELL,72016,955.0,-
11-OCT-2023,BAJFINANCE,Bajaj Finance Ltd,AIA VCC - AIA ASIAN EQUITY FUND,BUY,67553,8124.55,-
11-OCT-2023,HINDUNILVR,Hindustan Unilever Ltd,AIA INTERNATIONAL LIMITED,SELL,66045,2557.9,-
11-OCT-2023,ULTRACEMCO,UltraTech Cement Ltd,AIA INTERNATIONAL LIMITED,SELL,60747,8340.1,-
11-OCT-2023,ASIANPAINT,Asian Paints Ltd,AIA INTERNATIONAL LIMITED,SELL,59629,3162.9,-
11-OCT-2023,JIOFIN,Jio Financial Services Ltd,AIA INTERNATIONAL LIMITED,SELL,59088,221.45,-
11-OCT-2023,RELIANCE,Reliance Industries Ltd,AIA INTERNATIONAL LIMITED,SELL,59012,2331.4,-
11-OCT-2023,M&M,Mahindra & Mahindra Ltd,AIA INTERNATIONAL LIMITED,SELL,56684,1552.65,-
11-OCT-2023,MARUTI,Maruti Suzuki India Ltd,AIA INTERNATIONAL LIMITED,SELL,54472,10421.05,-
11-OCT-2023,AXISBANK,AXIS Bank Ltd,AIA INTERNATIONAL LIMITED,SELL,53402,1016.4,-
11-OCT-2023,HDFCBANK,HDFC Bank Ltd,AIA INTERNATIONAL LIMITED,SELL,50477,1530.8,-
11-OCT-2023,INFY,Infosys Ltd,AIA INTERNATIONAL LIMITED,SELL,46156,1495.85,-
11-OCT-2023,TCS,Tata Consultancy Services Ltd,AIA INTERNATIONAL LIMITED,SELL,44196,3619.05,-
11-OCT-2023,APOLLOHOSP,Apollo Hospitals Enterprise Ltd,AIA INTERNATIONAL LIMITED,SELL,43723,5117.05,-
11-OCT-2023,TITAN,Titan Company Ltd,AIA INTERNATIONAL LIMITED,SELL,42895,3269.45,-
11-OCT-2023,LT,Larsen & Toubro Ltd,AIA INTERNATIONAL LIMITED,SELL,41981,3100.05,-
11-OCT-2023,DRREDDY,Dr Reddys Laboratories Ltd,AIA INTERNATIONAL LIMITED,SELL,41013,5563.0,-
11-OCT-2023,HINDUNILVR,Hindustan Unilever Ltd,AIA INTERNATIONAL LIMITED,SELL,38579,2557.9,-
11-OCT-2023,TITAN,Titan Company Ltd,AIA INVESTMENT TRUST-AIA SINGAPORE PARTICIPATING FUND SGD,SELL,36975,3269.45,-
11-OCT-2023,ICICIBANK,ICICI Bank Ltd,AIA INVESTMENT TRUST AIA SINGAPORE PARTICIPATING FUND USD,SELL,35699,954.0,-
11-OCT-2023,RELIANCE,Reliance Industries Ltd,AIA INTERNATIONAL LIMITED,SELL,33971,2331.4,-
11-OCT-2023,BAJFINANCE,Bajaj Finance Ltd,AIA INTERNATIONAL LIMITED,SELL,31652,8124.55,-
11-OCT-2023,M&M,Mahindra & Mahindra Ltd,AIA INTERNATIONAL LIMITED,SELL,30970,1552.65,-
11-OCT-2023,ULTRACEMCO,UltraTech Cement Ltd,AIA INTERNATIONAL LIMITED,SELL,28342,8340.1,-
11-OCT-2023,ASIANPAINT,Asian Paints Ltd,AIA INTERNATIONAL LIMITED,SELL,27664,3162.9,-
11-OCT-2023,MARUTI,Maruti Suzuki India Ltd,AIA INTERNATIONAL LIMITED,SELL,26384,10421.05,-
11-OCT-2023,ULTRACEMCO,UltraTech Cement Ltd,AIA INVESTMENT TRUST-AIA SINGAPORE PARTICIPATING FUND SGD,SELL,26359,8340.1,-
11-OCT-2023,ASIANPAINT,Asian Paints Ltd,AIA INVESTMENT TRUST-AIA SINGAPORE PARTICIPATING FUND SGD,SELL,25479,3162.9,-
11-OCT-2023,TCS,Tata Consultancy Services Ltd,AIA INTERNATIONAL LIMITED,SELL,23781,3619.05,-
11-OCT-2023,MARUTI,Maruti Suzuki India Ltd,AIA INVESTMENT TRUST-AIA SINGAPORE PARTICIPATING FUND SGD,SELL,23518,10421.05,-
11-OCT-2023,INFY,Infosys Ltd,AIA INVESTMENT TRUST AIA SINGAPORE PARTICIPATING FUND USD,SELL,22249,1495.85,-
11-OCT-2023,ICICIBANK,ICICI Bank Ltd,AIA INVESTMENT TRUST AIA SINGAPORE PARTICIPATING FUND HERITAGE USD,SELL,21968,954.0,-
11-OCT-2023,LT,Larsen & Toubro Ltd,AIA INTERNATIONAL LIMITED,SELL,21846,3100.05,-
11-OCT-2023,TITAN,Titan Company Ltd,AIA INTERNATIONAL LIMITED,SELL,21743,3269.45,-
11-OCT-2023,BHARTIARTL,Bharti Airtel Ltd,AIA INVESTMENT TRUST AIA SINGAPORE PARTICIPATING FUND USD,SELL,20925,955.0,-
11-OCT-2023,APOLLOHOSP,Apollo Hospitals Enterprise Ltd,AIA INTERNATIONAL LIMITED,SELL,20372,5117.05,-
11-OCT-2023,DRREDDY,Dr Reddys Laboratories Ltd,AIA INTERNATIONAL LIMITED,SELL,19410,5563.0,-
11-OCT-2023,APOLLOHOSP,Apollo Hospitals Enterprise Ltd,AIA INVESTMENT TRUST-AIA SINGAPORE PARTICIPATING FUND SGD,SELL,18026,5117.05,-
11-OCT-2023,DRREDDY,Dr Reddys Laboratories Ltd,AIA INVESTMENT TRUST-AIA SINGAPORE PARTICIPATING FUND SGD,SELL,17633,5563.0,-
11-OCT-2023,JIOFIN,Jio Financial Services Ltd,AIA INVESTMENT TRUST AIA SINGAPORE PARTICIPATING FUND USD,SELL,17033,221.45,-
11-OCT-2023,RELIANCE,Reliance Industries Ltd,AIA INVESTMENT TRUST AIA SINGAPORE PARTICIPATING FUND USD,SELL,16973,2331.4,-
11-OCT-2023,AXISBANK,AXIS Bank Ltd,AIA INVESTMENT TRUST AIA SINGAPORE PARTICIPATING FUND USD,SELL,16338,1016.4,-
11-OCT-2023,HDFCBANK,HDFC Bank Ltd,AIA INVESTMENT TRUST AIA SINGAPORE PARTICIPATING FUND USD,SELL,14628,1530.8,-
11-OCT-2023,ULTRACEMCO,UltraTech Cement Ltd,AIA INTERNATIONAL LIMITED,SELL,14281,8340.1,-
11-OCT-2023,ASIANPAINT,Asian Paints Ltd,AIA INTERNATIONAL LIMITED,SELL,14048,3162.9,-
11-OCT-2023,BAJFINANCE,Bajaj Finance Ltd,AIA INVESTMENT TRUST-AIA SINGAPORE PARTICIPATING FUND SGD,SELL,13067,8124.55,-
11-OCT-2023,BHARTIARTL,Bharti Airtel Ltd,AIA INVESTMENT TRUST AIA SINGAPORE PARTICIPATING FUND HERITAGE USD,SELL,12994,955.0,-
11-OCT-2023,MARUTI,Maruti Suzuki India Ltd,AIA INTERNATIONAL LIMITED,SELL,12959,10421.05,-
11-OCT-2023,JIOFIN,Jio Financial Services Ltd,AIA INVESTMENT TRUST AIA SINGAPORE PARTICIPATING FUND HERITAGE USD,SELL,12923,221.45,-
11-OCT-2023,INFY,Infosys Ltd,AIA INVESTMENT TRUST AIA SINGAPORE PARTICIPATING FUND HERITAGE USD,SELL,12904,1495.85,-
11-OCT-2023,TITAN,Titan Company Ltd,AIA INTERNATIONAL LIMITED,SELL,11591,3269.45,-
11-OCT-2023,ICICIBANK,ICICI Bank Ltd,AIA INVESTMENT TRUST AIA SINGAPORE PARTCIPATING FUND HERITAGE SGD,SELL,11239,954.0,-
11-OCT-2023,RELIANCE,Reliance Industries Ltd,AIA INVESTMENT TRUST AIA SINGAPORE PARTICIPATING FUND HERITAGE USD,SELL,10350,2331.4,-
11-OCT-2023,HINDUNILVR,Hindustan Unilever Ltd,AIA INVESTMENT TRUST AIA SINGAPORE PARTICIPATING FUND USD,SELL,10259,2557.9,-
11-OCT-2023,APOLLOHOSP,Apollo Hospitals Enterprise Ltd,AIA INTERNATIONAL LIMITED,SELL,10259,5117.05,-
11-OCT-2023,AXISBANK,AXIS Bank Ltd,AIA INVESTMENT TRUST AIA SINGAPORE PARTICIPATING FUND HERITAGE USD,SELL,10165,1016.4,-
11-OCT-2023,DRREDDY,Dr Reddys Laboratories Ltd,AIA INTERNATIONAL LIMITED,SELL,9894,5563.0,-
11-OCT-2023,BAJFINANCE,Bajaj Finance Ltd,AIA INTERNATIONAL LIMITED,SELL,9210,8124.55,-
11-OCT-2023,HDFCBANK,HDFC Bank Ltd,AIA INVESTMENT TRUST AIA SINGAPORE PARTICIPATING FUND HERITAGE USD,SELL,9153,1530.8,-
11-OCT-2023,M&M,Mahindra & Mahindra Ltd,AIA INVESTMENT TRUST AIA SINGAPORE PARTICIPATING FUND USD,SELL,8657,1552.65,-
11-OCT-2023,ULTRACEMCO,UltraTech Cement Ltd,AIA INTERNATIONAL LIMITED,SELL,7748,8340.1,-
11-OCT-2023,BAJFINANCE,Bajaj Finance Ltd,AIA INTERNATIONAL LIMITED,SELL,7610,8124.55,-
11-OCT-2023,ASIANPAINT,Asian Paints Ltd,AIA INTERNATIONAL LIMITED,SELL,7486,3162.9,-
11-OCT-2023,MARUTI,Maruti Suzuki India Ltd,AIA INTERNATIONAL LIMITED,SELL,7480,10421.05,-
11-OCT-2023,INFY,Infosys Ltd,AIA INVESTMENT TRUST AIA SINGAPORE PARTCIPATING FUND HERITAGE SGD,SELL,6938,1495.85,-
11-OCT-2023,BHARTIARTL,Bharti Airtel Ltd,AIA INVESTMENT TRUST AIA SINGAPORE PARTCIPATING FUND HERITAGE SGD,SELL,6690,955.0,-
11-OCT-2023,LT,Larsen & Toubro Ltd,AIA INVESTMENT TRUST AIA SINGAPORE PARTICIPATING FUND USD,SELL,6516,3100.05,-
11-OCT-2023,TCS,Tata Consultancy Services Ltd,AIA INVESTMENT TRUST AIA SINGAPORE PARTICIPATING FUND USD,SELL,6432,3619.05,-
11-OCT-2023,HINDUNILVR,Hindustan Unilever Ltd,AIA INVESTMENT TRUST AIA SINGAPORE PARTICIPATING FUND HERITAGE USD,SELL,5856,2557.9,-
11-OCT-2023,M&M,Mahindra & Mahindra Ltd,AIA INVESTMENT TRUST AIA SINGAPORE PARTICIPATING FUND HERITAGE USD,SELL,5691,1552.65,-
11-OCT-2023,APOLLOHOSP,Apollo Hospitals Enterprise Ltd,AIA INTERNATIONAL LIMITED,SELL,5591,5117.05,-
11-OCT-2023,DRREDDY,Dr Reddys Laboratories Ltd,AIA INTERNATIONAL LIMITED,SELL,5326,5563.0,-
11-OCT-2023,RELIANCE,Reliance Industries Ltd,AIA INVESTMENT TRUST AIA SINGAPORE PARTCIPATING FUND HERITAGE SGD,SELL,5164,2331.4,-
11-OCT-2023,JIOFIN,Jio Financial Services Ltd,AIA INVESTMENT TRUST AIA SINGAPORE PARTCIPATING FUND HERITAGE SGD,SELL,5164,221.45,-
11-OCT-2023,AXISBANK,AXIS Bank Ltd,AIA INVESTMENT TRUST AIA SINGAPORE PARTCIPATING FUND HERITAGE SGD,SELL,5154,1016.4,-
11-OCT-2023,HDFCBANK,HDFC Bank Ltd,AIA INVESTMENT TRUST AIA SINGAPORE PARTCIPATING FUND HERITAGE SGD,SELL,4711,1530.8,-
11-OCT-2023,TCS,Tata Consultancy Services Ltd,AIA INVESTMENT TRUST AIA SINGAPORE PARTICIPATING FUND HERITAGE USD,SELL,4038,3619.05,-
11-OCT-2023,BAJFINANCE,Bajaj Finance Ltd,AIA INTERNATIONAL LIMITED,SELL,3928,8124.55,-
11-OCT-2023,LT,Larsen & Toubro Ltd,AIA INVESTMENT TRUST AIA SINGAPORE PARTICIPATING FUND HERITAGE USD,SELL,3801,3100.05,-
11-OCT-2023,HINDUNILVR,Hindustan Unilever Ltd,AIA INVESTMENT TRUST AIA SINGAPORE PARTCIPATING FUND HERITAGE SGD,SELL,3033,2557.9,-
11-OCT-2023,TITAN,Titan Company Ltd,AIA INVESTMENT TRUST AIA SINGAPORE PARTICIPATING FUND USD,SELL,3000,3269.45,-
11-OCT-2023,M&M,Mahindra & Mahindra Ltd,AIA INVESTMENT TRUST AIA SINGAPORE PARTCIPATING FUND HERITAGE SGD,SELL,2972,1552.65,-
11-OCT-2023,ASIANPAINT,Asian Paints Ltd,AIA INVESTMENT TRUST AIA SINGAPORE PARTICIPATING FUND USD,SELL,2197,3162.9,-
11-OCT-2023,ULTRACEMCO,UltraTech Cement Ltd,AIA INVESTMENT TRUST AIA SINGAPORE PARTICIPATING FUND USD,SELL,2178,8340.1,-
11-OCT-2023,TCS,Tata Consultancy Services Ltd,AIA INVESTMENT TRUST AIA SINGAPORE PARTCIPATING FUND HERITAGE SGD,SELL,2096,3619.05,-
11-OCT-2023,LT,Larsen & Toubro Ltd,AIA INVESTMENT TRUST AIA SINGAPORE PARTCIPATING FUND HERITAGE SGD,SELL,2063,3100.05,-
11-OCT-2023,MARUTI,Maruti Suzuki India Ltd,AIA INVESTMENT TRUST AIA SINGAPORE PARTICIPATING FUND USD,SELL,1957,10421.05,-
11-OCT-2023,TITAN,Titan Company Ltd,AIA INVESTMENT TRUST AIA SINGAPORE PARTICIPATING FUND HERITAGE USD,SELL,1919,3269.45,-
11-OCT-2023,DRREDDY,Dr Reddys Laboratories Ltd,AIA INVESTMENT TRUST AIA SINGAPORE PARTICIPATING FUND USD,SELL,1567,5563.0,-
11-OCT-2023,APOLLOHOSP,Apollo Hospitals Enterprise Ltd,AIA INVESTMENT TRUST AIA SINGAPORE PARTICIPATING FUND USD,SELL,1523,5117.05,-
11-OCT-2023,ULTRACEMCO,UltraTech Cement Ltd,AIA INVESTMENT TRUST AIA SINGAPORE PARTICIPATING FUND HERITAGE USD,SELL,1408,8340.1,-
11-OCT-2023,ASIANPAINT,Asian Paints Ltd,AIA INVESTMENT TRUST AIA SINGAPORE PARTICIPATING FUND HERITAGE USD,SELL,1331,3162.9,-
11-OCT-2023,MARUTI,Maruti Suzuki India Ltd,AIA INVESTMENT TRUST AIA SINGAPORE PARTICIPATING FUND HERITAGE USD,SELL,1205,10421.05,-
11-OCT-2023,TITAN,Titan Company Ltd,AIA INVESTMENT TRUST AIA SINGAPORE PARTCIPATING FUND HERITAGE SGD,SELL,1043,3269.45,-
11-OCT-2023,BAJFINANCE,Bajaj Finance Ltd,AIA INVESTMENT TRUST AIA SINGAPORE PARTICIPATING FUND USD,SELL,988,8124.55,-
11-OCT-2023,APOLLOHOSP,Apollo Hospitals Enterprise Ltd,AIA INVESTMENT TRUST AIA SINGAPORE PARTICIPATING FUND HERITAGE USD,SELL,968,5117.05,-
11-OCT-2023,DRREDDY,Dr Reddys Laboratories Ltd,AIA INVESTMENT TRUST AIA SINGAPORE PARTICIPATING FUND HERITAGE USD,SELL,844,5563.0,-
11-OCT-2023,BAJFINANCE,Bajaj Finance Ltd,AIA INVESTMENT TRUST AIA SINGAPORE PARTICIPATING FUND HERITAGE USD,SELL,719,8124.55,-
11-OCT-2023,ULTRACEMCO,UltraTech Cement Ltd,AIA INVESTMENT TRUST AIA SINGAPORE PARTCIPATING FUND HERITAGE SGD,SELL,714,8340.1,-
11-OCT-2023,ASIANPAINT,Asian Paints Ltd,AIA INVESTMENT TRUST AIA SINGAPORE PARTCIPATING FUND HERITAGE SGD,SELL,672,3162.9,-
11-OCT-2023,MARUTI,Maruti Suzuki India Ltd,AIA INVESTMENT TRUST AIA SINGAPORE PARTCIPATING FUND HERITAGE SGD,SELL,614,10421.05,-
11-OCT-2023,APOLLOHOSP,Apollo Hospitals Enterprise Ltd,AIA INVESTMENT TRUST AIA SINGAPORE PARTCIPATING FUND HERITAGE SGD,SELL,486,5117.05,-
11-OCT-2023,DRREDDY,Dr Reddys Laboratories Ltd,AIA INVESTMENT TRUST AIA SINGAPORE PARTCIPATING FUND HERITAGE SGD,SELL,433,5563.0,-
11-OCT-2023,BAJFINANCE,Bajaj Finance Ltd,AIA INVESTMENT TRUST AIA SINGAPORE PARTCIPATING FUND HERITAGE SGD,SELL,379,8124.55,-
19-OCT-2023,ICICIBANK,ICICI Bank Ltd,AIA VCC - AIA ASIAN EQUITY FUND,BUY,997257,939.25,-
19-OCT-2023,ICICIBANK,ICICI Bank Ltd,AIA INVESTMENT TRUST - AIA SINGAPORE PARTICIPATING FUND SGD,SELL,858756,939.25,-
19-OCT-2023,INFY,Infosys Ltd,AIA VCC - AIA ASIAN EQUITY FUND,BUY,604075,1436.2,-
19-OCT-2023,BHARTIARTL,Bharti Airtel Ltd,AIA VCC - AIA ASIAN EQUITY FUND,BUY,577033,943.0,-
19-OCT-2023,INFY,Infosys Ltd,AIA INVESTMENT TRUST - AIA SINGAPORE PARTICIPATING FUND SGD,SELL,519474,1436.2,-
19-OCT-2023,BHARTIARTL,Bharti Airtel Ltd,AIA INVESTMENT TRUST - AIA SINGAPORE PARTICIPATING FUND SGD,SELL,495409,943.0,-
19-OCT-2023,JIOFIN,Jio Financial Services Ltd,AIA VCC - AIA ASIAN EQUITY FUND,BUY,480012,214.25,-
19-OCT-2023,RELIANCE,Reliance Industries Ltd,AIA VCC - AIA ASIAN EQUITY FUND,BUY,460743,2312.0,-
19-OCT-2023,AXISBANK,AXIS Bank Ltd,AIA VCC - AIA ASIAN EQUITY FUND,BUY,453544,993.95,-
19-OCT-2023,JIOFIN,Jio Financial Services Ltd,AIA INVESTMENT TRUST - AIA SINGAPORE PARTICIPATING FUND SGD,SELL,409421,214.25,-
19-OCT-2023,RELIANCE,Reliance Industries Ltd,AIA INVESTMENT TRUST - AIA SINGAPORE PARTICIPATING FUND SGD,SELL,395445,2312.0,-
19-OCT-2023,AXISBANK,AXIS Bank Ltd,AIA INVESTMENT TRUST - AIA SINGAPORE PARTICIPATING FUND SGD,SELL,389914,993.95,-
19-OCT-2023,HDFCBANK,HDFC Bank Ltd,AIA VCC - AIA ASIAN EQUITY FUND,BUY,384923,1523.65,-
19-OCT-2023,HDFCBANK,HDFC Bank Ltd,AIA INVESTMENT TRUST - AIA SINGAPORE PARTICIPATING FUND SGD,SELL,327653,1523.65,-
19-OCT-2023,HINDUNILVR,Hindustan Unilever Ltd,AIA VCC - AIA ASIAN EQUITY FUND,BUY,277168,2549.7,-
19-OCT-2023,M&M,Mahindra & Mahindra Ltd,AIA VCC - AIA ASIAN EQUITY FUND,BUY,242511,1573.0,-
19-OCT-2023,HINDUNILVR,Hindustan Unilever Ltd,AIA INVESTMENT TRUST - AIA SINGAPORE PARTICIPATING FUND SGD,SELL,238683,2549.7,-
19-OCT-2023,M&M,Mahindra & Mahindra Ltd,AIA INVESTMENT TRUST - AIA SINGAPORE PARTICIPATING FUND SGD,SELL,207698,1573.0,-
19-OCT-2023,TCS,Tata Consultancy Services Ltd,AIA VCC - AIA ASIAN EQUITY FUND,BUY,184283,3463.35,-
19-OCT-2023,LT,Larsen & Toubro Ltd,AIA VCC - AIA ASIAN EQUITY FUND,BUY,178005,3058.9,-
19-OCT-2023,TCS,Tata Consultancy Services Ltd,AIA INVESTMENT TRUST - AIA SINGAPORE PARTICIPATING FUND SGD,SELL,159028,3463.35,-
19-OCT-2023,LT,Larsen & Toubro Ltd,AIA INVESTMENT TRUST - AIA SINGAPORE PARTICIPATING FUND SGD,SELL,153121,3058.9,-
19-OCT-2023,TITAN,Titan Company Ltd,AIA VCC - AIA ASIAN EQUITY FUND,BUY,86298,3293.1,-
19-OCT-2023,TITAN,Titan Company Ltd,AIA INVESTMENT TRUST - AIA SINGAPORE PARTICIPATING FUND SGD,SELL,74318,3293.1,-
19-OCT-2023,ICICIBANK,ICICI Bank Ltd,AIA INVESTMENT TRUST AIA SINGAPORE PARTICIPATING FUND USD,SELL,71754,939.25,-
19-OCT-2023,ULTRACEMCO,UltraTech Cement Ltd,AIA VCC - AIA ASIAN EQUITY FUND,BUY,61623,8283.4,-
19-OCT-2023,ASIANPAINT,Asian Paints Ltd,AIA VCC - AIA ASIAN EQUITY FUND,BUY,59653,3101.6,-
19-OCT-2023,MARUTI,Maruti Suzuki India Ltd,AIA VCC - AIA ASIAN EQUITY FUND,BUY,54861,10777.45,-
19-OCT-2023,ULTRACEMCO,UltraTech Cement Ltd,AIA INVESTMENT TRUST - AIA SINGAPORE PARTICIPATING FUND SGD,SELL,52982,8283.4,-
19-OCT-2023,ASIANPAINT,Asian Paints Ltd,AIA INVESTMENT TRUST - AIA SINGAPORE PARTICIPATING FUND SGD,SELL,51213,3101.6,-
19-OCT-2023,MARUTI,Maruti Suzuki India Ltd,AIA INVESTMENT TRUST - AIA SINGAPORE PARTICIPATING FUND SGD,SELL,47271,10777.45,-
19-OCT-2023,INFY,Infosys Ltd,AIA INVESTMENT TRUST AIA SINGAPORE PARTICIPATING FUND USD,SELL,44720,1436.2,-
19-OCT-2023,ICICIBANK,ICICI Bank Ltd,AIA INVESTMENT TRUST AIA SINGAPORE PARTICIPATING FUND HERITAGE USD,SELL,44156,939.25,-
19-OCT-2023,APOLLOHOSP,Apollo Hospitals Enterprise Ltd,AIA VCC - AIA ASIAN EQUITY FUND,BUY,42216,5009.95,-
19-OCT-2023,BHARTIARTL,Bharti Airtel Ltd,AIA INVESTMENT TRUST AIA SINGAPORE PARTICIPATING FUND USD,SELL,42059,943.0,-
19-OCT-2023,DRREDDY,Dr Reddys Laboratories Ltd,AIA VCC - AIA ASIAN EQUITY FUND,BUY,41157,5656.2,-
19-OCT-2023,APOLLOHOSP,Apollo Hospitals Enterprise Ltd,AIA INVESTMENT TRUST - AIA SINGAPORE PARTICIPATING FUND SGD,SELL,36232,5009.95,-
19-OCT-2023,DRREDDY,Dr Reddys Laboratories Ltd,AIA INVESTMENT TRUST - AIA SINGAPORE PARTICIPATING FUND SGD,SELL,35442,5656.2,-
19-OCT-2023,JIOFIN,Jio Financial Services Ltd,AIA INVESTMENT TRUST AIA SINGAPORE PARTICIPATING FUND USD,SELL,34236,214.25,-
19-OCT-2023,RELIANCE,Reliance Industries Ltd,AIA INVESTMENT TRUST AIA SINGAPORE PARTICIPATING FUND USD,SELL,34116,2312.0,-
19-OCT-2023,AXISBANK,AXIS Bank Ltd,AIA INVESTMENT TRUST AIA SINGAPORE PARTICIPATING FUND USD,SELL,32838,993.95,-
19-OCT-2023,BAJFINANCE,Bajaj Finance Ltd,AIA VCC - AIA ASIAN EQUITY FUND,BUY,30455,7875.9,-
19-OCT-2023,HDFCBANK,HDFC Bank Ltd,AIA INVESTMENT TRUST AIA SINGAPORE PARTICIPATING FUND USD,SELL,29403,1523.65,-
19-OCT-2023,BAJFINANCE,Bajaj Finance Ltd,AIA INVESTMENT TRUST - AIA SINGAPORE PARTICIPATING FUND SGD,SELL,26264,7875.9,-
19-OCT-2023,BHARTIARTL,Bharti Airtel Ltd,AIA INVESTMENT TRUST AIA SINGAPORE PARTICIPATING FUND HERITAGE USD,SELL,26119,943.0,-
19-OCT-2023,JIOFIN,Jio Financial Services Ltd,AIA INVESTMENT TRUST AIA SINGAPORE PARTICIPATING FUND HERITAGE USD,SELL,25975,214.25,-
19-OCT-2023,INFY,Infosys Ltd,AIA INVESTMENT TRUST AIA SINGAPORE PARTICIPATING FUND HERITAGE USD,SELL,25936,1436.2,-
19-OCT-2023,ICICIBANK,ICICI Bank Ltd,AIA INVESTMENT TRUST AIA SINGAPORE PARTCIPATING FUND HERITAGE SGD,SELL,22591,939.25,-
19-OCT-2023,RELIANCE,Reliance Industries Ltd,AIA INVESTMENT TRUST AIA SINGAPORE PARTICIPATING FUND HERITAGE USD,SELL,20802,2312.0,-
19-OCT-2023,HINDUNILVR,Hindustan Unilever Ltd,AIA INVESTMENT TRUST AIA SINGAPORE PARTICIPATING FUND USD,SELL,20621,2549.7,-
19-OCT-2023,AXISBANK,AXIS Bank Ltd,AIA INVESTMENT TRUST AIA SINGAPORE PARTICIPATING FUND HERITAGE USD,SELL,20432,993.95,-
19-OCT-2023,HDFCBANK,HDFC Bank Ltd,AIA INVESTMENT TRUST AIA SINGAPORE PARTICIPATING FUND HERITAGE USD,SELL,18398,1523.65,-
19-OCT-2023,M&M,Mahindra & Mahindra Ltd,AIA INVESTMENT TRUST AIA SINGAPORE PARTICIPATING FUND USD,SELL,17401,1573.0,-
19-OCT-2023,INFY,Infosys Ltd,AIA INVESTMENT TRUST AIA SINGAPORE PARTCIPATING FUND HERITAGE SGD,SELL,13945,1436.2,-
19-OCT-2023,BHARTIARTL,Bharti Airtel Ltd,AIA INVESTMENT TRUST AIA SINGAPORE PARTCIPATING FUND HERITAGE SGD,SELL,13446,943.0,-
19-OCT-2023,LT,Larsen & Toubro Ltd,AIA INVESTMENT TRUST AIA SINGAPORE PARTICIPATING FUND USD,SELL,13097,3058.9,-
19-OCT-2023,TCS,Tata Consultancy Services Ltd,AIA INVESTMENT TRUST AIA SINGAPORE PARTICIPATING FUND USD,SELL,12927,3463.35,-
19-OCT-2023,HINDUNILVR,Hindustan Unilever Ltd,AIA INVESTMENT TRUST AIA SINGAPORE PARTICIPATING FUND HERITAGE USD,SELL,11769,2549.7,-
19-OCT-2023,M&M,Mahindra & Mahindra Ltd,AIA INVESTMENT TRUST AIA SINGAPORE PARTICIPATING FUND HERITAGE USD,SELL,11438,1573.0,-
19-OCT-2023,RELIANCE,Reliance Industries Ltd,AIA INVESTMENT TRUST AIA SINGAPORE PARTCIPATING FUND HERITAGE SGD,SELL,10380,2312.0,-
19-OCT-2023,JIOFIN,Jio Financial Services Ltd,AIA INVESTMENT TRUST AIA SINGAPORE PARTCIPATING FUND HERITAGE SGD,SELL,10380,214.25,-
19-OCT-2023,AXISBANK,AXIS Bank Ltd,AIA INVESTMENT TRUST AIA SINGAPORE PARTCIPATING FUND HERITAGE SGD,SELL,10360,993.95,-
19-OCT-2023,HDFCBANK,HDFC Bank Ltd,AIA INVESTMENT TRUST AIA SINGAPORE PARTCIPATING FUND HERITAGE SGD,SELL,9469,1523.65,-
19-OCT-2023,TCS,Tata Consultancy Services Ltd,AIA INVESTMENT TRUST AIA SINGAPORE PARTICIPATING FUND HERITAGE USD,SELL,8116,3463.35,-
19-OCT-2023,LT,Larsen & Toubro Ltd,AIA INVESTMENT TRUST AIA SINGAPORE PARTICIPATING FUND HERITAGE USD,SELL,7641,3058.9,-
19-OCT-2023,HINDUNILVR,Hindustan Unilever Ltd,AIA INVESTMENT TRUST AIA SINGAPORE PARTCIPATING FUND HERITAGE SGD,SELL,6095,2549.7,-
19-OCT-2023,TITAN,Titan Company Ltd,AIA INVESTMENT TRUST AIA SINGAPORE PARTICIPATING FUND USD,SELL,6029,3293.1,-
19-OCT-2023,M&M,Mahindra & Mahindra Ltd,AIA INVESTMENT TRUST AIA SINGAPORE PARTCIPATING FUND HERITAGE SGD,SELL,5974,1573.0,-
19-OCT-2023,ASIANPAINT,Asian Paints Ltd,AIA INVESTMENT TRUST AIA SINGAPORE PARTICIPATING FUND USD,SELL,4415,3101.6,-
19-OCT-2023,ULTRACEMCO,UltraTech Cement Ltd,AIA INVESTMENT TRUST AIA SINGAPORE PARTICIPATING FUND USD,SELL,4378,8283.4,-
19-OCT-2023,TCS,Tata Consultancy Services Ltd,AIA INVESTMENT TRUST AIA SINGAPORE PARTCIPATING FUND HERITAGE SGD,SELL,4212,3463.35,-
19-OCT-2023,LT,Larsen & Toubro Ltd,AIA INVESTMENT TRUST AIA SINGAPORE PARTCIPATING FUND HERITAGE SGD,SELL,4146,3058.9,-
19-OCT-2023,MARUTI,Maruti Suzuki India Ltd,AIA INVESTMENT TRUST AIA SINGAPORE PARTICIPATING FUND USD,SELL,3934,10777.45,-
19-OCT-2023,TITAN,Titan Company Ltd,AIA INVESTMENT TRUST AIA SINGAPORE PARTICIPATING FUND HERITAGE USD,SELL,3856,3293.1,-
19-OCT-2023,DRREDDY,Dr Reddys Laboratories Ltd,AIA INVESTMENT TRUST AIA SINGAPORE PARTICIPATING FUND USD,SELL,3149,5656.2,-
19-OCT-2023,APOLLOHOSP,Apollo Hospitals Enterprise Ltd,AIA INVESTMENT TRUST AIA SINGAPORE PARTICIPATING FUND USD,SELL,3062,5009.95,-
19-OCT-2023,ULTRACEMCO,UltraTech Cement Ltd,AIA INVESTMENT TRUST AIA SINGAPORE PARTICIPATING FUND HERITAGE USD,SELL,2829,8283.4,-
19-OCT-2023,ASIANPAINT,Asian Paints Ltd,AIA INVESTMENT TRUST AIA SINGAPORE PARTICIPATING FUND HERITAGE USD,SELL,2675,3101.6,-
19-OCT-2023,MARUTI,Maruti Suzuki India Ltd,AIA INVESTMENT TRUST AIA SINGAPORE PARTICIPATING FUND HERITAGE USD,SELL,2421,10777.45,-
19-OCT-2023,TITAN,Titan Company Ltd,AIA INVESTMENT TRUST AIA SINGAPORE PARTCIPATING FUND HERITAGE SGD,SELL,2095,3293.1,-
19-OCT-2023,BAJFINANCE,Bajaj Finance Ltd,AIA INVESTMENT TRUST AIA SINGAPORE PARTICIPATING FUND USD,SELL,1986,7875.9,-
19-OCT-2023,APOLLOHOSP,Apollo Hospitals Enterprise Ltd,AIA INVESTMENT TRUST AIA SINGAPORE PARTICIPATING FUND HERITAGE USD,SELL,1945,5009.95,-
19-OCT-2023,DRREDDY,Dr Reddys Laboratories Ltd,AIA INVESTMENT TRUST AIA SINGAPORE PARTICIPATING FUND HERITAGE USD,SELL,1696,5656.2,-
19-OCT-2023,BAJFINANCE,Bajaj Finance Ltd,AIA INVESTMENT TRUST AIA SINGAPORE PARTICIPATING FUND HERITAGE USD,SELL,1445,7875.9,-
19-OCT-2023,ULTRACEMCO,UltraTech Cement Ltd,AIA INVESTMENT TRUST AIA SINGAPORE PARTCIPATING FUND HERITAGE SGD,SELL,1434,8283.4,-
19-OCT-2023,ASIANPAINT,Asian Paints Ltd,AIA INVESTMENT TRUST AIA SINGAPORE PARTCIPATING FUND HERITAGE SGD,SELL,1350,3101.6,-
19-OCT-2023,MARUTI,Maruti Suzuki India Ltd,AIA INVESTMENT TRUST AIA SINGAPORE PARTCIPATING FUND HERITAGE SGD,SELL,1235,10777.45,-
19-OCT-2023,APOLLOHOSP,Apollo Hospitals Enterprise Ltd,AIA INVESTMENT TRUST AIA SINGAPORE PARTCIPATING FUND HERITAGE SGD,SELL,977,5009.95,-
19-OCT-2023,DRREDDY,Dr Reddys Laboratories Ltd,AIA INVESTMENT TRUST AIA SINGAPORE PARTCIPATING FUND HERITAGE SGD,SELL,870,5656.2,-
19-OCT-2023,BAJFINANCE,Bajaj Finance Ltd,AIA INVESTMENT TRUST AIA SINGAPORE PARTCIPATING FUND HERITAGE SGD,SELL,760,7875.9,-
20-OCT-2023,MSUMI,Motherson Sumi Wiring India Ltd,GRANDEUR PEAK GLOBAL TRUST  GRANDEUR PEAK INTERNATIONAL STALWARTS FUND,BUY,12111741,63.83,-
20-OCT-2023,MSUMI,Motherson Sumi Wiring India Ltd,GRANDEUR PEAK INTERNATIONAL STALWARTS FUND,SELL,12111741,63.83,-
20-OCT-2023,MSUMI,Motherson Sumi Wiring India Ltd,GRANDEUR PEAK EMERGING MARKETS OPPORTUNITIES FUND,SELL,5253786,63.83,-
20-OCT-2023,MSUMI,Motherson Sumi Wiring India Ltd,GRANDEUR PEAK GLOBL TRUST  GP EMERGING MARKETS OPPORTUNITIES FUND,BUY,5253786,63.83,-
20-OCT-2023,MSUMI,Motherson Sumi Wiring India Ltd,GRANDEUR PEAK GLOBAL TRUST  GRANDEUR PEAK INTERNATIONAL OPPORTUNITIES FUND,BUY,2715755,63.83,-
20-OCT-2023,MSUMI,Motherson Sumi Wiring India Ltd,GRANDEUR PEAK INTERNATIONAL OPPORTUNITIES FUND,SELL,2715755,63.83,-
20-OCT-2023,CUB,City Union Bank Ltd,GRANDEUR PEAK GLOBAL CONTRARIAN FUND,SELL,900496,138.5,-
20-OCT-2023,CUB,City Union Bank Ltd,GRANDEUR PEAK GLOBAL TRUST  GRANDEUR PEAK GLOBAL CONTRARIAN FUND,BUY,900496,138.5,-
20-OCT-2023,MSUMI,Motherson Sumi Wiring India Ltd,GRANDEUR PEAK GLOBAL REACH FUND,SELL,612241,63.83,-
20-OCT-2023,MSUMI,Motherson Sumi Wiring India Ltd,GRANDEUR PEAK GLOBAL TRUST  GRANDEUR PEAK GLOBAL REACH FUND,BUY,612241,63.83,-
20-OCT-2023,MSUMI,Motherson Sumi Wiring India Ltd,GRANDEUR PEAK GLOBAL TRUST  GRANDEUR PEAK GLOBAL STALWARTS FUND,BUY,586601,63.83,-
20-OCT-2023,MSUMI,Motherson Sumi Wiring India Ltd,GRANDEUR PEAK GLOBAL STALWARTS FUND,SELL,586601,63.83,-
20-OCT-2023,SJS,S.J.S. Enterprises Ltd,GRANDEUR PEAK EMERGING MARKETS OPPORTUNITIES FUND,SELL,464559,684.25,-
20-OCT-2023,SJS,S.J.S. Enterprises Ltd,GRANDEUR PEAK GLOBL TRUST  GP EMERGING MARKETS OPPORTUNITIES FUND,BUY,464559,684.25,-
20-OCT-2023,KOTAKBANK,Kotak Mahindra Bank Ltd,GRANDEUR PEAK INTERNATIONAL STALWARTS FUND,SELL,418049,1738.25,-
20-OCT-2023,KOTAKBANK,Kotak Mahindra Bank Ltd,GRANDEUR PEAK GLOBAL TRUST  GRANDEUR PEAK INTERNATIONAL STALWARTS FUND,BUY,418049,1738.25,-
20-OCT-2023,METROPOLIS,Metropolis Healthcare Ltd,GRANDEUR PEAK INTERNATIONAL STALWARTS FUND,SELL,399485,1509.95,-
20-OCT-2023,METROPOLIS,Metropolis Healthcare Ltd,GRANDEUR PEAK GLOBAL TRUST  GRANDEUR PEAK INTERNATIONAL STALWARTS FUND,BUY,399485,1509.95,-
20-OCT-2023,INDIAMART,IndiaMART InterMESH Ltd,GRANDEUR PEAK GLOBAL TRUST  GRANDEUR PEAK INTERNATIONAL STALWARTS FUND,BUY,372625,2759.35,-
20-OCT-2023,INDIAMART,IndiaMART InterMESH Ltd,GRANDEUR PEAK INTERNATIONAL STALWARTS FUND,SELL,372625,2759.35,-
20-OCT-2023,AJANTPHARM,Ajanta Pharma Ltd,GRANDEUR PEAK INTERNATIONAL STALWARTS FUND,SELL,359679,1769.65,-
20-OCT-2023,AJANTPHARM,Ajanta Pharma Ltd,GRANDEUR PEAK GLOBAL TRUST  GRANDEUR PEAK INTERNATIONAL STALWARTS FUND,BUY,359679,1769.65,-
20-OCT-2023,GULFOILLUB,Gulf Oil Lubricants India Ltd,GRANDEUR PEAK GLOBAL CONTRARIAN FUND,SELL,334589,567.3,-
20-OCT-2023,GULFOILLUB,Gulf Oil Lubricants India Ltd,GRANDEUR PEAK GLOBAL TRUST  GRANDEUR PEAK GLOBAL CONTRARIAN FUND,BUY,334589,567.3,-
20-OCT-2023,GULFOILLUB,Gulf Oil Lubricants India Ltd,GRANDEUR PEAK GLOBL TRUST  GP EMERGING MARKETS OPPORTUNITIES FUND,BUY,292958,567.3,-
20-OCT-2023,GULFOILLUB,Gulf Oil Lubricants India Ltd,GRANDEUR PEAK EMERGING MARKETS OPPORTUNITIES FUND,SELL,292958,567.3,-
20-OCT-2023,METROPOLIS,Metropolis Healthcare Ltd,GRANDEUR PEAK GLOBL TRUST  GP EMERGING MARKETS OPPORTUNITIES FUND,BUY,275352,1509.95,-
20-OCT-2023,METROPOLIS,Metropolis Healthcare Ltd,GRANDEUR PEAK EMERGING MARKETS OPPORTUNITIES FUND,SELL,275352,1509.95,-
20-OCT-2023,AUBANK,AU Small Finance Bank Ltd,GRANDEUR PEAK GLOBL TRUST  GP EMERGING MARKETS OPPORTUNITIES FUND,BUY,270705,705.3,-
20-OCT-2023,AUBANK,AU Small Finance Bank Ltd,GRANDEUR PEAK EMERGING MARKETS OPPORTUNITIES FUND,SELL,270705,705.3,-
20-OCT-2023,HCLTECH,HCL Technologies Ltd,RONDURE NEW WORLD FUND,SELL,253230,1267.5,-
20-OCT-2023,HCLTECH,HCL Technologies Ltd,NORTHERN LIGHTS FUND TRUST III  RONDURE NEW WORLD FUND,BUY,253230,1267.5,-
20-OCT-2023,HDFCBANK,HDFC Bank Ltd,NORTHERN LIGHTS FUND TRUST III  RONDURE NEW WORLD FUND,BUY,250449,1514.95,-
20-OCT-2023,HDFCBANK,HDFC Bank Ltd,RONDURE NEW WORLD FUND,SELL,250449,1514.95,-
20-OCT-2023,METROPOLIS,Metropolis Healthcare Ltd,GRANDEUR PEAK INTERNATIONAL OPPORTUNITIES FUND,SELL,243011,1509.95,-
20-OCT-2023,METROPOLIS,Metropolis Healthcare Ltd,GRANDEUR PEAK GLOBAL TRUST  GRANDEUR PEAK INTERNATIONAL OPPORTUNITIES FUND,BUY,243011,1509.95,-
20-OCT-2023,HOMEFIRST,Home First Finance Company India Ltd,GRANDEUR PEAK EMERGING MARKETS OPPORTUNITIES FUND,SELL,226876,957.75,-
20-OCT-2023,HOMEFIRST,Home First Finance Company India Ltd,GRANDEUR PEAK GLOBL TRUST  GP EMERGING MARKETS OPPORTUNITIES FUND,BUY,226876,957.75,-
20-OCT-2023,TECHM,Tech Mahindra Ltd,RONDURE NEW WORLD FUND,SELL,212443,1170.7,-
20-OCT-2023,TECHM,Tech Mahindra Ltd,NORTHERN LIGHTS FUND TRUST III  RONDURE NEW WORLD FUND,BUY,212443,1170.7,-
20-OCT-2023,DMART,Avenue Supermarts Ltd,GRANDEUR PEAK INTERNATIONAL STALWARTS FUND,SELL,193495,3765.45,-
20-OCT-2023,DMART,Avenue Supermarts Ltd,GRANDEUR PEAK GLOBAL TRUST  GRANDEUR PEAK INTERNATIONAL STALWARTS FUND,BUY,193495,3765.45,-
20-OCT-2023,GULFOILLUB,Gulf Oil Lubricants India Ltd,GRANDEUR PEAK GLOBAL OPPORTUNITIES FUND,SELL,186873,567.3,-
20-OCT-2023,GULFOILLUB,Gulf Oil Lubricants India Ltd,GRANDEUR PEAK GLOBAL TRUST  GRANDEUR PEAK GLOBAL OPPORTUNITIES FUND,BUY,186873,567.3,-
20-OCT-2023,BAJFINANCE,Bajaj Finance Ltd,GRANDEUR PEAK INTERNATIONAL STALWARTS FUND,SELL,166934,7842.6,-
20-OCT-2023,BAJFINANCE,Bajaj Finance Ltd,GRANDEUR PEAK GLOBAL TRUST  GRANDEUR PEAK INTERNATIONAL STALWARTS FUND,BUY,166934,7842.6,-
20-OCT-2023,GULFOILLUB,Gulf Oil Lubricants India Ltd,GRANDEUR PEAK GLOBAL TRUST  GRANDEUR PEAK INTERNATIONAL OPPORTUNITIES FUND,BUY,161771,567.3,-
20-OCT-2023,GULFOILLUB,Gulf Oil Lubricants India Ltd,GRANDEUR PEAK INTERNATIONAL OPPORTUNITIES FUND,SELL,161771,567.3,-
20-OCT-2023,METROPOLIS,Metropolis Healthcare Ltd,GRANDEUR PEAK GLOBAL TRUST  GRANDEUR PEAK GLOBAL OPPORTUNITIES FUND,BUY,157620,1509.95,-
20-OCT-2023,METROPOLIS,Metropolis Healthcare Ltd,GRANDEUR PEAK GLOBAL OPPORTUNITIES FUND,SELL,157620,1509.95,-
20-OCT-2023,AJANTPHARM,Ajanta Pharma Ltd,GRANDEUR PEAK GLOBL TRUST  GP EMERGING MARKETS OPPORTUNITIES FUND,BUY,150942,1769.65,-
20-OCT-2023,AJANTPHARM,Ajanta Pharma Ltd,GRANDEUR PEAK EMERGING MARKETS OPPORTUNITIES FUND,SELL,150942,1769.65,-
20-OCT-2023,GULFOILLUB,Gulf Oil Lubricants India Ltd,GRANDEUR PEAK GLOBAL REACH FUND,SELL,146334,567.3,-
20-OCT-2023,GULFOILLUB,Gulf Oil Lubricants India Ltd,GRANDEUR PEAK GLOBAL TRUST  GRANDEUR PEAK GLOBAL REACH FUND,BUY,146334,567.3,-
20-OCT-2023,AJANTPHARM,Ajanta Pharma Ltd,GRANDEUR PEAK GLOBAL TRUST  GRANDEUR PEAK INTERNATIONAL OPPORTUNITIES FUND,BUY,133905,1769.65,-
20-OCT-2023,AJANTPHARM,Ajanta Pharma Ltd,GRANDEUR PEAK INTERNATIONAL OPPORTUNITIES FUND,SELL,133905,1769.65,-
20-OCT-2023,MANKIND,Mankind Pharma Ltd,GRANDEUR PEAK EMERGING MARKETS OPPORTUNITIES FUND,SELL,130182,1800.55,-
20-OCT-2023,MANKIND,Mankind Pharma Ltd,GRANDEUR PEAK GLOBL TRUST  GP EMERGING MARKETS OPPORTUNITIES FUND,BUY,130182,1800.55,-
20-OCT-2023,UNITDSPR,United Spirits Ltd,RONDURE NEW WORLD FUND,SELL,127406,1045.95,-
20-OCT-2023,UNITDSPR,United Spirits Ltd,NORTHERN LIGHTS FUND TRUST III  RONDURE NEW WORLD FUND,BUY,127406,1045.95,-
20-OCT-2023,INDIAMART,IndiaMART InterMESH Ltd,GRANDEUR PEAK EMERGING MARKETS OPPORTUNITIES FUND,SELL,127375,2759.35,-
20-OCT-2023,INDIAMART,IndiaMART InterMESH Ltd,GRANDEUR PEAK GLOBL TRUST  GP EMERGING MARKETS OPPORTUNITIES FUND,BUY,127375,2759.35,-
20-OCT-2023,KOTAKBANK,Kotak Mahindra Bank Ltd,GRANDEUR PEAK GLOBAL TRUST  GRANDEUR PEAK INTERNATIONAL OPPORTUNITIES FUND,BUY,115766,1738.25,-
20-OCT-2023,KOTAKBANK,Kotak Mahindra Bank Ltd,GRANDEUR PEAK INTERNATIONAL OPPORTUNITIES FUND,SELL,115766,1738.25,-
20-OCT-2023,INDIAMART,IndiaMART InterMESH Ltd,GRANDEUR PEAK GLOBAL TRUST  GRANDEUR PEAK INTERNATIONAL OPPORTUNITIES FUND,BUY,115672,2759.35,-
20-OCT-2023,INDIAMART,IndiaMART InterMESH Ltd,GRANDEUR PEAK INTERNATIONAL OPPORTUNITIES FUND,SELL,115672,2759.35,-
20-OCT-2023,TCS,Tata Consultancy Services Ltd,NORTHERN LIGHTS FUND TRUST III  RONDURE NEW WORLD FUND,BUY,109053,3454.75,-
20-OCT-2023,TCS,Tata Consultancy Services Ltd,RONDURE NEW WORLD FUND,SELL,109053,3454.75,-
20-OCT-2023,HCLTECH,HCL Technologies Ltd,GRANDEUR PEAK GLOBL TRUST  GP EMERGING MARKETS OPPORTUNITIES FUND,BUY,107117,1267.5,-
20-OCT-2023,HCLTECH,HCL Technologies Ltd,GRANDEUR PEAK EMERGING MARKETS OPPORTUNITIES FUND,SELL,107117,1267.5,-
20-OCT-2023,GULFOILLUB,Gulf Oil Lubricants India Ltd,GRANDEUR PEAK GLOBAL TRUST  GRANDEUR PEAK GLOBAL MICRO CAP FUND,BUY,98696,567.3,-
20-OCT-2023,GULFOILLUB,Gulf Oil Lubricants India Ltd,GRANDEUR PEAK GLOBAL MICRO CAP FUND,SELL,98696,567.3,-
20-OCT-2023,SJS,S.J.S. Enterprises Ltd,GRANDEUR PEAK GLOBAL TRUST  GRANDEUR PEAK GLOBAL REACH FUND,BUY,86869,684.25,-
20-OCT-2023,SJS,S.J.S. Enterprises Ltd,GRANDEUR PEAK GLOBAL REACH FUND,SELL,86869,684.25,-
20-OCT-2023,UBL,United Breweries Ltd-$,RONDURE NEW WORLD FUND,SELL,66362,1566.75,-
20-OCT-2023,UBL,United Breweries Ltd-$,NORTHERN LIGHTS FUND TRUST III  RONDURE NEW WORLD FUND,BUY,66362,1566.75,-
20-OCT-2023,POLYCAB,Polycab India Ltd,GRANDEUR PEAK INTERNATIONAL OPPORTUNITIES FUND,SELL,60526,5294.15,-
20-OCT-2023,POLYCAB,Polycab India Ltd,GRANDEUR PEAK GLOBAL TRUST  GRANDEUR PEAK INTERNATIONAL OPPORTUNITIES FUND,BUY,60526,5294.15,-
20-OCT-2023,POLYCAB,Polycab India Ltd,GRANDEUR PEAK GLOBL TRUST  GP EMERGING MARKETS OPPORTUNITIES FUND,BUY,53050,5294.15,-
20-OCT-2023,POLYCAB,Polycab India Ltd,GRANDEUR PEAK EMERGING MARKETS OPPORTUNITIES FUND,SELL,53050,5294.15,-
20-OCT-2023,DIVISLAB,Divis Laboratories Ltd,NORTHERN LIGHTS FUND TRUST III  RONDURE NEW WORLD FUND,BUY,43478,3637.7,-
20-OCT-2023,DIVISLAB,Divis Laboratories Ltd,RONDURE NEW WORLD FUND,SELL,43478,3637.7,-
20-OCT-2023,METROPOLIS,Metropolis Healthcare Ltd,GRANDEUR PEAK GLOBAL TRUST  GRANDEUR PEAK GLOBAL REACH FUND,BUY,38641,1509.95,-
20-OCT-2023,METROPOLIS,Metropolis Healthcare Ltd,GRANDEUR PEAK GLOBAL REACH FUND,SELL,38641,1509.95,-
20-OCT-2023,INDIAMART,IndiaMART InterMESH Ltd,NORTHERN LIGHTS FUND TRUST III  RONDURE NEW WORLD FUND,BUY,37154,2759.35,-
20-OCT-2023,INDIAMART,IndiaMART InterMESH Ltd,RONDURE NEW WORLD FUND,SELL,37154,2759.35,-
20-OCT-2023,SCHAEFFLER,Schaeffler India Ltd,RONDURE NEW WORLD FUND,SELL,37145,3075.15,-
20-OCT-2023,SCHAEFFLER,Schaeffler India Ltd,NORTHERN LIGHTS FUND TRUST III  RONDURE NEW WORLD FUND,BUY,37145,3075.15,-
20-OCT-2023,ASIANPAINT,Asian Paints Ltd,RONDURE NEW WORLD FUND,SELL,36352,3100.35,-
20-OCT-2023,ASIANPAINT,Asian Paints Ltd,NORTHERN LIGHTS FUND TRUST III  RONDURE NEW WORLD FUND,BUY,36352,3100.35,-
20-OCT-2023,BAJFINANCE,Bajaj Finance Ltd,GRANDEUR PEAK GLOBL TRUST  GP EMERGING MARKETS OPPORTUNITIES FUND,BUY,34611,7842.6,-
20-OCT-2023,BAJFINANCE,Bajaj Finance Ltd,GRANDEUR PEAK EMERGING MARKETS OPPORTUNITIES FUND,SELL,34611,7842.6,-
20-OCT-2023,INDIAMART,IndiaMART InterMESH Ltd,GRANDEUR PEAK EMERGING MARKETS OPPORTUNITIES FUND,SELL,32342,2759.35,-
20-OCT-2023,INDIAMART,IndiaMART InterMESH Ltd,GRANDEUR PEAK GLOBL TRUST  GP EMERGING MARKETS OPPORTUNITIES FUND,BUY,32342,2759.35,-
20-OCT-2023,CERA,Cera Sanitaryware Ltd,GRANDEUR PEAK INTERNATIONAL OPPORTUNITIES FUND,SELL,31552,9086.1,-
20-OCT-2023,CERA,Cera Sanitaryware Ltd,GRANDEUR PEAK GLOBAL TRUST  GRANDEUR PEAK INTERNATIONAL OPPORTUNITIES FUND,BUY,31552,9086.1,-
20-OCT-2023,SJS,S.J.S. Enterprises Ltd,GRANDEUR PEAK GLOBAL MICRO CAP FUND,SELL,31500,684.25,-
20-OCT-2023,SJS,S.J.S. Enterprises Ltd,GRANDEUR PEAK GLOBAL TRUST  GRANDEUR PEAK GLOBAL MICRO CAP FUND,BUY,31500,684.25,-
20-OCT-2023,CERA,Cera Sanitaryware Ltd,GRANDEUR PEAK EMERGING MARKETS OPPORTUNITIES FUND,SELL,29843,9086.1,-
20-OCT-2023,CERA,Cera Sanitaryware Ltd,GRANDEUR PEAK GLOBL TRUST  GP EMERGING MARKETS OPPORTUNITIES FUND,BUY,29843,9086.1,-
20-OCT-2023,CERA,Cera Sanitaryware Ltd,GRANDEUR PEAK GLOBAL TRUST  GRANDEUR PEAK GLOBAL OPPORTUNITIES FUND,BUY,28284,9086.1,-
20-OCT-2023,CERA,Cera Sanitaryware Ltd,GRANDEUR PEAK GLOBAL OPPORTUNITIES FUND,SELL,28284,9086.1,-
20-OCT-2023,INDIAMART,IndiaMART InterMESH Ltd,GRANDEUR PEAK GLOBAL TRUST  GRANDEUR PEAK GLOBAL STALWARTS FUND,BUY,26782,2759.35,-
20-OCT-2023,INDIAMART,IndiaMART InterMESH Ltd,GRANDEUR PEAK GLOBAL STALWARTS FUND,SELL,26782,2759.35,-
20-OCT-2023,MSUMI,Motherson Sumi Wiring India Ltd,GRANDEUR PEAK GLOBAL EXPLORER FUND,SELL,25701,63.83,-
20-OCT-2023,MSUMI,Motherson Sumi Wiring India Ltd,GRANDEUR PEAK GLOBAL TRUST  GRANDEUR PEAK GLOBAL EXPLORER FUND,BUY,25701,63.83,-
20-OCT-2023,SKFINDIA,SKF India Ltd,RONDURE NEW WORLD FUND,SELL,25683,5228.85,-
20-OCT-2023,SKFINDIA,SKF India Ltd,NORTHERN LIGHTS FUND TRUST III  RONDURE NEW WORLD FUND,BUY,25683,5228.85,-
20-OCT-2023,INDIAMART,IndiaMART InterMESH Ltd,GRANDEUR PEAK GLOBAL REACH FUND,SELL,21336,2759.35,-
20-OCT-2023,INDIAMART,IndiaMART InterMESH Ltd,GRANDEUR PEAK GLOBAL TRUST  GRANDEUR PEAK GLOBAL REACH FUND,BUY,21336,2759.35,-
20-OCT-2023,METROPOLIS,Metropolis Healthcare Ltd,GRANDEUR PEAK GLOBAL TRUST  GRANDEUR PEAK GLOBAL MICRO CAP FUND,BUY,19428,1509.95,-
20-OCT-2023,METROPOLIS,Metropolis Healthcare Ltd,GRANDEUR PEAK GLOBAL MICRO CAP FUND,SELL,19428,1509.95,-
20-OCT-2023,AJANTPHARM,Ajanta Pharma Ltd,GRANDEUR PEAK GLOBAL REACH FUND,SELL,15672,1769.65,-
20-OCT-2023,AJANTPHARM,Ajanta Pharma Ltd,GRANDEUR PEAK GLOBAL TRUST  GRANDEUR PEAK GLOBAL REACH FUND,BUY,15672,1769.65,-
20-OCT-2023,KOTAKBANK,Kotak Mahindra Bank Ltd,GRANDEUR PEAK GLOBAL REACH FUND,SELL,12958,1738.25,-
20-OCT-2023,KOTAKBANK,Kotak Mahindra Bank Ltd,GRANDEUR PEAK GLOBAL TRUST  GRANDEUR PEAK GLOBAL REACH FUND,BUY,12958,1738.25,-
20-OCT-2023,DMART,Avenue Supermarts Ltd,GRANDEUR PEAK GLOBAL TRUST  GRANDEUR PEAK GLOBAL STALWARTS FUND,BUY,12051,3765.45,-
20-OCT-2023,DMART,Avenue Supermarts Ltd,GRANDEUR PEAK GLOBAL STALWARTS FUND,SELL,12051,3765.45,-
20-OCT-2023,GULFOILLUB,Gulf Oil Lubricants India Ltd,GRANDEUR PEAK GLOBAL TRUST  GRANDEUR PEAK GLOBAL EXPLORER FUND,BUY,9077,567.3,-
20-OCT-2023,GULFOILLUB,Gulf Oil Lubricants India Ltd,GRANDEUR PEAK GLOBAL EXPLORER FUND,SELL,9077,567.3,-
20-OCT-2023,NESTLEIND,Nestle India Ltd,RONDURE NEW WORLD FUND,SELL,7995,24122.0,-
20-OCT-2023,NESTLEIND,Nestle India Ltd,NORTHERN LIGHTS FUND TRUST III  RONDURE NEW WORLD FUND,BUY,7995,24122.0,-
20-OCT-2023,BAJFINANCE,Bajaj Finance Ltd,GRANDEUR PEAK GLOBAL TRUST  GRANDEUR PEAK GLOBAL STALWARTS FUND,BUY,6796,7842.6,-
20-OCT-2023,BAJFINANCE,Bajaj Finance Ltd,GRANDEUR PEAK GLOBAL STALWARTS FUND,SELL,6796,7842.6,-
20-OCT-2023,POLYCAB,Polycab India Ltd,GRANDEUR PEAK GLOBAL REACH FUND,SELL,6071,5294.15,-
20-OCT-2023,POLYCAB,Polycab India Ltd,GRANDEUR PEAK GLOBAL TRUST  GRANDEUR PEAK GLOBAL REACH FUND,BUY,6071,5294.15,-
20-OCT-2023,CERA,Cera Sanitaryware Ltd,GRANDEUR PEAK GLOBAL MICRO CAP FUND,SELL,5942,9086.1,-
20-OCT-2023,CERA,Cera Sanitaryware Ltd,GRANDEUR PEAK GLOBAL TRUST  GRANDEUR PEAK GLOBAL MICRO CAP FUND,BUY,5942,9086.1,-
20-OCT-2023,SJS,S.J.S. Enterprises Ltd,GRANDEUR PEAK GLOBAL TRUST  GRANDEUR PEAK GLOBAL EXPLORER FUND,BUY,4747,684.25,-
20-OCT-2023,SJS,S.J.S. Enterprises Ltd,GRANDEUR PEAK GLOBAL EXPLORER FUND,SELL,4747,684.25,-
20-OCT-2023,CERA,Cera Sanitaryware Ltd,GRANDEUR PEAK GLOBAL REACH FUND,SELL,4267,9086.1,-
20-OCT-2023,CERA,Cera Sanitaryware Ltd,GRANDEUR PEAK GLOBAL TRUST  GRANDEUR PEAK GLOBAL REACH FUND,BUY,4267,9086.1,-
20-OCT-2023,KOTAKBANK,Kotak Mahindra Bank Ltd,GRANDEUR PEAK GLOBAL TRUST  GRANDEUR PEAK GLOBAL EXPLORER FUND,BUY,3363,1738.25,-
20-OCT-2023,KOTAKBANK,Kotak Mahindra Bank Ltd,GRANDEUR PEAK GLOBAL EXPLORER FUND,SELL,3363,1738.25,-
20-OCT-2023,AUBANK,AU Small Finance Bank Ltd,GRANDEUR PEAK GLOBAL TRUST  GRANDEUR PEAK GLOBAL EXPLORER FUND,BUY,2529,705.3,-
20-OCT-2023,AUBANK,AU Small Finance Bank Ltd,GRANDEUR PEAK GLOBAL EXPLORER FUND,SELL,2529,705.3,-
20-OCT-2023,INDIAMART,IndiaMART InterMESH Ltd,GRANDEUR PEAK GLOBAL TRUST  GRANDEUR PEAK GLOBAL EXPLORER FUND,BUY,1009,2759.35,-
20-OCT-2023,INDIAMART,IndiaMART InterMESH Ltd,GRANDEUR PEAK GLOBAL EXPLORER FUND,SELL,1009,2759.35,-
20-OCT-2023,AJANTPHARM,Ajanta Pharma Ltd,GRANDEUR PEAK GLOBAL EXPLORER FUND,SELL,806,1769.65,-
20-OCT-2023,AJANTPHARM,Ajanta Pharma Ltd,GRANDEUR PEAK GLOBAL TRUST  GRANDEUR PEAK GLOBAL EXPLORER FUND,BUY,806,1769.65,-
20-OCT-2023,POLYCAB,Polycab India Ltd,GRANDEUR PEAK GLOBAL TRUST  GRANDEUR PEAK GLOBAL EXPLORER FUND,BUY,500,5294.15,-
20-OCT-2023,POLYCAB,Polycab India Ltd,GRANDEUR PEAK GLOBAL EXPLORER FUND,SELL,500,5294.15,-
20-OCT-2023,CERA,Cera Sanitaryware Ltd,GRANDEUR PEAK GLOBAL TRUST  GRANDEUR PEAK GLOBAL EXPLORER FUND,BUY,249,9086.1,-
20-OCT-2023,CERA,Cera Sanitaryware Ltd,GRANDEUR PEAK GLOBAL EXPLORER FUND,SELL,249,9086.1,-
20-OCT-2023,BAJFINANCE,Bajaj Finance Ltd,GRANDEUR PEAK GLOBAL TRUST  GRANDEUR PEAK GLOBAL EXPLORER FUND,BUY,227,7842.6,-
20-OCT-2023,BAJFINANCE,Bajaj Finance Ltd,GRANDEUR PEAK GLOBAL EXPLORER FUND,SELL,227,7842.6,-
26-OCT-2023,ICICIBANK,ICICI Bank Ltd,AIA VCC - AIA ASIAN EQUITY FUND,BUY,491187,900.9,-
26-OCT-2023,ICICIBANK,ICICI Bank Ltd,AIA INVESTMENT TRUST-AIA SINGAPORE PARTICIPATING FUND SGD,SELL,422970,900.9,-
26-OCT-2023,INFY,Infosys Ltd,AIA VCC - AIA ASIAN EQUITY FUND,BUY,297531,1363.9,-
26-OCT-2023,BHARTIARTL,Bharti Airtel Ltd,AIA VCC - AIA ASIAN EQUITY FUND,BUY,284209,911.15,-
26-OCT-2023,INFY,Infosys Ltd,AIA INVESTMENT TRUST-AIA SINGAPORE PARTICIPATING FUND SGD,SELL,255861,1363.9,-
26-OCT-2023,BHARTIARTL,Bharti Airtel Ltd,AIA INVESTMENT TRUST-AIA SINGAPORE PARTICIPATING FUND SGD,SELL,244008,911.15,-
26-OCT-2023,RELIANCE,Reliance Industries Ltd,AIA VCC - AIA ASIAN EQUITY FUND,BUY,226935,2225.45,-
26-OCT-2023,AXISBANK,AXIS Bank Ltd,AIA VCC - AIA ASIAN EQUITY FUND,BUY,223387,968.15,-
26-OCT-2023,RELIANCE,Reliance Industries Ltd,AIA INVESTMENT TRUST-AIA SINGAPORE PARTICIPATING FUND SGD,SELL,194772,2225.45,-
26-OCT-2023,AXISBANK,AXIS Bank Ltd,AIA INVESTMENT TRUST-AIA SINGAPORE PARTICIPATING FUND SGD,SELL,192047,968.15,-
26-OCT-2023,HDFCBANK,HDFC Bank Ltd,AIA VCC - AIA ASIAN EQUITY FUND,BUY,189588,1471.35,-
26-OCT-2023,HDFCBANK,HDFC Bank Ltd,AIA INVESTMENT TRUST-AIA SINGAPORE PARTICIPATING FUND SGD,SELL,161381,1471.35,-
26-OCT-2023,HINDUNILVR,Hindustan Unilever Ltd,AIA VCC - AIA ASIAN EQUITY FUND,BUY,136517,2479.95,-
26-OCT-2023,M&M,Mahindra & Mahindra Ltd,AIA VCC - AIA ASIAN EQUITY FUND,BUY,119447,1505.6,-
26-OCT-2023,HINDUNILVR,Hindustan Unilever Ltd,AIA INVESTMENT TRUST-AIA SINGAPORE PARTICIPATING FUND SGD,SELL,117561,2479.95,-
26-OCT-2023,M&M,Mahindra & Mahindra Ltd,AIA INVESTMENT TRUST-AIA SINGAPORE PARTICIPATING FUND SGD,SELL,102299,1505.6,-
26-OCT-2023,TCS,Tata Consultancy Services Ltd,AIA VCC - AIA ASIAN EQUITY FUND,BUY,90767,3338.0,-
26-OCT-2023,LT,Larsen & Toubro Ltd,AIA VCC - AIA ASIAN EQUITY FUND,BUY,87674,2861.75,-
26-OCT-2023,TCS,Tata Consultancy Services Ltd,AIA INVESTMENT TRUST-AIA SINGAPORE PARTICIPATING FUND SGD,SELL,78327,3338.0,-
26-OCT-2023,LT,Larsen & Toubro Ltd,AIA INVESTMENT TRUST-AIA SINGAPORE PARTICIPATING FUND SGD,SELL,75418,2861.75,-
26-OCT-2023,TITAN,Titan Company Ltd,AIA VCC - AIA ASIAN EQUITY FUND,BUY,42505,3124.8,-
26-OCT-2023,TITAN,Titan Company Ltd,AIA INVESTMENT TRUST-AIA SINGAPORE PARTICIPATING FUND SGD,SELL,36605,3124.8,-
26-OCT-2023,ICICIBANK,ICICI Bank Ltd,AIA INVESTMENT TRUST AIA SINGAPORE PARTICIPATING FUND USD,SELL,35342,900.9,-
26-OCT-2023,ULTRACEMCO,UltraTech Cement Ltd,AIA VCC - AIA ASIAN EQUITY FUND,BUY,30351,8182.95,-
26-OCT-2023,MARUTI,Maruti Suzuki India Ltd,AIA VCC - AIA ASIAN EQUITY FUND,BUY,27021,10439.5,-
26-OCT-2023,ULTRACEMCO,UltraTech Cement Ltd,AIA INVESTMENT TRUST-AIA SINGAPORE PARTICIPATING FUND SGD,SELL,26096,8182.95,-
26-OCT-2023,MARUTI,Maruti Suzuki India Ltd,AIA INVESTMENT TRUST-AIA SINGAPORE PARTICIPATING FUND SGD,SELL,23283,10439.5,-
26-OCT-2023,INFY,Infosys Ltd,AIA INVESTMENT TRUST AIA SINGAPORE PARTICIPATING FUND USD,SELL,22027,1363.9,-
26-OCT-2023,ICICIBANK,ICICI Bank Ltd,AIA INVESTMENT TRUST AIA SINGAPORE PARTICIPATING FUND HERITAGE USD,SELL,21748,900.9,-
26-OCT-2023,BHARTIARTL,Bharti Airtel Ltd,AIA INVESTMENT TRUST AIA SINGAPORE PARTICIPATING FUND USD,SELL,20715,911.15,-
26-OCT-2023,DRREDDY,Dr Reddys Laboratories Ltd,AIA VCC - AIA ASIAN EQUITY FUND,BUY,20271,5355.2,-
26-OCT-2023,DRREDDY,Dr Reddys Laboratories Ltd,AIA INVESTMENT TRUST-AIA SINGAPORE PARTICIPATING FUND SGD,SELL,17456,5355.2,-
26-OCT-2023,RELIANCE,Reliance Industries Ltd,AIA INVESTMENT TRUST AIA SINGAPORE PARTICIPATING FUND USD,SELL,16804,2225.45,-
26-OCT-2023,AXISBANK,AXIS Bank Ltd,AIA INVESTMENT TRUST AIA SINGAPORE PARTICIPATING FUND USD,SELL,16174,968.15,-
26-OCT-2023,BAJFINANCE,Bajaj Finance Ltd,AIA VCC - AIA ASIAN EQUITY FUND,BUY,15001,7442.3,-
26-OCT-2023,HDFCBANK,HDFC Bank Ltd,AIA INVESTMENT TRUST AIA SINGAPORE PARTICIPATING FUND USD,SELL,14482,1471.35,-
26-OCT-2023,BAJFINANCE,Bajaj Finance Ltd,AIA INVESTMENT TRUST-AIA SINGAPORE PARTICIPATING FUND SGD,SELL,12936,7442.3,-
26-OCT-2023,BHARTIARTL,Bharti Airtel Ltd,AIA INVESTMENT TRUST AIA SINGAPORE PARTICIPATING FUND HERITAGE USD,SELL,12864,911.15,-
26-OCT-2023,INFY,Infosys Ltd,AIA INVESTMENT TRUST AIA SINGAPORE PARTICIPATING FUND HERITAGE USD,SELL,12775,1363.9,-
26-OCT-2023,ICICIBANK,ICICI Bank Ltd,AIA INVESTMENT TRUST AIA SINGAPORE PARTCIPATING FUND HERITAGE SGD,SELL,11127,900.9,-
26-OCT-2023,RELIANCE,Reliance Industries Ltd,AIA INVESTMENT TRUST AIA SINGAPORE PARTICIPATING FUND HERITAGE USD,SELL,10246,2225.45,-
26-OCT-2023,HINDUNILVR,Hindustan Unilever Ltd,AIA INVESTMENT TRUST AIA SINGAPORE PARTICIPATING FUND USD,SELL,10157,2479.95,-
26-OCT-2023,AXISBANK,AXIS Bank Ltd,AIA INVESTMENT TRUST AIA SINGAPORE PARTICIPATING FUND HERITAGE USD,SELL,10064,968.15,-
26-OCT-2023,HDFCBANK,HDFC Bank Ltd,AIA INVESTMENT TRUST AIA SINGAPORE PARTICIPATING FUND HERITAGE USD,SELL,9061,1471.35,-
26-OCT-2023,M&M,Mahindra & Mahindra Ltd,AIA INVESTMENT TRUST AIA SINGAPORE PARTICIPATING FUND USD,SELL,8571,1505.6,-
26-OCT-2023,INFY,Infosys Ltd,AIA INVESTMENT TRUST AIA SINGAPORE PARTCIPATING FUND HERITAGE SGD,SELL,6868,1363.9,-
26-OCT-2023,BHARTIARTL,Bharti Airtel Ltd,AIA INVESTMENT TRUST AIA SINGAPORE PARTCIPATING FUND HERITAGE SGD,SELL,6622,911.15,-
26-OCT-2023,LT,Larsen & Toubro Ltd,AIA INVESTMENT TRUST AIA SINGAPORE PARTICIPATING FUND USD,SELL,6451,2861.75,-
26-OCT-2023,TCS,Tata Consultancy Services Ltd,AIA INVESTMENT TRUST AIA SINGAPORE PARTICIPATING FUND USD,SELL,6367,3338.0,-
26-OCT-2023,HINDUNILVR,Hindustan Unilever Ltd,AIA INVESTMENT TRUST AIA SINGAPORE PARTICIPATING FUND HERITAGE USD,SELL,5797,2479.95,-
26-OCT-2023,M&M,Mahindra & Mahindra Ltd,AIA INVESTMENT TRUST AIA SINGAPORE PARTICIPATING FUND HERITAGE USD,SELL,5634,1505.6,-
26-OCT-2023,RELIANCE,Reliance Industries Ltd,AIA INVESTMENT TRUST AIA SINGAPORE PARTCIPATING FUND HERITAGE SGD,SELL,5113,2225.45,-
26-OCT-2023,AXISBANK,AXIS Bank Ltd,AIA INVESTMENT TRUST AIA SINGAPORE PARTCIPATING FUND HERITAGE SGD,SELL,5102,968.15,-
26-OCT-2023,HDFCBANK,HDFC Bank Ltd,AIA INVESTMENT TRUST AIA SINGAPORE PARTCIPATING FUND HERITAGE SGD,SELL,4664,1471.35,-
26-OCT-2023,TCS,Tata Consultancy Services Ltd,AIA INVESTMENT TRUST AIA SINGAPORE PARTICIPATING FUND HERITAGE USD,SELL,3998,3338.0,-
26-OCT-2023,LT,Larsen & Toubro Ltd,AIA INVESTMENT TRUST AIA SINGAPORE PARTICIPATING FUND HERITAGE USD,SELL,3763,2861.75,-
26-OCT-2023,HINDUNILVR,Hindustan Unilever Ltd,AIA INVESTMENT TRUST AIA SINGAPORE PARTCIPATING FUND HERITAGE SGD,SELL,3002,2479.95,-
26-OCT-2023,TITAN,Titan Company Ltd,AIA INVESTMENT TRUST AIA SINGAPORE PARTICIPATING FUND USD,SELL,2969,3124.8,-
26-OCT-2023,M&M,Mahindra & Mahindra Ltd,AIA INVESTMENT TRUST AIA SINGAPORE PARTCIPATING FUND HERITAGE SGD,SELL,2943,1505.6,-
26-OCT-2023,ULTRACEMCO,UltraTech Cement Ltd,AIA INVESTMENT TRUST AIA SINGAPORE PARTICIPATING FUND USD,SELL,2156,8182.95,-
26-OCT-2023,TCS,Tata Consultancy Services Ltd,AIA INVESTMENT TRUST AIA SINGAPORE PARTCIPATING FUND HERITAGE SGD,SELL,2075,3338.0,-
26-OCT-2023,LT,Larsen & Toubro Ltd,AIA INVESTMENT TRUST AIA SINGAPORE PARTCIPATING FUND HERITAGE SGD,SELL,2042,2861.75,-
26-OCT-2023,MARUTI,Maruti Suzuki India Ltd,AIA INVESTMENT TRUST AIA SINGAPORE PARTICIPATING FUND USD,SELL,1938,10439.5,-
26-OCT-2023,TITAN,Titan Company Ltd,AIA INVESTMENT TRUST AIA SINGAPORE PARTICIPATING FUND HERITAGE USD,SELL,1899,3124.8,-
26-OCT-2023,DRREDDY,Dr Reddys Laboratories Ltd,AIA INVESTMENT TRUST AIA SINGAPORE PARTICIPATING FUND USD,SELL,1551,5355.2,-
26-OCT-2023,ULTRACEMCO,UltraTech Cement Ltd,AIA INVESTMENT TRUST AIA SINGAPORE PARTICIPATING FUND HERITAGE USD,SELL,1393,8182.95,-
26-OCT-2023,MARUTI,Maruti Suzuki India Ltd,AIA INVESTMENT TRUST AIA SINGAPORE PARTICIPATING FUND HERITAGE USD,SELL,1192,10439.5,-
26-OCT-2023,TITAN,Titan Company Ltd,AIA INVESTMENT TRUST AIA SINGAPORE PARTCIPATING FUND HERITAGE SGD,SELL,1032,3124.8,-
26-OCT-2023,BAJFINANCE,Bajaj Finance Ltd,AIA INVESTMENT TRUST AIA SINGAPORE PARTICIPATING FUND USD,SELL,978,7442.3,-
26-OCT-2023,DRREDDY,Dr Reddys Laboratories Ltd,AIA INVESTMENT TRUST AIA SINGAPORE PARTICIPATING FUND HERITAGE USD,SELL,836,5355.2,-
26-OCT-2023,BAJFINANCE,Bajaj Finance Ltd,AIA INVESTMENT TRUST AIA SINGAPORE PARTICIPATING FUND HERITAGE USD,SELL,712,7442.3,-
26-OCT-2023,ULTRACEMCO,UltraTech Cement Ltd,AIA INVESTMENT TRUST AIA SINGAPORE PARTCIPATING FUND HERITAGE SGD,SELL,706,8182.95,-
26-OCT-2023,MARUTI,Maruti Suzuki India Ltd,AIA INVESTMENT TRUST AIA SINGAPORE PARTCIPATING FUND HERITAGE SGD,SELL,608,10439.5,-
26-OCT-2023,DRREDDY,Dr Reddys Laboratories Ltd,AIA INVESTMENT TRUST AIA SINGAPORE PARTCIPATING FUND HERITAGE SGD,SELL,428,5355.2,-
26-OCT-2023,BAJFINANCE,Bajaj Finance Ltd,AIA INVESTMENT TRUST AIA SINGAPORE PARTCIPATING FUND HERITAGE SGD,SELL,375,7442.3,-
31-OCT-2023,PPLPHARMA,Piramal Pharma Ltd,EAST BRIDGE CAPITAL MASTER FUND I LIMITED,BUY,33643099,102.8,-
31-OCT-2023,PPLPHARMA,Piramal Pharma Ltd,EAST BRIDGE CAPITAL MASTER FUND LIMITED,SELL,33643099,102.8,-
06-NOV-2023,STAR,Strides Pharma Science Ltd,BNP PARIBAS ARBITRAGE,BUY,949000,470.0,-
06-NOV-2023,STAR,Strides Pharma Science Ltd,PRONOMZ VENTURES LLP,SELL,949000,470.0,-
08-NOV-2023,GNRL,Gujarat Natural Resources Ltd,SNORD TRADING PRIVATE LIMITED,BUY,10000000,13.22,-
08-NOV-2023,GNRL,Gujarat Natural Resources Ltd,RAVI OMPRAKASH AGRAWAL,SELL,10000000,13.22,-
16-NOV-2023,ICICIBANK,ICICI Bank Ltd,AIA VCC - AIA ASIAN EQUITY FUND,BUY,309000,939.2,-
16-NOV-2023,ICICIBANK,ICICI Bank Ltd,AIA INTERNATIONAL LIMITED,SELL,309000,939.2,-
16-NOV-2023,INFY,Infosys Ltd,AIA INTERNATIONAL LIMITED,SELL,202344,1449.65,-
16-NOV-2023,INFY,Infosys Ltd,AIA VCC - AIA ASIAN EQUITY FUND,BUY,202344,1449.65,-
16-NOV-2023,BHARTIARTL,Bharti Airtel Ltd,AIA VCC - AIA ASIAN EQUITY FUND,BUY,181777,950.85,-
16-NOV-2023,BHARTIARTL,Bharti Airtel Ltd,AIA INTERNATIONAL LIMITED,SELL,181777,950.85,-
16-NOV-2023,RELIANCE,Reliance Industries Ltd,AIA INTERNATIONAL LIMITED,SELL,148831,2365.75,-
16-NOV-2023,RELIANCE,Reliance Industries Ltd,AIA VCC - AIA ASIAN EQUITY FUND,BUY,148831,2365.75,-
16-NOV-2023,AXISBANK,AXIS Bank Ltd,AIA VCC - AIA ASIAN EQUITY FUND,BUY,134781,1033.35,-
16-NOV-2023,AXISBANK,AXIS Bank Ltd,AIA INTERNATIONAL LIMITED,SELL,134781,1033.35,-
16-NOV-2023,HDFCBANK,HDFC Bank Ltd,AIA INTERNATIONAL LIMITED,SELL,127338,1515.0,-
16-NOV-2023,HDFCBANK,HDFC Bank Ltd,AIA VCC - AIA ASIAN EQUITY FUND,BUY,127338,1515.0,-
16-NOV-2023,HINDUNILVR,Hindustan Unilever Ltd,AIA INTERNATIONAL LIMITED,SELL,97273,2490.25,-
16-NOV-2023,HINDUNILVR,Hindustan Unilever Ltd,AIA VCC - AIA ASIAN EQUITY FUND,BUY,97273,2490.25,-
16-NOV-2023,M&M,Mahindra & Mahindra Ltd,AIA INTERNATIONAL LIMITED,SELL,78088,1566.2,-
16-NOV-2023,M&M,Mahindra & Mahindra Ltd,AIA VCC - AIA ASIAN EQUITY FUND,BUY,78088,1566.2,-
16-NOV-2023,TCS,Tata Consultancy Services Ltd,AIA INTERNATIONAL LIMITED,SELL,59989,3514.8,-
16-NOV-2023,TCS,Tata Consultancy Services Ltd,AIA VCC - AIA ASIAN EQUITY FUND,BUY,59989,3514.8,-
16-NOV-2023,LT,Larsen & Toubro Ltd,AIA INTERNATIONAL LIMITED,SELL,55073,3056.5,-
16-NOV-2023,LT,Larsen & Toubro Ltd,AIA VCC - AIA ASIAN EQUITY FUND,BUY,55073,3056.5,-
16-NOV-2023,APOLLOHOSP,Apollo Hospitals Enterprise Ltd,AIA INTERNATIONAL LIMITED,SELL,22091,5311.25,-
16-NOV-2023,APOLLOHOSP,Apollo Hospitals Enterprise Ltd,AIA VCC - AIA ASIAN EQUITY FUND,BUY,22091,5311.25,-
16-NOV-2023,ULTRACEMCO,UltraTech Cement Ltd,AIA INTERNATIONAL LIMITED,SELL,19568,8790.0,-
16-NOV-2023,ULTRACEMCO,UltraTech Cement Ltd,AIA VCC - AIA ASIAN EQUITY FUND,BUY,19568,8790.0,-
16-NOV-2023,MARUTI,Maruti Suzuki India Ltd,AIA INTERNATIONAL LIMITED,SELL,18875,10507.15,-
16-NOV-2023,MARUTI,Maruti Suzuki India Ltd,AIA VCC - AIA ASIAN EQUITY FUND,BUY,18875,10507.15,-
16-NOV-2023,BAJFINANCE,Bajaj Finance Ltd,AIA VCC - AIA ASIAN EQUITY FUND,BUY,15139,7293.25,-
16-NOV-2023,BAJFINANCE,Bajaj Finance Ltd,AIA INTERNATIONAL LIMITED,SELL,15139,7293.25,-
20-NOV-2023,DIAMONDYD,Prataap Snacks Ltd,CHARTERED FINANCE AND LEASI NG LIMITED,BUY,435000,805.05,-
20-NOV-2023,DIAMONDYD,Prataap Snacks Ltd,COHESION MK BEST IDEAS SUB-TRUST,BUY,435000,805.05,-
20-NOV-2023,DIAMONDYD,Prataap Snacks Ltd,NAVEEN KUMAR  MEHTA,SELL,435000,805.05,-
20-NOV-2023,DIAMONDYD,Prataap Snacks Ltd,ARUN KUMAR  MEHTA,SELL,435000,805.05,-
20-NOV-2023,DIAMONDYD,Prataap Snacks Ltd,COHESION MK BEST IDEAS SUB-TRUST,BUY,233000,805.05,-
20-NOV-2023,DIAMONDYD,Prataap Snacks Ltd,KANTA  MEHTA,SELL,233000,805.05,-
20-NOV-2023,DIAMONDYD,Prataap Snacks Ltd,ARVIND KUMAR MEHTA,SELL,197000,805.05,-
20-NOV-2023,DIAMONDYD,Prataap Snacks Ltd,CHARTERED FINANCE AND LEASI NG LIMITED,BUY,197000,805.05,-
23-NOV-2023,WPIL,WPIL Ltd,HINDUSTHAN UDYOG LTD,BUY,61000,3150.0,-
23-NOV-2023,WPIL,WPIL Ltd,V N ENTERPRISES LIMITED,SELL,61000,3150.0,-
29-NOV-2023,ETERNAL,Eternal Ltd,ALIPAY SINGAPORE HOLDING PTE. LTD.,SELL,43973993,112.7,-
29-NOV-2023,ETERNAL,Eternal Ltd,MORGAN STANLEY ASIA (SINGAPORE) PTE.,BUY,43973993,112.7,-
29-NOV-2023,ETERNAL,Eternal Ltd,ALIPAY SINGAPORE HOLDING PTE. LTD.,SELL,37000000,112.7,-
29-NOV-2023,ETERNAL,Eternal Ltd,GOVERNMENT OF SINGAPORE,BUY,33178232,112.7,-
29-NOV-2023,ETERNAL,Eternal Ltd,ALIPAY SINGAPORE HOLDING PTE. LTD.,SELL,23000000,112.7,-
29-NOV-2023,ETERNAL,Eternal Ltd,MORGAN STANLEY INVESTMENT FUNDS ASIA OPPORTUNITY FUND,BUY,19469356,112.7,-
29-NOV-2023,ETERNAL,Eternal Ltd,SOCIETE GENERALE,BUY,17700000,112.7,-
29-NOV-2023,ETERNAL,Eternal Ltd,SOCIETE GENERALE,BUY,17700000,112.7,-
29-NOV-2023,ETERNAL,Eternal Ltd,ALIPAY SINGAPORE HOLDING PTE. LTD.,SELL,17700000,112.7,-
29-NOV-2023,ETERNAL,Eternal Ltd,ALIPAY SINGAPORE HOLDING PTE. LTD.,SELL,17700000,112.7,-
29-NOV-2023,ETERNAL,Eternal Ltd,ALIPAY SINGAPORE HOLDING PTE. LTD.,SELL,17463003,112.7,-
29-NOV-2023,ETERNAL,Eternal Ltd,BIRLA MUTUAL FUND,BUY,17463003,112.7,-
29-NOV-2023,ETERNAL,Eternal Ltd,BOFA SECURITIES EUROPE SA,BUY,13000000,112.7,-
29-NOV-2023,ETERNAL,Eternal Ltd,ALIPAY SINGAPORE HOLDING PTE. LTD.,SELL,13000000,112.7,-
29-NOV-2023,ETERNAL,Eternal Ltd,ALIPAY SINGAPORE HOLDING PTE. LTD.,SELL,12500000,112.7,-
29-NOV-2023,ETERNAL,Eternal Ltd,ALIPAY SINGAPORE HOLDING PTE. LTD.,SELL,12500000,112.7,-
29-NOV-2023,ETERNAL,Eternal Ltd,ALIPAY SINGAPORE HOLDING PTE. LTD.,SELL,12000000,112.7,-
29-NOV-2023,ETERNAL,Eternal Ltd,KOTAK MAHINDRA MATUAL FUND,BUY,12000000,112.7,-
29-NOV-2023,ETERNAL,Eternal Ltd,ALIPAY SINGAPORE HOLDING PTE. LTD.,SELL,12000000,112.7,-
29-NOV-2023,ETERNAL,Eternal Ltd,GOLDMAN SACHS (SINGAPORE) PTE.,BUY,10900000,112.7,-
29-NOV-2023,ETERNAL,Eternal Ltd,ALIPAY SINGAPORE HOLDING PTE. LTD.,SELL,10900000,112.7,-
29-NOV-2023,ETERNAL,Eternal Ltd,ALIPAY SINGAPORE HOLDING PTE. LTD.,SELL,10500000,112.7,-
29-NOV-2023,ETERNAL,Eternal Ltd,GHISALLO MASTER FUND LP,BUY,10000000,112.7,-
29-NOV-2023,ETERNAL,Eternal Ltd,ALIPAY SINGAPORE HOLDING PTE. LTD.,SELL,10000000,112.7,-
29-NOV-2023,ETERNAL,Eternal Ltd,FIDELITY INVESTMENT TRUST FIDELITY SERIES EMERGING MARKETS FUND,BUY,6073500,112.7,-
29-NOV-2023,ETERNAL,Eternal Ltd,MAX LIFE INSURANCE COMPANY LIMITED,BUY,5687500,112.7,-
29-NOV-2023,ETERNAL,Eternal Ltd,NORGES BANK ON ACCOUNT OF GOVERNMENT PETROLEUM FUND,BUY,5000000,112.7,-
29-NOV-2023,ETERNAL,Eternal Ltd,ALIPAY SINGAPORE HOLDING PTE. LTD.,SELL,5000000,112.7,-
29-NOV-2023,ETERNAL,Eternal Ltd,ALIPAY SINGAPORE HOLDING PTE. LTD.,SELL,5000000,112.7,-
29-NOV-2023,ETERNAL,Eternal Ltd,GOVERNMENT PENSION FUND GLOBAL,BUY,5000000,112.7,-
29-NOV-2023,ETERNAL,Eternal Ltd,ALIPAY SINGAPORE HOLDING PTE. LTD.,SELL,5000000,112.7,-
29-NOV-2023,ETERNAL,Eternal Ltd,ALIPAY SINGAPORE HOLDING PTE. LTD.,SELL,5000000,112.7,-
29-NOV-2023,ETERNAL,Eternal Ltd,VERITAS FUNDS PLC ON BEHALF OF VERITAS ASIAN FUND,BUY,4924274,112.7,-
29-NOV-2023,ETERNAL,Eternal Ltd,VERITAS FUNDS PLC ON BEHALF OF VERITAS ASIAN FUND,BUY,4924274,112.7,-
29-NOV-2023,ETERNAL,Eternal Ltd,ALIPAY SINGAPORE HOLDING PTE. LTD.,SELL,4536997,112.7,-
29-NOV-2023,ETERNAL,Eternal Ltd,INDIA ACORN ICAV,BUY,4209718,112.7,-
29-NOV-2023,ETERNAL,Eternal Ltd,MONETARY AUTHORITY OF SINGAPORE,BUY,3821768,112.7,-
29-NOV-2023,ETERNAL,Eternal Ltd,FIDELITY INVESTMENT TRUST- FIDELITY SERIES EMERGING MARKETS FUND,BUY,3386800,112.7,-
29-NOV-2023,ETERNAL,Eternal Ltd,ABU DHABI INVESTMENT AUTHORITY,BUY,3307981,112.7,-
29-NOV-2023,ETERNAL,Eternal Ltd,MAX LIFE INSURANCE COMPANY LIMITED,BUY,2625000,112.7,-
29-NOV-2023,ETERNAL,Eternal Ltd,TCSBL ATF DEVELOPING COUNTRIES HIGH-QUALITY GROWTH EQUITY FUND,BUY,2571853,112.7,-
29-NOV-2023,ETERNAL,Eternal Ltd,FIDELITY INVESTMENT TRUST FIDELITY SERIES EMERGING MARKETS OPPOR FUND,BUY,2463700,112.7,-
29-NOV-2023,ETERNAL,Eternal Ltd,ALIPAY SINGAPORE HOLDING PTE. LTD.,SELL,2450000,112.7,-
29-NOV-2023,ETERNAL,Eternal Ltd,ICICI PRUDENTIAL LIFE INSURANCE COMPANY LIMITED,BUY,2450000,112.7,-
29-NOV-2023,ETERNAL,Eternal Ltd,ALIPAY SINGAPORE HOLDING PTE. LTD.,SELL,2450000,112.7,-
29-NOV-2023,ETERNAL,Eternal Ltd,ICICI PRUDENTIAL LIFE INSURANCE COMPANY LIMITED,BUY,2450000,112.7,-
29-NOV-2023,ETERNAL,Eternal Ltd,FIDELITY RUTLAND SQUARE TRUST II STRATEGIC ADVISERS FID EMG MARKETS FUND,BUY,2178400,112.7,-
29-NOV-2023,ETERNAL,Eternal Ltd,ALIPAY SINGAPORE HOLDING PTE. LTD.,SELL,1950000,112.7,-
29-NOV-2023,ETERNAL,Eternal Ltd,KADENSA MASTER FUND,BUY,1950000,112.7,-
29-NOV-2023,ETERNAL,Eternal Ltd,RELIALNCE CAPITAL MUTUAL FUND,BUY,1950000,112.7,-
29-NOV-2023,ETERNAL,Eternal Ltd,MORGAN STANLEY ASIA (SINGAPORE) PTE.,BUY,1950000,112.7,-
29-NOV-2023,ETERNAL,Eternal Ltd,ALIPAY SINGAPORE HOLDING PTE. LTD.,SELL,1950000,112.7,-
29-NOV-2023,ETERNAL,Eternal Ltd,ALIPAY SINGAPORE HOLDING PTE. LTD.,SELL,1950000,112.7,-
29-NOV-2023,ETERNAL,Eternal Ltd,ALIPAY SINGAPORE HOLDING PTE. LTD.,SELL,1950000,112.7,-
29-NOV-2023,ETERNAL,Eternal Ltd,ALIPAY SINGAPORE HOLDING PTE. LTD.,SELL,1700000,112.7,-
29-NOV-2023,ETERNAL,Eternal Ltd,ALIPAY SINGAPORE HOLDING PTE. LTD.,SELL,1700000,112.7,-
29-NOV-2023,ETERNAL,Eternal Ltd,FRANKLIN TEMPLETON MUTUAL FUND,BUY,1700000,112.7,-
29-NOV-2023,ETERNAL,Eternal Ltd,ALIPAY SINGAPORE HOLDING PTE. LTD.,SELL,1700000,112.7,-
29-NOV-2023,ETERNAL,Eternal Ltd,ALIPAY SINGAPORE HOLDING PTE. LTD.,SELL,1700000,112.7,-
29-NOV-2023,ETERNAL,Eternal Ltd,FRANKLIN TEMPLETON MUTUAL FUND,BUY,1700000,112.7,-
29-NOV-2023,ETERNAL,Eternal Ltd,FGTFEBP:FIAM EMERGING MARKETS OPPORTUNITIES COMMINGLED POOL,BUY,1604600,112.7,-
29-NOV-2023,ETERNAL,Eternal Ltd,NIPPON INDIA MUTUAL FUND,BUY,1570000,112.7,-
29-NOV-2023,ETERNAL,Eternal Ltd,ADITYA BIRLA SUN LIFE MUTUAL FUND,BUY,1504630,112.7,-
29-NOV-2023,ETERNAL,Eternal Ltd,FGTFEBP FIAM SELECT EMERGING MARKETS EQUITY COMMINGLED POOL,BUY,1499300,112.7,-
29-NOV-2023,ETERNAL,Eternal Ltd,FIDELITY INVESTMENT TRUST FIDELITY SERIES EMERGING MARKETS FUND,BUY,1477100,112.7,-
29-NOV-2023,ETERNAL,Eternal Ltd,AL MEHWAR COMMERCIAL INVESTMENTS L.L.C.,BUY,1355640,112.7,-
29-NOV-2023,ETERNAL,Eternal Ltd,MAX LIFE INSURANCE COMPANY LIMITED,BUY,1312500,112.7,-
29-NOV-2023,ETERNAL,Eternal Ltd,INDIA ACORN FUND LTD,BUY,1208592,112.7,-
29-NOV-2023,ETERNAL,Eternal Ltd,ADITYA BIRLA SUN LIFE MUTUAL FUND,BUY,1042372,112.7,-
29-NOV-2023,ETERNAL,Eternal Ltd,ASHOKA INDIA EQUITY INVESTMENT TRUST PLC,BUY,957941,112.7,-
29-NOV-2023,ETERNAL,Eternal Ltd,FIDELITY RUTLAND SQUARE TRUST II STRATEGIC ADVISERS FID EMG MARKETS FUND,BUY,950100,112.7,-
29-NOV-2023,ETERNAL,Eternal Ltd,FIDELITY RUTLAND SQUARE TRUST II: STRATEGIC ADVISERS EMERGING MARKETS FUND AS MANAGED BY FIAM LLC,BUY,915000,112.7,-
29-NOV-2023,ETERNAL,Eternal Ltd,TARA EMERGING ASIA LIQUID FUND,BUY,900000,112.7,-
29-NOV-2023,ETERNAL,Eternal Ltd,ALIPAY SINGAPORE HOLDING PTE. LTD.,SELL,900000,112.7,-
29-NOV-2023,ETERNAL,Eternal Ltd,ALIPAY SINGAPORE HOLDING PTE. LTD.,SELL,900000,112.7,-
29-NOV-2023,ETERNAL,Eternal Ltd,MAX LIFE INSURANCE COMPANY LIMITED,BUY,875000,112.7,-
29-NOV-2023,ETERNAL,Eternal Ltd,ADITYA BIRLA SUN LIFE MUTUAL FUND,BUY,820707,112.7,-
29-NOV-2023,ETERNAL,Eternal Ltd,FGTFEBP:FIAM EMERGING MARKETS OPPORTUNITIES COMMINGLED POOL,BUY,714500,112.7,-
29-NOV-2023,ETERNAL,Eternal Ltd,PRMS GRP TRST FOR EMPLEE BNFT PLNS:PRMS SLCT EMG MKTS EQUITY COMMINGLEDPOOL,BUY,653900,112.7,-
29-NOV-2023,ETERNAL,Eternal Ltd,FIDELITY CENT INVST PORT LLC FIDELITY EMERGING MARKETS EQUITY CENTRAL FUND,BUY,616500,112.7,-
29-NOV-2023,ETERNAL,Eternal Ltd,VANGUARD EMERGING MARKETS STOCK INDEX FUND A SERIES OF VIEIF,BUY,608647,112.7,-
29-NOV-2023,ETERNAL,Eternal Ltd,"VANGUARD EMERGING MARKETS STOCK INDEX FUND, A SERIES OF VANGUARD INTERNATIONAL EQUITY INDEX FUNDS",BUY,608647,112.7,-
29-NOV-2023,ETERNAL,Eternal Ltd,VANGUARD TOTAL INTERNATIONAL STOCK INDEX FUND,BUY,604939,112.7,-
29-NOV-2023,ETERNAL,Eternal Ltd,VANGUARD TOTAL INTERNATIONAL STOCK INDEX FUND,BUY,604939,112.7,-
29-NOV-2023,ETERNAL,Eternal Ltd,CAISSE DE DEPOT ET PLACEMENT DU QUEBEC,BUY,576648,112.7,-
29-NOV-2023,ETERNAL,Eternal Ltd,MORGAN STANLEY INVESTMENT FUNDS DEVELOPING OPPORTUNITY FUND,BUY,552690,112.7,-
29-NOV-2023,ETERNAL,Eternal Ltd,ADITYA BIRLA SUN LIFE MUTUAL FUND,BUY,478746,112.7,-
29-NOV-2023,ETERNAL,Eternal Ltd,FIDELITY RUTLAND SQUARE TRUST II:STRATEGIC ADVISERS EMERGING MARKETS FUND,BUY,399100,112.7,-
29-NOV-2023,ETERNAL,Eternal Ltd,INVESTERINGSFORENINGEN DANSKE INVEST NYE MARKEDER KL,BUY,387900,112.7,-
29-NOV-2023,ETERNAL,Eternal Ltd,ABS DIRECT EQUITY FUND LLC - INDIA SERIES 1,BUY,383480,112.7,-
29-NOV-2023,ETERNAL,Eternal Ltd,NIPPON INDIA MUTUAL FUND,BUY,380000,112.7,-
29-NOV-2023,ETERNAL,Eternal Ltd,MOUNT HATTON INVESTMENTS LIMITED,BUY,302856,112.7,-
29-NOV-2023,ETERNAL,Eternal Ltd,VFTC - INSTITUTIONAL TOTAL INTERNATIONAL STOCK MARKET INDEX TRUST II,BUY,287572,112.7,-
29-NOV-2023,ETERNAL,Eternal Ltd,VFTC - INSTITUTIONAL TOTAL INTERNATIONAL STOCK MARKET INDEX TRUST II,BUY,287572,112.7,-
29-NOV-2023,ETERNAL,Eternal Ltd,ADITYA BIRLA SUN LIFE MUTUAL FUND,BUY,280188,112.7,-
29-NOV-2023,ETERNAL,Eternal Ltd,FIDELITY CENTRAL INVESTMENTS PORTFOLIO LLC : FIDELITY EMERGING MARKETS EQUITY CENTRAL FUND,BUY,271700,112.7,-
29-NOV-2023,ETERNAL,Eternal Ltd,AROHI EMERGING INDIA MASTER FUND,BUY,269200,112.7,-
29-NOV-2023,ETERNAL,Eternal Ltd,AROHI EMERGING ASIA MASTER FUND,BUY,252900,112.7,-
29-NOV-2023,ETERNAL,Eternal Ltd,INVESTERINGSFORENINGEN DANSKE INVEST NYE MARKEDER-AKKUMULERENDE KL,BUY,218000,112.7,-
29-NOV-2023,ETERNAL,Eternal Ltd,"FIAM SELECT EMERGING MARKETS EQUITY FUND,LP",BUY,205800,112.7,-
29-NOV-2023,ETERNAL,Eternal Ltd,ADITYA BIRLA SUN LIFE MUTUAL FUND,BUY,205177,112.7,-
29-NOV-2023,ETERNAL,Eternal Ltd,ADITYA BIRLA SUN LIFE MUTUAL FUND,BUY,205177,112.7,-
29-NOV-2023,ETERNAL,Eternal Ltd,ONTARIO TEACHERS PENSION PLAN BOARD,BUY,186700,112.7,-
29-NOV-2023,ETERNAL,Eternal Ltd,INVESTERINGSFORENINGEN DANSKE INVEST NYE MARKEDER KL,BUY,169200,112.7,-
29-NOV-2023,ETERNAL,Eternal Ltd,FIDELITY EMERGING MARKETS EQUITY INVESTMENT TRUST,BUY,163900,112.7,-
29-NOV-2023,ETERNAL,Eternal Ltd,FIDELITY EMERGING MARKETS OPPORTUNITIES INSTITUTIONAL TRUST,BUY,117800,112.7,-
29-NOV-2023,ETERNAL,Eternal Ltd,"BBH WEALTH STRATEGIES, LLC - AROHI EMERGING ASIA SERIES",BUY,105800,112.7,-
29-NOV-2023,ETERNAL,Eternal Ltd,MORGAN STANLEY FUNDS (UK) - DEVELOPING OPPORTUNITY FUND,BUY,102738,112.7,-
29-NOV-2023,ETERNAL,Eternal Ltd,INVESTERINGSFORENINGEN DANSKE INVEST NYE MARKEDER-AKKUMULERENDE KL,BUY,95100,112.7,-
29-NOV-2023,ETERNAL,Eternal Ltd,FIAM SELECT EMERGING MARKETS EQUITY FUNDLP,BUY,89700,112.7,-
29-NOV-2023,ETERNAL,Eternal Ltd,"VANGUARD FTSE ALL-WORLD EX-US INDEX FUND, A SERIES OF VANGUARD INTERNATIONAL EQUITY INDEX FUNDS",BUY,89261,112.7,-
29-NOV-2023,ETERNAL,Eternal Ltd,VANGUARD FTSE ALL WORLD EX US FUND A SERIES OF VIEIF,BUY,89261,112.7,-
29-NOV-2023,ETERNAL,Eternal Ltd,FIDELITY SELECT EMERGING MARKETS EQUITY INSTITUTIONAL TRUST,BUY,87500,112.7,-
29-NOV-2023,ETERNAL,Eternal Ltd,GOVERNMENT OF SINGAPORE,BUY,85400,112.7,-
29-NOV-2023,ETERNAL,Eternal Ltd,AMG VERITAS ASIA PACIFIC FUND,BUY,75726,112.7,-
29-NOV-2023,ETERNAL,Eternal Ltd,AMG VERITAS ASIA PACIFIC FUND,BUY,75726,112.7,-
29-NOV-2023,ETERNAL,Eternal Ltd,FIDELITY EMERGING MARKETS EQUITY MULTI-ASSET BASE FUND,BUY,70300,112.7,-
29-NOV-2023,WPIL,WPIL Ltd,HINDUSTHAN UDYOG LTD,BUY,63000,3111.0,-
29-NOV-2023,WPIL,WPIL Ltd,V N ENTERPRISES LIMITED,SELL,63000,3111.0,-
29-NOV-2023,ETERNAL,Eternal Ltd,FIDELITY EMERGING MARKETS OPPORTUNITIES INSTITUTIONAL TRUST,BUY,58500,112.7,-
29-NOV-2023,ETERNAL,Eternal Ltd,VFTC - INSTITUTIONAL TOTAL INTERNATIONAL STOCK MARKET INDEX TRUST,BUY,38974,112.7,-
29-NOV-2023,ETERNAL,Eternal Ltd,VFTC - INSTITUTIONAL TOTAL INTERNATIONAL STOCK MARKET INDEX TRUST,BUY,38974,112.7,-
29-NOV-2023,ETERNAL,Eternal Ltd,PYRAMIS SELECT EMERGING MARKETS EQUITY TRUST,BUY,38200,112.7,-
29-NOV-2023,ETERNAL,Eternal Ltd,FIDELITY INVESTMENT TRUST FIDELITY TOTAL EMERGING MARKETS FUND,BUY,35300,112.7,-
29-NOV-2023,ETERNAL,Eternal Ltd,VANGUARD TOTAL WORLD STOCK INDEX FUND,BUY,24607,112.7,-
29-NOV-2023,ETERNAL,Eternal Ltd,VANGUARD TOTAL WORLD STOCK INDEX FUND,BUY,24607,112.7,-
29-NOV-2023,ETERNAL,Eternal Ltd,FIDELITY INSTITUTIONAL FUNDS ICVC - SELECT EMERGING MARKETS EQUITIES FUND,BUY,19800,112.7,-
29-NOV-2023,ETERNAL,Eternal Ltd,VANGUARD FUNDS PUBLIC LIMITED COMPANY VANGUARD FTSE EMERGING MARKETS ETF,BUY,18405,112.7,-
29-NOV-2023,ETERNAL,Eternal Ltd,VANGUARD FUNDS PUBLIC LIMITED COMPANY - VANGUARD FTSE EMERGING MARKETS UCITS ETF,BUY,18405,112.7,-
29-NOV-2023,ETERNAL,Eternal Ltd,FIDELITYINVESTMENTTRUSTFIDELITYTOTALEMERGINGMARKETSFUND,BUY,13300,112.7,-
29-NOV-2023,ETERNAL,Eternal Ltd,VANGUARD FUNDS PUBLIC LIMITED COMPANY VANGUARD FTSE ALL WORLD ETF,BUY,12480,112.7,-
29-NOV-2023,ETERNAL,Eternal Ltd,VANGUARD FUNDS PUBLIC LIMITED COMPANY VANGUARD FTSE ALL WORLD ETF,BUY,12480,112.7,-
29-NOV-2023,ETERNAL,Eternal Ltd,FIDELITY INSTITUTIONAL FUNDS ICVC SELECT EMERGING MARKETS EQUITIES FUND,BUY,8600,112.7,-
29-NOV-2023,ETERNAL,Eternal Ltd,VANGUARD ESG INTERNATIONAL STOCK ETF,BUY,7379,112.7,-
29-NOV-2023,ETERNAL,Eternal Ltd,VANGUARD ESG INTERNATIONAL STOCK ETF,BUY,7379,112.7,-
29-NOV-2023,ETERNAL,Eternal Ltd,FIDELITY INVESTMENT TR FIDELITY SAI SUSTAINABLE EMERGING MARKETS EQUITY FD,BUY,5800,112.7,-
29-NOV-2023,ETERNAL,Eternal Ltd,VIS PLC - VANGUARD ESG EMERGING MARKETS ALL CAP EQUITY INDEX FUND,BUY,4299,112.7,-
29-NOV-2023,ETERNAL,Eternal Ltd,VIS PLC - VANGUARD ESG EMERGING MARKETS ALL CAP EQUITY INDEX FUND,BUY,4299,112.7,-
29-NOV-2023,ETERNAL,Eternal Ltd,FIDELITY INVESTMENT TRUST FIDELITY SUSTAINABLE EMERGING MARKETS EQUITY FUND,BUY,3700,112.7,-
29-NOV-2023,ETERNAL,Eternal Ltd,FIDELITY INVESTMENT TRUST FIDELITY SUSTAINABLE EMERGING MARKETS EQUITY FUND,BUY,3700,112.7,-
29-NOV-2023,ETERNAL,Eternal Ltd,FIDELITY INVESTMENT TR FIDELITY SAI SUSTAINABLE EMERGING MARKETS EQUITY FD,BUY,3700,112.7,-
29-NOV-2023,ETERNAL,Eternal Ltd,VANGUARD INVESTMENTS FUNDS ICVC - VANGUARD FTSE GLOBAL ALL CAP INDEX FUND,BUY,1943,112.7,-
29-NOV-2023,ETERNAL,Eternal Ltd,VANGUARD INVESTMENTS FUNDS ICVC-VANGUARD FTSE GLOBAL ALL CAP INDEX FUND,BUY,1943,112.7,-
29-NOV-2023,ETERNAL,Eternal Ltd,VANGUARD ASIA EX JAPAN SHARES INDEX FUND,BUY,1494,112.7,-
29-NOV-2023,ETERNAL,Eternal Ltd,VANGUARD ASIA EX JAPAN SHARES INDEX FUND,BUY,1494,112.7,-
29-NOV-2023,ETERNAL,Eternal Ltd,MORGAN STANLEY INVESTMENT FUNDS COUNTERPOINT GLOBAL FUND,BUY,507,112.7,-
01-DEC-2023,WPIL,WPIL Ltd,HINDUSTHAN UDYOG LTD,BUY,51000,3070.0,-
01-DEC-2023,WPIL,WPIL Ltd,V N ENTERPRISES LIMITED,SELL,51000,3070.0,-
04-DEC-2023,CAMS,Computer Age Management Services Ltd,GREAT TERRAIN INVESTMENT LTD,SELL,2317000,2766.0,-
04-DEC-2023,CAMS,Computer Age Management Services Ltd,INDIA ACORN ICAV,BUY,1105050,2766.0,-
04-DEC-2023,CAMS,Computer Age Management Services Ltd,GREAT TERRAIN INVESTMENT LTD,SELL,831000,2766.0,-
04-DEC-2023,CAMS,Computer Age Management Services Ltd,GREAT TERRAIN INVESTMENT LTD,SELL,752000,2766.0,-
04-DEC-2023,CAMS,Computer Age Management Services Ltd,SOCIETE GENERALE,BUY,752000,2766.0,-
04-DEC-2023,CAMS,Computer Age Management Services Ltd,GREAT TERRAIN INVESTMENT LTD,SELL,614000,2766.0,-
04-DEC-2023,CAMS,Computer Age Management Services Ltd,GREAT TERRAIN INVESTMENT LTD,SELL,542000,2766.0,-
04-DEC-2023,CAMS,Computer Age Management Services Ltd,ABU DHABI INVESTMENT AUTHORITY,BUY,490000,2766.0,-
04-DEC-2023,CAMS,Computer Age Management Services Ltd,GREAT TERRAIN INVESTMENT LTD,SELL,488000,2766.0,-
04-DEC-2023,CAMS,Computer Age Management Services Ltd,KOTAK MAHINDRA MUTUAL FUND,BUY,488000,2766.0,-
04-DEC-2023,CAMS,Computer Age Management Services Ltd,GREAT TERRAIN INVESTMENT LTD,SELL,459000,2766.0,-
04-DEC-2023,CAMS,Computer Age Management Services Ltd,SOCIETE GENERALE,BUY,459000,2766.0,-
04-DEC-2023,CAMS,Computer Age Management Services Ltd,GREAT TERRAIN INVESTMENT LTD,SELL,442000,2766.0,-
04-DEC-2023,CAMS,Computer Age Management Services Ltd,MORGAN STANLEY ASIA SINGAPORE PTE,BUY,442000,2766.0,-
04-DEC-2023,CAMS,Computer Age Management Services Ltd,SUNDARAM BNP PARIBAS SELECT MIDCAP,BUY,390070,2766.0,-
04-DEC-2023,CAMS,Computer Age Management Services Ltd,GREAT TERRAIN INVESTMENT LTD,SELL,330000,2766.0,-
04-DEC-2023,CAMS,Computer Age Management Services Ltd,GREAT TERRAIN INVESTMENT LTD,SELL,321000,2766.0,-
04-DEC-2023,CAMS,Computer Age Management Services Ltd,IIFL MUTUAL FUND,BUY,302950,2766.0,-
04-DEC-2023,CAMS,Computer Age Management Services Ltd,GREAT TERRAIN INVESTMENT LTD,SELL,300000,2766.0,-
04-DEC-2023,CAMS,Computer Age Management Services Ltd,GOLDMAN SACHS (SINGAPORE) PTE,BUY,300000,2766.0,-
04-DEC-2023,CAMS,Computer Age Management Services Ltd,BIRLA SUN LIFE MUTUAL FUND,BUY,268900,2766.0,-
04-DEC-2023,CAMS,Computer Age Management Services Ltd,GREAT TERRAIN INVESTMENT LTD,SELL,261500,2766.0,-
04-DEC-2023,CAMS,Computer Age Management Services Ltd,GREAT TERRAIN INVESTMENT LTD,SELL,253000,2766.0,-
04-DEC-2023,CAMS,Computer Age Management Services Ltd,UTI MID CAP FUND,BUY,252500,2766.0,-
04-DEC-2023,CAMS,Computer Age Management Services Ltd,GREAT TERRAIN INVESTMENT LTD,SELL,247500,2766.0,-
04-DEC-2023,CAMS,Computer Age Management Services Ltd,WHITE OAK INDIA EQUITY FUND II,BUY,247500,2766.0,-
04-DEC-2023,CAMS,Computer Age Management Services Ltd,BIRLA SUN LIFE MUTUAL FUND,BUY,180734,2766.0,-
04-DEC-2023,CAMS,Computer Age Management Services Ltd,BAJAJ ALLIANZ LIFE INSURANCE COMPANY LIMITED,BUY,180000,2766.0,-
04-DEC-2023,CAMS,Computer Age Management Services Ltd,ASHOKA INDIA EQUITY INVESTMENT TRUST PLC,BUY,180000,2766.0,-
04-DEC-2023,CAMS,Computer Age Management Services Ltd,BANDHAN MUTUAL FUND,BUY,175000,2766.0,-
04-DEC-2023,CAMS,Computer Age Management Services Ltd,WHITE OAK CAPITAL MANAGEMENT CONSULTANTS LLP,BUY,172940,2766.0,-
04-DEC-2023,CAMS,Computer Age Management Services Ltd,GREAT TERRAIN INVESTMENT LTD,SELL,172940,2766.0,-
04-DEC-2023,CAMS,Computer Age Management Services Ltd,AL MEHWAR COMMERCIAL INVESTMENTS LLC,BUY,171000,2766.0,-
04-DEC-2023,CAMS,Computer Age Management Services Ltd,WHITEOAK CAPITAL MUTUAL FUND,BUY,165500,2766.0,-
04-DEC-2023,CAMS,Computer Age Management Services Ltd,AXIS MUTUAL FUND,BUY,144000,2766.0,-
04-DEC-2023,CAMS,Computer Age Management Services Ltd,GREAT TERRAIN INVESTMENT LTD,SELL,115000,2766.0,-
04-DEC-2023,CAMS,Computer Age Management Services Ltd,GREAT TERRAIN INVESTMENT LTD,SELL,115000,2766.0,-
04-DEC-2023,CAMS,Computer Age Management Services Ltd,CITIGROUP GLOBAL MARKETS MAURITIUS PRIVATE LIMITED,BUY,115000,2766.0,-
04-DEC-2023,CAMS,Computer Age Management Services Ltd,GOLDMAN SACHS INVESTMENTS MAURITIUS I LIMITED,BUY,115000,2766.0,-
04-DEC-2023,CAMS,Computer Age Management Services Ltd,GREAT TERRAIN INVESTMENT LTD,SELL,112893,2766.0,-
04-DEC-2023,CAMS,Computer Age Management Services Ltd,WHITE OAK CAPITAL MANAGEMENT CONSULTANTS LLP,BUY,112893,2766.0,-
04-DEC-2023,CAMS,Computer Age Management Services Ltd,INDIA ACORN FUND LTD,BUY,105000,2766.0,-
04-DEC-2023,CAMS,Computer Age Management Services Ltd,SUNDARAM MUTUAL FUND,BUY,97518,2766.0,-
04-DEC-2023,CAMS,Computer Age Management Services Ltd,FS INV ICVC STEWART INVESTORS ASIA PACIFIC FUND,BUY,96000,2766.0,-
04-DEC-2023,CAMS,Computer Age Management Services Ltd,GREAT TERRAIN INVESTMENT LTD,SELL,96000,2766.0,-
04-DEC-2023,CAMS,Computer Age Management Services Ltd,CAISSE DE DEPOT ET PLACEMENT DU QUEBEC,BUY,92000,2766.0,-
04-DEC-2023,CAMS,Computer Age Management Services Ltd,BIRLA SUN LIFE MUTUAL FUND,BUY,90367,2766.0,-
04-DEC-2023,CAMS,Computer Age Management Services Ltd,SUNDARAM MUTUAL FUND,BUY,90294,2766.0,-
04-DEC-2023,CAMS,Computer Age Management Services Ltd,CANARA ROBECO MUTUAL FUND (SMALL CAP FUND),BUY,90000,2766.0,-
04-DEC-2023,CAMS,Computer Age Management Services Ltd,GREAT TERRAIN INVESTMENT LTD,SELL,89260,2766.0,-
04-DEC-2023,CAMS,Computer Age Management Services Ltd,BANDHAN MUTUAL FUND,BUY,78000,2766.0,-
04-DEC-2023,CAMS,Computer Age Management Services Ltd,ABS DIRECT EQUITY FUND LLC - INDIA SERIES 1,BUY,70700,2766.0,-
04-DEC-2023,CAMS,Computer Age Management Services Ltd,WHITEOAK CAPITAL MUTUAL FUND,BUY,70500,2766.0,-
04-DEC-2023,CAMS,Computer Age Management Services Ltd,JP MORGAN FUNDS,BUY,69386,2766.0,-
04-DEC-2023,CAMS,Computer Age Management Services Ltd,GREAT TERRAIN INVESTMENT LTD,SELL,66400,2766.0,-
04-DEC-2023,CAMS,Computer Age Management Services Ltd,WHITE OAK INDIA EQUITY FUND IV,BUY,66400,2766.0,-
04-DEC-2023,CAMS,Computer Age Management Services Ltd,JPMORGAN INDIAN INVESTMENT TRUST PLC,BUY,58201,2766.0,-
04-DEC-2023,CAMS,Computer Age Management Services Ltd,GREAT TERRAIN INVESTMENT LTD,SELL,52000,2766.0,-
04-DEC-2023,CAMS,Computer Age Management Services Ltd,GREAT TERRAIN INVESTMENT LTD,SELL,48250,2766.0,-
04-DEC-2023,CAMS,Computer Age Management Services Ltd,WHITE OAK INDIA EQUITY FUND VI,BUY,48250,2766.0,-
04-DEC-2023,CAMS,Computer Age Management Services Ltd,ARISAIG GLOBAL EMERGING MARKETS FUND (SINGAPORE) PTE LTD,BUY,47367,2766.0,-
04-DEC-2023,CAMS,Computer Age Management Services Ltd,HDFC STANDARD LIFE INSURANCE COMPANY LTD,BUY,45000,2766.0,-
04-DEC-2023,CAMS,Computer Age Management Services Ltd,ASHOKA WHITEOAK EMERGING MARKETS TRUST PLC,BUY,42000,2766.0,-
04-DEC-2023,CAMS,Computer Age Management Services Ltd,MERCER QIF FUND PLC - MERCER INVESTMENT FUND 1,BUY,41893,2766.0,-
04-DEC-2023,CAMS,Computer Age Management Services Ltd,SOCIETE GENERALE,BUY,40000,2766.0,-
04-DEC-2023,CAMS,Computer Age Management Services Ltd,JF INDIA FUND,BUY,39681,2766.0,-
04-DEC-2023,CAMS,Computer Age Management Services Ltd,WHITE OAK INDIA EQUITY FUND V,BUY,37000,2766.0,-
04-DEC-2023,CAMS,Computer Age Management Services Ltd,GREAT TERRAIN INVESTMENT LTD,SELL,37000,2766.0,-
04-DEC-2023,CAMS,Computer Age Management Services Ltd,ICICI BANK LIMITED,BUY,36500,2766.0,-
04-DEC-2023,CAMS,Computer Age Management Services Ltd,IIFL INDIA PRIVATE EQUITY FUND - SERIES 1A,BUY,36500,2766.0,-
04-DEC-2023,CAMS,Computer Age Management Services Ltd,NOMURA SINGAPORE LIMITED,BUY,36500,2766.0,-
04-DEC-2023,CAMS,Computer Age Management Services Ltd,GREAT TERRAIN INVESTMENT LTD,SELL,36500,2766.0,-
04-DEC-2023,CAMS,Computer Age Management Services Ltd,GREAT TERRAIN INVESTMENT LTD,SELL,36500,2766.0,-
04-DEC-2023,CAMS,Computer Age Management Services Ltd,GREAT TERRAIN INVESTMENT LTD,SELL,36500,2766.0,-
04-DEC-2023,CAMS,Computer Age Management Services Ltd,GREAT TERRAIN INVESTMENT LTD,SELL,36500,2766.0,-
04-DEC-2023,CAMS,Computer Age Management Services Ltd,GREAT TERRAIN INVESTMENT LTD,SELL,36500,2766.0,-
04-DEC-2023,CAMS,Computer Age Management Services Ltd,GREAT TERRAIN INVESTMENT LTD,SELL,36500,2766.0,-
04-DEC-2023,CAMS,Computer Age Management Services Ltd,EDELWEISS ALTERNATIVE EQUITY SCHEME,BUY,36500,2766.0,-
04-DEC-2023,CAMS,Computer Age Management Services Ltd,AVENDUS ABSOLUTE RETURN FUND,BUY,36500,2766.0,-
04-DEC-2023,CAMS,Computer Age Management Services Ltd,SUNDARAM MUTUAL FUND,BUY,36118,2766.0,-
04-DEC-2023,CAMS,Computer Age Management Services Ltd,UTI MUTUAL FUND,BUY,36000,2766.0,-
04-DEC-2023,CAMS,Computer Age Management Services Ltd,CALIFORNIA STATE TEACHERS RETIREMENT SYSTEM,BUY,33517,2766.0,-
04-DEC-2023,CAMS,Computer Age Management Services Ltd,UTI BANKING SECTOR FUND,BUY,32500,2766.0,-
04-DEC-2023,CAMS,Computer Age Management Services Ltd,JP MORGAN FUNDS,BUY,31590,2766.0,-
04-DEC-2023,CAMS,Computer Age Management Services Ltd,INDIA  ACORN ICAV ASHOKA INDIA ESG FUND,BUY,31250,2766.0,-
04-DEC-2023,CAMS,Computer Age Management Services Ltd,EDELWEISS TOKIO LIFE INSURANCE COMPANY LIMITED,BUY,31000,2766.0,-
04-DEC-2023,CAMS,Computer Age Management Services Ltd,INDIA ACORN ICAV - ASHOKA WHITEOAK EMERGING MARKETS EQUITY FUND,BUY,30000,2766.0,-
04-DEC-2023,CAMS,Computer Age Management Services Ltd,INVESCO MUTUAL FUND,BUY,29340,2766.0,-
04-DEC-2023,CAMS,Computer Age Management Services Ltd,RELIGARE MUTUAL FUND,BUY,22660,2766.0,-
04-DEC-2023,CAMS,Computer Age Management Services Ltd,WHITEOAK CAPITAL MUTUAL FUND,BUY,21700,2766.0,-
04-DEC-2023,CAMS,Computer Age Management Services Ltd,WHITEOAK CAPITAL MUTUAL FUND,BUY,21000,2766.0,-
04-DEC-2023,CAMS,Computer Age Management Services Ltd,MORGAN STANLEY ASIA SINGAPORE PTE,BUY,20000,2766.0,-
04-DEC-2023,CAMS,Computer Age Management Services Ltd,360 ONE MUTUL FUND,BUY,16230,2766.0,-
04-DEC-2023,CAMS,Computer Age Management Services Ltd,HI-AKTIEN-SCHWELLENLAENDER 1-FONDS,BUY,13983,2766.0,-
04-DEC-2023,CAMS,Computer Age Management Services Ltd,WHITEOAK CAPITAL MUTUAL FUND,BUY,12800,2766.0,-
04-DEC-2023,CAMS,Computer Age Management Services Ltd,HDFC STANDARD LIFE INSURANCE COMPANY LTD,BUY,12000,2766.0,-
04-DEC-2023,CAMS,Computer Age Management Services Ltd,360 ONE MUTUAL FUND,BUY,10820,2766.0,-
04-DEC-2023,CAMS,Computer Age Management Services Ltd,OP-INDIA FUND,BUY,8060,2766.0,-
04-DEC-2023,CAMS,Computer Age Management Services Ltd,JF INDIA EQUITY ACTIVE OPEN MOTHER FUND,BUY,7082,2766.0,-
04-DEC-2023,CAMS,Computer Age Management Services Ltd,EDELWEISS TOKIO LIFE INSURANCE COMPANY LIMITED,BUY,5500,2766.0,-
04-DEC-2023,CAMS,Computer Age Management Services Ltd,WHITEOAK CAPITAL MUTUAL FUND,BUY,3800,2766.0,-
04-DEC-2023,CAMS,Computer Age Management Services Ltd,WHITEOAK CAPITAL MUTUAL FUND,BUY,2500,2766.0,-
04-DEC-2023,CAMS,Computer Age Management Services Ltd,WHITEOAK CAPITAL MUTUAL FUND,BUY,2200,2766.0,-
04-DEC-2023,CAMS,Computer Age Management Services Ltd,BIRLA SUN LIFE MUTUAL FUND,BUY,1999,2766.0,-
07-DEC-2023,RELIANCE,Reliance Industries Ltd,BOFA SECURITIES EUROPE SA,SELL,2750000,2460.7,-
07-DEC-2023,RELIANCE,Reliance Industries Ltd,BOFA SECURITIES EUROPE SA,BUY,2750000,2460.7,-
07-DEC-2023,RELIANCE,Reliance Industries Ltd,BOFA SECURITIES EUROPE SA,SELL,50000,2460.7,-
07-DEC-2023,RELIANCE,Reliance Industries Ltd,BOFA SECURITIES EUROPE SA,BUY,50000,2460.7,-
08-DEC-2023,NATHBIOGEN,Nath Bio-Genes (India) Ltd,ASHU FARMS LLP,BUY,510500,196.0,-
08-DEC-2023,NATHBIOGEN,Nath Bio-Genes (India) Ltd,AGRI TECH INDIA LIMITED,SELL,510500,196.0,-
14-DEC-2023,FUSION,Fusion Finance Ltd,HDFC MUTUAL FUND,BUY,3129172,555.6,-
14-DEC-2023,FUSION,Fusion Finance Ltd,"CREATION INVESTMENTS FUSION, LLC",SELL,3129172,555.6,-
14-DEC-2023,RELIANCE,Reliance Industries Ltd,BOFA SECURITIES EUROPE SA,SELL,1750000,2470.0,-
14-DEC-2023,RELIANCE,Reliance Industries Ltd,BOFA SECURITIES EUROPE SA,SELL,1750000,2470.0,-
14-DEC-2023,RELIANCE,Reliance Industries Ltd,BOFA SECURITIES EUROPE SA,BUY,1750000,2470.0,-
14-DEC-2023,RELIANCE,Reliance Industries Ltd,BOFA SECURITIES EUROPE SA,BUY,1750000,2470.0,-
14-DEC-2023,FUSION,Fusion Finance Ltd,HONEY ROSE INVESTMENT LTD,SELL,1600000,555.6,-
14-DEC-2023,FUSION,Fusion Finance Ltd,MORGAN STANLEY ASIA SINGAPORE PTE,BUY,1600000,555.6,-
14-DEC-2023,FUSION,Fusion Finance Ltd,FRANKLIN TEMPLETON MUTUAL FUND,BUY,900000,555.6,-
14-DEC-2023,FUSION,Fusion Finance Ltd,HONEY ROSE INVESTMENT LTD,SELL,900000,555.6,-
14-DEC-2023,FUSION,Fusion Finance Ltd,KOTAK MAHINDRA LIFE INSURANCE COMPANY LIMITED,BUY,712000,555.6,-
14-DEC-2023,FUSION,Fusion Finance Ltd,"CREATION INVESTMENTS FUSION, LLC",SELL,712000,555.6,-
14-DEC-2023,FUSION,Fusion Finance Ltd,BAJAJ ALLIANZ LIFE INSURANCE COMPANY LIMITED,BUY,600000,555.6,-
14-DEC-2023,FUSION,Fusion Finance Ltd,HONEY ROSE INVESTMENT LTD,SELL,600000,555.6,-
14-DEC-2023,FUSION,Fusion Finance Ltd,HONEY ROSE INVESTMENT LTD,SELL,500000,555.6,-
14-DEC-2023,FUSION,Fusion Finance Ltd,HONEY ROSE INVESTMENT LTD,SELL,500000,555.6,-
14-DEC-2023,FUSION,Fusion Finance Ltd,MIRAE ASSET MUTUAL FUND,BUY,500000,555.6,-
14-DEC-2023,FUSION,Fusion Finance Ltd,ICICI PRUDENTIAL MUTUAL FUND,BUY,500000,555.6,-
14-DEC-2023,ONWARDTEC,Onward Technologies Ltd,WHITEOAK CAPITAL MUTUAL FUND,BUY,478900,563.75,-
14-DEC-2023,ONWARDTEC,Onward Technologies Ltd,ONWARD SOFTWARE TECHNOLOGIES PRIVATE LIMITED,SELL,478900,563.75,-
14-DEC-2023,FUSION,Fusion Finance Ltd,HONEY ROSE INVESTMENT LTD,SELL,400000,555.6,-
14-DEC-2023,FUSION,Fusion Finance Ltd,SOCIETE GENERALE,BUY,400000,555.6,-
14-DEC-2023,FUSION,Fusion Finance Ltd,HONEY ROSE INVESTMENT LTD,SELL,388000,555.6,-
14-DEC-2023,FUSION,Fusion Finance Ltd,HDFC STANDARD LIFE INSURANCE CO LTD,BUY,388000,555.6,-
14-DEC-2023,FUSION,Fusion Finance Ltd,GOLDMAN SACHS INVESTMENTS (MAURITIUS) I LIMITED,BUY,300000,555.6,-
14-DEC-2023,FUSION,Fusion Finance Ltd,HONEY ROSE INVESTMENT LTD,SELL,300000,555.6,-
14-DEC-2023,FUSION,Fusion Finance Ltd,HONEY ROSE INVESTMENT LTD,SELL,300000,555.6,-
14-DEC-2023,FUSION,Fusion Finance Ltd,SOCIETE GENERALE,BUY,300000,555.6,-
14-DEC-2023,FUSION,Fusion Finance Ltd,BOFA SECURITIES EUROPE SA,BUY,249849,555.6,-
14-DEC-2023,FUSION,Fusion Finance Ltd,HONEY ROSE INVESTMENT LTD,SELL,249849,555.6,-
14-DEC-2023,ONWARDTEC,Onward Technologies Ltd,WHITE OAK INDIA EQUITY FUND IV,BUY,221650,563.75,-
14-DEC-2023,ONWARDTEC,Onward Technologies Ltd,INDIA ACORN  INDIA ACORN FUND LIMITED,BUY,221650,563.75,-
14-DEC-2023,ONWARDTEC,Onward Technologies Ltd,ONWARD SOFTWARE TECHNOLOGIES PRIVATE LIMITED,SELL,221650,563.75,-
14-DEC-2023,ONWARDTEC,Onward Technologies Ltd,ONWARD SOFTWARE TECHNOLOGIES PRIVATE LIMITED,SELL,221650,563.75,-
14-DEC-2023,FUSION,Fusion Finance Ltd,HONEY ROSE INVESTMENT LTD,SELL,180000,555.6,-
14-DEC-2023,FUSION,Fusion Finance Ltd,HONEY ROSE INVESTMENT LTD,SELL,180000,555.6,-
14-DEC-2023,FUSION,Fusion Finance Ltd,CITIGROUP GLOBAL MARKETS MAURITIUS PVT LTD   FII   CITI,BUY,180000,555.6,-
14-DEC-2023,FUSION,Fusion Finance Ltd,MORGAN STANLEY ASIA SINGAPORE PTE,BUY,180000,555.6,-
14-DEC-2023,FUSION,Fusion Finance Ltd,FUTURE GENERALI INDIA LIFE INSURANCE COMPANY LIMITED,BUY,180000,555.6,-
14-DEC-2023,FUSION,Fusion Finance Ltd,HONEY ROSE INVESTMENT LTD,SELL,180000,555.6,-
14-DEC-2023,FUSION,Fusion Finance Ltd,HONEY ROSE INVESTMENT LTD,SELL,180000,555.6,-
14-DEC-2023,FUSION,Fusion Finance Ltd,SOCIETE GENERALE,BUY,180000,555.6,-
14-DEC-2023,ONWARDTEC,Onward Technologies Ltd,ASHOKA INDIA EQUITY INVESTMENT TRUST PLC,BUY,177500,563.75,-
14-DEC-2023,ONWARDTEC,Onward Technologies Ltd,ONWARD SOFTWARE TECHNOLOGIES PRIVATE LIMITED,SELL,177500,563.75,-
15-DEC-2023,POLICYBZR,PB Fintech Ltd,SVF PYTHON II CAYMAN LIMITED,SELL,2256212,800.05,-
15-DEC-2023,POLICYBZR,PB Fintech Ltd,SVF PYTHON II CAYMAN LIMITED,SELL,2030000,800.05,-
15-DEC-2023,POLICYBZR,PB Fintech Ltd,SVF PYTHON II CAYMAN LIMITED,SELL,1650000,800.05,-
15-DEC-2023,POLICYBZR,PB Fintech Ltd,GOVERNMENT PENSION FUND GLOBAL,BUY,1650000,800.05,-
15-DEC-2023,POLICYBZR,PB Fintech Ltd,"NEW WORLD FUND, INC                              ",BUY,1638985,800.05,-
15-DEC-2023,POLICYBZR,PB Fintech Ltd,SOCIETE GENERALE  ODI,BUY,1550000,800.05,-
15-DEC-2023,POLICYBZR,PB Fintech Ltd,SVF PYTHON II CAYMAN LIMITED,SELL,1550000,800.05,-
15-DEC-2023,POLICYBZR,PB Fintech Ltd,HDFC MUTUAL FUND,BUY,1150000,800.05,-
15-DEC-2023,POLICYBZR,PB Fintech Ltd,SVF PYTHON II CAYMAN LIMITED,SELL,1150000,800.05,-
15-DEC-2023,POLICYBZR,PB Fintech Ltd,BEST INVESTMENT CORPORATION,BUY,1127723,800.05,-
15-DEC-2023,POLICYBZR,PB Fintech Ltd,BAILLIE GIFFORD PACIFIC FUND A SUB FUND OF BG OVERSEAS GRWTH FD ICVC,BUY,956045,800.05,-
15-DEC-2023,POLICYBZR,PB Fintech Ltd,SVF PYTHON II CAYMAN LIMITED,SELL,940000,800.05,-
15-DEC-2023,POLICYBZR,PB Fintech Ltd,SVF PYTHON II CAYMAN LIMITED,SELL,800000,800.05,-
15-DEC-2023,POLICYBZR,PB Fintech Ltd,MIRAE ASSET MUTUAL FUND,BUY,573171,800.05,-
15-DEC-2023,POLICYBZR,PB Fintech Ltd,TNTBC AS THE TRUSTEE OF NOMURA INDIA STOCK MOTHER FUND,BUY,500000,800.05,-
15-DEC-2023,POLICYBZR,PB Fintech Ltd,SVF PYTHON II CAYMAN LIMITED,SELL,500000,800.05,-
15-DEC-2023,POLICYBZR,PB Fintech Ltd,SVF PYTHON II CAYMAN LIMITED,SELL,370000,800.05,-
15-DEC-2023,POLICYBZR,PB Fintech Ltd,ICICI PRUDENTIAL LIFE INSURANCE COMPANY LIMITED,BUY,370000,800.05,-
15-DEC-2023,POLICYBZR,PB Fintech Ltd,SMALLCAP WORLD FUND INC,BUY,273164,800.05,-
15-DEC-2023,POLICYBZR,PB Fintech Ltd,MIRAE ASSET MUTUAL FUND,BUY,229268,800.05,-
15-DEC-2023,POLICYBZR,PB Fintech Ltd,SVF PYTHON II CAYMAN LIMITED,SELL,175000,800.05,-
15-DEC-2023,POLICYBZR,PB Fintech Ltd,GOLDMAN SACHS (SINGAPORE) PTE.- ODI,BUY,175000,800.05,-
15-DEC-2023,POLICYBZR,PB Fintech Ltd,WELL MGT CO LLP A/C THE WELLINGTON TR CO NAM COMM TR FDSTR EMG MKTS POF,BUY,168808,800.05,-
15-DEC-2023,POLICYBZR,PB Fintech Ltd,PACIFIC HORIZON INVESTMENT TRUST PLC             ,BUY,157276,800.05,-
15-DEC-2023,POLICYBZR,PB Fintech Ltd,TRESURER OF THE STATE OF NORTH CAROLINA EQUITY INVESTMENT FUND POOLED TRUST,BUY,140882,800.05,-
15-DEC-2023,POLICYBZR,PB Fintech Ltd,WELLINGTON TRUST COMPANY NATIONAL ASSOCIATION MULTIPLE COLLECTIVE INVESTMENT FUNDS TRUST EMERGING MA,BUY,137933,800.05,-
15-DEC-2023,POLICYBZR,PB Fintech Ltd,MIRAE ASSET MIDCAP FUND,BUY,137561,800.05,-
15-DEC-2023,POLICYBZR,PB Fintech Ltd,WELLINGTON MANAGEMENT PORTFOLIOS AUSTRALIA EMERGING MARKETS EQUITY PORTFOLO,BUY,129932,800.05,-
15-DEC-2023,POLICYBZR,PB Fintech Ltd,AMERICAN FUNDS INSURANCE SERIES - NEW WORLDFUND  ,BUY,103647,800.05,-
15-DEC-2023,POLICYBZR,PB Fintech Ltd,UNITED SUPER PTY LTD AS TRUSTEE FOR C.B.U.S. FUND,BUY,83053,800.05,-
15-DEC-2023,POLICYBZR,PB Fintech Ltd,IOWA PUBLIC EMPLOYEES RETIREMENT SYSTEM          ,BUY,73925,800.05,-
15-DEC-2023,POLICYBZR,PB Fintech Ltd,HARTFORD INTERNATIONAL EQUITY FUND,BUY,22682,800.05,-
15-DEC-2023,POLICYBZR,PB Fintech Ltd,BG WW ASIA EX JAPAN FUND A SUB FUND OF BAILLIE GIFFORD WORLDWIDE FUNDS PLC,BUY,15168,800.05,-
15-DEC-2023,POLICYBZR,PB Fintech Ltd,WELLINGTON MGT COMPANY LLP A/C EMERGING MARKET EQUITY PORTFOLIO,BUY,14842,800.05,-
15-DEC-2023,POLICYBZR,PB Fintech Ltd,CAPITAL GROUP NEW WORLD FUND (LUX),BUY,14204,800.05,-
15-DEC-2023,POLICYBZR,PB Fintech Ltd,WEL MGT CO LLP A/C WTCNAM COLL INV FUNDS TRUST II GLOBAL EQUITIESPORTFOLIO,BUY,12540,800.05,-
15-DEC-2023,POLICYBZR,PB Fintech Ltd,MTBJ AS TRUSTEE OF KOKUSAI EMERGING EQUITY OPEN MOTHER FUND,BUY,10244,800.05,-
15-DEC-2023,POLICYBZR,PB Fintech Ltd,WTCNAM CIF TRUST II DOWNSIDE ALPHA OPPORTUNITIES PORTFOLIO,BUY,2771,800.05,-
15-DEC-2023,POLICYBZR,PB Fintech Ltd,WMF (LUXEMBOURG) - WELLINGTON DOWNSIDE ALPHA OPPORTUNITIES FUND,BUY,2388,800.05,-
19-DEC-2023,APOLLOTYRE,Apollo Tyres Ltd,WHITE IRIS INVESTMENT LTD,SELL,12044000,448.35,-
19-DEC-2023,APOLLOTYRE,Apollo Tyres Ltd,NIPPON INDIA MUTUAL FUND,BUY,12044000,448.35,-
19-DEC-2023,APOLLOTYRE,Apollo Tyres Ltd,ICICI PRUDENTIAL MUTUAL FUND,BUY,3000000,448.35,-
19-DEC-2023,APOLLOTYRE,Apollo Tyres Ltd,WHITE IRIS INVESTMENT LTD,SELL,3000000,448.35,-
19-DEC-2023,APOLLOTYRE,Apollo Tyres Ltd,WHITE IRIS INVESTMENT LTD,SELL,2046842,448.35,-
19-DEC-2023,APOLLOTYRE,Apollo Tyres Ltd,EDELWEISS MUTUAL FUND,BUY,2046842,448.35,-
19-DEC-2023,APOLLOTYRE,Apollo Tyres Ltd,PLUTUS WEALTH MANAGEMENT LLP,BUY,1670000,448.35,-
19-DEC-2023,APOLLOTYRE,Apollo Tyres Ltd,WHITE IRIS INVESTMENT LTD,SELL,1670000,448.35,-
19-DEC-2023,APOLLOTYRE,Apollo Tyres Ltd,WHITE IRIS INVESTMENT LTD,SELL,1132000,448.35,-
19-DEC-2023,APOLLOTYRE,Apollo Tyres Ltd,MORGAN STANLEY ASIA SINGAPORE PTE,BUY,1132000,448.35,-
19-DEC-2023,APOLLOTYRE,Apollo Tyres Ltd,SOCIETE GENERALE,BUY,949500,448.35,-
19-DEC-2023,APOLLOTYRE,Apollo Tyres Ltd,WHITE IRIS INVESTMENT LTD,SELL,949500,448.35,-
19-DEC-2023,APOLLOTYRE,Apollo Tyres Ltd,KOTAK MAHINDRA ASSET MANAGEMENT (SINGAPORE) PTE LTD,BUY,882000,448.35,-
19-DEC-2023,APOLLOTYRE,Apollo Tyres Ltd,WHITE IRIS INVESTMENT LTD,SELL,882000,448.35,-
19-DEC-2023,APOLLOTYRE,Apollo Tyres Ltd,WHITE IRIS INVESTMENT LTD,SELL,852000,448.35,-
19-DEC-2023,APOLLOTYRE,Apollo Tyres Ltd,TARA EMERGING ASIA LIQUID FUND,BUY,852000,448.35,-
19-DEC-2023,APOLLOTYRE,Apollo Tyres Ltd,INVESCO MUTUAL FUND,BUY,780000,448.35,-
19-DEC-2023,APOLLOTYRE,Apollo Tyres Ltd,WHITE IRIS INVESTMENT LTD,SELL,780000,448.35,-
19-DEC-2023,APOLLOTYRE,Apollo Tyres Ltd,WHITE IRIS INVESTMENT LTD,SELL,566600,448.35,-
19-DEC-2023,APOLLOTYRE,Apollo Tyres Ltd,WHITE IRIS INVESTMENT LTD,SELL,566600,448.35,-
19-DEC-2023,APOLLOTYRE,Apollo Tyres Ltd,SOCIETE GENERALE,BUY,566600,448.35,-
19-DEC-2023,APOLLOTYRE,Apollo Tyres Ltd,SOCIETE GENERALE,BUY,566600,448.35,-
19-DEC-2023,APOLLOTYRE,Apollo Tyres Ltd,WHITE IRIS INVESTMENT LTD,SELL,550000,448.35,-
19-DEC-2023,APOLLOTYRE,Apollo Tyres Ltd,EDELWEISS DYNAMIC GROWTH EQUITY FUND,BUY,550000,448.35,-
19-DEC-2023,APOLLOTYRE,Apollo Tyres Ltd,UTI MUTUAL FUND,BUY,510000,448.35,-
19-DEC-2023,APOLLOTYRE,Apollo Tyres Ltd,WHITE IRIS INVESTMENT LTD,SELL,510000,448.35,-
19-DEC-2023,APOLLOTYRE,Apollo Tyres Ltd,WHITE IRIS INVESTMENT LTD,SELL,472000,448.35,-
19-DEC-2023,APOLLOTYRE,Apollo Tyres Ltd,GHISALLO MASTER FUND LP,BUY,472000,448.35,-
19-DEC-2023,APOLLOTYRE,Apollo Tyres Ltd,GOLDMAN SACHS INVESTMENTS (MAURITIUS) I LIMITED,BUY,450000,448.35,-
19-DEC-2023,APOLLOTYRE,Apollo Tyres Ltd,MORGAN STANLEY ASIA SINGAPORE PTE,BUY,450000,448.35,-
19-DEC-2023,APOLLOTYRE,Apollo Tyres Ltd,CITIGROUP GLOBAL MARKETS MAURITIUS PVT LTD   FII   CITI,BUY,450000,448.35,-
19-DEC-2023,APOLLOTYRE,Apollo Tyres Ltd,WHITE IRIS INVESTMENT LTD,SELL,450000,448.35,-
19-DEC-2023,APOLLOTYRE,Apollo Tyres Ltd,WHITE IRIS INVESTMENT LTD,SELL,450000,448.35,-
19-DEC-2023,APOLLOTYRE,Apollo Tyres Ltd,WHITE IRIS INVESTMENT LTD,SELL,450000,448.35,-
19-DEC-2023,APOLLOTYRE,Apollo Tyres Ltd,WHITE IRIS INVESTMENT LTD,SELL,283000,448.35,-
19-DEC-2023,APOLLOTYRE,Apollo Tyres Ltd,MORGAN STANLEY ASIA SINGAPORE PTE,BUY,283000,448.35,-
19-DEC-2023,APOLLOTYRE,Apollo Tyres Ltd,SUBHKAM VENTURES (I) PRIVATE LIMITED,BUY,250000,448.35,-
19-DEC-2023,APOLLOTYRE,Apollo Tyres Ltd,WHITE IRIS INVESTMENT LTD,SELL,250000,448.35,-
19-DEC-2023,APOLLOTYRE,Apollo Tyres Ltd,MORGAN STANLEY ASIA SINGAPORE PTE,BUY,225000,448.35,-
19-DEC-2023,APOLLOTYRE,Apollo Tyres Ltd,SOCIETE GENERALE,BUY,225000,448.35,-
19-DEC-2023,APOLLOTYRE,Apollo Tyres Ltd,AVENDUS ABSOLUTE RETURN FUND,BUY,225000,448.35,-
19-DEC-2023,APOLLOTYRE,Apollo Tyres Ltd,WHITE IRIS INVESTMENT LTD,SELL,225000,448.35,-
19-DEC-2023,APOLLOTYRE,Apollo Tyres Ltd,WHITE IRIS INVESTMENT LTD,SELL,225000,448.35,-
19-DEC-2023,APOLLOTYRE,Apollo Tyres Ltd,WHITE IRIS INVESTMENT LTD,SELL,225000,448.35,-
20-DEC-2023,NAM-INDIA,Nippon Life India Asset Management Ltd,INDUSIND BANK LIMITED,SELL,7782355,445.35,-
20-DEC-2023,NAM-INDIA,Nippon Life India Asset Management Ltd,INDUSIND BANK LIMITED,SELL,5825000,445.35,-
20-DEC-2023,NAM-INDIA,Nippon Life India Asset Management Ltd,ICICI PRUDENTIAL MUTUAL FUND,BUY,4701405,445.35,-
20-DEC-2023,NAM-INDIA,Nippon Life India Asset Management Ltd,SBI MUTUAL FUND,BUY,3268590,445.35,-
20-DEC-2023,NAM-INDIA,Nippon Life India Asset Management Ltd,SBI MUTUAL FUND,BUY,2334706,445.35,-
20-DEC-2023,NAM-INDIA,Nippon Life India Asset Management Ltd,SBI MUTUAL FUND,BUY,2179059,445.35,-
20-DEC-2023,NAM-INDIA,Nippon Life India Asset Management Ltd,ICICI PRUDENTIAL MUTUAL FUND,BUY,1123595,445.35,-
20-DEC-2023,NAM-INDIA,Nippon Life India Asset Management Ltd,INDUSIND BANK LIMITED,SELL,934939,445.35,-
20-DEC-2023,NAM-INDIA,Nippon Life India Asset Management Ltd,NORGES BANK ON ACCOUNT OF THE GOVERNMENT PENSION FUND GLOBAL,BUY,934939,445.35,-
20-DEC-2023,NAM-INDIA,Nippon Life India Asset Management Ltd,INDUSIND BANK LIMITED,SELL,900000,445.35,-
20-DEC-2023,NAM-INDIA,Nippon Life India Asset Management Ltd,SOCIETE GENERALE,BUY,900000,445.35,-
20-DEC-2023,NAM-INDIA,Nippon Life India Asset Management Ltd,ICICI PRUDENTIAL ASSET MANAGEMENT COMPANY LIMITED                          ,BUY,336813,445.35,-
20-DEC-2023,NAM-INDIA,Nippon Life India Asset Management Ltd,INDUSIND BANK LIMITED,SELL,336813,445.35,-
20-DEC-2023,NAM-INDIA,Nippon Life India Asset Management Ltd,INDUSIND BANK LIMITED,SELL,330000,445.35,-
20-DEC-2023,NAM-INDIA,Nippon Life India Asset Management Ltd,INDUSIND BANK LIMITED,SELL,330000,445.35,-
20-DEC-2023,NAM-INDIA,Nippon Life India Asset Management Ltd,BAJAJ ALLIANZ LIFE INSURANCE COMPANY LIMITED                               ,BUY,330000,445.35,-
20-DEC-2023,NAM-INDIA,Nippon Life India Asset Management Ltd,TATA MUTUAL FUND ,BUY,330000,445.35,-
20-DEC-2023,NAM-INDIA,Nippon Life India Asset Management Ltd,DSP  MUTUAL FUND,BUY,275248,445.35,-
20-DEC-2023,NAM-INDIA,Nippon Life India Asset Management Ltd,INDUSIND BANK LIMITED,SELL,275248,445.35,-
20-DEC-2023,NAM-INDIA,Nippon Life India Asset Management Ltd,INDUSIND BANK LIMITED,SELL,243000,445.35,-
20-DEC-2023,NAM-INDIA,Nippon Life India Asset Management Ltd,DSP INDIA FUND,BUY,243000,445.35,-
20-DEC-2023,NAM-INDIA,Nippon Life India Asset Management Ltd,MORGAN STANLEY ASIA SINGAPORE PTE,BUY,225000,445.35,-
20-DEC-2023,NAM-INDIA,Nippon Life India Asset Management Ltd,BARODA BNP PARIBAS MUTUAL FUND,BUY,225000,445.35,-
20-DEC-2023,NAM-INDIA,Nippon Life India Asset Management Ltd,INDUSIND BANK LIMITED,SELL,225000,445.35,-
20-DEC-2023,NAM-INDIA,Nippon Life India Asset Management Ltd,INDUSIND BANK LIMITED,SELL,225000,445.35,-
20-DEC-2023,NAM-INDIA,Nippon Life India Asset Management Ltd,INDUSIND BANK LIMITED,SELL,225000,445.35,-
20-DEC-2023,NAM-INDIA,Nippon Life India Asset Management Ltd,ICICI PRUDENTIAL LONG SHORT FUND SERIES I,BUY,225000,445.35,-
20-DEC-2023,NAM-INDIA,Nippon Life India Asset Management Ltd,INDUSIND BANK LIMITED,SELL,225000,445.35,-
20-DEC-2023,NAM-INDIA,Nippon Life India Asset Management Ltd,KOTAK MAHINDRA OLD MUTUAL LIFE INSURANCE LIMITED,BUY,210698,445.35,-
20-DEC-2023,NAM-INDIA,Nippon Life India Asset Management Ltd,KOTAK MAHINDRA OLD MUTUAL LIFE INSURANCE LIMITED,BUY,14302,445.35,-
21-DEC-2023,INDIANB,Indian Bank,BNP PARIBAS ARBITRAGE,BUY,771023,429.75,-
21-DEC-2023,INDIANB,Indian Bank,MARSHALL WACE INVESTMENT STRATEGIES - EUREKA FUND,SELL,771023,429.75,-
21-DEC-2023,BAJAJCON,Bajaj Consumer Care Ltd,THE ROYAL BANK OF SCOTLAND PLC AS TRUSTEE OF JUPITER GLOBAL MANAGED FUND,BUY,514204,213.7,-
21-DEC-2023,BAJAJCON,Bajaj Consumer Care Ltd,JUPITER SOUTH ASIA INVESTMENT COMPANY LIMITED,SELL,514204,213.7,-
21-DEC-2023,ARVIND,Arvind Ltd,THE ROYAL BANK OF SCOTLAND PLC AS TRUSTEE OF JUPITER GLOBAL MANAGED FUND,BUY,487410,240.9,-
21-DEC-2023,ARVIND,Arvind Ltd,JUPITER SOUTH ASIA INVESTMENT COMPANY LIMITED,SELL,487410,240.9,-
21-DEC-2023,AMBUJACEM,Ambuja Cements Ltd,JUPITER SOUTH ASIA INVESTMENT COMPANY LIMITED,SELL,286708,490.55,-
21-DEC-2023,AMBUJACEM,Ambuja Cements Ltd,THE ROYAL BANK OF SCOTLAND PLC AS TRUSTEE OF JUPITER GLOBAL MANAGED FUND,BUY,286708,490.55,-
29-DEC-2023,STAR,Strides Pharma Science Ltd,PACE STOCK BROKING SERVICES PVT LTD,BUY,250000,637.0,-
29-DEC-2023,STAR,Strides Pharma Science Ltd,SHASUN ENTERPRISES LLP,SELL,250000,637.0,-
10-JAN-2024,BANKBARODA,Bank of Baroda,THE JUPITER GLOBAL FUND-JUPITER INDIA SELECT,BUY,1661659,223.2,-
10-JAN-2024,BANKBARODA,Bank of Baroda,JUPITER SOUTH ASIA INVESTMENT COMPANY LIMITED,SELL,1661659,223.2,-
10-JAN-2024,BANKINDIA,Bank of India,THE JUPITER GLOBAL FUND-JUPITER INDIA SELECT,BUY,1619859,118.85,-
10-JAN-2024,BANKINDIA,Bank of India,JUPITER SOUTH ASIA INVESTMENT COMPANY LIMITED,SELL,1619859,118.85,-
10-JAN-2024,BHARTIARTL,Bharti Airtel Ltd,THE JUPITER GLOBAL FUND-JUPITER INDIA SELECT,BUY,404419,1064.9,-
10-JAN-2024,BHARTIARTL,Bharti Airtel Ltd,JUPITER SOUTH ASIA INVESTMENT COMPANY LIMITED,SELL,404419,1064.9,-
10-JAN-2024,ADANIPORTS,Adani Ports and Special Economic Zone Ltd,THE JUPITER GLOBAL FUND-JUPITER INDIA SELECT,BUY,397074,1197.1,-
10-JAN-2024,ADANIPORTS,Adani Ports and Special Economic Zone Ltd,JUPITER SOUTH ASIA INVESTMENT COMPANY LIMITED,SELL,397074,1197.1,-
11-JAN-2024,INFY,Infosys Ltd,DEKA INVESTMENT GMBH RE DEKA-GLOBALCHAMPIONS,BUY,118400,1493.9,-
11-JAN-2024,INFY,Infosys Ltd,DEKA INVESTMENT GMBH RE DEKA-GLOBALCHAMPIONS,SELL,118400,1493.9,-
11-JAN-2024,TCS,Tata Consultancy Services Ltd,DEKA INVESTMENT GMBH RE DEKA-GLOBALCHAMPIONS,BUY,60000,3740.45,-
11-JAN-2024,TCS,Tata Consultancy Services Ltd,DEKA INVESTMENT GMBH RE DEKA-GLOBALCHAMPIONS,SELL,60000,3740.45,-
12-JAN-2024,SICALLOG,Sical Logistics Ltd,NEGEN CAPITAL SERVICES PRIVATE LIMITED,BUY,600000,270.55,-
12-JAN-2024,SICALLOG,Sical Logistics Ltd,PRISTINE MALWA LOGISTICS PARK PRIVATE LIMITED,SELL,600000,270.55,-
17-JAN-2024,JIOFIN,Jio Financial Services Ltd,BOFA SECURITIES EUROPE SA,BUY,2264818,244.0,-
17-JAN-2024,JIOFIN,Jio Financial Services Ltd,BOFA SECURITIES EUROPE SA,SELL,2264818,244.0,-
18-JAN-2024,BPCL,Bharat Petroleum Corporation Ltd,THE JUPITER GLOBAL FUND-JUPITER INDIA SELECT,BUY,1551147,471.65,-
18-JAN-2024,BPCL,Bharat Petroleum Corporation Ltd,JUPITER SOUTH ASIA INVESTMENT COMPANY LIMITED,SELL,1551147,471.65,-
18-JAN-2024,EXIDEIND,Exide Industries Ltd,THE JUPITER GLOBAL FUND-JUPITER INDIA SELECT,BUY,891269,319.3,-
18-JAN-2024,EXIDEIND,Exide Industries Ltd,JUPITER SOUTH ASIA INVESTMENT COMPANY LIMITED,SELL,891269,319.3,-
18-JAN-2024,BIOCON,Biocon Ltd,THE JUPITER GLOBAL FUND-JUPITER INDIA SELECT,BUY,469049,279.8,-
18-JAN-2024,BIOCON,Biocon Ltd,JUPITER SOUTH ASIA INVESTMENT COMPANY LIMITED,SELL,469049,279.8,-
18-JAN-2024,MEDANTA,Global Health Ltd,THE JUPITER GLOBAL FUND-JUPITER INDIA SELECT,BUY,297792,1030.05,-
18-JAN-2024,MEDANTA,Global Health Ltd,JUPITER SOUTH ASIA INVESTMENT COMPANY LIMITED,SELL,297792,1030.05,-
18-JAN-2024,HDFCLIFE,HDFC Life Insurance Company Ltd,THE JUPITER GLOBAL FUND-JUPITER INDIA SELECT,BUY,239712,606.45,-
18-JAN-2024,HDFCLIFE,HDFC Life Insurance Company Ltd,JUPITER SOUTH ASIA INVESTMENT COMPANY LIMITED,SELL,239712,606.45,-
18-JAN-2024,CIPLA,Cipla Ltd,THE JUPITER GLOBAL FUND-JUPITER INDIA SELECT,BUY,142206,1293.5,-
18-JAN-2024,CIPLA,Cipla Ltd,JUPITER SOUTH ASIA INVESTMENT COMPANY LIMITED,SELL,142206,1293.5,-
18-JAN-2024,ETHOSLTD,Ethos Ltd,THE JUPITER GLOBAL FUND-JUPITER INDIA SELECT,BUY,137327,2305.1,-
18-JAN-2024,ETHOSLTD,Ethos Ltd,JUPITER SOUTH ASIA INVESTMENT COMPANY LIMITED,SELL,137327,2305.1,-
18-JAN-2024,ESCORTS,Escorts Kubota Ltd,THE JUPITER GLOBAL FUND-JUPITER INDIA SELECT,BUY,48228,2902.05,-
18-JAN-2024,ESCORTS,Escorts Kubota Ltd,JUPITER SOUTH ASIA INVESTMENT COMPANY LIMITED,SELL,48228,2902.05,-
18-JAN-2024,DRREDDY,Dr Reddys Laboratories Ltd,THE JUPITER GLOBAL FUND-JUPITER INDIA SELECT,BUY,31907,5645.45,-
18-JAN-2024,DRREDDY,Dr Reddys Laboratories Ltd,JUPITER SOUTH ASIA INVESTMENT COMPANY LIMITED,SELL,31907,5645.45,-
19-JAN-2024,INDUSINDBK,Indusind Bank Ltd,BNP PARIBAS ARBITRAGE,SELL,2550334,1560.0,-
19-JAN-2024,INDUSINDBK,Indusind Bank Ltd,GOLDMAN SACHS (SINGAPORE) PTE.- ODI,BUY,2550334,1560.0,-
19-JAN-2024,HDFCBANK,HDFC Bank Ltd,GOLDMAN SACHS (SINGAPORE) PTE.- ODI,BUY,1823439,1480.0,-
19-JAN-2024,HDFCBANK,HDFC Bank Ltd,BNP PARIBAS ARBITRAGE,SELL,1823439,1480.0,-
19-JAN-2024,RAMCOCEM,The Ramco Cements Ltd,RAJAPALAYAM MILLS LTD,BUY,157000,957.65,-
19-JAN-2024,RAMCOCEM,The Ramco Cements Ltd,NALINA  RAMALAKSHMI,SELL,157000,957.65,-
23-JAN-2024,PVRINOX,PVR Inox Ltd,KADENSA MASTER FUND,BUY,94165,1492.5,-
23-JAN-2024,PVRINOX,PVR Inox Ltd,BOFA SECURITIES EUROPE SA,SELL,94165,1492.5,-
24-JAN-2024,FORTIS,Fortis Healthcare Ltd,THE JUPITER GLOBAL FUND-JUPITER INDIA SELECT,BUY,2547235,419.9,-
24-JAN-2024,FORTIS,Fortis Healthcare Ltd,JUPITER SOUTH ASIA INVESTMENT COMPANY LIMITED,SELL,2547235,419.9,-
24-JAN-2024,ICICIBANK,ICICI Bank Ltd,BOFA SECURITIES EUROPE SA,SELL,1200000,999.5,-
24-JAN-2024,ICICIBANK,ICICI Bank Ltd,BOFA SECURITIES EUROPE SA,BUY,1200000,999.5,-
24-JAN-2024,DABUR,Dabur India Ltd,KADENSA MASTER FUND,BUY,924540,534.0,-
24-JAN-2024,DABUR,Dabur India Ltd,BOFA SECURITIES EUROPE SA,SELL,924540,534.0,-
24-JAN-2024,HDFCBANK,HDFC Bank Ltd,BOFA SECURITIES EUROPE SA,SELL,772317,1445.0,-
24-JAN-2024,HDFCBANK,HDFC Bank Ltd,KADENSA MASTER FUND,BUY,772317,1445.0,-
24-JAN-2024,INFY,Infosys Ltd,KADENSA MASTER FUND,BUY,722325,1657.0,-
24-JAN-2024,INFY,Infosys Ltd,BOFA SECURITIES EUROPE SA,SELL,722325,1657.0,-
24-JAN-2024,JIOFIN,Jio Financial Services Ltd,KADENSA MASTER FUND,BUY,721170,238.75,-
24-JAN-2024,JIOFIN,Jio Financial Services Ltd,BOFA SECURITIES EUROPE SA,SELL,721170,238.75,-
24-JAN-2024,INDIANB,Indian Bank,THE JUPITER GLOBAL FUND-JUPITER INDIA SELECT,BUY,532983,445.65,-
24-JAN-2024,INDIANB,Indian Bank,JUPITER SOUTH ASIA INVESTMENT COMPANY LIMITED,SELL,532983,445.65,-
24-JAN-2024,CHENNPETRO,Chennai Petroleum Corporation Ltd,THE JUPITER GLOBAL FUND-JUPITER INDIA SELECT,BUY,254595,767.35,-
24-JAN-2024,CHENNPETRO,Chennai Petroleum Corporation Ltd,JUPITER SOUTH ASIA INVESTMENT COMPANY LIMITED,SELL,254595,767.35,-
24-JAN-2024,GRAVITA,Gravita India Ltd,THE JUPITER GLOBAL FUND-JUPITER INDIA SELECT,BUY,214926,966.75,-
24-JAN-2024,GRAVITA,Gravita India Ltd,JUPITER SOUTH ASIA INVESTMENT COMPANY LIMITED,SELL,214926,966.75,-
24-JAN-2024,TVSMOTOR,TVS Motor Company Ltd,KADENSA MASTER FUND,BUY,154280,2000.5,-
24-JAN-2024,TVSMOTOR,TVS Motor Company Ltd,BOFA SECURITIES EUROPE SA,SELL,154280,2000.5,-
24-JAN-2024,KDDL,KDDL Ltd-$,THE JUPITER GLOBAL FUND-JUPITER INDIA SELECT,BUY,153476,2849.05,-
24-JAN-2024,KDDL,KDDL Ltd-$,JUPITER SOUTH ASIA INVESTMENT COMPANY LIMITED,SELL,153476,2849.05,-
24-JAN-2024,ICICIGI,ICICI Lombard General Insurance Company Ltd,THE JUPITER GLOBAL FUND-JUPITER INDIA SELECT,BUY,74502,1480.0,-
24-JAN-2024,ICICIGI,ICICI Lombard General Insurance Company Ltd,JUPITER SOUTH ASIA INVESTMENT COMPANY LIMITED,SELL,74502,1480.0,-
24-JAN-2024,PAGEIND,Page Industries Ltd,KADENSA MASTER FUND,BUY,13340,36398.0,-
24-JAN-2024,PAGEIND,Page Industries Ltd,BOFA SECURITIES EUROPE SA,SELL,13340,36398.0,-
25-JAN-2024,PNBHOUSING,PNB Housing Finance Ltd,ASIA OPPORTUNITIES V (MAURITIUS) LIMITED,BUY,25650006,821.0,-
25-JAN-2024,PNBHOUSING,PNB Housing Finance Ltd,INVESTMENT OPPORTUNITIES V PTE. LIMITED,SELL,25650006,821.0,-
25-JAN-2024,BANKBARODA,Bank of Baroda,BNP PARIBAS ARBITRAGE,SELL,22929472,228.65,-
25-JAN-2024,BANKBARODA,Bank of Baroda,MARSHALL WACE INVESTMENT STRATEGIES - EUREKA FUND,BUY,22359197,228.65,-
25-JAN-2024,BANDHANBNK,Bandhan Bank Ltd,BNP PARIBAS ARBITRAGE,SELL,19375430,224.4,-
25-JAN-2024,BANDHANBNK,Bandhan Bank Ltd,MARSHALL WACE INVESTMENT STRATEGIES - EUREKA FUND,BUY,18833391,224.4,-
25-JAN-2024,IOC,Indian Oil Corporation Ltd,BNP PARIBAS ARBITRAGE,SELL,9968911,143.45,-
25-JAN-2024,IOC,Indian Oil Corporation Ltd,SOCIETE GENERALE,BUY,9968911,143.45,-
25-JAN-2024,CANBK,Canara Bank,BNP PARIBAS ARBITRAGE,SELL,9441704,454.3,-
25-JAN-2024,CANBK,Canara Bank,MARSHALL WACE INVESTMENT STRATEGIES - EUREKA FUND,BUY,9146562,454.3,-
25-JAN-2024,UNIONBANK,Union Bank of India,BNP PARIBAS ARBITRAGE,SELL,8364931,142.85,-
25-JAN-2024,UNIONBANK,Union Bank of India,MARSHALL WACE INVESTMENT STRATEGIES - EUREKA FUND,BUY,7729341,142.85,-
25-JAN-2024,CCAVENUE,AvenuesAI Ltd,BNP PARIBAS ARBITRAGE,SELL,5861514,27.2,-
25-JAN-2024,CCAVENUE,AvenuesAI Ltd,MARSHALL WACE INVESTMENT STRATEGIES - EUREKA FUND,BUY,5861514,27.2,-
25-JAN-2024,HINDPETRO,Hindustan Petroleum Corporation Ltd,SOCIETE GENERALE,BUY,5265318,452.55,-
25-JAN-2024,HINDPETRO,Hindustan Petroleum Corporation Ltd,BNP PARIBAS ARBITRAGE,SELL,5265318,452.55,-
25-JAN-2024,POWERGRID,Power Grid Corporation of India Ltd,BNP PARIBAS ARBITRAGE,SELL,5168770,246.2,-
25-JAN-2024,POWERGRID,Power Grid Corporation of India Ltd,SOCIETE GENERALE,BUY,5168770,246.2,-
25-JAN-2024,UNIONBANK,Union Bank of India,BNP PARIBAS ARBITRAGE,SELL,5070597,142.85,-
25-JAN-2024,UNIONBANK,Union Bank of India,SOCIETE GENERALE,BUY,5070597,142.85,-
25-JAN-2024,GREENPOWER,Orient Green Power Company Ltd,BNP PARIBAS ARBITRAGE,SELL,4567027,23.0,-
25-JAN-2024,GREENPOWER,Orient Green Power Company Ltd,SOCIETE GENERALE,BUY,4567027,23.0,-
25-JAN-2024,PAYTM,One 97 Communications Ltd,BNP PARIBAS ARBITRAGE,SELL,4215326,753.75,-
25-JAN-2024,PAYTM,One 97 Communications Ltd,MARSHALL WACE INVESTMENT STRATEGIES - EUREKA FUND,BUY,4089360,753.75,-
25-JAN-2024,JSWSTEEL,JSW Steel Ltd,SOCIETE GENERALE,BUY,3819621,812.2,-
25-JAN-2024,JSWSTEEL,JSW Steel Ltd,BNP PARIBAS ARBITRAGE,SELL,3819621,812.2,-
25-JAN-2024,SUNPHARMA,Sun Pharmaceutical Industries Ltd,SOCIETE GENERALE,BUY,3253896,1382.1,-
25-JAN-2024,SUNPHARMA,Sun Pharmaceutical Industries Ltd,BNP PARIBAS ARBITRAGE,SELL,3253896,1382.1,-
25-JAN-2024,MSUMI,Motherson Sumi Wiring India Ltd,BNP PARIBAS ARBITRAGE,SELL,3094690,61.7,-
25-JAN-2024,MSUMI,Motherson Sumi Wiring India Ltd,SOCIETE GENERALE,BUY,3094690,61.7,-
25-JAN-2024,DEVYANI,Devyani International Ltd,BNP PARIBAS ARBITRAGE,SELL,3052683,176.25,-
25-JAN-2024,DEVYANI,Devyani International Ltd,MARSHALL WACE INVESTMENT STRATEGIES - EUREKA FUND,BUY,3029964,176.25,-
25-JAN-2024,NYKAA,FSN E-Commerce Ventures Ltd,BNP PARIBAS ARBITRAGE,SELL,2601143,162.45,-
25-JAN-2024,NYKAA,FSN E-Commerce Ventures Ltd,MARSHALL WACE INVESTMENT STRATEGIES - EUREKA FUND,BUY,2601143,162.45,-
25-JAN-2024,EQUITASBNK,Equitas Small Finance Bank Ltd,BNP PARIBAS ARBITRAGE,SELL,2422323,106.2,-
25-JAN-2024,EQUITASBNK,Equitas Small Finance Bank Ltd,SOCIETE GENERALE,BUY,2422323,106.2,-
25-JAN-2024,BPCL,Bharat Petroleum Corporation Ltd,SOCIETE GENERALE,BUY,1966306,477.15,-
25-JAN-2024,BPCL,Bharat Petroleum Corporation Ltd,BNP PARIBAS ARBITRAGE,SELL,1966306,477.15,-
25-JAN-2024,SHRIRAMFIN,Shriram Finance Ltd,BNP PARIBAS ARBITRAGE,SELL,1824895,2302.45,-
25-JAN-2024,IOC,Indian Oil Corporation Ltd,BNP PARIBAS ARBITRAGE,SELL,1815172,143.45,-
25-JAN-2024,DABUR,Dabur India Ltd,SOCIETE GENERALE,BUY,1810721,536.6,-
25-JAN-2024,DABUR,Dabur India Ltd,BNP PARIBAS ARBITRAGE,SELL,1810721,536.6,-
25-JAN-2024,SHRIRAMFIN,Shriram Finance Ltd,MARSHALL WACE INVESTMENT STRATEGIES - EUREKA FUND,BUY,1798111,2302.45,-
25-JAN-2024,RELIANCE,Reliance Industries Ltd,SOCIETE GENERALE,BUY,1784894,2687.75,-
25-JAN-2024,RELIANCE,Reliance Industries Ltd,BNP PARIBAS ARBITRAGE,SELL,1784894,2687.75,-
25-JAN-2024,IOC,Indian Oil Corporation Ltd,MARSHALLWACEINVESTMENTSTRATEGIESMARKETNEUTRALTOPSFUND,BUY,1598714,143.45,-
25-JAN-2024,INDUSTOWER,Indus Towers Ltd,BNP PARIBAS ARBITRAGE,SELL,1568455,229.95,-
25-JAN-2024,CROMPTON,Crompton Greaves Consumer Electricals Ltd,BNP PARIBAS ARBITRAGE,SELL,1519722,307.7,-
25-JAN-2024,CROMPTON,Crompton Greaves Consumer Electricals Ltd,SOCIETE GENERALE,BUY,1519722,307.7,-
25-JAN-2024,AUROPHARMA,Aurobindo Pharma Ltd,SOCIETE GENERALE,BUY,1484323,1160.1,-
25-JAN-2024,AUROPHARMA,Aurobindo Pharma Ltd,BNP PARIBAS ARBITRAGE,SELL,1484323,1160.1,-
25-JAN-2024,INDUSTOWER,Indus Towers Ltd,SOCIETE GENERALE,BUY,1455422,229.95,-
25-JAN-2024,INDUSTOWER,Indus Towers Ltd,BNP PARIBAS ARBITRAGE,SELL,1455422,229.95,-
25-JAN-2024,JIOFIN,Jio Financial Services Ltd,GOLDMAN SACHS (SINGAPORE) PTE.- ODI,BUY,1441606,239.5,-
25-JAN-2024,JIOFIN,Jio Financial Services Ltd,BOFA SECURITIES EUROPE SA,SELL,1441606,239.5,-
25-JAN-2024,NHPC,NHPC Ltd,BNP PARIBAS ARBITRAGE,SELL,1439401,80.4,-
25-JAN-2024,NHPC,NHPC Ltd,SOCIETE GENERALE,BUY,1439401,80.4,-
25-JAN-2024,COALINDIA,Coal India Ltd,BNP PARIBAS ARBITRAGE,SELL,1289935,382.6,-
25-JAN-2024,COALINDIA,Coal India Ltd,SOCIETE GENERALE,BUY,1289935,382.6,-
25-JAN-2024,EQUITASBNK,Equitas Small Finance Bank Ltd,BNP PARIBAS ARBITRAGE,SELL,1259627,106.2,-
25-JAN-2024,SHRIRAMFIN,Shriram Finance Ltd,SOCIETE GENERALE,BUY,1212520,2302.45,-
25-JAN-2024,SHRIRAMFIN,Shriram Finance Ltd,BNP PARIBAS ARBITRAGE,SELL,1212520,2302.45,-
25-JAN-2024,MANAPPURAM,Manappuram Finance Ltd,BNP PARIBAS ARBITRAGE,SELL,1210222,174.55,-
25-JAN-2024,CIPLA,Cipla Ltd,SOCIETE GENERALE,BUY,1188318,1417.35,-
25-JAN-2024,CIPLA,Cipla Ltd,BNP PARIBAS ARBITRAGE,SELL,1188318,1417.35,-
25-JAN-2024,MANAPPURAM,Manappuram Finance Ltd,MARSHALL WACE INVESTMENT STRATEGIES - EUREKA FUND,BUY,1156343,174.55,-
25-JAN-2024,KARURVYSYA,Karur Vysya Bank Ltd,BNP PARIBAS ARBITRAGE,SELL,1143972,180.0,-
25-JAN-2024,KARURVYSYA,Karur Vysya Bank Ltd,SOCIETE GENERALE,BUY,1143972,180.0,-
25-JAN-2024,NTPC,NTPC Ltd,BNP PARIBAS ARBITRAGE,SELL,1133874,308.85,-
25-JAN-2024,NTPC,NTPC Ltd,SOCIETE GENERALE,BUY,1133874,308.85,-
25-JAN-2024,NMDC,NMDC Ltd,BNP PARIBAS ARBITRAGE,SELL,1087409,211.8,-
25-JAN-2024,NMDC,NMDC Ltd,MARSHALL WACE INVESTMENT STRATEGIES - EUREKA FUND,BUY,1087409,211.8,-
25-JAN-2024,PAISALO,Paisalo Digital Ltd,BNP PARIBAS ARBITRAGE,SELL,1004786,101.0,-
25-JAN-2024,PAISALO,Paisalo Digital Ltd,SOCIETE GENERALE,BUY,1004786,101.0,-
25-JAN-2024,JSL,Jindal Stainless Ltd,BNP PARIBAS ARBITRAGE,SELL,961310,548.5,-
25-JAN-2024,JSL,Jindal Stainless Ltd,SOCIETE GENERALE,BUY,961310,548.5,-
25-JAN-2024,APTUS,Aptus Value Housing Finance India Ltd,BNP PARIBAS ARBITRAGE,SELL,952010,366.95,-
25-JAN-2024,APTUS,Aptus Value Housing Finance India Ltd,SOCIETE GENERALE,BUY,952010,366.95,-
25-JAN-2024,EQUITASBNK,Equitas Small Finance Bank Ltd,MARSHALL WACE INVESTMENT STRATEGIES - EUREKA FUND,BUY,899311,106.2,-
25-JAN-2024,INDUSTOWER,Indus Towers Ltd,MARSHALL WACE INVESTMENT STRATEGIES - EUREKA FUND,BUY,837557,229.95,-
25-JAN-2024,JSL,Jindal Stainless Ltd,BNP PARIBAS ARBITRAGE,SELL,792413,548.5,-
25-JAN-2024,EPL,EPL Ltd,SOCIETE GENERALE,BUY,784520,199.85,-
25-JAN-2024,EPL,EPL Ltd,BNP PARIBAS ARBITRAGE,SELL,784520,199.85,-
25-JAN-2024,JSL,Jindal Stainless Ltd,MARSHALL WACE INVESTMENT STRATEGIES - EUREKA FUND,BUY,759460,548.5,-
25-JAN-2024,LUPIN,Lupin Ltd,SOCIETE GENERALE,BUY,747956,1449.2,-
25-JAN-2024,LUPIN,Lupin Ltd,BNP PARIBAS ARBITRAGE,SELL,747956,1449.2,-
25-JAN-2024,JSWINFRA,JSW Infrastructure Ltd,BNP PARIBAS ARBITRAGE,SELL,726788,207.7,-
25-JAN-2024,JSWINFRA,JSW Infrastructure Ltd,SOCIETE GENERALE,BUY,726788,207.7,-
25-JAN-2024,IIFLCAPS,IIFL Capital Services Ltd,BNP PARIBAS ARBITRAGE,SELL,695353,176.25,-
25-JAN-2024,IIFLCAPS,IIFL Capital Services Ltd,MARSHALL WACE INVESTMENT STRATEGIES - EUREKA FUND,BUY,695353,176.25,-
25-JAN-2024,NATCOPHARM,Natco Pharma Ltd,SOCIETE GENERALE,BUY,662733,859.2,-
25-JAN-2024,NATCOPHARM,Natco Pharma Ltd,BNP PARIBAS ARBITRAGE,SELL,662733,859.2,-
25-JAN-2024,PRAKASH,Prakash Industries Ltd,SOCIETE GENERALE,BUY,657258,190.25,-
25-JAN-2024,PRAKASH,Prakash Industries Ltd,BNP PARIBAS ARBITRAGE,SELL,657258,190.25,-
25-JAN-2024,VOLTAS,Voltas Ltd,SOCIETE GENERALE,BUY,647338,1031.75,-
25-JAN-2024,VOLTAS,Voltas Ltd,BNP PARIBAS ARBITRAGE,SELL,647338,1031.75,-
25-JAN-2024,VEDL,Vedanta Ltd,SOCIETE GENERALE,BUY,606297,262.55,-
25-JAN-2024,VEDL,Vedanta Ltd,BNP PARIBAS ARBITRAGE,SELL,606297,262.55,-
25-JAN-2024,UNOMINDA,UNO Minda Ltd-$,BNP PARIBAS ARBITRAGE,SELL,586696,697.65,-
25-JAN-2024,UNOMINDA,UNO Minda Ltd-$,SOCIETE GENERALE,BUY,586696,697.65,-
25-JAN-2024,BANKBARODA,Bank of Baroda,MARSHALL WACE INVESTMENT STRATEGIES-GLOBAL FINANCIALS MARKET NEUTRAL FUND,BUY,570275,228.65,-
25-JAN-2024,INDIANB,Indian Bank,BNP PARIBAS ARBITRAGE,SELL,566519,441.6,-
25-JAN-2024,AMBUJACEM,Ambuja Cements Ltd,BNP PARIBAS ARBITRAGE,SELL,559597,527.45,-
25-JAN-2024,INDIANB,Indian Bank,MARSHALL WACE INVESTMENT STRATEGIES - EUREKA FUND,BUY,557081,441.6,-
25-JAN-2024,BANDHANBNK,Bandhan Bank Ltd,MARSHALL WACE INVESTMENT STRATEGIES-GLOBAL FINANCIALS MARKET NEUTRAL FUND,BUY,542039,224.4,-
25-JAN-2024,PETRONET,Petronet LNG Ltd,BNP PARIBAS ARBITRAGE,SELL,524785,260.3,-
25-JAN-2024,POLICYBZR,PB Fintech Ltd,BNP PARIBAS ARBITRAGE,SELL,499860,922.95,-
25-JAN-2024,POLICYBZR,PB Fintech Ltd,SOCIETE GENERALE,BUY,499860,922.95,-
25-JAN-2024,WELCORP,Welspun Corp Ltd,BNP PARIBAS ARBITRAGE,SELL,478877,589.15,-
25-JAN-2024,WELCORP,Welspun Corp Ltd,SOCIETE GENERALE,BUY,478877,589.15,-
25-JAN-2024,TORNTPHARM,Torrent Pharmaceuticals Ltd,BNP PARIBAS ARBITRAGE,SELL,474629,2507.05,-
25-JAN-2024,TORNTPHARM,Torrent Pharmaceuticals Ltd,SOCIETE GENERALE,BUY,474629,2507.05,-
25-JAN-2024,TCS,Tata Consultancy Services Ltd,SOCIETE GENERALE,BUY,471757,3841.8,-
25-JAN-2024,TCS,Tata Consultancy Services Ltd,BNP PARIBAS ARBITRAGE,SELL,471757,3841.8,-
25-JAN-2024,UNIONBANK,Union Bank of India,MARSHALL WACE INVESTMENT STRATEGIESGTOPS FUND,BUY,448583,142.85,-
25-JAN-2024,FORTIS,Fortis Healthcare Ltd,BNP PARIBAS ARBITRAGE,SELL,427781,430.95,-
25-JAN-2024,FORTIS,Fortis Healthcare Ltd,SOCIETE GENERALE,BUY,427781,430.95,-
25-JAN-2024,ADANIPOWER,Adani Power Ltd,BNP PARIBAS ARBITRAGE,SELL,386003,519.95,-
25-JAN-2024,ADANIPOWER,Adani Power Ltd,SOCIETE GENERALE,BUY,386003,519.95,-
25-JAN-2024,AXISBANK,AXIS Bank Ltd,SOCIETE GENERALE,BUY,383128,1059.15,-
25-JAN-2024,AXISBANK,AXIS Bank Ltd,BNP PARIBAS ARBITRAGE,SELL,383128,1059.15,-
25-JAN-2024,INDUSINDBK,Indusind Bank Ltd,BNP PARIBAS ARBITRAGE,SELL,380280,1490.85,-
25-JAN-2024,INDUSTOWER,Indus Towers Ltd,MARSHALL WACE INVESTMENT STRATEGIESGTOPS FUND,BUY,373744,229.95,-
25-JAN-2024,PHOENIXLTD,The Phoenix Mills Ltd,BNP PARIBAS ARBITRAGE,SELL,372708,2367.05,-
25-JAN-2024,OBEROIRLTY,Oberoi Realty Ltd,BNP PARIBAS ARBITRAGE,SELL,370599,1304.0,-
25-JAN-2024,KPITTECH,KPIT Technologies Ltd,BNP PARIBAS ARBITRAGE,SELL,366055,1506.55,-
25-JAN-2024,KPITTECH,KPIT Technologies Ltd,MARSHALL WACE INVESTMENT STRATEGIES - EUREKA FUND,BUY,366030,1506.55,-
25-JAN-2024,AMBUJACEM,Ambuja Cements Ltd,BNP PARIBAS ARBITRAGE,SELL,360861,527.45,-
25-JAN-2024,AMBUJACEM,Ambuja Cements Ltd,SOCIETE GENERALE,BUY,360861,527.45,-
25-JAN-2024,EQUITASBNK,Equitas Small Finance Bank Ltd,MARSHALL WACE INVESTMENT STRATEGIESGTOPS FUND,BUY,357938,106.2,-
25-JAN-2024,INDUSTOWER,Indus Towers Ltd,MARSHALLWACEINVESTMENTSTRATEGIESMARKETNEUTRALTOPSFUND,BUY,357154,229.95,-
25-JAN-2024,INDUSINDBK,Indusind Bank Ltd,MARSHALL WACE INVESTMENT STRATEGIES - EUREKA FUND,BUY,355284,1490.85,-
25-JAN-2024,PHOENIXLTD,The Phoenix Mills Ltd,MARSHALL WACE INVESTMENT STRATEGIES - EUREKA FUND,BUY,353459,2367.05,-
25-JAN-2024,AMBUJACEM,Ambuja Cements Ltd,MARSHALL WACE INVESTMENT STRATEGIES - EUREKA FUND,BUY,351532,527.45,-
25-JAN-2024,PETRONET,Petronet LNG Ltd,MARSHALL WACE INVESTMENT STRATEGIES - EUREKA FUND,BUY,348612,260.3,-
25-JAN-2024,GRASIM,Grasim Industries Ltd,SOCIETE GENERALE,BUY,335302,2071.3,-
25-JAN-2024,GRASIM,Grasim Industries Ltd,BNP PARIBAS ARBITRAGE,SELL,335302,2071.3,-
25-JAN-2024,OBEROIRLTY,Oberoi Realty Ltd,MARSHALL WACE INVESTMENT STRATEGIES - EUREKA FUND,BUY,327055,1304.0,-
25-JAN-2024,INDIANB,Indian Bank,SOCIETE GENERALE,BUY,320388,441.6,-
25-JAN-2024,INDIANB,Indian Bank,BNP PARIBAS ARBITRAGE,SELL,320388,441.6,-
25-JAN-2024,ITC,ITC Ltd,BNP PARIBAS ARBITRAGE,SELL,314631,463.6,-
25-JAN-2024,ITC,ITC Ltd,SOCIETE GENERALE,BUY,314631,463.6,-
25-JAN-2024,DALBHARAT,Dalmia Bharat Ltd,BNP PARIBAS ARBITRAGE,SELL,313141,2154.75,-
25-JAN-2024,MANKIND,Mankind Pharma Ltd,BNP PARIBAS ARBITRAGE,SELL,312695,2060.65,-
25-JAN-2024,MANKIND,Mankind Pharma Ltd,SOCIETE GENERALE,BUY,312695,2060.65,-
25-JAN-2024,HAVELLS,Havells India Ltd,BNP PARIBAS ARBITRAGE,SELL,311790,1305.6,-
25-JAN-2024,HAVELLS,Havells India Ltd,SOCIETE GENERALE,BUY,311790,1305.6,-
25-JAN-2024,ALKEM,Alkem Laboratories Ltd,BNP PARIBAS ARBITRAGE,SELL,308994,4999.6,-
25-JAN-2024,ALKEM,Alkem Laboratories Ltd,SOCIETE GENERALE,BUY,308994,4999.6,-
25-JAN-2024,COHANCE,Cohance Lifesciences Ltd,BNP PARIBAS ARBITRAGE,SELL,297913,685.15,-
25-JAN-2024,COHANCE,Cohance Lifesciences Ltd,SOCIETE GENERALE,BUY,297913,685.15,-
25-JAN-2024,CANBK,Canara Bank,MARSHALL WACE INVESTMENT STRATEGIES-GLOBAL FINANCIALS MARKET NEUTRAL FUND,BUY,295142,454.3,-
25-JAN-2024,INFY,Infosys Ltd,SOCIETE GENERALE,BUY,293406,1675.4,-
25-JAN-2024,INFY,Infosys Ltd,BNP PARIBAS ARBITRAGE,SELL,293406,1675.4,-
25-JAN-2024,HINDALCO,Hindalco Industries Ltd,SOCIETE GENERALE,BUY,293053,565.15,-
25-JAN-2024,HINDALCO,Hindalco Industries Ltd,BNP PARIBAS ARBITRAGE,SELL,293053,565.15,-
25-JAN-2024,ASTERDM,Aster DM Quality Care Ltd,BNP PARIBAS ARBITRAGE,SELL,286443,430.3,-
25-JAN-2024,ASTERDM,Aster DM Quality Care Ltd,SOCIETE GENERALE,BUY,286443,430.3,-
25-JAN-2024,WELCORP,Welspun Corp Ltd,BNP PARIBAS ARBITRAGE,SELL,268803,589.15,-
25-JAN-2024,WELCORP,Welspun Corp Ltd,MARSHALLWACEINVESTMENTSTRATEGIESMARKETNEUTRALTOPSFUND,BUY,268803,589.15,-
25-JAN-2024,MANYAVAR,Vedant Fashions Ltd,BNP PARIBAS ARBITRAGE,SELL,268292,1072.45,-
25-JAN-2024,MANYAVAR,Vedant Fashions Ltd,MARSHALL WACE INVESTMENT STRATEGIES - EUREKA FUND,BUY,268292,1072.45,-
25-JAN-2024,POLICYBZR,PB Fintech Ltd,BNP PARIBAS ARBITRAGE,SELL,266717,922.95,-
25-JAN-2024,YATHARTH,Yatharth Hospital & Trauma Care Services Ltd,BNP PARIBAS ARBITRAGE,SELL,264081,381.15,-
25-JAN-2024,YATHARTH,Yatharth Hospital & Trauma Care Services Ltd,SOCIETE GENERALE,BUY,264081,381.15,-
25-JAN-2024,TITAN,Titan Company Ltd,BNP PARIBAS ARBITRAGE,SELL,263114,3767.85,-
25-JAN-2024,TITAN,Titan Company Ltd,SOCIETE GENERALE,BUY,263114,3767.85,-
25-JAN-2024,ISEC,ICICI Securities Ltd,BOFA SECURITIES EUROPE SA,SELL,257910,774.0,-
25-JAN-2024,ISEC,ICICI Securities Ltd,GOLDMAN SACHS (SINGAPORE) PTE.- ODI,BUY,257910,774.0,-
25-JAN-2024,GLAND,Gland Pharma Ltd,BNP PARIBAS ARBITRAGE,SELL,257761,1936.95,-
25-JAN-2024,GLAND,Gland Pharma Ltd,SOCIETE GENERALE,BUY,257761,1936.95,-
25-JAN-2024,DALBHARAT,Dalmia Bharat Ltd,MARSHALL WACE INVESTMENT STRATEGIES - EUREKA FUND,BUY,256977,2154.75,-
25-JAN-2024,ICICIBANK,ICICI Bank Ltd,SOCIETE GENERALE,BUY,252396,999.2,-
25-JAN-2024,ICICIBANK,ICICI Bank Ltd,BNP PARIBAS ARBITRAGE,SELL,252396,999.2,-
25-JAN-2024,CHOICEIN,Choice International Ltd,SOCIETE GENERALE,BUY,244336,539.9,-
25-JAN-2024,CHOICEIN,Choice International Ltd,BNP PARIBAS ARBITRAGE,SELL,244336,539.9,-
25-JAN-2024,JKTYRE,JK Tyre & Industries Ltd,SOCIETE GENERALE,BUY,244284,491.7,-
25-JAN-2024,JKTYRE,JK Tyre & Industries Ltd,BNP PARIBAS ARBITRAGE,SELL,244284,491.7,-
25-JAN-2024,POLICYBZR,PB Fintech Ltd,MARSHALL WACE INVESTMENT STRATEGIESGTOPS FUND,BUY,237989,922.95,-
25-JAN-2024,ADANIPORTS,Adani Ports and Special Economic Zone Ltd,BNP PARIBAS ARBITRAGE,SELL,233008,1120.6,-
25-JAN-2024,ADANIPORTS,Adani Ports and Special Economic Zone Ltd,SOCIETE GENERALE,BUY,233008,1120.6,-
25-JAN-2024,CONCOR,Container Corporation of India Ltd,SOCIETE GENERALE,BUY,216204,841.1,-
25-JAN-2024,CONCOR,Container Corporation of India Ltd,BNP PARIBAS ARBITRAGE,SELL,216204,841.1,-
25-JAN-2024,KAJARIACER,Kajaria Ceramics Ltd,SOCIETE GENERALE,BUY,198777,1332.15,-
25-JAN-2024,KAJARIACER,Kajaria Ceramics Ltd,BNP PARIBAS ARBITRAGE,SELL,198777,1332.15,-
25-JAN-2024,SUDARSCHEM,Sudarshan Chemical Industries Ltd,SOCIETE GENERALE,BUY,197465,521.2,-
25-JAN-2024,SUDARSCHEM,Sudarshan Chemical Industries Ltd,BNP PARIBAS ARBITRAGE,SELL,197465,521.2,-
25-JAN-2024,AMBUJACEM,Ambuja Cements Ltd,MARSHALL WACE INVESTMENT STRATEGIESGTOPS FUND,BUY,192595,527.45,-
25-JAN-2024,ISEC,ICICI Securities Ltd,BNP PARIBAS ARBITRAGE,SELL,187754,764.65,-
25-JAN-2024,ISEC,ICICI Securities Ltd,SOCIETE GENERALE,BUY,187754,764.65,-
25-JAN-2024,COHANCE,Cohance Lifesciences Ltd,BNP PARIBAS ARBITRAGE,SELL,183698,685.15,-
25-JAN-2024,HDFCBANK,HDFC Bank Ltd,SOCIETE GENERALE,BUY,176418,1455.9,-
25-JAN-2024,HDFCBANK,HDFC Bank Ltd,BNP PARIBAS ARBITRAGE,SELL,176418,1455.9,-
25-JAN-2024,COHANCE,Cohance Lifesciences Ltd,MARSHALLWACEINVESTMENTSTRATEGIESMARKETNEUTRALTOPSFUND,BUY,176249,685.15,-
25-JAN-2024,PETRONET,Petronet LNG Ltd,MARSHALL WACE INVESTMENT STRATEGIESGTOPS FUND,BUY,176173,260.3,-
25-JAN-2024,NEWGEN,Newgen Software Technologies Ltd,BNP PARIBAS ARBITRAGE,SELL,174781,828.5,-
25-JAN-2024,NEWGEN,Newgen Software Technologies Ltd,SOCIETE GENERALE,BUY,174781,828.5,-
25-JAN-2024,CONCORDBIO,Concord Biotech Ltd,BNP PARIBAS ARBITRAGE,SELL,153421,1421.7,-
25-JAN-2024,CONCORDBIO,Concord Biotech Ltd,SOCIETE GENERALE,BUY,153421,1421.7,-
25-JAN-2024,UNOMINDA,UNO Minda Ltd-$,BNP PARIBAS ARBITRAGE,SELL,152387,697.65,-
25-JAN-2024,IOC,Indian Oil Corporation Ltd,MARSHALL WACE INVESTMENT STRATEGIES - EUREKA FUND,BUY,151907,143.45,-
25-JAN-2024,ALIVUS,Alivus Life Sciences Ltd,BNP PARIBAS ARBITRAGE,SELL,151173,799.55,-
25-JAN-2024,ALIVUS,Alivus Life Sciences Ltd,SOCIETE GENERALE,BUY,151173,799.55,-
25-JAN-2024,AUROPHARMA,Aurobindo Pharma Ltd,BNP PARIBAS ARBITRAGE,SELL,150001,1160.1,-
25-JAN-2024,NATCOPHARM,Natco Pharma Ltd,MARSHALLWACEINVESTMENTSTRATEGIESMARKETNEUTRALTOPSFUND,BUY,149926,859.2,-
25-JAN-2024,NATCOPHARM,Natco Pharma Ltd,BNP PARIBAS ARBITRAGE,SELL,149926,859.2,-
25-JAN-2024,DALBHARAT,Dalmia Bharat Ltd,BNP PARIBAS ARBITRAGE,SELL,148279,2154.75,-
25-JAN-2024,DALBHARAT,Dalmia Bharat Ltd,SOCIETE GENERALE,BUY,148279,2154.75,-
25-JAN-2024,UNOMINDA,UNO Minda Ltd-$,MARSHALLWACEINVESTMENTSTRATEGIESMARKETNEUTRALTOPSFUND,BUY,147865,697.65,-
25-JAN-2024,ALKEM,Alkem Laboratories Ltd,BNP PARIBAS ARBITRAGE,SELL,142251,4999.6,-
25-JAN-2024,CEATLTD,Ceat Ltd,SOCIETE GENERALE,BUY,136869,2876.15,-
25-JAN-2024,CEATLTD,Ceat Ltd,BNP PARIBAS ARBITRAGE,SELL,136869,2876.15,-
25-JAN-2024,TRENT,Trent Ltd,SOCIETE GENERALE,BUY,135654,3222.75,-
25-JAN-2024,TRENT,Trent Ltd,BNP PARIBAS ARBITRAGE,SELL,135654,3222.75,-
25-JAN-2024,UNIONBANK,Union Bank of India,MARSHALL WACE INVESTMENT STRATEGIES-GLOBAL FINANCIALS MARKET NEUTRAL FUND,BUY,133083,142.85,-
25-JAN-2024,THERMAX,Thermax Ltd,BNP PARIBAS ARBITRAGE,SELL,131540,3028.75,-
25-JAN-2024,THERMAX,Thermax Ltd,SOCIETE GENERALE,BUY,131540,3028.75,-
25-JAN-2024,PAYTM,One 97 Communications Ltd,MARSHALL WACE INVESTMENT STRATEGIES-GLOBAL FINANCIALS MARKET NEUTRAL FUND,BUY,125966,753.75,-
25-JAN-2024,AJANTPHARM,Ajanta Pharma Ltd,BNP PARIBAS ARBITRAGE,SELL,125617,2195.5,-
25-JAN-2024,AJANTPHARM,Ajanta Pharma Ltd,SOCIETE GENERALE,BUY,125617,2195.5,-
25-JAN-2024,PIDILITIND,Pidilite Industries Ltd,SOCIETE GENERALE,BUY,125447,2592.05,-
25-JAN-2024,PIDILITIND,Pidilite Industries Ltd,BNP PARIBAS ARBITRAGE,SELL,125447,2592.05,-
25-JAN-2024,CELLO,Cello World Ltd,BNP PARIBAS ARBITRAGE,SELL,124975,848.3,-
25-JAN-2024,CELLO,Cello World Ltd,SOCIETE GENERALE,BUY,124975,848.3,-
25-JAN-2024,SIEMENS,Siemens Ltd,SOCIETE GENERALE,BUY,113651,4199.0,-
25-JAN-2024,SIEMENS,Siemens Ltd,BNP PARIBAS ARBITRAGE,SELL,113651,4199.0,-
25-JAN-2024,ACC,ACC Ltd,SOCIETE GENERALE,BUY,110464,2240.6,-
25-JAN-2024,ACC,ACC Ltd,BNP PARIBAS ARBITRAGE,SELL,110464,2240.6,-
25-JAN-2024,AUROPHARMA,Aurobindo Pharma Ltd,MARSHALL WACE INVESTMENT STRATEGIES - EUREKA FUND,BUY,106480,1160.1,-
25-JAN-2024,JBCHEPHARM,JB Chemicals & Pharmaceuticals Ltd,SOCIETE GENERALE,BUY,104241,1693.8,-
25-JAN-2024,JBCHEPHARM,JB Chemicals & Pharmaceuticals Ltd,BNP PARIBAS ARBITRAGE,SELL,104241,1693.8,-
25-JAN-2024,POLYMED,Poly Medicure Ltd,SOCIETE GENERALE,BUY,101686,1450.7,-
25-JAN-2024,POLYMED,Poly Medicure Ltd,BNP PARIBAS ARBITRAGE,SELL,101686,1450.7,-
25-JAN-2024,HAVELLS,Havells India Ltd,MARSHALLWACEINVESTMENTSTRATEGIESMARKETNEUTRALTOPSFUND,BUY,100904,1305.6,-
25-JAN-2024,HAVELLS,Havells India Ltd,BNP PARIBAS ARBITRAGE,SELL,100904,1305.6,-
25-JAN-2024,SAPPHIRE,Sapphire Foods India Ltd,BNP PARIBAS ARBITRAGE,SELL,93681,1438.9,-
25-JAN-2024,SAPPHIRE,Sapphire Foods India Ltd,MARSHALL WACE INVESTMENT STRATEGIES - EUREKA FUND,BUY,88615,1438.9,-
25-JAN-2024,KOTAKBANK,Kotak Mahindra Bank Ltd,SOCIETE GENERALE,BUY,86115,1788.6,-
25-JAN-2024,KOTAKBANK,Kotak Mahindra Bank Ltd,BNP PARIBAS ARBITRAGE,SELL,86115,1788.6,-
25-JAN-2024,SUNDRMFAST,Sundram Fasteners Ltd,SOCIETE GENERALE,BUY,85852,1273.65,-
25-JAN-2024,SUNDRMFAST,Sundram Fasteners Ltd,BNP PARIBAS ARBITRAGE,SELL,85852,1273.65,-
25-JAN-2024,CYIENT,Cyient Ltd,SOCIETE GENERALE,BUY,85391,2043.85,-
25-JAN-2024,CYIENT,Cyient Ltd,BNP PARIBAS ARBITRAGE,SELL,85391,2043.85,-
25-JAN-2024,MANKIND,Mankind Pharma Ltd,MARSHALLWACEINVESTMENTSTRATEGIESMARKETNEUTRALTOPSFUND,BUY,82213,2060.65,-
25-JAN-2024,MANKIND,Mankind Pharma Ltd,BNP PARIBAS ARBITRAGE,SELL,82213,2060.65,-
25-JAN-2024,INDUSINDBK,Indusind Bank Ltd,SOCIETE GENERALE,BUY,75133,1490.85,-
25-JAN-2024,INDUSINDBK,Indusind Bank Ltd,BNP PARIBAS ARBITRAGE,SELL,75133,1490.85,-
25-JAN-2024,LTM,LTM Ltd,BNP PARIBAS ARBITRAGE,SELL,72747,5619.55,-
25-JAN-2024,LTM,LTM Ltd,SOCIETE GENERALE,BUY,72747,5619.55,-
25-JAN-2024,SCHAEFFLER,Schaeffler India Ltd,SOCIETE GENERALE,BUY,72242,3131.35,-
25-JAN-2024,SCHAEFFLER,Schaeffler India Ltd,BNP PARIBAS ARBITRAGE,SELL,72242,3131.35,-
25-JAN-2024,ALKEM,Alkem Laboratories Ltd,MARSHALL WACE INVESTMENT STRATEGIES - EUREKA FUND,BUY,70355,4999.6,-
25-JAN-2024,NUVAMA,Nuvama Wealth Management Ltd,BNP PARIBAS ARBITRAGE,SELL,70068,3380.2,-
25-JAN-2024,NUVAMA,Nuvama Wealth Management Ltd,SOCIETE GENERALE,BUY,70068,3380.2,-
25-JAN-2024,BALKRISIND,Balkrishna Industries Ltd-$,SOCIETE GENERALE,BUY,68782,2714.55,-
25-JAN-2024,BALKRISIND,Balkrishna Industries Ltd-$,BNP PARIBAS ARBITRAGE,SELL,68782,2714.55,-
25-JAN-2024,PGEL,PG Electroplast Ltd,BNP PARIBAS ARBITRAGE,SELL,65803,2084.95,-
25-JAN-2024,PGEL,PG Electroplast Ltd,SOCIETE GENERALE,BUY,65803,2084.95,-
25-JAN-2024,ALKEM,Alkem Laboratories Ltd,MARSHALLWACEINVESTMENTSTRATEGIESMARKETNEUTRALTOPSFUND,BUY,65337,4999.6,-
25-JAN-2024,IOC,Indian Oil Corporation Ltd,MARSHALL WACE INVESTMENT STRATEGIES - SYSTEMATIC ALPHA PLUS FUND,BUY,64551,143.45,-
25-JAN-2024,CAMS,Computer Age Management Services Ltd,BNP PARIBAS ARBITRAGE,SELL,62115,2732.9,-
25-JAN-2024,CAMS,Computer Age Management Services Ltd,SOCIETE GENERALE,BUY,62115,2732.9,-
25-JAN-2024,CEATLTD,Ceat Ltd,MARSHALLWACEINVESTMENTSTRATEGIESMARKETNEUTRALTOPSFUND,BUY,60672,2876.15,-
25-JAN-2024,CEATLTD,Ceat Ltd,BNP PARIBAS ARBITRAGE,SELL,60672,2876.15,-
25-JAN-2024,RATNAMANI,Ratnamani Metals & Tubes Ltd-$,SOCIETE GENERALE,BUY,56516,3298.2,-
25-JAN-2024,RATNAMANI,Ratnamani Metals & Tubes Ltd-$,BNP PARIBAS ARBITRAGE,SELL,56516,3298.2,-
25-JAN-2024,TORNTPHARM,Torrent Pharmaceuticals Ltd,BNP PARIBAS ARBITRAGE,SELL,55561,2507.05,-
25-JAN-2024,SUNDARMFIN,Sundaram Finance Ltd,BNP PARIBAS ARBITRAGE,SELL,55409,3596.85,-
25-JAN-2024,SUNDARMFIN,Sundaram Finance Ltd,MARSHALL WACE INVESTMENT STRATEGIES - EUREKA FUND,BUY,55409,3596.85,-
25-JAN-2024,UNIONBANK,Union Bank of India,MARSHALLWACEINVESTMENTSTRATEGIESMARKETNEUTRALTOPSFUND,BUY,53924,142.85,-
25-JAN-2024,MANAPPURAM,Manappuram Finance Ltd,MARSHALL WACE INVESTMENT STRATEGIES-GLOBAL FINANCIALS MARKET NEUTRAL FUND,BUY,53879,174.55,-
25-JAN-2024,AJANTPHARM,Ajanta Pharma Ltd,BNP PARIBAS ARBITRAGE,SELL,50586,2195.5,-
25-JAN-2024,DALBHARAT,Dalmia Bharat Ltd,MARSHALLWACEINVESTMENTSTRATEGIESMARKETNEUTRALTOPSFUND,BUY,49518,2154.75,-
25-JAN-2024,PHOENIXLTD,The Phoenix Mills Ltd,SOCIETE GENERALE,BUY,48261,2367.05,-
25-JAN-2024,PHOENIXLTD,The Phoenix Mills Ltd,BNP PARIBAS ARBITRAGE,SELL,48261,2367.05,-
25-JAN-2024,AJANTPHARM,Ajanta Pharma Ltd,MARSHALLWACEINVESTMENTSTRATEGIESMARKETNEUTRALTOPSFUND,BUY,47901,2195.5,-
25-JAN-2024,TORNTPHARM,Torrent Pharmaceuticals Ltd,MARSHALLWACEINVESTMENTSTRATEGIESMARKETNEUTRALTOPSFUND,BUY,47322,2507.05,-
25-JAN-2024,KAYNES,Kaynes Technology India Ltd,BNP PARIBAS ARBITRAGE,SELL,40656,2851.15,-
25-JAN-2024,KAYNES,Kaynes Technology India Ltd,SOCIETE GENERALE,BUY,40656,2851.15,-
25-JAN-2024,THERMAX,Thermax Ltd,BNP PARIBAS ARBITRAGE,SELL,38775,3028.75,-
25-JAN-2024,THERMAX,Thermax Ltd,MARSHALLWACEINVESTMENTSTRATEGIESMARKETNEUTRALTOPSFUND,BUY,37638,3028.75,-
25-JAN-2024,JKCEMENT,JK Cement Ltd,BNP PARIBAS ARBITRAGE,SELL,35538,4138.0,-
25-JAN-2024,JKCEMENT,JK Cement Ltd,SOCIETE GENERALE,BUY,35538,4138.0,-
25-JAN-2024,NAUKRI,Info Edge (India) Ltd,BNP PARIBAS ARBITRAGE,SELL,34388,5021.95,-
25-JAN-2024,NAUKRI,Info Edge (India) Ltd,SOCIETE GENERALE,BUY,34388,5021.95,-
25-JAN-2024,HEROMOTOCO,Hero MotoCorp Ltd,SOCIETE GENERALE,BUY,34179,4433.65,-
25-JAN-2024,HEROMOTOCO,Hero MotoCorp Ltd,BNP PARIBAS ARBITRAGE,SELL,34179,4433.65,-
25-JAN-2024,MARUTI,Maruti Suzuki India Ltd,BNP PARIBAS ARBITRAGE,SELL,29302,9988.2,-
25-JAN-2024,MARUTI,Maruti Suzuki India Ltd,SOCIETE GENERALE,BUY,29302,9988.2,-
25-JAN-2024,POLICYBZR,PB Fintech Ltd,MARSHALLWACEINVESTMENTSTRATEGIESMARKETNEUTRALTOPSFUND,BUY,28728,922.95,-
25-JAN-2024,OBEROIRLTY,Oberoi Realty Ltd,MARSHALLWACEINVESTMENTSTRATEGIESMARKETNEUTRALTOPSFUND,BUY,27729,1304.0,-
25-JAN-2024,AUROPHARMA,Aurobindo Pharma Ltd,MARSHALL WACE INVESTMENT STRATEGIESGTOPS FUND,BUY,27571,1160.1,-
25-JAN-2024,SHREECEM,Shree Cement Ltd,SOCIETE GENERALE,BUY,26774,27635.15,-
25-JAN-2024,SHREECEM,Shree Cement Ltd,BNP PARIBAS ARBITRAGE,SELL,26774,27635.15,-
25-JAN-2024,DIXON,Dixon Technologies (India) Ltd,BNP PARIBAS ARBITRAGE,SELL,25093,5920.1,-
25-JAN-2024,BAJAJ-AUTO,Bajaj Auto Ltd,BNP PARIBAS ARBITRAGE,SELL,24717,7212.85,-
25-JAN-2024,BAJAJ-AUTO,Bajaj Auto Ltd,SOCIETE GENERALE,BUY,24717,7212.85,-
25-JAN-2024,SHRIRAMFIN,Shriram Finance Ltd,MARSHALL WACE INVESTMENT STRATEGIES-GLOBAL FINANCIALS MARKET NEUTRAL FUND,BUY,22428,2302.45,-
25-JAN-2024,DEVYANI,Devyani International Ltd,MARSHALLWACEINVESTMENTSTRATEGIESMARKETNEUTRALTOPSFUND,BUY,20970,176.25,-
25-JAN-2024,JSL,Jindal Stainless Ltd,MARSHALL WACE INVESTMENT STRATEGIESGTOPS FUND,BUY,18894,548.5,-
25-JAN-2024,DIXON,Dixon Technologies (India) Ltd,MARSHALL WACE INVESTMENT STRATEGIES - EUREKA FUND,BUY,17392,5920.1,-
25-JAN-2024,AUROPHARMA,Aurobindo Pharma Ltd,MARSHALL WACE INVESTMENT STRATEGIES - SYSTEMATIC ALPHA PLUS FUND,BUY,15950,1160.1,-
25-JAN-2024,OBEROIRLTY,Oberoi Realty Ltd,MARSHALL WACE INVESTMENT STRATEGIESGTOPS FUND,BUY,15815,1304.0,-
25-JAN-2024,AMBUJACEM,Ambuja Cements Ltd,MARSHALLWACEINVESTMENTSTRATEGIESMARKETNEUTRALTOPSFUND,BUY,15470,527.45,-
25-JAN-2024,JSL,Jindal Stainless Ltd,MARSHALLWACEINVESTMENTSTRATEGIESMARKETNEUTRALTOPSFUND,BUY,14059,548.5,-
25-JAN-2024,INDUSINDBK,Indusind Bank Ltd,MARSHALLWACEINVESTMENTSTRATEGIESMARKETNEUTRALTOPSFUND,BUY,13700,1490.85,-
25-JAN-2024,PHOENIXLTD,The Phoenix Mills Ltd,MARSHALLWACEINVESTMENTSTRATEGIESMARKETNEUTRALTOPSFUND,BUY,12258,2367.05,-
25-JAN-2024,INDUSINDBK,Indusind Bank Ltd,MARSHALL WACE INVESTMENT STRATEGIES-GLOBAL FINANCIALS MARKET NEUTRAL FUND,BUY,11296,1490.85,-
25-JAN-2024,INDIANB,Indian Bank,MARSHALLWACEINVESTMENTSTRATEGIESMARKETNEUTRALTOPSFUND,BUY,8696,441.6,-
25-JAN-2024,BOSCHLTD,Bosch Ltd,BNP PARIBAS ARBITRAGE,SELL,8191,22444.15,-
25-JAN-2024,DIXON,Dixon Technologies (India) Ltd,MARSHALL WACE INVESTMENT STRATEGIES - SYSTEMATIC ALPHA PLUS FUND,BUY,7701,5920.1,-
25-JAN-2024,COHANCE,Cohance Lifesciences Ltd,MARSHALL WACE INVESTMENT STRATEGIESGTOPS FUND,BUY,7449,685.15,-
25-JAN-2024,PHOENIXLTD,The Phoenix Mills Ltd,MARSHALL WACE INVESTMENT STRATEGIESGTOPS FUND,BUY,6991,2367.05,-
25-JAN-2024,DALBHARAT,Dalmia Bharat Ltd,MARSHALL WACE INVESTMENT STRATEGIESGTOPS FUND,BUY,6646,2154.75,-
25-JAN-2024,ALKEM,Alkem Laboratories Ltd,MARSHALL WACE INVESTMENT STRATEGIESGTOPS FUND,BUY,6559,4999.6,-
25-JAN-2024,BOSCHLTD,Bosch Ltd,MARSHALL WACE INVESTMENT STRATEGIES - EUREKA FUND,BUY,5267,22444.15,-
25-JAN-2024,SAPPHIRE,Sapphire Foods India Ltd,MARSHALLWACEINVESTMENTSTRATEGIESMARKETNEUTRALTOPSFUND,BUY,4674,1438.9,-
25-JAN-2024,UNOMINDA,UNO Minda Ltd-$,MARSHALL WACE INVESTMENT STRATEGIESGTOPS FUND,BUY,4522,697.65,-
25-JAN-2024,TORNTPHARM,Torrent Pharmaceuticals Ltd,MARSHALL WACE INVESTMENT STRATEGIESGTOPS FUND,BUY,4356,2507.05,-
25-JAN-2024,TORNTPHARM,Torrent Pharmaceuticals Ltd,MARSHALL WACE INVESTMENT STRATEGIES - EUREKA FUND,BUY,3883,2507.05,-
25-JAN-2024,AJANTPHARM,Ajanta Pharma Ltd,MARSHALL WACE INVESTMENT STRATEGIESGTOPS FUND,BUY,2685,2195.5,-
25-JAN-2024,EQUITASBNK,Equitas Small Finance Bank Ltd,MARSHALLWACEINVESTMENTSTRATEGIESMARKETNEUTRALTOPSFUND,BUY,2378,106.2,-
25-JAN-2024,BOSCHLTD,Bosch Ltd,MARSHALLWACEINVESTMENTSTRATEGIESMARKETNEUTRALTOPSFUND,BUY,1862,22444.15,-
25-JAN-2024,DEVYANI,Devyani International Ltd,MARSHALL WACE INVESTMENT STRATEGIESGTOPS FUND,BUY,1749,176.25,-
25-JAN-2024,SHRIRAMFIN,Shriram Finance Ltd,MARSHALL WACE INVESTMENT STRATEGIESGTOPS FUND,BUY,1713,2302.45,-
25-JAN-2024,SHRIRAMFIN,Shriram Finance Ltd,MARSHALLWACEINVESTMENTSTRATEGIESMARKETNEUTRALTOPSFUND,BUY,1510,2302.45,-
25-JAN-2024,THERMAX,Thermax Ltd,MARSHALL WACE INVESTMENT STRATEGIESGTOPS FUND,BUY,1137,3028.75,-
25-JAN-2024,SHRIRAMFIN,Shriram Finance Ltd,MARSHALL WACE INVESTMENT STRATEGIES - SYSTEMATIC ALPHA PLUS FUND,BUY,1133,2302.45,-
25-JAN-2024,BOSCHLTD,Bosch Ltd,MARSHALL WACE INVESTMENT STRATEGIESGTOPS FUND,BUY,1062,22444.15,-
25-JAN-2024,INDIANB,Indian Bank,MARSHALL WACE INVESTMENT STRATEGIESGTOPS FUND,BUY,726,441.6,-
25-JAN-2024,SAPPHIRE,Sapphire Foods India Ltd,MARSHALL WACE INVESTMENT STRATEGIESGTOPS FUND,BUY,392,1438.9,-
25-JAN-2024,KPITTECH,KPIT Technologies Ltd,MARSHALLWACEINVESTMENTSTRATEGIESMARKETNEUTRALTOPSFUND,BUY,23,1506.55,-
25-JAN-2024,INDIANB,Indian Bank,MARSHALL WACE INVESTMENT STRATEGIES-GLOBAL FINANCIALS MARKET NEUTRAL FUND,BUY,16,441.6,-
25-JAN-2024,KPITTECH,KPIT Technologies Ltd,MARSHALL WACE INVESTMENT STRATEGIESGTOPS FUND,BUY,2,1506.55,-
30-JAN-2024,JSL,Jindal Stainless Ltd,THELEME INDIA MASTER FUND LIMITED,BUY,500000,553.0,-
30-JAN-2024,JSL,Jindal Stainless Ltd,THELEME INDIA MASTER FUND LIMITED,SELL,500000,553.0,-
01-FEB-2024,POLICYBZR,PB Fintech Ltd,CLAYMORE INVESTMENTS (MAURITIUS) PTE.LTD.,SELL,12000000,992.8,-
01-FEB-2024,POLICYBZR,PB Fintech Ltd,CLAYMORE INVESTMENTS (MAURITIUS) PTE.LTD.,SELL,7725000,992.8,-
01-FEB-2024,POLICYBZR,PB Fintech Ltd,NEW WORLD FUND INC,BUY,7725000,992.8,-
01-FEB-2024,POLICYBZR,PB Fintech Ltd,SMALLCAP WORLD FUND INC,BUY,6367319,992.8,-
01-FEB-2024,POLICYBZR,PB Fintech Ltd,CLAYMORE INVESTMENTS (MAURITIUS) PTE.LTD.,SELL,4705015,992.8,-
01-FEB-2024,POLICYBZR,PB Fintech Ltd,NEW WORLD FUND INC,BUY,4705015,992.8,-
01-FEB-2024,POLICYBZR,PB Fintech Ltd,CAPITAL GROUP GLOBAL EQUITY FUND (CANADA),BUY,2531606,992.8,-
01-FEB-2024,POLICYBZR,PB Fintech Ltd,NEW WORLD FUND INC,BUY,2096483,992.8,-
01-FEB-2024,POLICYBZR,PB Fintech Ltd,AMERICAN FUNDS INSURANCE SERIES NEW WORLD FUND,BUY,881140,992.8,-
01-FEB-2024,PATANJALI,Patanjali Foods Ltd,THE JUPITER GLOBAL FUND-JUPITER INDIA SELECT,BUY,259551,1582.8,-
01-FEB-2024,PATANJALI,Patanjali Foods Ltd,JUPITER SOUTH ASIA INVESTMENT COMPANY LIMITED,SELL,259551,1582.8,-
01-FEB-2024,LT,Larsen & Toubro Ltd,THE JUPITER GLOBAL FUND-JUPITER INDIA SELECT,BUY,215505,3480.15,-
01-FEB-2024,LT,Larsen & Toubro Ltd,JUPITER SOUTH ASIA INVESTMENT COMPANY LIMITED,SELL,215505,3480.15,-
01-FEB-2024,OLECTRA,Olectra Greentech Ltd,THE JUPITER GLOBAL FUND-JUPITER INDIA SELECT,BUY,184114,1741.1,-
01-FEB-2024,OLECTRA,Olectra Greentech Ltd,JUPITER SOUTH ASIA INVESTMENT COMPANY LIMITED,SELL,184114,1741.1,-
01-FEB-2024,POLICYBZR,PB Fintech Ltd,CAPITAL GROUP NEW WORLD FUND (LUX),BUY,123452,992.8,-
09-FEB-2024,STAR,Strides Pharma Science Ltd,AMANSA HOLDING PRIVATE LTD.,BUY,563829,713.0,-
09-FEB-2024,STAR,Strides Pharma Science Ltd,BAJAJ FINANCE LIMITED,SELL,563829,713.0,-
09-FEB-2024,STAR,Strides Pharma Science Ltd,AMANSA HOLDING PRIVATE LTD.,BUY,335672,713.0,-
09-FEB-2024,STAR,Strides Pharma Science Ltd,SHASUN LEASING & FINANCE PVT LTD,SELL,335672,713.0,-
09-FEB-2024,STAR,Strides Pharma Science Ltd,BAJAJ FINANCE LIMITED,SELL,240800,713.0,-
09-FEB-2024,STAR,Strides Pharma Science Ltd,AMANSA HOLDING PRIVATE LTD.,BUY,240800,713.0,-
13-FEB-2024,JSL,Jindal Stainless Ltd,THELEME INDIA MASTER FUND LIMITED,BUY,670000,590.0,-
13-FEB-2024,JSL,Jindal Stainless Ltd,THELEME INDIA MASTER FUND LIMITED,SELL,670000,590.0,-
14-FEB-2024,BPCL,Bharat Petroleum Corporation Ltd,KOTAK MAHINDRA MUTUAL FUND,BUY,2250000,584.0,-
14-FEB-2024,BPCL,Bharat Petroleum Corporation Ltd,BPCL ESPS TRUST,SELL,2250000,584.0,-
14-FEB-2024,BPCL,Bharat Petroleum Corporation Ltd,BPCL ESPS TRUST,SELL,1300000,584.0,-
14-FEB-2024,BPCL,Bharat Petroleum Corporation Ltd,MOTILAL OSWAL MUTUAL FUND,BUY,1300000,584.0,-
14-FEB-2024,BPCL,Bharat Petroleum Corporation Ltd,PLUTUS WEALTH MANAGEMENT LLP,BUY,701366,584.0,-
14-FEB-2024,BPCL,Bharat Petroleum Corporation Ltd,BPCL ESPS TRUST,SELL,701366,584.0,-
14-FEB-2024,BPCL,Bharat Petroleum Corporation Ltd,ABU DHABI INVESTMENT AUTHORITY,BUY,700000,584.0,-
14-FEB-2024,BPCL,Bharat Petroleum Corporation Ltd,BPCL ESPS TRUST,SELL,700000,584.0,-
14-FEB-2024,BPCL,Bharat Petroleum Corporation Ltd,BPCL ESPS TRUST,SELL,500000,584.0,-
14-FEB-2024,BPCL,Bharat Petroleum Corporation Ltd,GOLDMAN SACHS FUNDS  GOLDMAN SACHS INDIA EQUITY PORTFOLIO,BUY,411885,584.0,-
14-FEB-2024,BPCL,Bharat Petroleum Corporation Ltd,BPCL ESPS TRUST,SELL,356582,584.0,-
14-FEB-2024,BPCL,Bharat Petroleum Corporation Ltd,JUPITER INDIA FUND,BUY,264380,584.0,-
14-FEB-2024,BPCL,Bharat Petroleum Corporation Ltd,BPCL ESPS TRUST,SELL,171500,584.0,-
14-FEB-2024,BPCL,Bharat Petroleum Corporation Ltd,BPCL ESPS TRUST,SELL,171500,584.0,-
14-FEB-2024,BPCL,Bharat Petroleum Corporation Ltd,BPCL ESPS TRUST,SELL,171500,584.0,-
14-FEB-2024,BPCL,Bharat Petroleum Corporation Ltd,EASTSPRING INVESTMENTS INDIA EQUITY OPEN LIMITED,BUY,171500,584.0,-
14-FEB-2024,BPCL,Bharat Petroleum Corporation Ltd,KOTAK MAHINDRA LIFE INSURANCE COMPANY LIMITED,BUY,171500,584.0,-
14-FEB-2024,BPCL,Bharat Petroleum Corporation Ltd,MORGAN STANLEY ASIA SINGAPORE PTE,BUY,171500,584.0,-
14-FEB-2024,BPCL,Bharat Petroleum Corporation Ltd,INVESCO MUTUAL FUND,BUY,171500,584.0,-
14-FEB-2024,BPCL,Bharat Petroleum Corporation Ltd,COPTHALL MAURITIUS INVESTMENT LIMITED,BUY,171500,584.0,-
14-FEB-2024,BPCL,Bharat Petroleum Corporation Ltd,SOCIETE GENERALE,BUY,171500,584.0,-
14-FEB-2024,BPCL,Bharat Petroleum Corporation Ltd,BPCL ESPS TRUST,SELL,171500,584.0,-
14-FEB-2024,BPCL,Bharat Petroleum Corporation Ltd,BPCL ESPS TRUST,SELL,171500,584.0,-
14-FEB-2024,BPCL,Bharat Petroleum Corporation Ltd,BPCL ESPS TRUST,SELL,171500,584.0,-
14-FEB-2024,BPCL,Bharat Petroleum Corporation Ltd,THE JUPITER GLOBAL FUNDJUPITER INDIA SELECT,BUY,92202,584.0,-
14-FEB-2024,BPCL,Bharat Petroleum Corporation Ltd,GREATER INDIA PORTFOLIO,BUY,32970,584.0,-
14-FEB-2024,BPCL,Bharat Petroleum Corporation Ltd,MEDIOLANUM BEST BRANDS  MEDIOLANUM INDIA OPPORTUNITIES,BUY,20415,584.0,-
14-FEB-2024,BPCL,Bharat Petroleum Corporation Ltd,GS INDIA EQUITY,BUY,18674,584.0,-
14-FEB-2024,BPCL,Bharat Petroleum Corporation Ltd,NEW YORK STATE TEACHERS RETIREMENT SYSTEM,BUY,16056,584.0,-
16-FEB-2024,DATAPATTNS,Data Patterns (India) Ltd,FLORINTREE CAPITAL PARTNERS LLP,SELL,3538000,1837.0,-
16-FEB-2024,DATAPATTNS,Data Patterns (India) Ltd,GOVERNMENT OF SINGAPORE,BUY,3147725,1837.0,-
16-FEB-2024,DATAPATTNS,Data Patterns (India) Ltd,FLORINTREE CAPITAL PARTNERS LLP,SELL,1094000,1837.0,-
16-FEB-2024,DATAPATTNS,Data Patterns (India) Ltd,MIRAE ASSET MUTUAL FUND,BUY,710310,1837.0,-
16-FEB-2024,DATAPATTNS,Data Patterns (India) Ltd,FLORINTREE CAPITAL PARTNERS LLP,SELL,680622,1837.0,-
16-FEB-2024,DATAPATTNS,Data Patterns (India) Ltd,MATHEW  CYRIAC,BUY,680622,1837.0,-
16-FEB-2024,DATAPATTNS,Data Patterns (India) Ltd,FLORINTREE CAPITAL PARTNERS LLP,SELL,546000,1837.0,-
16-FEB-2024,DATAPATTNS,Data Patterns (India) Ltd,KOTAK MAHINDRA MUTUAL FUND,BUY,455000,1837.0,-
16-FEB-2024,DATAPATTNS,Data Patterns (India) Ltd,MONETARY AUTHORITY OF SINGAPORE,BUY,390275,1837.0,-
16-FEB-2024,DATAPATTNS,Data Patterns (India) Ltd,MIRAE ASSET MUTUAL FUND,BUY,217746,1837.0,-
16-FEB-2024,DATAPATTNS,Data Patterns (India) Ltd,MIRAE ASSET MUTUAL FUND,BUY,165944,1837.0,-
16-FEB-2024,DATAPATTNS,Data Patterns (India) Ltd,HDFC MUTUAL FUND,BUY,138000,1837.0,-
16-FEB-2024,DATAPATTNS,Data Patterns (India) Ltd,FLORINTREE CAPITAL PARTNERS LLP,SELL,138000,1837.0,-
16-FEB-2024,DATAPATTNS,Data Patterns (India) Ltd,KOTAK MAHINDRA MUTUAL FUND                                                 ,BUY,91000,1837.0,-
19-FEB-2024,MINDACORP,Minda Corporation Ltd,BELA  AGARWAL,SELL,4543700,403.0,-
19-FEB-2024,MINDACORP,Minda Corporation Ltd,MOTILAL OSWAL MUTUAL FUND,BUY,4370000,403.0,-
19-FEB-2024,MINDACORP,Minda Corporation Ltd,BELA  AGARWAL,SELL,4370000,403.0,-
19-FEB-2024,MINDACORP,Minda Corporation Ltd,KOTAK MAHINDRA MUTUAL FUND,BUY,3693700,403.0,-
19-FEB-2024,MINDACORP,Minda Corporation Ltd,BELA  AGARWAL,SELL,740000,403.0,-
19-FEB-2024,MINDACORP,Minda Corporation Ltd,KOTAK MAHINDRA MUTUAL FUND,BUY,600000,403.0,-
19-FEB-2024,MINDACORP,Minda Corporation Ltd,MAHINDRA MANULIFE MUTUAL FUND,BUY,540000,403.0,-
19-FEB-2024,MINDACORP,Minda Corporation Ltd,BELA  AGARWAL,SELL,350000,403.0,-
19-FEB-2024,MINDACORP,Minda Corporation Ltd,ADITYA BIRLA SUN LIFE MUTUAL FUND,BUY,350000,403.0,-
19-FEB-2024,MINDACORP,Minda Corporation Ltd,SOCIETE GENERALE,BUY,347000,403.0,-
19-FEB-2024,MINDACORP,Minda Corporation Ltd,BELA  AGARWAL,SELL,347000,403.0,-
19-FEB-2024,MINDACORP,Minda Corporation Ltd,KOTAK MAHINDRA MUTUAL FUND,BUY,250000,403.0,-
19-FEB-2024,MINDACORP,Minda Corporation Ltd,AXIS MUTUAL FUND,BUY,250000,403.0,-
19-FEB-2024,MINDACORP,Minda Corporation Ltd,MONIKA  GARWARE,BUY,250000,403.0,-
19-FEB-2024,MINDACORP,Minda Corporation Ltd,BELA  AGARWAL,SELL,250000,403.0,-
19-FEB-2024,MINDACORP,Minda Corporation Ltd,BELA  AGARWAL,SELL,250000,403.0,-
19-FEB-2024,MINDACORP,Minda Corporation Ltd,MAHINDRA MANULIFE MUTUAL FUND,BUY,200000,403.0,-
21-FEB-2024,PRSMJOHNSN,Prism Johnson Ltd,THE JUPITER GLOBAL FUND-JUPITER INDIA SELECT,BUY,2966990,170.6,-
21-FEB-2024,PRSMJOHNSN,Prism Johnson Ltd,JUPITER SOUTH ASIA INVESTMENT COMPANY LIMITED,SELL,2966990,170.6,-
21-FEB-2024,PNB,Punjab National Bank,THE JUPITER GLOBAL FUND-JUPITER INDIA SELECT,BUY,2658887,129.5,-
21-FEB-2024,PNB,Punjab National Bank,JUPITER SOUTH ASIA INVESTMENT COMPANY LIMITED,SELL,2658887,129.5,-
21-FEB-2024,PFC,Power Finance Corporation Ltd,THE JUPITER GLOBAL FUND-JUPITER INDIA SELECT,BUY,830607,426.05,-
21-FEB-2024,PFC,Power Finance Corporation Ltd,JUPITER SOUTH ASIA INVESTMENT COMPANY LIMITED,SELL,830607,426.05,-
21-FEB-2024,NATHBIOGEN,Nath Bio-Genes (India) Ltd,AKASH FARMS LLP,BUY,504000,217.0,-
21-FEB-2024,NATHBIOGEN,Nath Bio-Genes (India) Ltd,AGRI TECH INDIA LIMITED,SELL,504000,217.0,-
21-FEB-2024,SBILIFE,SBI Life Insurance Company Ltd,THE JUPITER GLOBAL FUND-JUPITER INDIA SELECT,BUY,317727,1513.45,-
21-FEB-2024,SBILIFE,SBI Life Insurance Company Ltd,JUPITER SOUTH ASIA INVESTMENT COMPANY LIMITED,SELL,317727,1513.45,-
21-FEB-2024,POLICYBZR,PB Fintech Ltd,THE JUPITER GLOBAL FUND-JUPITER INDIA SELECT,BUY,225081,998.1,-
21-FEB-2024,POLICYBZR,PB Fintech Ltd,JUPITER SOUTH ASIA INVESTMENT COMPANY LIMITED,SELL,225081,998.1,-
21-FEB-2024,NATCOPHARM,Natco Pharma Ltd,THE JUPITER GLOBAL FUND-JUPITER INDIA SELECT,BUY,198742,1039.15,-
21-FEB-2024,NATCOPHARM,Natco Pharma Ltd,JUPITER SOUTH ASIA INVESTMENT COMPANY LIMITED,SELL,198742,1039.15,-
21-FEB-2024,RRKABEL,R R Kabel Ltd,THE JUPITER GLOBAL FUND-JUPITER INDIA SELECT,BUY,144928,1441.35,-
21-FEB-2024,RRKABEL,R R Kabel Ltd,JUPITER SOUTH ASIA INVESTMENT COMPANY LIMITED,SELL,144928,1441.35,-
21-FEB-2024,PGHH,Procter & Gamble Hygiene and Health Care Ltd,THE JUPITER GLOBAL FUND-JUPITER INDIA SELECT,BUY,14278,16563.2,-
21-FEB-2024,PGHH,Procter & Gamble Hygiene and Health Care Ltd,JUPITER SOUTH ASIA INVESTMENT COMPANY LIMITED,SELL,14278,16563.2,-
22-FEB-2024,EUREKAFORB,Eureka Forbes Ltd,LUNOLUX LIMITED,SELL,3285873,504.95,-
22-FEB-2024,EUREKAFORB,Eureka Forbes Ltd,LUNOLUX LIMITED,SELL,2644604,504.95,-
22-FEB-2024,EUREKAFORB,Eureka Forbes Ltd,GOLDMAN SACHS FUNDS - GOLDMAN SACHS INDIA EQUITY PORTFOLIO,BUY,2345220,504.95,-
22-FEB-2024,EUREKAFORB,Eureka Forbes Ltd,LUNOLUX LIMITED,SELL,1944294,504.95,-
22-FEB-2024,EUREKAFORB,Eureka Forbes Ltd,MORGAN STANLEY ASIA SINGAPORE PTE,BUY,1944294,504.95,-
22-FEB-2024,EUREKAFORB,Eureka Forbes Ltd,LUNOLUX LIMITED,SELL,1930000,504.95,-
22-FEB-2024,EUREKAFORB,Eureka Forbes Ltd,HILL FORT INDIA FUND LP,BUY,1930000,504.95,-
22-FEB-2024,EUREKAFORB,Eureka Forbes Ltd,CASSINI PARTNERS LP,BUY,1891766,504.95,-
22-FEB-2024,EUREKAFORB,Eureka Forbes Ltd,LUNOLUX LIMITED,SELL,1485297,504.95,-
22-FEB-2024,EUREKAFORB,Eureka Forbes Ltd,PLUTUS WEALTH MANAGEMENT LLP,BUY,1485297,504.95,-
22-FEB-2024,EUREKAFORB,Eureka Forbes Ltd,LUNOLUX LIMITED,SELL,1150056,504.95,-
22-FEB-2024,EUREKAFORB,Eureka Forbes Ltd,BOFA SECURITIES EUROPE SA,BUY,1150056,504.95,-
22-FEB-2024,EUREKAFORB,Eureka Forbes Ltd,LUNOLUX LIMITED,SELL,990198,504.95,-
22-FEB-2024,EUREKAFORB,Eureka Forbes Ltd,ADITYA BIRLA SUN LIFE INSURANCE COMPANY LIMITED,BUY,990198,504.95,-
22-FEB-2024,EUREKAFORB,Eureka Forbes Ltd,HABROK INDIA MASTER LP,BUY,930000,504.95,-
22-FEB-2024,EUREKAFORB,Eureka Forbes Ltd,LUNOLUX LIMITED,SELL,693139,504.95,-
22-FEB-2024,EUREKAFORB,Eureka Forbes Ltd,BANDHAN MUTUAL FUND,BUY,693139,504.95,-
22-FEB-2024,EUREKAFORB,Eureka Forbes Ltd,CARMIGNAC PORTFOLIO,BUY,492881,504.95,-
22-FEB-2024,EUREKAFORB,Eureka Forbes Ltd,LUNOLUX LIMITED,SELL,492881,504.95,-
22-FEB-2024,EUREKAFORB,Eureka Forbes Ltd,238 PLAN ASSOCIATES LLC,BUY,464107,504.95,-
22-FEB-2024,EUREKAFORB,Eureka Forbes Ltd,LUNOLUX LIMITED,SELL,396079,504.95,-
22-FEB-2024,EUREKAFORB,Eureka Forbes Ltd,LUNOLUX LIMITED,SELL,396079,504.95,-
22-FEB-2024,EUREKAFORB,Eureka Forbes Ltd,LUNOLUX LIMITED,SELL,396079,504.95,-
22-FEB-2024,EUREKAFORB,Eureka Forbes Ltd,NISHTHA INVESTMENT & SONSULTANCY SERVICES PRIVATE LIMITED,BUY,396079,504.95,-
22-FEB-2024,EUREKAFORB,Eureka Forbes Ltd,EDELWEISS DYNAMIC GROWTH EQUITY FUND,BUY,396079,504.95,-
22-FEB-2024,EUREKAFORB,Eureka Forbes Ltd,SOCIETE GENERALE,BUY,396079,504.95,-
22-FEB-2024,EUREKAFORB,Eureka Forbes Ltd,SOCIETE GENERALE,BUY,328587,504.95,-
22-FEB-2024,EUREKAFORB,Eureka Forbes Ltd,SOCIETE GENERALE,BUY,328587,504.95,-
22-FEB-2024,EUREKAFORB,Eureka Forbes Ltd,SOCIETE GENERALE,BUY,328587,504.95,-
22-FEB-2024,EUREKAFORB,Eureka Forbes Ltd,LUNOLUX LIMITED,SELL,328587,504.95,-
22-FEB-2024,EUREKAFORB,Eureka Forbes Ltd,LUNOLUX LIMITED,SELL,328587,504.95,-
22-FEB-2024,EUREKAFORB,Eureka Forbes Ltd,LUNOLUX LIMITED,SELL,328587,504.95,-
22-FEB-2024,EUREKAFORB,Eureka Forbes Ltd,LUNOLUX LIMITED,SELL,297059,504.95,-
22-FEB-2024,EUREKAFORB,Eureka Forbes Ltd,FUTURE GENERALI INDIA LIFE INSURANCE COMPANY LIMITED,BUY,297059,504.95,-
22-FEB-2024,EUREKAFORB,Eureka Forbes Ltd,GOLDMAN SACHS INVESTMENTS (MAURITIUS) I LIMITED,BUY,246440,504.95,-
22-FEB-2024,EUREKAFORB,Eureka Forbes Ltd,LUNOLUX LIMITED,SELL,246440,504.95,-
22-FEB-2024,EUREKAFORB,Eureka Forbes Ltd,MC JAIN INFOSERVICES PRIVATE LIMITED,BUY,200000,504.95,-
22-FEB-2024,EUREKAFORB,Eureka Forbes Ltd,MONIKA GARWARE,BUY,200000,504.95,-
22-FEB-2024,EUREKAFORB,Eureka Forbes Ltd,LUNOLUX LIMITED,SELL,200000,504.95,-
22-FEB-2024,EUREKAFORB,Eureka Forbes Ltd,LUNOLUX LIMITED,SELL,200000,504.95,-
22-FEB-2024,EUREKAFORB,Eureka Forbes Ltd,LUNOLUX LIMITED,SELL,198040,504.95,-
22-FEB-2024,EUREKAFORB,Eureka Forbes Ltd,CITIGROUP GLOBAL MARKETS MAURITIUS PVT LTD   FII   CITI,BUY,198040,504.95,-
22-FEB-2024,EUREKAFORB,Eureka Forbes Ltd,MEDIOLANUM BEST BRANDS- MEDIOLANUM INDIA OPPORTUNITIES,BUY,121137,504.95,-
22-FEB-2024,EUREKAFORB,Eureka Forbes Ltd,GS INDIA EQUITY,BUY,94888,504.95,-
22-FEB-2024,EUREKAFORB,Eureka Forbes Ltd,NEW YORK STATE TEACHERS RETIREMENT SYSTEM,BUY,83359,504.95,-
27-FEB-2024,ICICIGI,ICICI Lombard General Insurance Company Ltd,BHARTI ENTERPRISES LIMITED,SELL,6250900,1666.35,-
27-FEB-2024,ICICIGI,ICICI Lombard General Insurance Company Ltd,ICICI BANK LIMITED,BUY,6250900,1666.35,-
27-FEB-2024,SBIN,State Bank of India,THE JUPITER GLOBAL FUND-JUPITER INDIA SELECT,BUY,1556819,759.0,-
27-FEB-2024,SBIN,State Bank of India,JUPITER SOUTH ASIA INVESTMENT COMPANY LIMITED,SELL,1556819,759.0,-
27-FEB-2024,SUNPHARMA,Sun Pharmaceutical Industries Ltd,THE JUPITER GLOBAL FUND-JUPITER INDIA SELECT,BUY,656286,1556.95,-
27-FEB-2024,SUNPHARMA,Sun Pharmaceutical Industries Ltd,JUPITER SOUTH ASIA INVESTMENT COMPANY LIMITED,SELL,656286,1556.95,-
27-FEB-2024,ICICIGI,ICICI Lombard General Insurance Company Ltd,MIRAE ASSET MUTUAL FUND,SELL,500000,1666.35,-
27-FEB-2024,ICICIGI,ICICI Lombard General Insurance Company Ltd,ICICI BANK LIMITED,BUY,500000,1666.35,-
27-FEB-2024,SULA,Sula Vineyards Ltd,THE JUPITER GLOBAL FUND-JUPITER INDIA SELECT,BUY,362311,557.2,-
27-FEB-2024,SULA,Sula Vineyards Ltd,JUPITER SOUTH ASIA INVESTMENT COMPANY LIMITED,SELL,362311,557.2,-
27-FEB-2024,VBL,Varun Beverages Ltd,THE JUPITER GLOBAL FUND-JUPITER INDIA SELECT,BUY,244170,1536.95,-
27-FEB-2024,VBL,Varun Beverages Ltd,JUPITER SOUTH ASIA INVESTMENT COMPANY LIMITED,SELL,244170,1536.95,-
27-FEB-2024,TATACHEM,Tata Chemicals Ltd,THE JUPITER GLOBAL FUND-JUPITER INDIA SELECT,BUY,243275,968.15,-
27-FEB-2024,TATACHEM,Tata Chemicals Ltd,JUPITER SOUTH ASIA INVESTMENT COMPANY LIMITED,SELL,243275,968.15,-
27-FEB-2024,ICICIGI,ICICI Lombard General Insurance Company Ltd,ICICI BANK LIMITED,BUY,231952,1666.35,-
27-FEB-2024,ICICIGI,ICICI Lombard General Insurance Company Ltd,FIDELITY FUNDS  INDIA FOCUS FUND,SELL,201245,1666.35,-
27-FEB-2024,SENCO,Senco Gold Ltd,THE JUPITER GLOBAL FUND-JUPITER INDIA SELECT,BUY,162020,817.55,-
27-FEB-2024,SENCO,Senco Gold Ltd,JUPITER SOUTH ASIA INVESTMENT COMPANY LIMITED,SELL,162020,817.55,-
27-FEB-2024,ICICIGI,ICICI Lombard General Insurance Company Ltd,FIDELITY INDIA FUND,SELL,13416,1666.35,-
27-FEB-2024,ICICIGI,ICICI Lombard General Insurance Company Ltd,DENDANA INVESTMENTS MAURITIUS LIMITED,SELL,9284,1666.35,-
27-FEB-2024,ICICIGI,ICICI Lombard General Insurance Company Ltd,FIDELITY KOREA - INDIA EQUITY INVESTMENT TRUST - MOTHER,SELL,8007,1666.35,-
28-FEB-2024,JSL,Jindal Stainless Ltd,THELEME INDIA MASTER FUND LIMITED,BUY,650000,664.0,-
28-FEB-2024,JSL,Jindal Stainless Ltd,THELEME INDIA MASTER FUND LIMITED,SELL,650000,664.0,-
29-FEB-2024,DISHTV,Dish TV India Ltd,EAST BRIDGE CAPITAL MASTER FUND I LTD,BUY,28446351,21.05,-
29-FEB-2024,DISHTV,Dish TV India Ltd,BNP PARIBAS ARBITRAGE,SELL,28446351,21.05,-
29-FEB-2024,IDFCFIRSTB,IDFC First Bank Ltd,EAST BRIDGE CAPITAL MASTER FUND I LTD,BUY,18171745,79.8,-
29-FEB-2024,IDFCFIRSTB,IDFC First Bank Ltd,BNP PARIBAS ARBITRAGE,SELL,18171745,79.8,-
29-FEB-2024,IDFC,IDFC Ltd,EAST BRIDGE CAPITAL MASTER FUND I LTD,BUY,7146813,114.3,-
29-FEB-2024,IDFC,IDFC Ltd,BNP PARIBAS ARBITRAGE,SELL,7146813,114.3,-
29-FEB-2024,AXISBANK,AXIS Bank Ltd,EAST BRIDGE CAPITAL MASTER FUND I LTD,BUY,3719896,1061.5,-
29-FEB-2024,AXISBANK,AXIS Bank Ltd,BNP PARIBAS ARBITRAGE,SELL,3719896,1061.5,-
29-FEB-2024,SBILIFE,SBI Life Insurance Company Ltd,EAST BRIDGE CAPITAL MASTER FUND I LTD,BUY,2078840,1534.3,-
29-FEB-2024,SBILIFE,SBI Life Insurance Company Ltd,BNP PARIBAS ARBITRAGE,SELL,2078840,1534.3,-
29-FEB-2024,PEL,Piramal Enterprises Ltd,EAST BRIDGE CAPITAL MASTER FUND I LTD,BUY,1983000,898.5,-
29-FEB-2024,PEL,Piramal Enterprises Ltd,BNP PARIBAS ARBITRAGE,SELL,1983000,898.5,-
29-FEB-2024,UDS,Updater Services Ltd,EAST BRIDGE CAPITAL MASTER FUND I LTD,BUY,1666700,341.95,-
29-FEB-2024,UDS,Updater Services Ltd,BNP PARIBAS ARBITRAGE,SELL,1666700,341.95,-
01-MAR-2024,STARHEALTH,Star Health and Allied Insurance Company Ltd,APIS GROWTH 6 LTD,SELL,6960728,553.0,-
01-MAR-2024,STARHEALTH,Star Health and Allied Insurance Company Ltd,ICICI PRUDENTIAL MUTUAL FUND,BUY,6960728,553.0,-
01-MAR-2024,STARHEALTH,Star Health and Allied Insurance Company Ltd,ICICI PRUDENTIAL LIFE INSURANCE COMPANY LIMITED,BUY,3000000,553.0,-
01-MAR-2024,STARHEALTH,Star Health and Allied Insurance Company Ltd,APIS GROWTH 6 LTD,SELL,3000000,553.0,-
05-MAR-2024,ICICIBANK,ICICI Bank Ltd,BOFA SECURITIES EUROPE SA,BUY,8000000,1091.0,-
05-MAR-2024,ICICIBANK,ICICI Bank Ltd,BOFA SECURITIES EUROPE SA,SELL,8000000,1091.0,-
06-MAR-2024,HINDPETRO,Hindustan Petroleum Corporation Ltd,THE JUPITER GLOBAL FUND-JUPITER INDIA SELECT,BUY,2530378,527.5,-
06-MAR-2024,HINDPETRO,Hindustan Petroleum Corporation Ltd,JUPITER SOUTH ASIA INVESTMENT COMPANY LIMITED,SELL,2530378,527.5,-
06-MAR-2024,HCLTECH,HCL Technologies Ltd,THE JUPITER GLOBAL FUND-JUPITER INDIA SELECT,BUY,765229,1619.65,-
06-MAR-2024,HCLTECH,HCL Technologies Ltd,JUPITER SOUTH ASIA INVESTMENT COMPANY LIMITED,SELL,765229,1619.65,-
06-MAR-2024,CANBK,Canara Bank,THE JUPITER GLOBAL FUND-JUPITER INDIA SELECT,BUY,703065,602.45,-
06-MAR-2024,CANBK,Canara Bank,JUPITER SOUTH ASIA INVESTMENT COMPANY LIMITED,SELL,703065,602.45,-
06-MAR-2024,ICICIBANK,ICICI Bank Ltd,THE JUPITER GLOBAL FUND-JUPITER INDIA SELECT,BUY,662236,1088.1,-
06-MAR-2024,ICICIBANK,ICICI Bank Ltd,JUPITER SOUTH ASIA INVESTMENT COMPANY LIMITED,SELL,662236,1088.1,-
06-MAR-2024,CARTRADE,CarTrade Tech Ltd,SPRINGFIELD VENTURE INTERNATIONAL,SELL,361000,738.5,-
06-MAR-2024,CARTRADE,CarTrade Tech Ltd,ICICI PRUDENTIAL MUTUAL FUND,BUY,361000,738.5,-
06-MAR-2024,CARTRADE,CarTrade Tech Ltd,ICICI PRUDENTIAL MUTUAL FUND,BUY,316000,738.5,-
06-MAR-2024,CARTRADE,CarTrade Tech Ltd,MCP3 SPV LLC,SELL,316000,738.5,-
06-MAR-2024,CARTRADE,CarTrade Tech Ltd,SPRINGFIELD VENTURE INTERNATIONAL,SELL,271000,738.5,-
06-MAR-2024,CARTRADE,CarTrade Tech Ltd,ICICI PRUDENTIAL ASSET MANAGEMENT COMPANY LIMITED,BUY,271000,738.5,-
06-MAR-2024,FORCEMOT,Force Motors Ltd-$,THE JUPITER GLOBAL FUND-JUPITER INDIA SELECT,BUY,30071,6432.15,-
06-MAR-2024,FORCEMOT,Force Motors Ltd-$,JUPITER SOUTH ASIA INVESTMENT COMPANY LIMITED,SELL,30071,6432.15,-
06-MAR-2024,TASTYBITE,Tasty Bite Eatables Ltd,THE JUPITER GLOBAL FUND-JUPITER INDIA SELECT,BUY,19971,13167.4,-
06-MAR-2024,TASTYBITE,Tasty Bite Eatables Ltd,JUPITER SOUTH ASIA INVESTMENT COMPANY LIMITED,SELL,19971,13167.4,-
13-MAR-2024,ITC,ITC Ltd,TOBACCO MANUFACTURERS INDIA LIMITED,SELL,103500000,400.25,-
13-MAR-2024,ITC,ITC Ltd,GOVERNMENT OF SINGAPORE,BUY,91545678,400.25,-
13-MAR-2024,ITC,ITC Ltd,TOBACCO MANUFACTURERS (INDIA) LIMITED,SELL,72066628,400.25,-
13-MAR-2024,ITC,ITC Ltd,TOBACCO MANUFACTURERS INDIA LIMITED,SELL,51933372,400.25,-
13-MAR-2024,ITC,ITC Ltd,ICICI PRUDENTIAL MUTUAL FUND,BUY,51933372,400.25,-
13-MAR-2024,ITC,ITC Ltd,TOBACCO MANUFACTURERS (INDIA) LIMITED,SELL,40780831,400.25,-
13-MAR-2024,ITC,ITC Ltd,TOBACCO MANUFACTURERS (INDIA) LIMITED,SELL,20400000,400.25,-
13-MAR-2024,ITC,ITC Ltd,BOFA SECURITIES EUROPE SA,BUY,20400000,400.25,-
13-MAR-2024,ITC,ITC Ltd,ICICI PRUDENTIAL MUTUAL FUND,BUY,18528722,400.25,-
13-MAR-2024,ITC,ITC Ltd,SOCIETE GENERALE,BUY,18328425,400.25,-
13-MAR-2024,ITC,ITC Ltd,TOBACCO MANUFACTURERS (INDIA) LIMITED,SELL,18328425,400.25,-
13-MAR-2024,ITC,ITC Ltd,CAPITAL INCOME BUILDER,BUY,17566500,400.25,-
13-MAR-2024,ITC,ITC Ltd,TOBACCO MANUFACTURERS INDIA LIMITED,SELL,17300000,400.25,-
13-MAR-2024,ITC,ITC Ltd,CITIGROUP GLOBAL MARKETS MAURITIUS PRIVATE LIMITED,BUY,17300000,400.25,-
13-MAR-2024,ITC,ITC Ltd,TOBACCO MANUFACTURERS (INDIA) LIMITED,SELL,15300000,400.25,-
13-MAR-2024,ITC,ITC Ltd,MORGAN STANLEY ASIA SINGAPORE PTE,BUY,15300000,400.25,-
13-MAR-2024,ITC,ITC Ltd,TOBACCO MANUFACTURERS INDIA LIMITED,SELL,13570782,400.25,-
13-MAR-2024,ITC,ITC Ltd,COPTHALL MAURITIUS INVESTMENT LIMITED,BUY,13570782,400.25,-
13-MAR-2024,ONIDA,Onida Electronics Ltd,VIJAY JAIKRISHIN MANSUKHANI,SELL,12985774,20.5,-
13-MAR-2024,ONIDA,Onida Electronics Ltd,MARISSA VIJAY MANSUKHANI,BUY,12985774,20.5,-
13-MAR-2024,ITC,ITC Ltd,MONETARY AUTHORITY OF SINGAPORE,BUY,11954322,400.25,-
13-MAR-2024,ITC,ITC Ltd,GHISALLO MASTER FUND LP,BUY,11500000,400.25,-
13-MAR-2024,ITC,ITC Ltd,TOBACCO MANUFACTURERS (INDIA) LIMITED,SELL,11500000,400.25,-
13-MAR-2024,ITC,ITC Ltd,ICICI PRUDENTIAL MUTUAL FUND,BUY,10211256,400.25,-
13-MAR-2024,ITC,ITC Ltd,TOBACCO MANUFACTURERS INDIA LIMITED,SELL,10056190,400.25,-
13-MAR-2024,ITC,ITC Ltd,ICICI PRUDENTIAL MUTUAL FUND,BUY,8771966,400.25,-
13-MAR-2024,ITC,ITC Ltd,CAPITAL WORLD GROWTH AND INCOME FUND,BUY,8677700,400.25,-
13-MAR-2024,ITC,ITC Ltd,NEW WORLD FUND INC,BUY,8271400,400.25,-
13-MAR-2024,ITC,ITC Ltd,ICICI PRUDENTIAL MUTUAL FUND,BUY,7872756,400.25,-
13-MAR-2024,ITC,ITC Ltd,ICICI PRUDENTIAL MUTUAL FUND,BUY,7544187,400.25,-
13-MAR-2024,ITC,ITC Ltd,MARSHALL WACE INVESTMENT STRATEGIES-EUREKA FUND,BUY,6225644,400.25,-
13-MAR-2024,ITC,ITC Ltd,TOBACCO MANUFACTURERS (INDIA) LIMITED,SELL,6200000,400.25,-
13-MAR-2024,ITC,ITC Ltd,TOBACCO MANUFACTURERS (INDIA) LIMITED,SELL,6200000,400.25,-
13-MAR-2024,ITC,ITC Ltd,ICICI PRUDENTIAL MUTUAL FUND,BUY,5926138,400.25,-
13-MAR-2024,ITC,ITC Ltd,ICICI PRUDENTIAL MUTUAL FUND,BUY,5103420,400.25,-
13-MAR-2024,ITC,ITC Ltd,AMERICAN FUNDS GLOBAL BALANCED FUND,BUY,5000000,400.25,-
13-MAR-2024,ITC,ITC Ltd,NIPPON INDIA MUTUAL FUND,BUY,4000000,400.25,-
13-MAR-2024,ITC,ITC Ltd,TOBACCO MANUFACTURERS (INDIA) LIMITED,SELL,4000000,400.25,-
13-MAR-2024,ITC,ITC Ltd,TOBACCO MANUFACTURERS INDIA LIMITED,SELL,4000000,400.25,-
13-MAR-2024,ITC,ITC Ltd,TOBACCO MANUFACTURERS (INDIA) LIMITED,SELL,3900000,400.25,-
13-MAR-2024,ITC,ITC Ltd,TOBACCO MANUFACTURERS (INDIA) LIMITED,SELL,3800000,400.25,-
13-MAR-2024,ITC,ITC Ltd,MFS INVESTMENT MANAGEMENT A/C MFS EMERGING MARKETS EQUITY FUND,BUY,3559717,400.25,-
13-MAR-2024,ITC,ITC Ltd,TOBACCO MANUFACTURERS (INDIA) LIMITED,SELL,3400000,400.25,-
13-MAR-2024,ITC,ITC Ltd,TOBACCO MANUFACTURERS INDIA LIMITED,SELL,3400000,400.25,-
13-MAR-2024,ITC,ITC Ltd,TOBACCO MANUFACTURERS INDIA LIMITED,SELL,3400000,400.25,-
13-MAR-2024,ITC,ITC Ltd,ADITYA BIRLA SUN LIFE MUTUAL FUND,BUY,3400000,400.25,-
13-MAR-2024,ITC,ITC Ltd,MOTILAL OSWAL MUTUAL FUND,BUY,3400000,400.25,-
13-MAR-2024,ITC,ITC Ltd,SEGANTII INDIA MAURITIUS,BUY,3115385,400.25,-
13-MAR-2024,ITC,ITC Ltd,TOBACCO MANUFACTURERS INDIA LIMITED,SELL,3115385,400.25,-
13-MAR-2024,ITC,ITC Ltd,ICICI PRUDENTIAL MUTUAL FUND,BUY,3002854,400.25,-
13-MAR-2024,ITC,ITC Ltd,ICICI PRUDENTIAL MUTUAL FUND,BUY,2803005,400.25,-
13-MAR-2024,ITC,ITC Ltd,TOBACCO MANUFACTURERS INDIA LIMITED,SELL,2700000,400.25,-
13-MAR-2024,ITC,ITC Ltd,TOBACCO MANUFACTURERS (INDIA) LIMITED,SELL,2700000,400.25,-
13-MAR-2024,ITC,ITC Ltd,SBI MUTUAL FUND,BUY,2700000,400.25,-
13-MAR-2024,ITC,ITC Ltd,DSP MUTUAL FUND,BUY,2307537,400.25,-
13-MAR-2024,ITC,ITC Ltd,MARSHALL WACE INVESTMENT STRATEGIES-TOPS WORLD EQUITIES FUND,BUY,2293991,400.25,-
13-MAR-2024,ITC,ITC Ltd,GOLDMAN SACHS (SINGAPORE) PTE,BUY,2250000,400.25,-
13-MAR-2024,ITC,ITC Ltd,TOBACCO MANUFACTURERS INDIA LIMITED,SELL,2250000,400.25,-
13-MAR-2024,ITC,ITC Ltd,TOBACCO MANUFACTURERS (INDIA) LIMITED,SELL,2000000,400.25,-
13-MAR-2024,ITC,ITC Ltd,JUPITER ASIAN INCOME FUND,BUY,1908772,400.25,-
13-MAR-2024,ITC,ITC Ltd,TT EMERGING MARKETS UNCONSTRAINED FUND,BUY,1784121,400.25,-
13-MAR-2024,ITC,ITC Ltd,DSP MUTUAL FUND,BUY,1758979,400.25,-
13-MAR-2024,ITC,ITC Ltd,SBI MUTUAL FUND,BUY,1667647,400.25,-
13-MAR-2024,ITC,ITC Ltd,NIPPON INDIA MUTUAL FUND,BUY,1632500,400.25,-
13-MAR-2024,ELPROINTL,Elpro International Ltd,JUPITER SOUTH ASIA INVESTMENT COMPANY LIMITED,SELL,1622750,80.3,-
13-MAR-2024,ELPROINTL,Elpro International Ltd,THE JUPITER GLOBAL FUND-JUPITER INDIA SELECT,BUY,1622750,80.3,-
13-MAR-2024,ITC,ITC Ltd,MAX LIFE INSURANCE COMPANY LIMITED,BUY,1607250,400.25,-
13-MAR-2024,ITC,ITC Ltd,DSP MUTUAL FUND,BUY,1489539,400.25,-
13-MAR-2024,ITC,ITC Ltd,TOBACCO MANUFACTURERS (INDIA) LIMITED,SELL,1400000,400.25,-
13-MAR-2024,ITC,ITC Ltd,MAX LIFE INSURANCE COMPANY LIMITED,BUY,1308761,400.25,-
13-MAR-2024,ITC,ITC Ltd,NIPPON INDIA MUTUAL FUND,BUY,1224750,400.25,-
13-MAR-2024,ITC,ITC Ltd,AXIS MUTUAL FUND,BUY,1200000,400.25,-
13-MAR-2024,ITC,ITC Ltd,TOBACCO MANUFACTURERS (INDIA) LIMITED,SELL,1200000,400.25,-
13-MAR-2024,ITC,ITC Ltd,TOBACCO MANUFACTURERS (INDIA) LIMITED,SELL,1200000,400.25,-
13-MAR-2024,ITC,ITC Ltd,TT EMERGING MARKETS OPPORTUNITIES FUND II LIMITED,BUY,1042709,400.25,-
13-MAR-2024,ITC,ITC Ltd,SBI MUTUAL FUND,BUY,1032353,400.25,-
13-MAR-2024,ITC,ITC Ltd,ICICI PRUDENTIAL MUTUAL FUND,BUY,924533,400.25,-
13-MAR-2024,ITC,ITC Ltd,MARSHALL WACE INVESTMENT STRATEGIES-MARKET NEUTRAL TOPS FUND,BUY,877121,400.25,-
13-MAR-2024,ITC,ITC Ltd,KUWAIT INVESTMENT AUTHORITY,BUY,871288,400.25,-
13-MAR-2024,ITC,ITC Ltd,NIPPON INDIA MUTUAL FUND,BUY,816250,400.25,-
13-MAR-2024,ITC,ITC Ltd,ADITYA BIRLA SUN LIFE MUTUAL FUND,BUY,814414,400.25,-
13-MAR-2024,ITC,ITC Ltd,HDFC LIFE INSURANCE COMPANY LIMITED,BUY,800000,400.25,-
13-MAR-2024,ITC,ITC Ltd,TOBACCO MANUFACTURERS (INDIA) LIMITED,SELL,800000,400.25,-
13-MAR-2024,ITC,ITC Ltd,TOBACCO MANUFACTURERS (INDIA) LIMITED,SELL,800000,400.25,-
13-MAR-2024,ITC,ITC Ltd,BEST INVESTMENT CORPORATION,BUY,744325,400.25,-
13-MAR-2024,ITC,ITC Ltd,TOBACCO MANUFACTURERS (INDIA) LIMITED,SELL,700000,400.25,-
13-MAR-2024,ITC,ITC Ltd,TT HORIZON OPPORTUNITIES FUND LIMITED,BUY,644202,400.25,-
13-MAR-2024,ITC,ITC Ltd,ADITYA BIRLA SUN LIFE MUTUAL FUND,BUY,581724,400.25,-
13-MAR-2024,DLF,DLF Ltd,JUPITER SOUTH ASIA INVESTMENT COMPANY LIMITED,SELL,568616,864.35,-
13-MAR-2024,DLF,DLF Ltd,THE JUPITER GLOBAL FUND-JUPITER INDIA SELECT,BUY,568616,864.35,-
13-MAR-2024,ITC,ITC Ltd,INTERNATIONAL BANK FOR RECONSTRUCTION AND DEVELOPMENT,BUY,564581,400.25,-
13-MAR-2024,ITC,ITC Ltd,MARSHALL WACE INVESTMENT STRATEGIES-TOPS FUND,BUY,552796,400.25,-
13-MAR-2024,ITC,ITC Ltd,ICICI PRUDENTIAL MUTUAL FUND,BUY,510409,400.25,-
13-MAR-2024,ITC,ITC Ltd,TT EMERGING MARKETS EQUITY FUND,BUY,507401,400.25,-
13-MAR-2024,ITC,ITC Ltd,AMERICAN FUNDS INSURANCE SERIES - NEW WORLDFUND,BUY,504158,400.25,-
13-MAR-2024,ITC,ITC Ltd,MIRAE ASSET MUTUAL FUND,BUY,502564,400.25,-
13-MAR-2024,ITC,ITC Ltd,ICICI PRUDENTIAL LIFE INSURANCE COMPANY LIMITED,BUY,500000,400.25,-
13-MAR-2024,ITC,ITC Ltd,TOBACCO MANUFACTURERS (INDIA) LIMITED,SELL,500000,400.25,-
13-MAR-2024,ITC,ITC Ltd,AXIS MUTUAL FUND,BUY,500000,400.25,-
13-MAR-2024,ITC,ITC Ltd,TOBACCO MANUFACTURERS INDIA LIMITED,SELL,500000,400.25,-
13-MAR-2024,ITC,ITC Ltd,UTI MUTUAL FUND,BUY,479489,400.25,-
13-MAR-2024,ITC,ITC Ltd,TOBACCO MANUFACTURERS INDIA LIMITED,SELL,450000,400.25,-
13-MAR-2024,ITC,ITC Ltd,ALLSPRING EMERGING MARKETS EQUITY FUND,BUY,445112,400.25,-
13-MAR-2024,ITC,ITC Ltd,LOCKHEED MARTIN CORPORATION DEFINED CONTRIBUTION PLANS MASTER TRUST,BUY,410296,400.25,-
13-MAR-2024,ITC,ITC Ltd,ADITYA BIRLA SUN LIFE MUTUAL FUND,BUY,407207,400.25,-
13-MAR-2024,MFSL,Max Financial Services Ltd,JUPITER SOUTH ASIA INVESTMENT COMPANY LIMITED,SELL,401739,978.75,-
13-MAR-2024,MFSL,Max Financial Services Ltd,THE JUPITER GLOBAL FUND-JUPITER INDIA SELECT,BUY,401739,978.75,-
13-MAR-2024,ITC,ITC Ltd,ADITYA BIRLA SUN LIFE MUTUAL FUND,BUY,387816,400.25,-
13-MAR-2024,ITC,ITC Ltd,ICICI PRUDENTIAL MUTUAL FUND,BUY,367972,400.25,-
13-MAR-2024,ITC,ITC Ltd,DSP MUTUAL FUND,BUY,363097,400.25,-
13-MAR-2024,ITC,ITC Ltd,MAX LIFE INSURANCE COMPANY LIMITED,BUY,344411,400.25,-
13-MAR-2024,ITC,ITC Ltd,ADITYA BIRLA SUN LIFE MUTUAL FUND,BUY,337400,400.25,-
13-MAR-2024,ITC,ITC Ltd,ICICI PRUDENTIAL MUTUAL FUND,BUY,309645,400.25,-
13-MAR-2024,ITC,ITC Ltd,NIPPON INDIA MUTUAL FUND,BUY,285688,400.25,-
13-MAR-2024,INDIGO,InterGlobe Aviation Ltd,JUPITER SOUTH ASIA INVESTMENT COMPANY LIMITED,SELL,281839,3244.25,-
13-MAR-2024,INDIGO,InterGlobe Aviation Ltd,THE JUPITER GLOBAL FUND-JUPITER INDIA SELECT,BUY,281839,3244.25,-
13-MAR-2024,ITC,ITC Ltd,NORDEA 1 SICAV,BUY,279691,400.25,-
13-MAR-2024,ITC,ITC Ltd,BLACKSTONE ASIA ADVISORS L.L.C. A/C THE INDIA FUND INC,BUY,264051,400.25,-
13-MAR-2024,ITC,ITC Ltd,MIRAE ASSET MUTUAL FUND,BUY,258462,400.25,-
13-MAR-2024,ITC,ITC Ltd,CITIGROUP GLOBAL MARKETS MAURITIUS PRIVATE LIMITED,BUY,250000,400.25,-
13-MAR-2024,ITC,ITC Ltd,ICICI BANK LIMITED,BUY,250000,400.25,-
13-MAR-2024,ITC,ITC Ltd,MANULIFE PROVIDENT FUNDS UNIT TRUST SERIES-MANULIFE PACIFIC ASIA EQY FUND,BUY,250000,400.25,-
13-MAR-2024,ITC,ITC Ltd,TOBACCO MANUFACTURERS INDIA LIMITED,SELL,250000,400.25,-
13-MAR-2024,ITC,ITC Ltd,TOBACCO MANUFACTURERS INDIA LIMITED,SELL,250000,400.25,-
13-MAR-2024,ITC,ITC Ltd,TOBACCO MANUFACTURERS INDIA LIMITED,SELL,250000,400.25,-
13-MAR-2024,ITC,ITC Ltd,TOBACCO MANUFACTURERS INDIA LIMITED,SELL,250000,400.25,-
13-MAR-2024,ITC,ITC Ltd,TOBACCO MANUFACTURERS INDIA LIMITED,SELL,250000,400.25,-
13-MAR-2024,ITC,ITC Ltd,TOBACCO MANUFACTURERS INDIA LIMITED,SELL,250000,400.25,-
13-MAR-2024,ITC,ITC Ltd,TOBACCO MANUFACTURERS INDIA LIMITED,SELL,250000,400.25,-
13-MAR-2024,ITC,ITC Ltd,TOBACCO MANUFACTURERS INDIA LIMITED,SELL,250000,400.25,-
13-MAR-2024,ITC,ITC Ltd,TOBACCO MANUFACTURERS INDIA LIMITED,SELL,250000,400.25,-
13-MAR-2024,ITC,ITC Ltd,BARODA BNP PARIBAS MUTUAL FUND,BUY,250000,400.25,-
13-MAR-2024,ITC,ITC Ltd,KOTAK MAHINDRA MATUAL FUND,BUY,250000,400.25,-
13-MAR-2024,ITC,ITC Ltd,BANDHAN MUTUAL FUND,BUY,250000,400.25,-
13-MAR-2024,ITC,ITC Ltd,TARISH INVESTMENT AND TRADING COMPANY PVT LTD,BUY,250000,400.25,-
13-MAR-2024,ITC,ITC Ltd,PAULOMI KETAN DOSHI,BUY,250000,400.25,-
13-MAR-2024,ITC,ITC Ltd,PAULOMI KETAN DOSHI,BUY,250000,400.25,-
13-MAR-2024,ITC,ITC Ltd,PAULOMI KETAN DOSHI,BUY,250000,400.25,-
13-MAR-2024,ITC,ITC Ltd,TOBACCO MANUFACTURERS (INDIA) LIMITED,SELL,250000,400.25,-
13-MAR-2024,ITC,ITC Ltd,TOBACCO MANUFACTURERS (INDIA) LIMITED,SELL,250000,400.25,-
13-MAR-2024,ITC,ITC Ltd,TOBACCO MANUFACTURERS (INDIA) LIMITED,SELL,250000,400.25,-
13-MAR-2024,ITC,ITC Ltd,TOBACCO MANUFACTURERS (INDIA) LIMITED,SELL,250000,400.25,-
13-MAR-2024,ITC,ITC Ltd,TOBACCO MANUFACTURERS (INDIA) LIMITED,SELL,249844,400.25,-
13-MAR-2024,ITC,ITC Ltd,HDFC MUTUAL FUND,BUY,249844,400.25,-
13-MAR-2024,ITC,ITC Ltd,LOCKHEED MARTIN CORPORATION MASTER RETIREMENT TRUST,BUY,243561,400.25,-
13-MAR-2024,ITC,ITC Ltd,ADITYA BIRLA SUN LIFE MUTUAL FUND,BUY,232690,400.25,-
13-MAR-2024,ITC,ITC Ltd,ADITYA BIRLA SUN LIFE MUTUAL FUND,BUY,232690,400.25,-
13-MAR-2024,ITC,ITC Ltd,MIRAE ASSET MUTUAL FUND,BUY,229744,400.25,-
13-MAR-2024,ITC,ITC Ltd,MIRAE ASSET MUTUAL FUND,BUY,229744,400.25,-
13-MAR-2024,ITC,ITC Ltd,AMERICAN FUNDS INSURANCE SERIES CAPITAL INCOME BUILDER,BUY,215563,400.25,-
13-MAR-2024,ITC,ITC Ltd,ADITYA BIRLA SUN LIFE MUTUAL FUND,BUY,193908,400.25,-
13-MAR-2024,ITC,ITC Ltd,MAX LIFE INSURANCE COMPANY LIMITED,BUY,183686,400.25,-
13-MAR-2024,ITC,ITC Ltd,PUBLIC SECTOR PENSION INVESTMENT BOARD,BUY,176343,400.25,-
13-MAR-2024,ITC,ITC Ltd,HSBC INDEX TRACKER INVESTMENTS FUNDS- FTSE ALL - WORLD INDEX FUND,BUY,173918,400.25,-
13-MAR-2024,ITC,ITC Ltd,MANULIFE GLOBAL FUND INDIA EQUITY FUND,BUY,170309,400.25,-
13-MAR-2024,ITC,ITC Ltd,MAX LIFE INSURANCE COMPANY LIMITED,BUY,160725,400.25,-
13-MAR-2024,ITC,ITC Ltd,UTI MUTUAL FUND,BUY,159829,400.25,-
13-MAR-2024,ITC,ITC Ltd,DSP MUTUAL FUND,BUY,159564,400.25,-
13-MAR-2024,ITC,ITC Ltd,MFS HERITAGE TRUST COM COLL INVT TRUST MFS EMERGING MRKTS EQ FUND I,BUY,154887,400.25,-
13-MAR-2024,ITC,ITC Ltd,ICICI PRUDENTIAL MUTUAL FUND,BUY,147925,400.25,-
13-MAR-2024,ITC,ITC Ltd,MAX LIFE INSURANCE COMPANY LIMITED,BUY,137764,400.25,-
13-MAR-2024,ITC,ITC Ltd,AMERICAN FUNDS INSURANCE SERIES GLOBAL GROWTH AND INCOME FUND,BUY,135603,400.25,-
13-MAR-2024,ITC,ITC Ltd,ADITYA BIRLA SUN LIFE MUTUAL FUND,BUY,116346,400.25,-
13-MAR-2024,ITC,ITC Ltd,EMERGING MARKETS EQUITY FUND A SERIES OF 525 MARKET STREET FUND LLC,BUY,106031,400.25,-
13-MAR-2024,ITC,ITC Ltd,CAPITAL GROUP WORLD GROWTH AND INCOME TRUST (US),BUY,97163,400.25,-
13-MAR-2024,ITC,ITC Ltd,INTERNATIONAL BANK FOR RECONSTRUCTION AND DEVELOPMENT,BUY,92539,400.25,-
13-MAR-2024,ITC,ITC Ltd,MERIAN GLOBAL INVESTORS SERIES PUBLIC LIMITED COMPANY,BUY,91228,400.25,-
13-MAR-2024,ITC,ITC Ltd,CAPITAL GROUP CAPITAL INCOME BUILDER LUX,BUY,89680,400.25,-
13-MAR-2024,ITC,ITC Ltd,FLORIDA RETIREMENT SYSTEM,BUY,87901,400.25,-
13-MAR-2024,ITC,ITC Ltd,DSP MUTUAL FUND,BUY,87375,400.25,-
13-MAR-2024,ITC,ITC Ltd,UTI MUTUAL FUND,BUY,85243,400.25,-
13-MAR-2024,ITC,ITC Ltd,THE RBS PLC AS TRUSTEE OF LEGAL & GENERAL GLBL EMERGING MARKETS INDEX FD,BUY,79374,400.25,-
13-MAR-2024,ITC,ITC Ltd,ADITYA BIRLA SUN LIFE MUTUAL FUND,BUY,78426,400.25,-
13-MAR-2024,ITC,ITC Ltd,MWIS - TOPS EMERGING MARKETS ABSOLUTE RETURN FUND,BUY,73329,400.25,-
13-MAR-2024,ITC,ITC Ltd,AMERICAN FUNDS INSURANCE SERIES-GLOBAL BALANCED FUND,BUY,72204,400.25,-
13-MAR-2024,ITC,ITC Ltd,CAPITAL GROUP NEW WORLD FUND (LUX),BUY,71801,400.25,-
13-MAR-2024,ITC,ITC Ltd,MIRAE ASSET MUTUAL FUND,BUY,71795,400.25,-
13-MAR-2024,ITC,ITC Ltd,HSBC GLOBAL FUNDS ICAV - MULTIFACTOR WORLDWIDE EQUITY FUND,BUY,71159,400.25,-
13-MAR-2024,ITC,ITC Ltd,TT EMERGING MARKETS OPPORTUNITIES FUND,BUY,68828,400.25,-
13-MAR-2024,ITC,ITC Ltd,MGTS AFH DA ASIA EX JAPAN EQUITY FUND,BUY,62212,400.25,-
13-MAR-2024,ITC,ITC Ltd,ABERDEEN SELECT WORLDWIDE FUND,BUY,62036,400.25,-
13-MAR-2024,ITC,ITC Ltd,INTERNATIONAL MONETARY FUND,BUY,57680,400.25,-
13-MAR-2024,ITC,ITC Ltd,MIRAE ASSET MUTUAL FUND,BUY,57436,400.25,-
13-MAR-2024,ITC,ITC Ltd,INTERNATIONAL BANK FOR RECONSTRUCTION AND DEVELOPMENT,BUY,56306,400.25,-
13-MAR-2024,ITC,ITC Ltd,CAPITAL GROUP CAPITAL INCOME BUILDER (CANADA),BUY,51684,400.25,-
13-MAR-2024,ITC,ITC Ltd,MONETARY AUTHORITY OF SINGAPORE,BUY,50546,400.25,-
13-MAR-2024,ITC,ITC Ltd,ICICI PRUDENTIAL MUTUAL FUND,BUY,41840,400.25,-
13-MAR-2024,ITC,ITC Ltd,NIPPON INDIA MUTUAL FUND,BUY,40812,400.25,-
13-MAR-2024,ITC,ITC Ltd,MAX LIFE INSURANCE COMPANY LIMITED,BUY,39033,400.25,-
13-MAR-2024,ITC,ITC Ltd,MFS MERIDIAN FUNDS- EMERGING MARKETS EQUITY FUND,BUY,38312,400.25,-
13-MAR-2024,ITC,ITC Ltd,MARSHALL WACE INVESTMENT STRATEGIES -TOPS EMERGING MARKETS ALPHA FUND,BUY,33309,400.25,-
13-MAR-2024,ITC,ITC Ltd,UTI MUTUAL FUND,BUY,31966,400.25,-
13-MAR-2024,ITC,ITC Ltd,LEGAL & GENERAL EMERGING MARKET COLLECTIVE INVESTMENT TRUST FUND,BUY,28721,400.25,-
13-MAR-2024,ITC,ITC Ltd,MIRAE ASSET MUTUAL FUND,BUY,28718,400.25,-
13-MAR-2024,ITC,ITC Ltd,DSP MUTUAL FUND,BUY,28531,400.25,-
13-MAR-2024,ITC,ITC Ltd,MANULIFE SOBEYS MFS EMERGING MARKETS FUND UT,BUY,28010,400.25,-
13-MAR-2024,ITC,ITC Ltd,CAPITAL GROUP WORLD GROWTH AND INCOME (LUX),BUY,27375,400.25,-
13-MAR-2024,ITC,ITC Ltd,THE MTBJ LTD. AS TRST FOR GOVRNMNT PENSION INVSTMNT FUND MUTB400045795,BUY,26110,400.25,-
13-MAR-2024,ITC,ITC Ltd,PEOPLES BANK OF CHINA,BUY,26110,400.25,-
13-MAR-2024,ITC,ITC Ltd,BUREAU OF LABOR FUNDS - LABOR PENSION FUND,BUY,24151,400.25,-
13-MAR-2024,ITC,ITC Ltd,TT EM EX CHINA EQUITY FUND A SUB-FUND OF TT INTERNATIONAL FUNDS PLC,BUY,23733,400.25,-
13-MAR-2024,ITC,ITC Ltd,MFS INVESTMENT MANAGEMENT A/C MFS MERIDIAN FNDS ASIA PAC EX JAPAN FND,BUY,22954,400.25,-
13-MAR-2024,ITC,ITC Ltd,UTI MUTUAL FUND,BUY,21311,400.25,-
13-MAR-2024,ITC,ITC Ltd,NATIONAL PENSION SERVICE,BUY,19582,400.25,-
13-MAR-2024,ITC,ITC Ltd,THE MTBJ LTD. AS TRST FOR GOVRNMNT PENSION INVSTMNT FUND MTBJ400045835,BUY,19582,400.25,-
13-MAR-2024,ITC,ITC Ltd,CBJ AS TRUSTEE FOR SMBCTB  EMERGING MARKETS IMPACT MF,BUY,17398,400.25,-
13-MAR-2024,ITC,ITC Ltd,MFS INVESTMENT MANAGEMENT A/C MFS SUN LIFE SERIES TR EMG MKTS EQ SERI,BUY,16484,400.25,-
13-MAR-2024,ITC,ITC Ltd,INTERNATIONAL MONETARY FUND,BUY,15977,400.25,-
13-MAR-2024,ITC,ITC Ltd,MERCER UCITS CCF - NFU MUTUAL GLOBAL REGIONAL CORE FUND,BUY,14621,400.25,-
13-MAR-2024,ITC,ITC Ltd,ADITYA BIRLA SUN LIFE MUTUAL FUND,BUY,14117,400.25,-
13-MAR-2024,ITC,ITC Ltd,UTI MUTUAL FUND,BUY,13638,400.25,-
13-MAR-2024,ITC,ITC Ltd,THE MTBJ LTD. AS TRUSTEE OF HONDA PENSION FUND MUTB400038099,BUY,9186,400.25,-
13-MAR-2024,ITC,ITC Ltd,MAX LIFE INSURANCE COMPANY LIMITED,BUY,9185,400.25,-
13-MAR-2024,ITC,ITC Ltd,MAX LIFE INSURANCE COMPANY LIMITED,BUY,9185,400.25,-
13-MAR-2024,ITC,ITC Ltd,UTI MUTUAL FUND,BUY,8524,400.25,-
13-MAR-2024,ITC,ITC Ltd,MFS INSTITUTIONAL TRUSTS (CANADA)-MFS EMERGING MARKETS EQUITY FUND,BUY,7582,400.25,-
13-MAR-2024,ITC,ITC Ltd,BUREAU OF LABOR FUNDS - LABOR INSURANCE FUND,BUY,7180,400.25,-
13-MAR-2024,ITC,ITC Ltd,MIRAE ASSET MUTUAL FUND,BUY,7179,400.25,-
13-MAR-2024,ITC,ITC Ltd,MIRAE ASSET MUTUAL FUND,BUY,7179,400.25,-
13-MAR-2024,ITC,ITC Ltd,MIRAE ASSET MUTUAL FUND,BUY,7179,400.25,-
13-MAR-2024,ITC,ITC Ltd,DSP MUTUAL FUND,BUY,5378,400.25,-
13-MAR-2024,ITC,ITC Ltd,MFS EMERGING MARKETS EQUITY TRUST,BUY,4587,400.25,-
13-MAR-2024,ITC,ITC Ltd,NATIONAL PENSION INSURANCE FUND,BUY,4569,400.25,-
13-MAR-2024,ITC,ITC Ltd,HSBC GLOBAL INVESTMENT FUNDS - GLOBAL EQUITY VOLATILITY FOCUSED,BUY,4325,400.25,-
13-MAR-2024,ITC,ITC Ltd,ADITYA BIRLA SUN LIFE MUTUAL FUND,BUY,2980,400.25,-
13-MAR-2024,ITC,ITC Ltd,ABERDEEN ASIA PACIFIC EXCLUDING JAPAN EQUITY FUND A SERIES OF AIC FUNDS LLC,BUY,2625,400.25,-
13-MAR-2024,ITC,ITC Ltd,MFS INSTITUTIONAL ADVISORS INC.,BUY,2542,400.25,-
13-MAR-2024,ITC,ITC Ltd,MFS MERIDIAN FUNDS - EMERGING MARKETS EQUITY RESEARCH FUND,BUY,1438,400.25,-
13-MAR-2024,ITC,ITC Ltd,MFS EMERGING MARKETS EQUITY RESEARCH FUND,BUY,1275,400.25,-
13-MAR-2024,ITC,ITC Ltd,CBJ ATF  EMERGING HQ EQUITY MOTHER FUND,BUY,1224,400.25,-
13-MAR-2024,ITC,ITC Ltd,HSBC GLOBAL INVESTMENT FUNDS-GLOBAL EMERGING MARKETS MULTI-ASSET INCOME,BUY,598,400.25,-
13-MAR-2024,ITC,ITC Ltd,ADITYA BIRLA SUN LIFE MUTUAL FUND,BUY,282,400.25,-
19-MAR-2024,EIHAHOTELS,EIH Associated Hotels Ltd-$,THE JUPITER GLOBAL FUND-JUPITER INDIA SELECT,BUY,979302,665.85,-
19-MAR-2024,EIHAHOTELS,EIH Associated Hotels Ltd-$,JUPITER SOUTH ASIA INVESTMENT COMPANY LIMITED,SELL,979302,665.85,-
19-MAR-2024,GODFRYPHLP,Godfrey Phillips India Ltd,THE JUPITER GLOBAL FUND-JUPITER INDIA SELECT,BUY,695074,3126.55,-
19-MAR-2024,GODFRYPHLP,Godfrey Phillips India Ltd,JUPITER SOUTH ASIA INVESTMENT COMPANY LIMITED,SELL,695074,3126.55,-
22-MAR-2024,INFY,Infosys Ltd,BOFA SECURITIES EUROPE SA,BUY,4901000,1512.0,-
22-MAR-2024,INFY,Infosys Ltd,BOFA SECURITIES EUROPE SA,SELL,4901000,1512.0,-
22-MAR-2024,INFY,Infosys Ltd,BOFA SECURITIES EUROPE SA,SELL,599000,1512.0,-
22-MAR-2024,INFY,Infosys Ltd,BOFA SECURITIES EUROPE SA,BUY,599000,1512.0,-
26-MAR-2024,SBIN,State Bank of India,BOFA SECURITIES EUROPE SA,BUY,5900000,740.55,-
26-MAR-2024,SBIN,State Bank of India,BOFA SECURITIES EUROPE SA,SELL,5900000,740.55,-
26-MAR-2024,AXISBANK,AXIS Bank Ltd,BOFA SECURITIES EUROPE SA,BUY,4950000,1038.0,-
26-MAR-2024,AXISBANK,AXIS Bank Ltd,BOFA SECURITIES EUROPE SA,SELL,4950000,1038.0,-
26-MAR-2024,M&M,Mahindra & Mahindra Ltd,BOFA SECURITIES EUROPE SA,BUY,1680000,1880.0,-
26-MAR-2024,M&M,Mahindra & Mahindra Ltd,BOFA SECURITIES EUROPE SA,SELL,1680000,1880.0,-
26-MAR-2024,RELIANCE,Reliance Industries Ltd,BOFA SECURITIES EUROPE SA,BUY,880000,2886.5,-
26-MAR-2024,RELIANCE,Reliance Industries Ltd,BOFA SECURITIES EUROPE SA,SELL,880000,2886.5,-
26-MAR-2024,LT,Larsen & Toubro Ltd,BOFA SECURITIES EUROPE SA,BUY,520000,3672.0,-
26-MAR-2024,LT,Larsen & Toubro Ltd,BOFA SECURITIES EUROPE SA,SELL,520000,3672.0,-
26-MAR-2024,DRREDDY,Dr Reddys Laboratories Ltd,BOFA SECURITIES EUROPE SA,BUY,260000,6184.85,-
26-MAR-2024,DRREDDY,Dr Reddys Laboratories Ltd,BOFA SECURITIES EUROPE SA,SELL,260000,6184.85,-
27-MAR-2024,TVSHLTD,TVS Holdings Ltd,VS TRUST,BUY,202321,8138.9,-
27-MAR-2024,TVSHLTD,TVS Holdings Ltd,SUNDARAM FINANCE HOLDINGS LIMITED,SELL,202321,8138.9,-
27-MAR-2024,AVL,Aditya Vision Ltd,RASHI  VARDHAN,SELL,164324,3400.0,-
27-MAR-2024,AVL,Aditya Vision Ltd,SMALLCAP WORLD FUND INC,BUY,156364,3400.0,-
27-MAR-2024,AVL,Aditya Vision Ltd,SMALLCAP WORLD FUND INC,BUY,81508,3400.0,-
27-MAR-2024,AVL,Aditya Vision Ltd,SUNITA SINHA,SELL,81508,3400.0,-
27-MAR-2024,AVL,Aditya Vision Ltd,RASHI  VARDHAN,SELL,35676,3400.0,-
27-MAR-2024,AVL,Aditya Vision Ltd,SMALLCAP WORLD FUND INC,BUY,35676,3400.0,-
27-MAR-2024,AVL,Aditya Vision Ltd,AMERICAN FUNDS INSUR SERIES GLOBAL SMALL CAPITALIZATION   75,BUY,7960,3400.0,-
28-MAR-2024,INTLCONV,International Conveyors Ltd,I G E (INDIA) PRIVATE LIMITED,BUY,1451379,80.8,-
28-MAR-2024,INTLCONV,International Conveyors Ltd,SURBHIT  DABRIWALA,SELL,1451379,80.8,-
28-MAR-2024,GRASIM,Grasim Industries Ltd,BOFA SECURITIES EUROPE SA,BUY,638000,2286.0,-
28-MAR-2024,GRASIM,Grasim Industries Ltd,BOFA SECURITIES EUROPE SA,SELL,638000,2286.0,-
05-APR-2024,CAMLINFINE,Camlin Fine Sciences Ltd,ANFIMA NV,BUY,2300000,97.99,-
05-APR-2024,CAMLINFINE,Camlin Fine Sciences Ltd,ASHISH SUBHASH DANDEKAR,SELL,2300000,97.99,-
09-APR-2024,AXISBANK,AXIS Bank Ltd,BC ASIA INVESTMENTS VII LIMITED,SELL,6250000,1071.0,-
09-APR-2024,AXISBANK,AXIS Bank Ltd,SOCIETE GENERALE,BUY,6250000,1071.0,-
09-APR-2024,AXISBANK,AXIS Bank Ltd,BC ASIA INVESTMENTS VII LIMITED,SELL,6027647,1071.0,-
09-APR-2024,AXISBANK,AXIS Bank Ltd,BC ASIA INVESTMENTS III LIMITED,SELL,4225000,1071.0,-
09-APR-2024,AXISBANK,AXIS Bank Ltd,MORGAN STANLEY ASIA SINGAPORE PTE,BUY,4225000,1071.0,-
09-APR-2024,AXISBANK,AXIS Bank Ltd,INTEGRAL INVESTMENTS SOUTH ASIA IV,SELL,3600000,1071.0,-
09-APR-2024,AXISBANK,AXIS Bank Ltd,GOLDMAN SACHS (SINGAPORE) PTE.- ODI,BUY,3600000,1071.0,-
09-APR-2024,AXISBANK,AXIS Bank Ltd,BC ASIA INVESTMENTS III LIMITED,SELL,3006000,1071.0,-
09-APR-2024,AXISBANK,AXIS Bank Ltd,BOFA SECURITIES EUROPE SA,BUY,3006000,1071.0,-
09-APR-2024,AXISBANK,AXIS Bank Ltd,INTEGRAL INVESTMENTS SOUTH ASIA IV,SELL,1671784,1071.0,-
09-APR-2024,AXISBANK,AXIS Bank Ltd,INTEGRAL INVESTMENTS SOUTH ASIA IV,SELL,1550000,1071.0,-
09-APR-2024,AXISBANK,AXIS Bank Ltd,COPTHALL MAURITIUS INVESTMENT LIMITED,BUY,1550000,1071.0,-
09-APR-2024,AXISBANK,AXIS Bank Ltd,EME RGING MARKETING FUND A SERIES OF BAILLIE GIFFORD FUNGS,BUY,1515949,1071.0,-
09-APR-2024,AXISBANK,AXIS Bank Ltd,BC ASIA INVESTMENTS III LIMITED,SELL,1414565,1071.0,-
09-APR-2024,AXISBANK,AXIS Bank Ltd,INTEGRAL INVESTMENTS SOUTH ASIA IV,SELL,1000001,1071.0,-
09-APR-2024,AXISBANK,AXIS Bank Ltd,GHISALLO MASTER FUND LP,BUY,1000001,1071.0,-
09-APR-2024,AXISBANK,AXIS Bank Ltd,ICICI PRUDENTIAL MUTUAL FUND,BUY,933706,1071.0,-
09-APR-2024,AXISBANK,AXIS Bank Ltd,BC ASIA INVESTMENTS VII LIMITED,SELL,933706,1071.0,-
09-APR-2024,AXISBANK,AXIS Bank Ltd,TNTBC AS THE TRUSTEE OF NOMURA INDIA STOCK MOTHER FUND,BUY,933501,1071.0,-
09-APR-2024,AXISBANK,AXIS Bank Ltd,CITY OF NEW YORK GROUP TRUST,BUY,824095,1071.0,-
09-APR-2024,AXISBANK,AXIS Bank Ltd,NORGES BANK ON ACCOUNT OF GOVERNMENT PETROLEUM FUND,BUY,780000,1071.0,-
09-APR-2024,AXISBANK,AXIS Bank Ltd,BC ASIA INVESTMENTS VII LIMITED,SELL,780000,1071.0,-
09-APR-2024,AXISBANK,AXIS Bank Ltd,STICHTING DEPOSITARY APG EMERGING MARKETS EQUITY POOL,BUY,677592,1071.0,-
09-APR-2024,AXISBANK,AXIS Bank Ltd,MIRAE ASSET MUTUAL FUND,BUY,653594,1071.0,-
09-APR-2024,AXISBANK,AXIS Bank Ltd,NOMURA FUNDS IRELAND PLC NOMURA FUNDS IRELAND INDIA EQUITY FUND,BUY,622334,1071.0,-
09-APR-2024,AXISBANK,AXIS Bank Ltd,CALIFORNIA STATE TEACHERS' RETIREMENT SYSTEM,BUY,589529,1071.0,-
09-APR-2024,AXISBANK,AXIS Bank Ltd,BC ASIA INVESTMENTS VII LIMITED,SELL,466853,1071.0,-
09-APR-2024,AXISBANK,AXIS Bank Ltd,BC ASIA INVESTMENTS III LIMITED,SELL,466852,1071.0,-
09-APR-2024,AXISBANK,AXIS Bank Ltd,ICICI PRUDENTIAL LIFE INSURANCE COMPANY LIMITED,BUY,466852,1071.0,-
09-APR-2024,AXISBANK,AXIS Bank Ltd,MIRAE ASSET MUTUAL FUND,BUY,401493,1071.0,-
09-APR-2024,AXISBANK,AXIS Bank Ltd,BC ASIA INVESTMENTS III LIMITED,SELL,392155,1071.0,-
09-APR-2024,AXISBANK,AXIS Bank Ltd,BC ASIA INVESTMENTS III LIMITED,SELL,350001,1071.0,-
09-APR-2024,AXISBANK,AXIS Bank Ltd,TOSCA FOCUS,BUY,350001,1071.0,-
09-APR-2024,AXISBANK,AXIS Bank Ltd,INTEGRAL INVESTMENTS SOUTH ASIA IV,SELL,350000,1071.0,-
09-APR-2024,AXISBANK,AXIS Bank Ltd,BLACKSTONE AQUA MASTER SUB-FUND,BUY,350000,1071.0,-
09-APR-2024,AXISBANK,AXIS Bank Ltd,THE RBS AS DEPOSITORY OF BAILLIE GIFFORD EMERGING MKTS LARGE CAP COS FD,BUY,347998,1071.0,-
09-APR-2024,AXISBANK,AXIS Bank Ltd,ADITYA BIRLA SUN LIFE MUTUAL FUND,BUY,327455,1071.0,-
09-APR-2024,AXISBANK,AXIS Bank Ltd,NIPPON INDIA MUTUAL FUND,BUY,279897,1071.0,-
09-APR-2024,AXISBANK,AXIS Bank Ltd,BC ASIA INVESTMENTS III LIMITED,SELL,273009,1071.0,-
09-APR-2024,AXISBANK,AXIS Bank Ltd,EMPLOYEES PROVIDENT FUND BOARD,BUY,273009,1071.0,-
09-APR-2024,AXISBANK,AXIS Bank Ltd,THE ROYAL BANK OF SCOTLAND PLC AS DEPOSITORY BAILLIE GIFFORD EMERGING MKT G,BUY,265454,1071.0,-
09-APR-2024,AXISBANK,AXIS Bank Ltd,PENSION RESERVES INVESTMENT TRUST FUND,BUY,245277,1071.0,-
09-APR-2024,AXISBANK,AXIS Bank Ltd,BC ASIA INVESTMENTS III LIMITED,SELL,243005,1071.0,-
09-APR-2024,AXISBANK,AXIS Bank Ltd,MIRAE ASSET MUTUAL FUND,BUY,233427,1071.0,-
09-APR-2024,AXISBANK,AXIS Bank Ltd,BAYVK A2-FONDS,BUY,228139,1071.0,-
09-APR-2024,AXISBANK,AXIS Bank Ltd,PUBLIC EMPLOYEES RETIREMENT ASSOCIATION OF COLORADO,BUY,220658,1071.0,-
09-APR-2024,AXISBANK,AXIS Bank Ltd,PUBLIC EMPLOYEES RETIREMENT SYSTEM OF OHIO,BUY,184530,1071.0,-
09-APR-2024,AXISBANK,AXIS Bank Ltd,INTEGRAL INVESTMENTS SOUTH ASIA IV,SELL,178509,1071.0,-
09-APR-2024,AXISBANK,AXIS Bank Ltd,BAILLIE GIFFORD EMERGING MARKETS FUND,BUY,159177,1071.0,-
09-APR-2024,AXISBANK,AXIS Bank Ltd,T ROWE PRICE NEW ASIA FUN D,BUY,146447,1071.0,-
09-APR-2024,AXISBANK,AXIS Bank Ltd,VIRGINIA RETIREMENT SYSTEM,BUY,142183,1071.0,-
09-APR-2024,AXISBANK,AXIS Bank Ltd,ADITYA BIRLA SUN LIFE MUTUAL FUND,BUY,139398,1071.0,-
09-APR-2024,AXISBANK,AXIS Bank Ltd,BORDER TO COAST EMERGING MARKETS EQUITY ALPHA FUND,BUY,118056,1071.0,-
09-APR-2024,AXISBANK,AXIS Bank Ltd,EMPLOYEES PROVIDENT FUND BOARD,BUY,115949,1071.0,-
09-APR-2024,AXISBANK,AXIS Bank Ltd,NIPPON INDIA MUTUAL FUND,BUY,112258,1071.0,-
09-APR-2024,AXISBANK,AXIS Bank Ltd,TEACHERS RETIREMENT SYSTEM OF THE CITY OF NEW YORK,BUY,101722,1071.0,-
09-APR-2024,AXISBANK,AXIS Bank Ltd,BC ASIA INVESTMENTS III LIMITED,SELL,100001,1071.0,-
09-APR-2024,AXISBANK,AXIS Bank Ltd,TARA EMERGING ASIA LIQUID FUND,BUY,100001,1071.0,-
09-APR-2024,AXISBANK,AXIS Bank Ltd,MORGAN STANLEY ASIA SINGAPORE PTE,BUY,95911,1071.0,-
09-APR-2024,AXISBANK,AXIS Bank Ltd,BC ASIA INVESTMENTS VII LIMITED,SELL,95911,1071.0,-
09-APR-2024,AXISBANK,AXIS Bank Ltd,MIRAE ASSET MUTUAL FUND,BUY,93371,1071.0,-
09-APR-2024,AXISBANK,AXIS Bank Ltd,BG WORLDWIDE FUNDS PLC IN RESPECT OF BG WORLDWIDE EMG MKTS HORIZON FUND,BUY,86635,1071.0,-
09-APR-2024,AXISBANK,AXIS Bank Ltd,LOMBARD ODIER ASSET MANAGE (SWIT) SA B/O SYNERGIE ACTIONS MARCHES EMERS-B,BUY,82471,1071.0,-
09-APR-2024,AXISBANK,AXIS Bank Ltd,THE BOEING COMPANY EMPLOYEE RETIREMENT PLANS MASTER TRUST,BUY,72467,1071.0,-
09-APR-2024,AXISBANK,AXIS Bank Ltd,OPSEU PENSION PLAN TRUST FUND,BUY,67227,1071.0,-
09-APR-2024,AXISBANK,AXIS Bank Ltd,THE BAILLIE GIFFORD GROUP TRUST BAILLIE GIFFORD EMERGING MARKETS FUND,BUY,61710,1071.0,-
09-APR-2024,AXISBANK,AXIS Bank Ltd,STICHTING DEPOSITARY APG EME MULTI CLIENT POOL,BUY,58614,1071.0,-
09-APR-2024,AXISBANK,AXIS Bank Ltd,VANGUARD EMERGING MARKETS SELECT STOCK FUND,BUY,58507,1071.0,-
09-APR-2024,AXISBANK,AXIS Bank Ltd,VANGUARD INVESTMENTS FUNDS ICVC - VANGUARD GLOBAL EMERGING MARKETS FUND,BUY,36778,1071.0,-
09-APR-2024,AXISBANK,AXIS Bank Ltd,BAILLIE GIFFORD EMERGING MARKETS COLLECTIVE INVESTMENT FUND,BUY,36293,1071.0,-
09-APR-2024,AXISBANK,AXIS Bank Ltd,T ROWE PRICE FUNDS SICAV ASIAN EX JAPAN EQUITY FUND,BUY,34452,1071.0,-
09-APR-2024,AXISBANK,AXIS Bank Ltd,MIRAE ASSET MUTUAL FUND,BUY,32680,1071.0,-
09-APR-2024,AXISBANK,AXIS Bank Ltd,STICHTING BEDRIJFSTAKPENSIOENFONDS VOOR HET BEROEPSVERVOER OVER DE WEG,BUY,26813,1071.0,-
09-APR-2024,AXISBANK,AXIS Bank Ltd,VANGUARD INVESTMENTS FUNDS ICVC - VANGUARD GLOBAL EMERGING MARKETS FUND,BUY,24694,1071.0,-
09-APR-2024,AXISBANK,AXIS Bank Ltd,T. ROWE PRICE ASIAN EQUITY (EX-JAPAN),BUY,21055,1071.0,-
09-APR-2024,AXISBANK,AXIS Bank Ltd,SPW MULTI-MANAGER ICVC,BUY,14238,1071.0,-
09-APR-2024,AXISBANK,AXIS Bank Ltd,BAILLIE GIFFORD EMERGING MARKETS EX CHINA FUND,BUY,401,1071.0,-
26-APR-2024,NYKAA,FSN E-Commerce Ventures Ltd,MARSHALL WACE INVESTMENT STRATEGIES - EUREKA FUND,SELL,8470535,178.1,-
26-APR-2024,NYKAA,FSN E-Commerce Ventures Ltd,SOCIETE GENERALE,BUY,8470535,178.1,-
26-APR-2024,OIL,Oil India Ltd,SOCIETE GENERALE,BUY,1535836,612.5,-
26-APR-2024,OIL,Oil India Ltd,MARSHALL WACE INVESTMENT STRATEGIES - EUREKA FUND,SELL,1535836,612.5,-
26-APR-2024,KPITTECH,KPIT Technologies Ltd,SOCIETE GENERALE,BUY,1021271,1373.95,-
26-APR-2024,KPITTECH,KPIT Technologies Ltd,MARSHALL WACE INVESTMENT STRATEGIES - EUREKA FUND,SELL,1021271,1373.95,-
26-APR-2024,OBEROIRLTY,Oberoi Realty Ltd,SOCIETE GENERALE,BUY,271901,1474.2,-
26-APR-2024,OBEROIRLTY,Oberoi Realty Ltd,MARSHALL WACE INVESTMENT STRATEGIES - EUREKA FUND,SELL,271901,1474.2,-
26-APR-2024,ACC,ACC Ltd,SOCIETE GENERALE,BUY,119588,2579.6,-
26-APR-2024,ACC,ACC Ltd,MARSHALL WACE INVESTMENT STRATEGIES - EUREKA FUND,SELL,119588,2579.6,-
26-APR-2024,ALKEM,Alkem Laboratories Ltd,SOCIETE GENERALE,BUY,103803,4867.65,-
26-APR-2024,ALKEM,Alkem Laboratories Ltd,MARSHALL WACE INVESTMENT STRATEGIES - EUREKA FUND,SELL,103803,4867.65,-
26-APR-2024,SHRIRAMFIN,Shriram Finance Ltd,MARSHALL WACE INVESTMENT STRATEGIES-GLOBAL FINANCIALS MARKET NEUTRAL FUND,SELL,91197,2491.85,-
26-APR-2024,SHRIRAMFIN,Shriram Finance Ltd,SOCIETE GENERALE,BUY,91197,2491.85,-
26-APR-2024,OFSS,Oracle Financial Services Software Ltd,SOCIETE GENERALE,BUY,63061,7143.05,-
26-APR-2024,OFSS,Oracle Financial Services Software Ltd,MARSHALL WACE INVESTMENT STRATEGIES - EUREKA FUND,SELL,63061,7143.05,-
29-APR-2024,FORTIS,Fortis Healthcare Ltd,BOFA SECURITIES EUROPE SA,BUY,314825,441.45,-
29-APR-2024,FORTIS,Fortis Healthcare Ltd,"MY ASIAN OPPORTUNITIES MASTER FUND, L.P.",SELL,314825,441.45,-
30-APR-2024,NIRLON,Nirlon Ltd,ALBULA INVESTMENT FUND LTD,SELL,3000000,430.0,-
30-APR-2024,NIRLON,Nirlon Ltd,ICICI PRUDENTIAL MUTUAL FUND,BUY,1400000,430.0,-
30-APR-2024,NIRLON,Nirlon Ltd,ICICI PRUDENTIAL MUTUAL FUND,BUY,800000,430.0,-
30-APR-2024,NIRLON,Nirlon Ltd,ICICI PRUDENTIAL MUTUAL FUND,BUY,800000,430.0,-
30-APR-2024,NIRLON,Nirlon Ltd,ICICI PRUDENTIAL MUTUAL FUND,BUY,378744,430.0,-
30-APR-2024,NIRLON,Nirlon Ltd,LOTUS GLOBAL INVESTMENTS LIMITED,SELL,378744,430.0,-
08-MAY-2024,IDEA,Vodafone Idea Ltd,GHISALLO MASTER FUND LP,BUY,190425000,12.27,-
08-MAY-2024,IDEA,Vodafone Idea Ltd,CITIGROUP GLOBAL MARKETS MAURITIUS PRIVATE LIMITED,SELL,190425000,12.27,-
09-MAY-2024,ICICIGI,ICICI Lombard General Insurance Company Ltd,BHARTI ENTERPRISES LIMITED,SELL,2100000,1722.5,-
09-MAY-2024,ICICIGI,ICICI Lombard General Insurance Company Ltd,ICICI BANK LIMITED,BUY,2100000,1722.5,-
09-MAY-2024,ICICIGI,ICICI Lombard General Insurance Company Ltd,AXIS MUTUAL FUND,BUY,400000,1722.5,-
09-MAY-2024,ICICIGI,ICICI Lombard General Insurance Company Ltd,BHARTI ENTERPRISES LIMITED,SELL,400000,1722.5,-
09-MAY-2024,ICICIGI,ICICI Lombard General Insurance Company Ltd,MORGAN STANLEY ASIA SINGAPORE PTE,BUY,350000,1722.5,-
09-MAY-2024,ICICIGI,ICICI Lombard General Insurance Company Ltd,BHARTI ENTERPRISES LIMITED,SELL,350000,1722.5,-
09-MAY-2024,ICICIGI,ICICI Lombard General Insurance Company Ltd,BHARTI ENTERPRISES LIMITED,SELL,290000,1722.5,-
09-MAY-2024,ICICIGI,ICICI Lombard General Insurance Company Ltd,INVESCO MUTUAL FUND,BUY,290000,1722.5,-
09-MAY-2024,ICICIGI,ICICI Lombard General Insurance Company Ltd,GOLDMAN SACHS SINGAPORE PTE,BUY,225000,1722.5,-
09-MAY-2024,ICICIGI,ICICI Lombard General Insurance Company Ltd,BHARTI ENTERPRISES LIMITED,SELL,225000,1722.5,-
09-MAY-2024,ICICIGI,ICICI Lombard General Insurance Company Ltd,BHARTI ENTERPRISES LIMITED,SELL,200000,1722.5,-
09-MAY-2024,ICICIGI,ICICI Lombard General Insurance Company Ltd,ADITYA BIRLA SUN LIFE MUTUAL FUND,BUY,200000,1722.5,-
09-MAY-2024,ICICIGI,ICICI Lombard General Insurance Company Ltd,SOCIETE GENERALE,BUY,110000,1722.5,-
09-MAY-2024,ICICIGI,ICICI Lombard General Insurance Company Ltd,BHARTI ENTERPRISES LIMITED,SELL,110000,1722.5,-
09-MAY-2024,ICICIGI,ICICI Lombard General Insurance Company Ltd,BHARTI ENTERPRISES LIMITED,SELL,100000,1722.5,-
09-MAY-2024,ICICIGI,ICICI Lombard General Insurance Company Ltd,MORGAN STANLEY ASIA SINGAPORE PTE,BUY,100000,1722.5,-
09-MAY-2024,ICICIGI,ICICI Lombard General Insurance Company Ltd,BHARTI ENTERPRISES LIMITED,SELL,75000,1722.5,-
09-MAY-2024,ICICIGI,ICICI Lombard General Insurance Company Ltd,BLACKSTONE AQUA MASTER SUB-FUND,BUY,75000,1722.5,-
10-MAY-2024,JSL,Jindal Stainless Ltd,THELEME INDIA MASTER FUND LIMITED,BUY,850000,679.0,-
10-MAY-2024,JSL,Jindal Stainless Ltd,THELEME INDIA MASTER FUND LIMITED,SELL,850000,679.0,-
22-MAY-2024,APOLLOTYRE,Apollo Tyres Ltd,WHITE IRIS INVESTMENT LTD,SELL,4189798,477.35,-
22-MAY-2024,APOLLOTYRE,Apollo Tyres Ltd,ICICI PRUDENTIAL MUTUAL FUND,BUY,4189798,477.35,-
22-MAY-2024,APOLLOTYRE,Apollo Tyres Ltd,WHITE IRIS INVESTMENT LTD,SELL,4014099,477.35,-
22-MAY-2024,APOLLOTYRE,Apollo Tyres Ltd,MORGAN STANLEY ASIA SINGAPORE PTE,BUY,4014099,477.35,-
22-MAY-2024,APOLLOTYRE,Apollo Tyres Ltd,WHITE IRIS INVESTMENT LTD,SELL,3142348,477.35,-
22-MAY-2024,APOLLOTYRE,Apollo Tyres Ltd,MIRAE ASSET MUTUAL FUND,BUY,3142348,477.35,-
22-MAY-2024,APOLLOTYRE,Apollo Tyres Ltd,SOCIETE GENERALE,BUY,2811350,477.35,-
22-MAY-2024,APOLLOTYRE,Apollo Tyres Ltd,WHITE IRIS INVESTMENT LTD,SELL,2811350,477.35,-
22-MAY-2024,APOLLOTYRE,Apollo Tyres Ltd,WHITE IRIS INVESTMENT LTD,SELL,1780664,477.35,-
22-MAY-2024,APOLLOTYRE,Apollo Tyres Ltd,ICICI PRUDENTIAL LIFE INSURANCE COMPANY LIMITED,BUY,1780664,477.35,-
22-MAY-2024,APOLLOTYRE,Apollo Tyres Ltd,GHISALLO MASTER FUND LP,BUY,1745260,477.35,-
22-MAY-2024,APOLLOTYRE,Apollo Tyres Ltd,WHITE IRIS INVESTMENT LTD,SELL,1745260,477.35,-
22-MAY-2024,APOLLOTYRE,Apollo Tyres Ltd,WHITE IRIS INVESTMENT LTD,SELL,1256939,477.35,-
22-MAY-2024,APOLLOTYRE,Apollo Tyres Ltd,SUNDARAM MUTUAL FUND,BUY,1256939,477.35,-
22-MAY-2024,APOLLOTYRE,Apollo Tyres Ltd,WHITE IRIS INVESTMENT LTD,SELL,1047449,477.35,-
22-MAY-2024,APOLLOTYRE,Apollo Tyres Ltd,EDELWEISS MUTUAL FUND,BUY,1047449,477.35,-
22-MAY-2024,APOLLOTYRE,Apollo Tyres Ltd,WHITE IRIS INVESTMENT LTD,SELL,872630,477.35,-
22-MAY-2024,APOLLOTYRE,Apollo Tyres Ltd,MORGAN STANLEY ASIA SINGAPORE PTE,BUY,872630,477.35,-
22-MAY-2024,APOLLOTYRE,Apollo Tyres Ltd,CITIGROUP GLOBAL MARKETS MAURITIUS PVT LTD   FII   CITI,BUY,436315,477.35,-
22-MAY-2024,APOLLOTYRE,Apollo Tyres Ltd,WHITE IRIS INVESTMENT LTD,SELL,436315,477.35,-
22-MAY-2024,APOLLOTYRE,Apollo Tyres Ltd,GOLDMAN SACHS INVESTMENTS (MAURITIUS) I LIMITED,BUY,436315,477.35,-
22-MAY-2024,APOLLOTYRE,Apollo Tyres Ltd,WHITE IRIS INVESTMENT LTD,SELL,436315,477.35,-
22-MAY-2024,APOLLOTYRE,Apollo Tyres Ltd,WHITE IRIS INVESTMENT LTD,SELL,314088,477.35,-
22-MAY-2024,APOLLOTYRE,Apollo Tyres Ltd,GOLDMAN SACHS SINGAPORE PTE,BUY,314088,477.35,-
22-MAY-2024,APOLLOTYRE,Apollo Tyres Ltd,EDELWEISS DYNAMIC GROWTH EQUITY FUND,BUY,218158,477.35,-
22-MAY-2024,APOLLOTYRE,Apollo Tyres Ltd,WHITE IRIS INVESTMENT LTD,SELL,218158,477.35,-
22-MAY-2024,APOLLOTYRE,Apollo Tyres Ltd,WHITE IRIS INVESTMENT LTD,SELL,209490,477.35,-
22-MAY-2024,APOLLOTYRE,Apollo Tyres Ltd,AURIGIN MASTER FUND LIMITED,BUY,209490,477.35,-
27-MAY-2024,NAZARA,Nazara Technologies Ltd,PLUTUS WEALTH MANAGEMENT LLP,BUY,4884000,620.5,-
27-MAY-2024,NAZARA,Nazara Technologies Ltd,MITTER INFOTECH LLP,SELL,4884000,620.5,-
28-MAY-2024,TIMKEN,Timken India Ltd,TIMKEN SINGAPORE PTE LIMITED,SELL,3200982,3913.35,-
28-MAY-2024,TIMKEN,Timken India Ltd,GOVERNMENT OF SINGAPORE,BUY,2849837,3913.35,-
28-MAY-2024,TIMKEN,Timken India Ltd,NIPPON INDIA MUTUAL FUND,BUY,421001,3913.35,-
28-MAY-2024,TIMKEN,Timken India Ltd,TIMKEN SINGAPORE PTE LIMITED,SELL,421001,3913.35,-
28-MAY-2024,TIMKEN,Timken India Ltd,MONETARY AUTHORITY OF SINGAPORE,BUY,351145,3913.35,-
28-MAY-2024,TIMKEN,Timken India Ltd,HDFC LIFE INSURANCE COMPANY LIMITED,BUY,266001,3913.35,-
28-MAY-2024,TIMKEN,Timken India Ltd,TIMKEN SINGAPORE PTE LIMITED,SELL,266001,3913.35,-
28-MAY-2024,TIMKEN,Timken India Ltd,TIMKEN SINGAPORE PTE LIMITED,SELL,250001,3913.35,-
28-MAY-2024,TIMKEN,Timken India Ltd,UTI MUTUAL FUND,BUY,250001,3913.35,-
28-MAY-2024,TIMKEN,Timken India Ltd,TIMKEN SINGAPORE PTE LIMITED,SELL,156000,3913.35,-
28-MAY-2024,TIMKEN,Timken India Ltd,BOFA SECURITIES EUROPE SA,BUY,156000,3913.35,-
28-MAY-2024,TIMKEN,Timken India Ltd,TIMKEN SINGAPORE PTE LIMITED,SELL,145002,3913.35,-
28-MAY-2024,TIMKEN,Timken India Ltd,AXIS MUTUAL FUND,BUY,145002,3913.35,-
28-MAY-2024,TIMKEN,Timken India Ltd,MORGAN STANLEY ASIA SINGAPORE PTE,BUY,104000,3913.35,-
28-MAY-2024,TIMKEN,Timken India Ltd,TIMKEN SINGAPORE PTE LIMITED,SELL,104000,3913.35,-
28-MAY-2024,TIMKEN,Timken India Ltd,TIMKEN SINGAPORE PTE LIMITED,SELL,101002,3913.35,-
28-MAY-2024,TIMKEN,Timken India Ltd,TIMKEN SINGAPORE PTE LIMITED,SELL,77992,3913.35,-
28-MAY-2024,TIMKEN,Timken India Ltd,BAJAJ ALLIANZ LIFE INSURANCE COMPANY LIMITED,BUY,77992,3913.35,-
28-MAY-2024,TIMKEN,Timken India Ltd,TIMKEN SINGAPORE PTE LIMITED,SELL,65001,3913.35,-
28-MAY-2024,TIMKEN,Timken India Ltd,ICICI PRUDENTIAL LIFE INSURANCE COMPANY LIMITED,BUY,65001,3913.35,-
28-MAY-2024,TIMKEN,Timken India Ltd,TIMKEN SINGAPORE PTE LIMITED,SELL,52000,3913.35,-
28-MAY-2024,TIMKEN,Timken India Ltd,SOCIETE GENERALE,BUY,52000,3913.35,-
28-MAY-2024,TIMKEN,Timken India Ltd,ICICI PRUDENTIAL MUTUAL FUND,BUY,51002,3913.35,-
28-MAY-2024,TIMKEN,Timken India Ltd,ICICI PRUDENTIAL MUTUAL FUND,BUY,50000,3913.35,-
28-MAY-2024,TIMKEN,Timken India Ltd,TIMKEN SINGAPORE PTE LIMITED,SELL,31003,3913.35,-
28-MAY-2024,TIMKEN,Timken India Ltd,TIMKEN SINGAPORE PTE LIMITED,SELL,26005,3913.35,-
28-MAY-2024,TIMKEN,Timken India Ltd,TREE LINE ASIA MASTER FUND (SINGAPORE) PTE. LTD.,BUY,26005,3913.35,-
28-MAY-2024,TIMKEN,Timken India Ltd,GHISALLO MASTER FUND LP,BUY,26004,3913.35,-
28-MAY-2024,TIMKEN,Timken India Ltd,TIMKEN SINGAPORE PTE LIMITED,SELL,26004,3913.35,-
28-MAY-2024,TIMKEN,Timken India Ltd,D E SHAW VALENCE INTERNATIONAL (SPV) LLC,BUY,26003,3913.35,-
28-MAY-2024,TIMKEN,Timken India Ltd,TIMKEN SINGAPORE PTE LIMITED,SELL,26003,3913.35,-
28-MAY-2024,TIMKEN,Timken India Ltd,TIMKEN SINGAPORE PTE LIMITED,SELL,26002,3913.35,-
28-MAY-2024,TIMKEN,Timken India Ltd,COPTHALL MAURITIUS INVESTMENT LIMITED,BUY,26002,3913.35,-
28-MAY-2024,TIMKEN,Timken India Ltd,TIMKEN SINGAPORE PTE LIMITED,SELL,26001,3913.35,-
28-MAY-2024,TIMKEN,Timken India Ltd,Bandhan Mutual Fund,BUY,24114,3913.35,-
28-MAY-2024,TIMKEN,Timken India Ltd,NORDEA 1 SICAV  INDIAN EQUITY FUND,BUY,13410,3913.35,-
28-MAY-2024,TIMKEN,Timken India Ltd,MANULIFE GLOBAL FUND INDIA EQUITY FUND,BUY,12591,3913.35,-
28-MAY-2024,TIMKEN,Timken India Ltd,BANDHAN MUTUAL FUND,BUY,6889,3913.35,-
30-MAY-2024,RRKABEL,R R Kabel Ltd,TPG ASIA VII SF PTE LTD,SELL,1146300,1701.1,-
30-MAY-2024,RRKABEL,R R Kabel Ltd,MIRAE ASSET MUTUAL FUND,BUY,1146300,1701.1,-
30-MAY-2024,RRKABEL,R R Kabel Ltd,TPG ASIA VII SF PTE LTD,SELL,850000,1701.1,-
30-MAY-2024,RRKABEL,R R Kabel Ltd,HDFC STANDARD LIFE INSURANCE CO LTD,BUY,850000,1701.1,-
30-MAY-2024,RRKABEL,R R Kabel Ltd,TPG ASIA VII SF PTE LTD,SELL,554120,1701.1,-
30-MAY-2024,RRKABEL,R R Kabel Ltd,EDELWEISS MUTUAL FUND,BUY,529069,1701.1,-
30-MAY-2024,RRKABEL,R R Kabel Ltd,TPG ASIA VII SF PTE LTD,SELL,529069,1701.1,-
30-MAY-2024,RRKABEL,R R Kabel Ltd,JUPITER INDIA FUND,BUY,514119,1701.1,-
30-MAY-2024,RRKABEL,R R Kabel Ltd,TPG ASIA VII SF PTE LTD,SELL,349000,1701.1,-
30-MAY-2024,RRKABEL,R R Kabel Ltd,EASTSPRING INVESTMENTS INDIA CONSUMER EQUITY OPEN LIMITED,BUY,349000,1701.1,-
30-MAY-2024,RRKABEL,R R Kabel Ltd,TPG ASIA VII SF PTE LTD,SELL,293927,1701.1,-
30-MAY-2024,RRKABEL,R R Kabel Ltd,ICICI PRUDENTIAL MUTUAL FUND,BUY,293927,1701.1,-
30-MAY-2024,RRKABEL,R R Kabel Ltd,TPG ASIA VII SF PTE LTD,SELL,250430,1701.1,-
30-MAY-2024,RRKABEL,R R Kabel Ltd,NORGES BANK ON ACCOUNT OF THE GOVERNMENT PENSION FUND GLOBAL,BUY,250430,1701.1,-
30-MAY-2024,RRKABEL,R R Kabel Ltd,TPG ASIA VII SF PTE LTD,SELL,219857,1701.1,-
30-MAY-2024,RRKABEL,R R Kabel Ltd,MORGAN STANLEY ASIA SINGAPORE PTE,BUY,219857,1701.1,-
30-MAY-2024,RRKABEL,R R Kabel Ltd,RELIANCE NIPPON LIFE INSURANCE COMPANY LIMITED,BUY,211628,1701.1,-
30-MAY-2024,RRKABEL,R R Kabel Ltd,TPG ASIA VII SF PTE LTD,SELL,211628,1701.1,-
30-MAY-2024,RRKABEL,R R Kabel Ltd,CANARA HSBC LIFE INSURANCE COMPANY LIMITED,BUY,205749,1701.1,-
30-MAY-2024,RRKABEL,R R Kabel Ltd,TPG ASIA VII SF PTE LTD,SELL,205749,1701.1,-
30-MAY-2024,RRKABEL,R R Kabel Ltd,MORGAN STANLEY ASIA SINGAPORE PTE,BUY,176973,1701.1,-
30-MAY-2024,RRKABEL,R R Kabel Ltd,TPG ASIA VII SF PTE LTD,SELL,176973,1701.1,-
30-MAY-2024,RRKABEL,R R Kabel Ltd,TPG ASIA VII SF PTE LTD,SELL,117571,1701.1,-
30-MAY-2024,RRKABEL,R R Kabel Ltd,TATA MUTUAL FUND A/C - TATA MUTUAL FUND,BUY,117571,1701.1,-
30-MAY-2024,RRKABEL,R R Kabel Ltd,SOCIETE GENERALE,BUY,97987,1701.1,-
30-MAY-2024,RRKABEL,R R Kabel Ltd,TPG ASIA VII SF PTE LTD,SELL,97987,1701.1,-
30-MAY-2024,RRKABEL,R R Kabel Ltd,TPG ASIA VII SF PTE LTD,SELL,97987,1701.1,-
30-MAY-2024,RRKABEL,R R Kabel Ltd,TPG ASIA VII SF PTE LTD,SELL,97987,1701.1,-
30-MAY-2024,RRKABEL,R R Kabel Ltd,MORGAN STANLEY ASIA SINGAPORE PTE,BUY,97987,1701.1,-
30-MAY-2024,RRKABEL,R R Kabel Ltd,GOLDMAN SACHS INVESTMENTS (MAURITIUS) I LIMITED,BUY,97987,1701.1,-
30-MAY-2024,RRKABEL,R R Kabel Ltd,MORGAN STANLEY ASIA SINGAPORE PTE,BUY,97987,1701.1,-
30-MAY-2024,RRKABEL,R R Kabel Ltd,GOLDMAN SACHS SINGAPORE PTE,BUY,97987,1701.1,-
30-MAY-2024,RRKABEL,R R Kabel Ltd,TPG ASIA VII SF PTE LTD,SELL,97987,1701.1,-
30-MAY-2024,RRKABEL,R R Kabel Ltd,TPG ASIA VII SF PTE LTD,SELL,97987,1701.1,-
30-MAY-2024,RRKABEL,R R Kabel Ltd,TPG ASIA VII SF PTE LTD,SELL,61611,1701.1,-
30-MAY-2024,RRKABEL,R R Kabel Ltd,DSP INDIA FUND,BUY,61611,1701.1,-
30-MAY-2024,RRKABEL,R R Kabel Ltd,BLACKSTONE AQUA MASTER SUB-FUND,BUY,59282,1701.1,-
30-MAY-2024,RRKABEL,R R Kabel Ltd,TPG ASIA VII SF PTE LTD,SELL,59282,1701.1,-
30-MAY-2024,RRKABEL,R R Kabel Ltd,TPG ASIA VII SF PTE LTD,SELL,59000,1701.1,-
30-MAY-2024,RRKABEL,R R Kabel Ltd,AGEAS FEDERAL LIFE INSURANCECOMPANY LIMITED,BUY,59000,1701.1,-
30-MAY-2024,RRKABEL,R R Kabel Ltd,TPG ASIA VII SF PTE LTD,SELL,58786,1701.1,-
30-MAY-2024,RRKABEL,R R Kabel Ltd,CITIGROUP GLOBAL MARKETS MAURITIUS PVT LTD   FII   CITI,BUY,58786,1701.1,-
30-MAY-2024,RRKABEL,R R Kabel Ltd,THE JUPITER GLOBAL FUND-JUPITER INDIA SELECT,BUY,40001,1701.1,-
03-JUN-2024,TINNARUBR,Tinna Rubber and Infrastructure Ltd,PGA SECURITIES PVT LIMITED,BUY,90000,1270.0,-
03-JUN-2024,TINNARUBR,Tinna Rubber and Infrastructure Ltd,BHUPINDER SEKHRI & SONS HUF,SELL,90000,1270.0,-
06-JUN-2024,GAIL,Gail (India) Ltd,BOFA SECURITIES EUROPE SA,BUY,2280000,207.0,-
06-JUN-2024,GAIL,Gail (India) Ltd,BOFA SECURITIES EUROPE SA,SELL,2280000,207.0,-
07-JUN-2024,SUDARSCHEM,Sudarshan Chemical Industries Ltd,HDFC MUTUAL FUND,BUY,1028000,778.1,-
07-JUN-2024,SUDARSCHEM,Sudarshan Chemical Industries Ltd,RATHI AJAY BALKRISHNA,SELL,1028000,778.1,-
12-JUN-2024,MMWL,Media Matrix Worldwide Ltd,B K DROLIA HUF,BUY,6500000,17.55,-
12-JUN-2024,MMWL,Media Matrix Worldwide Ltd,NEXTWAVE COMMUNICATIONS PRIVATE LIMITED,SELL,6500000,17.55,-
13-JUN-2024,LTF,L&T Finance Ltd,BC ASIA GROWTH INVESTMENTS,SELL,20026502,170.6,-
13-JUN-2024,LTF,L&T Finance Ltd,MORGAN STANLEY ASIA SINGAPORE PTE,BUY,20026502,170.6,-
13-JUN-2024,LTF,L&T Finance Ltd,MORGAN STANLEY ASIA SINGAPORE PTE,BUY,13750998,170.6,-
13-JUN-2024,LTF,L&T Finance Ltd,BNP PARIBAS FINANCIAL MARKETS,SELL,13750998,170.6,-
13-JUN-2024,LTF,L&T Finance Ltd,BNP PARIBAS FINANCIAL MARKETS,SELL,12500000,170.6,-
13-JUN-2024,LTF,L&T Finance Ltd,LARSEN & TOUBRO LIMITED,BUY,12500000,170.6,-
13-JUN-2024,LTF,L&T Finance Ltd,MIRAE ASSET MUTUAL FUND,BUY,10306135,170.6,-
13-JUN-2024,LTF,L&T Finance Ltd,BC INVESTMENTS VI LIMITED,SELL,10306135,170.6,-
13-JUN-2024,LTF,L&T Finance Ltd,BNP PARIBAS FINANCIAL MARKETS,SELL,8324050,170.6,-
13-JUN-2024,LTF,L&T Finance Ltd,BNP PARIBAS FINANCIAL MARKETS,BUY,8324050,170.6,-
13-JUN-2024,LTF,L&T Finance Ltd,MIRAE ASSET MUTUAL FUND,BUY,6341985,170.6,-
13-JUN-2024,LTF,L&T Finance Ltd,BNP PARIBAS FINANCIAL MARKETS,SELL,6341985,170.6,-
13-JUN-2024,LTF,L&T Finance Ltd,DSP BLACKROCK MUTUAL FUND,BUY,4711709,170.6,-
13-JUN-2024,LTF,L&T Finance Ltd,BNP PARIBAS FINANCIAL MARKETS,SELL,4711709,170.6,-
13-JUN-2024,LTF,L&T Finance Ltd,BNP PARIBAS FINANCIAL MARKETS,SELL,4406850,170.6,-
13-JUN-2024,LTF,L&T Finance Ltd,GOLDMAN SACHS (SINGAPORE) PTE.- ODI,BUY,4406850,170.6,-
13-JUN-2024,LTF,L&T Finance Ltd,RELIGARE MUTUAL FUND,BUY,3917200,170.6,-
13-JUN-2024,LTF,L&T Finance Ltd,BNP PARIBAS FINANCIAL MARKETS,SELL,3917200,170.6,-
13-JUN-2024,LTF,L&T Finance Ltd,BNP PARIBAS FINANCIAL MARKETS,SELL,3917200,170.6,-
13-JUN-2024,LTF,L&T Finance Ltd,AXIS MUTUAL FUND,BUY,3917200,170.6,-
14-JUN-2024,IRB,IRB Infrastructure Developers Ltd,SUDHA DATTATRAY MHAISKAR,BUY,1800000,66.48,-
14-JUN-2024,IRB,IRB Infrastructure Developers Ltd,SDM VENTURES PRIVATE LIMITED,SELL,1800000,66.48,-
18-JUN-2024,QUICKHEAL,Quick Heal Technologies Ltd,ANUPAMA KAILASH KATKAR,BUY,5817570,489.0,-
18-JUN-2024,QUICKHEAL,Quick Heal Technologies Ltd,KAILASH SAHEBRAO KATKAR,SELL,5817570,489.0,-
19-JUN-2024,WINDMACHIN,Windsor Machines Ltd,SHUBHI CONSULTANCY SERVICES LLP,BUY,5689000,107.0,-
19-JUN-2024,WINDMACHIN,Windsor Machines Ltd,VANDANA RAMESH SITLANI,SELL,5689000,107.0,-
19-JUN-2024,WINDMACHIN,Windsor Machines Ltd,KIDDY PLAST LIMITED,SELL,2264479,107.0,-
19-JUN-2024,WINDMACHIN,Windsor Machines Ltd,SHUBHI CONSULTANCY SERVICES LLP,BUY,2264479,107.0,-
21-JUN-2024,GRAVITA,Gravita India Ltd,OXBOW MASTER FUND LIMITED,BUY,1400000,1365.0,-
21-JUN-2024,GRAVITA,Gravita India Ltd,RAJAT AGRAWAL,SELL,1400000,1365.0,-
21-JUN-2024,INDIAMART,IndiaMART InterMESH Ltd,WESTBRIDGE CROSSOVER FUND LLC,SELL,540000,2601.0,-
21-JUN-2024,INDIAMART,IndiaMART InterMESH Ltd,SBI MUTUAL FUND,BUY,540000,2601.0,-
21-JUN-2024,INDIAMART,IndiaMART InterMESH Ltd,WESTBRIDGE CROSSOVER FUND LLC,SELL,190000,2601.0,-
21-JUN-2024,INDIAMART,IndiaMART InterMESH Ltd,MORGAN STANLEY ASIA (SINGAPORE) PTE,BUY,190000,2601.0,-
25-JUN-2024,DHANI,Dhani Services Ltd,SOCIETE GENERALE,BUY,10000000,52.08,-
25-JUN-2024,DHANI,Dhani Services Ltd,BOFA SECURITIES EUROPE SA,SELL,10000000,52.08,-
25-JUN-2024,MANAPPURAM,Manappuram Finance Ltd,SOCIETE GENERALE,BUY,3848759,194.5,-
25-JUN-2024,MANAPPURAM,Manappuram Finance Ltd,BOFA SECURITIES EUROPE SA,SELL,3848759,194.5,-
25-JUN-2024,TI,Tilaknagar Industries Ltd-$,SOCIETE GENERALE,BUY,3530800,255.45,-
25-JUN-2024,TI,Tilaknagar Industries Ltd-$,BOFA SECURITIES EUROPE SA,SELL,3530800,255.45,-
25-JUN-2024,RKFORGE,Ramkrishna Forgings Ltd,SOCIETE GENERALE,BUY,3117544,920.75,-
25-JUN-2024,RKFORGE,Ramkrishna Forgings Ltd,BOFA SECURITIES EUROPE SA,SELL,3117544,920.75,-
25-JUN-2024,GRASIM,Grasim Industries Ltd,BOFA SECURITIES EUROPE SA,BUY,1412397,2517.0,-
25-JUN-2024,GRASIM,Grasim Industries Ltd,BOFA SECURITIES EUROPE SA,SELL,1412397,2517.0,-
26-JUN-2024,TITAGARH,Titagarh Rail Systems Ltd,BLACKROCK GLOBAL FUNDS,BUY,2173181,1618.0,-
26-JUN-2024,TITAGARH,Titagarh Rail Systems Ltd,RASHMI  CHOWDHARY,SELL,2173181,1618.0,-
26-JUN-2024,IRB,IRB Infrastructure Developers Ltd,SUDHA DATTATRAY MHAISKAR,BUY,1800000,65.73,-
26-JUN-2024,IRB,IRB Infrastructure Developers Ltd,DSM PROJECTS PRIVATE LIMITED,SELL,1800000,65.73,-
26-JUN-2024,GRASIM,Grasim Industries Ltd,BOFA SECURITIES EUROPE SA,BUY,1478700,2546.5,-
26-JUN-2024,GRASIM,Grasim Industries Ltd,BOFA SECURITIES EUROPE SA,SELL,1478700,2546.5,-
26-JUN-2024,TITAGARH,Titagarh Rail Systems Ltd,BNP PARIBAS FINANCIAL MARKETS,BUY,520294,1618.0,-
26-JUN-2024,TITAGARH,Titagarh Rail Systems Ltd,RASHMI  CHOWDHARY,SELL,520294,1618.0,-
26-JUN-2024,NEULANDLAB,Neuland Laboratories Ltd,MALABAR INDIA FUND LIMITED,SELL,130000,7400.0,-
26-JUN-2024,NEULANDLAB,Neuland Laboratories Ltd,SMALLCAP WORLD FUND INC,BUY,130000,7400.0,-
27-JUN-2024,INDIACEM,India Cements Ltd,RADHAKISHAN SHIVKISHAN DAMANI,SELL,35132658,265.05,-
27-JUN-2024,INDIACEM,India Cements Ltd,ULTRATECH CEMENT LIMITED,BUY,35132658,265.05,-
27-JUN-2024,INDIACEM,India Cements Ltd,ULTRATECH CEMENT LIMITED,BUY,25116325,265.1,-
27-JUN-2024,INDIACEM,India Cements Ltd,GOPIKISHAN SHIVKISHAN DAMANI,SELL,25116325,265.1,-
27-JUN-2024,INDIACEM,India Cements Ltd,ULTRATECH CEMENT LIMITED,BUY,4149029,283.3,-
27-JUN-2024,INDIACEM,India Cements Ltd,DERIVE INVESTMENTS,SELL,4149029,283.3,-
27-JUN-2024,INDIACEM,India Cements Ltd,DERIVE TRADING AND RESORTS PRIVATE LIMITED,SELL,2775000,283.3,-
27-JUN-2024,INDIACEM,India Cements Ltd,ULTRATECH CEMENT LIMITED,BUY,2775000,283.3,-
27-JUN-2024,INDIACEM,India Cements Ltd,KIRAN DEVI DAMANI,SELL,1933399,283.3,-
27-JUN-2024,INDIACEM,India Cements Ltd,ULTRATECH CEMENT LIMITED,BUY,1933399,283.3,-
27-JUN-2024,INDIACEM,India Cements Ltd,ULTRATECH CEMENT LIMITED,BUY,1458245,283.3,-
27-JUN-2024,INDIACEM,India Cements Ltd,SHRIKANTA DEVI DAMANI,SELL,1458245,283.3,-
28-JUN-2024,SAMHI,Samhi Hotels Ltd,GTI CAPITAL ALPHA PVT LTD,SELL,3092665,187.1,-
28-JUN-2024,SAMHI,Samhi Hotels Ltd,MORGAN STANLEY ASIA SINGAPORE PTE,BUY,3092665,187.1,-
28-JUN-2024,SAMHI,Samhi Hotels Ltd,GTI CAPITAL ALPHA PVT LTD,SELL,2138237,187.1,-
28-JUN-2024,SAMHI,Samhi Hotels Ltd,ICICI PRUDENTIAL MUTUAL FUND,BUY,2138237,187.1,-
28-JUN-2024,SAMHI,Samhi Hotels Ltd,ABU DHABI INVESTMENT AUTHORITY - BEHAVE,BUY,1135000,187.1,-
28-JUN-2024,SAMHI,Samhi Hotels Ltd,GTI CAPITAL ALPHA PVT LTD,SELL,1135000,187.1,-
28-JUN-2024,SAMHI,Samhi Hotels Ltd,GTI CAPITAL ALPHA PVT LTD,SELL,1069119,187.1,-
28-JUN-2024,SAMHI,Samhi Hotels Ltd,JM FINANCIAL MUTUAL FUND,BUY,1069119,187.1,-
28-JUN-2024,SAMHI,Samhi Hotels Ltd,SUBHKAM VENTURES I PRIVATE LIMITED,BUY,1000000,187.1,-
28-JUN-2024,SAMHI,Samhi Hotels Ltd,GTI CAPITAL ALPHA PVT LTD,SELL,1000000,187.1,-
28-JUN-2024,SAMHI,Samhi Hotels Ltd,TATA TRUSTEE COMPANY LIMI TED TRUSTEE FOR TATA MUTUAL FUND,BUY,801840,187.1,-
28-JUN-2024,SAMHI,Samhi Hotels Ltd,GTI CAPITAL ALPHA PVT LTD,SELL,801840,187.1,-
28-JUN-2024,SAMHI,Samhi Hotels Ltd,GTI CAPITAL ALPHA PVT LTD,SELL,565404,187.1,-
28-JUN-2024,SAMHI,Samhi Hotels Ltd,MORGAN STANLEY INVESTMENT MGT INC. A/C MORGAN STANLEY INDIA INVT FUND INC,BUY,565404,187.1,-
28-JUN-2024,SAMHI,Samhi Hotels Ltd,GTI CAPITAL ALPHA PVT LTD,SELL,534600,187.1,-
28-JUN-2024,SAMHI,Samhi Hotels Ltd,QUEST INVESTMENT ADVISORS PRIVATE LIMITED,BUY,534600,187.1,-
04-JUL-2024,GODREJCP,Godrej Consumer Products Ltd,SNG SUCCESSOR TRUST,SELL,1312000,1367.05,-
04-JUL-2024,GODREJCP,Godrej Consumer Products Ltd,GODREJ SEEDS & GENETICS LIMITED,BUY,1312000,1367.05,-
04-JUL-2024,GODREJCP,Godrej Consumer Products Ltd,GODREJ SEEDS & GENETICS LIMITED,BUY,1000000,1367.05,-
04-JUL-2024,GODREJCP,Godrej Consumer Products Ltd,HNG FAMILY TRUST,SELL,1000000,1367.05,-
04-JUL-2024,GODREJCP,Godrej Consumer Products Ltd,BNG SUCCESSOR TRUST,SELL,745000,1367.05,-
04-JUL-2024,GODREJCP,Godrej Consumer Products Ltd,GODREJ SEEDS & GENETICS LIMITED,BUY,745000,1367.05,-
05-JUL-2024,CIGNITITEC,Cigniti Technologies Ltd,COFORGE LIMITED,BUY,1549954,1398.5,-
05-JUL-2024,CIGNITITEC,Cigniti Technologies Ltd,KUKUNURU MADHAVA LAKSHMI,SELL,1549954,1398.5,-
05-JUL-2024,CIGNITITEC,Cigniti Technologies Ltd,SAPNA P,SELL,1377348,1398.5,-
05-JUL-2024,CIGNITITEC,Cigniti Technologies Ltd,VENKATA SUBRAMANYAM CHAKKILAM,SELL,1377348,1398.5,-
05-JUL-2024,CIGNITITEC,Cigniti Technologies Ltd,COFORGE LIMITED,BUY,1377348,1398.5,-
05-JUL-2024,CIGNITITEC,Cigniti Technologies Ltd,COFORGE LIMITED,BUY,1377348,1398.5,-
05-JUL-2024,CIGNITITEC,Cigniti Technologies Ltd,COFORGE LIMITED,BUY,313549,1398.5,-
05-JUL-2024,CIGNITITEC,Cigniti Technologies Ltd,KUKUNURU KUMAR BAPUJI,SELL,313549,1398.5,-
08-JUL-2024,GODREJIND,Godrej Industries Ltd,NADIR BURJOR GODREJ,BUY,14024417,893.05,-
08-JUL-2024,GODREJIND,Godrej Industries Ltd,RKN ENTERPRISES,SELL,14024417,893.05,-
08-JUL-2024,GODREJIND,Godrej Industries Ltd,NADIR BURJOR GODREJ,BUY,11474523,893.05,-
08-JUL-2024,GODREJIND,Godrej Industries Ltd,RKN ENTERPRISES,SELL,11474523,893.05,-
08-JUL-2024,GODREJIND,Godrej Industries Ltd,TANYA DUBASH,BUY,3132126,893.05,-
08-JUL-2024,GODREJIND,Godrej Industries Ltd,RKN ENTERPRISES,SELL,3132126,893.05,-
08-JUL-2024,GODREJIND,Godrej Industries Ltd,NISABA GODREJ,BUY,3132119,893.05,-
08-JUL-2024,GODREJIND,Godrej Industries Ltd,RKN ENTERPRISES,SELL,3132119,893.05,-
08-JUL-2024,GODREJIND,Godrej Industries Ltd,PIROJSHA ADI GODREJ,BUY,3132111,893.05,-
08-JUL-2024,GODREJIND,Godrej Industries Ltd,RKN ENTERPRISES,SELL,3132111,893.05,-
08-JUL-2024,GODREJIND,Godrej Industries Ltd,RKN ENTERPRISES,SELL,2562666,893.05,-
08-JUL-2024,GODREJIND,Godrej Industries Ltd,PIROJSHA ADI GODREJ,BUY,2562666,893.05,-
08-JUL-2024,GODREJIND,Godrej Industries Ltd,NISABA GODREJ,BUY,2562659,893.05,-
08-JUL-2024,GODREJIND,Godrej Industries Ltd,RKN ENTERPRISES,SELL,2562659,893.05,-
08-JUL-2024,GODREJIND,Godrej Industries Ltd,RKN ENTERPRISES,SELL,2562651,893.05,-
08-JUL-2024,GODREJIND,Godrej Industries Ltd,TANYA DUBASH,BUY,2562651,893.05,-
10-JUL-2024,DELHIVERY,Delhivery Ltd,CANADA PENSION PLAN INVESTMENT BOARD,SELL,6190403,388.45,-
10-JUL-2024,DELHIVERY,Delhivery Ltd,FMRC FIDELITY EMERGING MARKETS FUND,BUY,6190403,388.45,-
10-JUL-2024,DELHIVERY,Delhivery Ltd,CANADA PENSION PLAN INVESTMENT BOARD,SELL,4000001,388.45,-
10-JUL-2024,DELHIVERY,Delhivery Ltd,CANADA PENSION PLAN INVESTMENT BOARD,SELL,3350900,388.45,-
10-JUL-2024,DELHIVERY,Delhivery Ltd,ICICI PRUDENTIAL LIFE INSURANCE COMPANY LIMITED,BUY,3350900,388.45,-
10-JUL-2024,DELHIVERY,Delhivery Ltd,ADITYA BIRLA SUN LIFE MUTUAL FUND,BUY,2594595,388.45,-
10-JUL-2024,DELHIVERY,Delhivery Ltd,CANADA PENSION PLAN INVESTMENT BOARD,SELL,2520500,388.45,-
10-JUL-2024,DELHIVERY,Delhivery Ltd,NIPPON INDIA MUTUAL FUND,BUY,2520500,388.45,-
10-JUL-2024,DELHIVERY,Delhivery Ltd,CANADA PENSION PLAN INVESTMENT BOARD,SELL,2041090,388.45,-
10-JUL-2024,DELHIVERY,Delhivery Ltd,CANADA PENSION PLAN INVESTMENT BOARD,SELL,1950001,388.45,-
10-JUL-2024,DELHIVERY,Delhivery Ltd,MORGAN STANLEY ASIA SINGAPORE PTE,BUY,1950001,388.45,-
10-JUL-2024,DELHIVERY,Delhivery Ltd,HSBC INDIA INFRASTRUCTURE EQUITY MOTHER FUND,BUY,1407971,388.45,-
10-JUL-2024,DELHIVERY,Delhivery Ltd,COPTHALL MAURITIUS INVESTMENT LIMITED,BUY,1175001,388.45,-
10-JUL-2024,DELHIVERY,Delhivery Ltd,CANADA PENSION PLAN INVESTMENT BOARD,SELL,1175001,388.45,-
10-JUL-2024,DELHIVERY,Delhivery Ltd,ADITYA BIRLA SUN LIFE MUTUAL FUND,BUY,1081078,388.45,-
10-JUL-2024,DELHIVERY,Delhivery Ltd,GHISALLO MASTER FUND LP,BUY,875002,388.45,-
10-JUL-2024,DELHIVERY,Delhivery Ltd,CANADA PENSION PLAN INVESTMENT BOARD,SELL,875002,388.45,-
10-JUL-2024,DELHIVERY,Delhivery Ltd,ADITYA BIRLA SUN LIFE MUTUAL FUND,BUY,324328,388.45,-
10-JUL-2024,DELHIVERY,Delhivery Ltd,CANADA PENSION PLAN INVESTMENT BOARD,SELL,296091,388.45,-
10-JUL-2024,DELHIVERY,Delhivery Ltd,BOFA SECURITIES EUROPE SA,BUY,296091,388.45,-
10-JUL-2024,DELHIVERY,Delhivery Ltd,SOCIETE GENERALE,BUY,260004,388.45,-
10-JUL-2024,DELHIVERY,Delhivery Ltd,CANADA PENSION PLAN INVESTMENT BOARD,SELL,260004,388.45,-
10-JUL-2024,DELHIVERY,Delhivery Ltd,OPTIMAS GLOBAL ALPHA FUND,BUY,257503,388.45,-
10-JUL-2024,DELHIVERY,Delhivery Ltd,CANADA PENSION PLAN INVESTMENT BOARD,SELL,257503,388.45,-
10-JUL-2024,DELHIVERY,Delhivery Ltd,CANADA PENSION PLAN INVESTMENT BOARD,SELL,257503,388.45,-
10-JUL-2024,DELHIVERY,Delhivery Ltd,BLACKSTONE AQUA MASTER SUB-FUND,BUY,257503,388.45,-
10-JUL-2024,DELHIVERY,Delhivery Ltd,VERITION MULTI-STRATEGY MASTER FUND LTD.,BUY,257501,388.45,-
10-JUL-2024,DELHIVERY,Delhivery Ltd,CANADA PENSION PLAN INVESTMENT BOARD,SELL,257501,388.45,-
10-JUL-2024,DELHIVERY,Delhivery Ltd,HSBC GLOBAL INVESTMENT FUNDS INDIAN EQUITY,BUY,256456,388.45,-
10-JUL-2024,DELHIVERY,Delhivery Ltd,HSBC COLLECTIVE INVESTMENT TRUST - HSBC EVOLVING ASIA EQUITY FUND,BUY,154831,388.45,-
10-JUL-2024,DELHIVERY,Delhivery Ltd,HSBC INDIAN EQUITY MOTHER FUND,BUY,142933,388.45,-
10-JUL-2024,DELHIVERY,Delhivery Ltd,HSBC INDIEN,BUY,67301,388.45,-
10-JUL-2024,DELHIVERY,Delhivery Ltd,HSBC COLLECTIVE INVESTMENT TRUST - HSBC INDIA MULTI INCOME FUND,BUY,7449,388.45,-
10-JUL-2024,DELHIVERY,Delhivery Ltd,HSBC INDIAN EQUITY FUND,BUY,4149,388.45,-
11-JUL-2024,INDIGRID,INDIGRID,MYRON WEALTH MANAGEMENT PRIVATE LIMITED,BUY,1090910,137.5,-
11-JUL-2024,INDIGRID,INDIGRID,ADITYA BIRLA SUN LIFE MUTUAL FUND,SELL,1090910,137.5,-
22-JUL-2024,SHILINDORE,Sayaji Hotels (Indore) Ltd,MP ENTERTAINMENT AND DEVELOPERS PRIVATE LIMITED,BUY,88748,1247.0,-
22-JUL-2024,SHILINDORE,Sayaji Hotels (Indore) Ltd,SADIYA RAOOF DHANANI,SELL,88748,1247.0,-
25-JUL-2024,SEIL,Shanti Educational Initiatives Ltd,LEGENDS GLOBAL OPPORTUNITIES (SINGAPORE) PTE. LTD.,BUY,1225000,94.7,-
25-JUL-2024,SEIL,Shanti Educational Initiatives Ltd,LGOF GLOBAL OPPORTUNITIES LIMITED,SELL,1225000,94.7,-
29-JUL-2024,IDEA,Vodafone Idea Ltd,INTEGRATED CORE STRATEGIES (ASIA) PTE. LTD.,BUY,11794193,15.98,-
29-JUL-2024,IDEA,Vodafone Idea Ltd,BNP PARIBAS FINANCIAL MARKETS,SELL,11794193,15.98,-
29-JUL-2024,FEDERALBNK,Federal Bank Ltd,INTEGRATED CORE STRATEGIES (ASIA) PTE. LTD.,BUY,3797504,198.0,-
29-JUL-2024,FEDERALBNK,Federal Bank Ltd,BNP PARIBAS FINANCIAL MARKETS,SELL,3797504,198.0,-
29-JUL-2024,JTLIND,JTL Industries Ltd,BNP PARIBAS FINANCIAL MARKETS,BUY,1100000,213.0,-
29-JUL-2024,JTLIND,JTL Industries Ltd,MORGAN STANLEY ASIA (SINGAPORE) PTE.,SELL,1100000,213.0,-
29-JUL-2024,KPITTECH,KPIT Technologies Ltd,INTEGRATED CORE STRATEGIES (ASIA) PTE. LTD.,BUY,585775,1788.95,-
29-JUL-2024,KPITTECH,KPIT Technologies Ltd,BNP PARIBAS FINANCIAL MARKETS,SELL,585775,1788.95,-
29-JUL-2024,VOLTAS,Voltas Ltd,INTEGRATED CORE STRATEGIES (ASIA) PTE. LTD.,BUY,345438,1490.35,-
29-JUL-2024,VOLTAS,Voltas Ltd,BNP PARIBAS FINANCIAL MARKETS,SELL,345438,1490.35,-
29-JUL-2024,JYOTICNC,Jyoti CNC Automation Ltd,PARESH MOHANLAL PAREKH,SELL,260957,1123.0,-
29-JUL-2024,JYOTICNC,Jyoti CNC Automation Ltd,BOFA SECURITIES EUROPE SA,BUY,260957,1123.0,-
29-JUL-2024,ICICIBANK,ICICI Bank Ltd,INTEGRATED CORE STRATEGIES (ASIA) PTE. LTD.,BUY,195882,1207.2,-
29-JUL-2024,ICICIBANK,ICICI Bank Ltd,BNP PARIBAS FINANCIAL MARKETS,SELL,195882,1207.2,-
29-JUL-2024,BHARTIARTL,Bharti Airtel Ltd,INTEGRATED CORE STRATEGIES (ASIA) PTE. LTD.,BUY,180188,1514.4,-
29-JUL-2024,BHARTIARTL,Bharti Airtel Ltd,BNP PARIBAS FINANCIAL MARKETS,SELL,180188,1514.4,-
29-JUL-2024,PRESTIGE,Prestige Estates Projects Ltd,INTEGRATED CORE STRATEGIES (ASIA) PTE. LTD.,BUY,178699,1833.45,-
29-JUL-2024,PRESTIGE,Prestige Estates Projects Ltd,BNP PARIBAS FINANCIAL MARKETS,SELL,178699,1833.45,-
29-JUL-2024,DIXON,Dixon Technologies (India) Ltd,INTEGRATED CORE STRATEGIES (ASIA) PTE. LTD.,BUY,84873,11272.6,-
29-JUL-2024,DIXON,Dixon Technologies (India) Ltd,BNP PARIBAS FINANCIAL MARKETS,SELL,84873,11272.6,-
30-JUL-2024,TATAMTRDVR,Tata Motors  Ltd - DVR,INTEGRATED CORE STRATEGIES (ASIA) PTE. LTD.,BUY,134765,768.45,-
30-JUL-2024,TATAMTRDVR,Tata Motors  Ltd - DVR,BNP PARIBAS FINANCIAL MARKETS,SELL,134765,768.45,-
30-JUL-2024,OBEROIRLTY,Oberoi Realty Ltd,INTEGRATED CORE STRATEGIES (ASIA) PTE. LTD.,BUY,70547,1793.9,-
30-JUL-2024,OBEROIRLTY,Oberoi Realty Ltd,BNP PARIBAS FINANCIAL MARKETS,SELL,70547,1793.9,-
31-JUL-2024,ASIANPAINT,Asian Paints Ltd,UPNISHAD TRUSTEE ADVISORY SERVICES PRIVATE LIMITED,BUY,82000,3046.1,-
31-JUL-2024,ASIANPAINT,Asian Paints Ltd,HIREN HOLDINGS PRIVATE LIMITED,SELL,82000,3046.1,-
01-AUG-2024,FERMENTA,Fermenta Biotech Ltd,KRISHAN PREMNARAYEN,BUY,405000,255.95,-
01-AUG-2024,FERMENTA,Fermenta Biotech Ltd,EXCEL FINANCE AND INVESTMENTS,SELL,405000,255.95,-
07-AUG-2024,SEIL,Shanti Educational Initiatives Ltd,LEGENDS GLOBAL OPPORTUNITIES (SINGAPORE) PTE. LTD.,BUY,800000,145.55,-
07-AUG-2024,SEIL,Shanti Educational Initiatives Ltd,LGOF GLOBAL OPPORTUNITIES LIMITED,SELL,800000,145.55,-
08-AUG-2024,IDEA,Vodafone Idea Ltd,INTEGRATED CORE STRATEGIES (ASIA) PTE. LTD.,BUY,18379381,15.72,-
08-AUG-2024,IDEA,Vodafone Idea Ltd,BNP PARIBAS FINANCIAL MARKETS,SELL,18379381,15.72,-
08-AUG-2024,OFSS,Oracle Financial Services Software Ltd,INTEGRATED CORE STRATEGIES (ASIA) PTE. LTD.,BUY,10658,10038.6,-
08-AUG-2024,OFSS,Oracle Financial Services Software Ltd,BNP PARIBAS FINANCIAL MARKETS,SELL,10658,10038.6,-
12-AUG-2024,SEIL,Shanti Educational Initiatives Ltd,LEGENDS GLOBAL OPPORTUNITIES (SINGAPORE) PTE. LTD.,BUY,670000,150.05,-
12-AUG-2024,SEIL,Shanti Educational Initiatives Ltd,LGOF GLOBAL OPPORTUNITIES LIMITED,SELL,670000,150.05,-
13-AUG-2024,RELIANCE,Reliance Industries Ltd,BOFA SECURITIES EUROPE SA,BUY,1335717,2920.3,-
13-AUG-2024,RELIANCE,Reliance Industries Ltd,BOFA SECURITIES EUROPE SA,SELL,1335717,2920.3,-
13-AUG-2024,IWEL,Inox Wind Energy Ltd,INDIA OPPORTUNITIES GROWTH FUND LTD - PINEWOOD STRATEGY,BUY,15000,9925.5,-
13-AUG-2024,IWEL,Inox Wind Energy Ltd,ANJANA PROJECTS LIMITED,SELL,15000,9925.5,-
14-AUG-2024,SEIL,Shanti Educational Initiatives Ltd,LEGENDS GLOBAL OPPORTUNITIES (SINGAPORE) PTE. LTD.,BUY,1000000,127.4,-
14-AUG-2024,SEIL,Shanti Educational Initiatives Ltd,LGOF GLOBAL OPPORTUNITIES LIMITED,SELL,1000000,127.4,-
16-AUG-2024,CANBK,Canara Bank,MARSHALL WACE INVESTMENT STRATEGIES - EUREKA FUND,SELL,8660168,105.65,-
16-AUG-2024,CANBK,Canara Bank,BNP PARIBAS FINANCIAL MARKETS,BUY,8660168,105.65,-
16-AUG-2024,SHRIRAMFIN,Shriram Finance Ltd,BOFA SECURITIES EUROPE SA,BUY,592746,2895.1,-
16-AUG-2024,SHRIRAMFIN,Shriram Finance Ltd,MARSHALL WACE INVESTMENT STRATEGIES - EUREKA FUND,SELL,592746,2895.1,-
16-AUG-2024,SCHAEFFLER,Schaeffler India Ltd,MARSHALL WACE INVESTMENT STRATEGIES - EUREKA FUND,SELL,233007,3955.6,-
16-AUG-2024,SCHAEFFLER,Schaeffler India Ltd,BOFA SECURITIES EUROPE SA,BUY,233007,3955.6,-
16-AUG-2024,LINDEINDIA,Linde India Ltd,BOFA SECURITIES EUROPE SA,BUY,49806,7163.65,-
16-AUG-2024,LINDEINDIA,Linde India Ltd,MARSHALL WACE INVESTMENT STRATEGIES - EUREKA FUND,SELL,49806,7163.65,-
20-AUG-2024,KIMS,Krishna Institute of Medical Sciences Ltd,INDIA ADVANTAGE FUND S4-I,SELL,713697,2373.3,-
20-AUG-2024,KIMS,Krishna Institute of Medical Sciences Ltd,SBI LIFE INSURANCE COMPANY LIMITED,BUY,713697,2373.3,-
20-AUG-2024,HGINFRA,H.G. Infra Engineering Ltd,ADITYA BIRLA SUN LIFE MUTUAL FUND,BUY,487072,1566.5,-
20-AUG-2024,HGINFRA,H.G. Infra Engineering Ltd,VIJENDRA SINGH FAMILY TRUST,SELL,487072,1566.5,-
20-AUG-2024,HGINFRA,H.G. Infra Engineering Ltd,TATA MUTUAL FUND,BUY,478800,1566.5,-
20-AUG-2024,HGINFRA,H.G. Infra Engineering Ltd,HARENDRA SINGH FAMILY TRUST,SELL,478800,1566.5,-
20-AUG-2024,HGINFRA,H.G. Infra Engineering Ltd,GIRISHPAL SINGH FAMILY TRUST,SELL,260264,1566.5,-
20-AUG-2024,HGINFRA,H.G. Infra Engineering Ltd,ITI MUTUAL FUND,BUY,260264,1566.5,-
20-AUG-2024,HGINFRA,H.G. Infra Engineering Ltd,GIRISHPAL SINGH FAMILY TRUST,SELL,190000,1566.5,-
20-AUG-2024,HGINFRA,H.G. Infra Engineering Ltd,BANDHAN MUTUAL FUND,BUY,190000,1566.5,-
20-AUG-2024,HGINFRA,H.G. Infra Engineering Ltd,SOCIETE GENERALE,BUY,157968,1566.5,-
20-AUG-2024,HGINFRA,H.G. Infra Engineering Ltd,GIRISHPAL SINGH FAMILY TRUST,SELL,157968,1566.5,-
20-AUG-2024,HGINFRA,H.G. Infra Engineering Ltd,SOCIETE GENERALE,BUY,126300,1566.5,-
20-AUG-2024,HGINFRA,H.G. Infra Engineering Ltd,HARENDRA SINGH FAMILY TRUST,SELL,126300,1566.5,-
20-AUG-2024,HGINFRA,H.G. Infra Engineering Ltd,SUNDARAM MUTUAL FUND,BUY,95750,1566.5,-
20-AUG-2024,HGINFRA,H.G. Infra Engineering Ltd,VIJENDRA SINGH FAMILY TRUST,SELL,95750,1566.5,-
20-AUG-2024,KIMS,Krishna Institute of Medical Sciences Ltd,DYNAMIC INDIA FUND S4 US I,SELL,62061,2373.3,-
20-AUG-2024,KIMS,Krishna Institute of Medical Sciences Ltd,SBI LIFE INSURANCE COMPANY LIMITED,BUY,62061,2373.3,-
21-AUG-2024,PNBHOUSING,PNB Housing Finance Ltd,GENERAL ATLANTIC SINGAPORE FUND FII PTE. LTD.,SELL,4423637,802.5,-
21-AUG-2024,PNBHOUSING,PNB Housing Finance Ltd,GOVERNMENT OF SINGAPORE,BUY,3645580,802.5,-
21-AUG-2024,PNBHOUSING,PNB Housing Finance Ltd,GENERAL ATLANTIC SINGAPORE FUND FII PTE. LTD.,SELL,1869159,802.5,-
21-AUG-2024,PNBHOUSING,PNB Housing Finance Ltd,ADITYA BIRLA SUN LIFE MUTUAL FUND,BUY,1869159,802.5,-
21-AUG-2024,PNBHOUSING,PNB Housing Finance Ltd,HSBC MUTUAL FUND,BUY,809969,802.5,-
21-AUG-2024,PNBHOUSING,PNB Housing Finance Ltd,GENERAL ATLANTIC SINGAPORE FUND FII PTE. LTD.,SELL,809969,802.5,-
21-AUG-2024,PNBHOUSING,PNB Housing Finance Ltd,MONETARY AUTHORITY OF SINGAPORE,BUY,778057,802.5,-
21-AUG-2024,PNBHOUSING,PNB Housing Finance Ltd,GENERAL ATLANTIC SINGAPORE FUND FII PTE. LTD.,SELL,623053,802.5,-
21-AUG-2024,PNBHOUSING,PNB Housing Finance Ltd,GENERAL ATLANTIC SINGAPORE FUND FII PTE. LTD.,SELL,623053,802.5,-
21-AUG-2024,PNBHOUSING,PNB Housing Finance Ltd,ICICI PRUDENTIAL LIFE INSURANCE COMPANY LIMITED,BUY,623053,802.5,-
21-AUG-2024,PNBHOUSING,PNB Housing Finance Ltd,FIDELITY FUNDS-ASIAN SMALLER COMPANIES POOL,BUY,524836,802.5,-
21-AUG-2024,PNBHOUSING,PNB Housing Finance Ltd,GENERAL ATLANTIC SINGAPORE FUND FII PTE. LTD.,SELL,498442,802.5,-
21-AUG-2024,PNBHOUSING,PNB Housing Finance Ltd,GENERAL ATLANTIC SINGAPORE FUND FII PTE. LTD.,SELL,498442,802.5,-
21-AUG-2024,PNBHOUSING,PNB Housing Finance Ltd,DSP MUTUAL FUND,BUY,498442,802.5,-
21-AUG-2024,PNBHOUSING,PNB Housing Finance Ltd,NIPPON INDIA MUTUAL FUND,BUY,498442,802.5,-
21-AUG-2024,PNBHOUSING,PNB Housing Finance Ltd,360 ONE ASSET MANAGEMENT LIMITED - PMS A/C  360 ONE MULTICAP,BUY,369998,802.5,-
21-AUG-2024,PNBHOUSING,PNB Housing Finance Ltd,GENERAL ATLANTIC SINGAPORE FUND FII PTE. LTD.,SELL,369998,802.5,-
21-AUG-2024,PNBHOUSING,PNB Housing Finance Ltd,PRU INDIA EQUITY OPEN LIMITED,BUY,311526,802.5,-
21-AUG-2024,PNBHOUSING,PNB Housing Finance Ltd,GENERAL ATLANTIC SINGAPORE FUND FII PTE. LTD.,SELL,311526,802.5,-
21-AUG-2024,PNBHOUSING,PNB Housing Finance Ltd,GENERAL ATLANTIC SINGAPORE FUND FII PTE. LTD.,SELL,311526,802.5,-
21-AUG-2024,PNBHOUSING,PNB Housing Finance Ltd,PGIM INDIA MUTUAL FUND,BUY,311526,802.5,-
21-AUG-2024,PNBHOUSING,PNB Housing Finance Ltd,BANDHAN MUTUAL FUND,BUY,302696,802.5,-
21-AUG-2024,PNBHOUSING,PNB Housing Finance Ltd,GENERAL ATLANTIC SINGAPORE FUND FII PTE. LTD.,SELL,302696,802.5,-
21-AUG-2024,PNBHOUSING,PNB Housing Finance Ltd,PUBLIC SECTOR PENSION INVESTMENT BOARD,BUY,253055,802.5,-
21-AUG-2024,PNBHOUSING,PNB Housing Finance Ltd,GENERAL ATLANTIC SINGAPORE FUND FII PTE. LTD.,SELL,253055,802.5,-
21-AUG-2024,PNBHOUSING,PNB Housing Finance Ltd,GENERAL ATLANTIC SINGAPORE FUND FII PTE. LTD.,SELL,249281,802.5,-
21-AUG-2024,PNBHOUSING,PNB Housing Finance Ltd,MORGAN STANLEY ASIA SINGAPORE PTE,BUY,249281,802.5,-
21-AUG-2024,PNBHOUSING,PNB Housing Finance Ltd,ADITYA BIRLA SUN LIFE INSURANCE COMPANY LIMITED,BUY,249221,802.5,-
21-AUG-2024,PNBHOUSING,PNB Housing Finance Ltd,GENERAL ATLANTIC SINGAPORE FUND FII PTE. LTD.,SELL,249221,802.5,-
21-AUG-2024,PNBHOUSING,PNB Housing Finance Ltd,ICICI PRUDENTIAL MUTUAL FUND,BUY,249220,802.5,-
21-AUG-2024,PNBHOUSING,PNB Housing Finance Ltd,PIONEER INVESTMENT FUND,SELL,249220,802.5,-
21-AUG-2024,PNBHOUSING,PNB Housing Finance Ltd,HDFC LIFE INSURANCE COMPANY LIMITED,BUY,186916,802.5,-
21-AUG-2024,PNBHOUSING,PNB Housing Finance Ltd,GENERAL ATLANTIC SINGAPORE FUND FII PTE. LTD.,SELL,186916,802.5,-
21-AUG-2024,PNBHOUSING,PNB Housing Finance Ltd,GENERAL ATLANTIC SINGAPORE FUND FII PTE. LTD.,SELL,124650,802.5,-
21-AUG-2024,PNBHOUSING,PNB Housing Finance Ltd,GENERAL ATLANTIC SINGAPORE FUND FII PTE. LTD.,SELL,124650,802.5,-
21-AUG-2024,PNBHOUSING,PNB Housing Finance Ltd,GENERAL ATLANTIC SINGAPORE FUND FII PTE. LTD.,SELL,124650,802.5,-
21-AUG-2024,PNBHOUSING,PNB Housing Finance Ltd,GENERAL ATLANTIC SINGAPORE FUND FII PTE. LTD.,SELL,124650,802.5,-
21-AUG-2024,PNBHOUSING,PNB Housing Finance Ltd,GENERAL ATLANTIC SINGAPORE FUND FII PTE. LTD.,SELL,124650,802.5,-
21-AUG-2024,PNBHOUSING,PNB Housing Finance Ltd,GENERAL ATLANTIC SINGAPORE FUND FII PTE. LTD.,SELL,124650,802.5,-
21-AUG-2024,PNBHOUSING,PNB Housing Finance Ltd,GHISALLO MASTER FUND LP,BUY,124650,802.5,-
21-AUG-2024,PNBHOUSING,PNB Housing Finance Ltd,GENERAL ATLANTIC SINGAPORE FUND FII PTE. LTD.,SELL,124650,802.5,-
21-AUG-2024,PNBHOUSING,PNB Housing Finance Ltd,GENERAL ATLANTIC SINGAPORE FUND FII PTE. LTD.,SELL,124650,802.5,-
21-AUG-2024,PNBHOUSING,PNB Housing Finance Ltd,GENERAL ATLANTIC SINGAPORE FUND FII PTE. LTD.,SELL,124650,802.5,-
21-AUG-2024,PNBHOUSING,PNB Housing Finance Ltd,GENERAL ATLANTIC SINGAPORE FUND FII PTE. LTD.,SELL,124650,802.5,-
21-AUG-2024,PNBHOUSING,PNB Housing Finance Ltd,GENERAL ATLANTIC SINGAPORE FUND FII PTE. LTD.,SELL,124650,802.5,-
21-AUG-2024,PNBHOUSING,PNB Housing Finance Ltd,GENERAL ATLANTIC SINGAPORE FUND FII PTE. LTD.,SELL,124650,802.5,-
21-AUG-2024,PNBHOUSING,PNB Housing Finance Ltd,GENERAL ATLANTIC SINGAPORE FUND FII PTE. LTD.,SELL,124650,802.5,-
21-AUG-2024,PNBHOUSING,PNB Housing Finance Ltd,GENERAL ATLANTIC SINGAPORE FUND FII PTE. LTD.,SELL,124650,802.5,-
21-AUG-2024,PNBHOUSING,PNB Housing Finance Ltd,SOCIETE GENERALE,BUY,124650,802.5,-
21-AUG-2024,PNBHOUSING,PNB Housing Finance Ltd,MORGAN STANLEY ASIA SINGAPORE PTE,BUY,124650,802.5,-
21-AUG-2024,PNBHOUSING,PNB Housing Finance Ltd,NOMURA SINGAPORE LIMITED,BUY,124650,802.5,-
21-AUG-2024,PNBHOUSING,PNB Housing Finance Ltd,GOLDMAN SACHS SINGAPORE PTE,BUY,124650,802.5,-
21-AUG-2024,PNBHOUSING,PNB Housing Finance Ltd,COHESION MK BEST IDEAS SUBTRUST,BUY,124650,802.5,-
21-AUG-2024,PNBHOUSING,PNB Housing Finance Ltd,GOLDMAN SACHS INVESTMENTS (MAURITIUS) I LIMITED,BUY,124650,802.5,-
21-AUG-2024,PNBHOUSING,PNB Housing Finance Ltd,NUVAMA ASSET MANAGEMENT LIMITED,BUY,124650,802.5,-
21-AUG-2024,PNBHOUSING,PNB Housing Finance Ltd,DISCOVERY GLOBAL OPPORTUNITY MAURITIUS LIMITED,BUY,124650,802.5,-
21-AUG-2024,PNBHOUSING,PNB Housing Finance Ltd,CARNELIAN BHARAT AMRITKAAL FUND,BUY,124650,802.5,-
21-AUG-2024,PNBHOUSING,PNB Housing Finance Ltd,CITIGROUP GLOBAL MARKETS MAURITIUS PVT LTD   FII   CITI,BUY,124650,802.5,-
21-AUG-2024,PNBHOUSING,PNB Housing Finance Ltd,SUBHKAM VENTURES (I) PRIVATE LIMITED,BUY,124650,802.5,-
21-AUG-2024,PNBHOUSING,PNB Housing Finance Ltd,CITIGROUP GLOBAL MARKETS MAURITIUS PRIVATE LIMITED,BUY,124650,802.5,-
21-AUG-2024,PNBHOUSING,PNB Housing Finance Ltd,NIPPON INDIA MUTUAL FUND,BUY,124611,802.5,-
21-AUG-2024,PNBHOUSING,PNB Housing Finance Ltd,TRUST MUTUAL FUND,BUY,124611,802.5,-
21-AUG-2024,PNBHOUSING,PNB Housing Finance Ltd,FIDELITY ASIAN VALUES PLC,BUY,124611,802.5,-
21-AUG-2024,PNBHOUSING,PNB Housing Finance Ltd,PIONEER INVESTMENT FUND,SELL,124611,802.5,-
21-AUG-2024,PNBHOUSING,PNB Housing Finance Ltd,PIONEER INVESTMENT FUND,SELL,124611,802.5,-
21-AUG-2024,PNBHOUSING,PNB Housing Finance Ltd,PIONEER INVESTMENT FUND,SELL,124611,802.5,-
21-AUG-2024,PNBHOUSING,PNB Housing Finance Ltd,FIDELITY ASIAN VALUES PLC,BUY,98217,802.5,-
21-AUG-2024,PNBHOUSING,PNB Housing Finance Ltd,NATIONAL PENSION SERVICE,BUY,95827,802.5,-
21-AUG-2024,PNBHOUSING,PNB Housing Finance Ltd,PGGM WORLD EQUITY II B.V.,BUY,28823,802.5,-
23-AUG-2024,NYKAA,FSN E-Commerce Ventures Ltd,HARINDERPAL SINGH BANGA,SELL,7400000,208.3,-
23-AUG-2024,NYKAA,FSN E-Commerce Ventures Ltd,HARINDERPAL SINGH BANGA,SELL,4259200,208.3,-
23-AUG-2024,NYKAA,FSN E-Commerce Ventures Ltd,HARINDERPAL SINGH BANGA,SELL,3750000,208.3,-
23-AUG-2024,NYKAA,FSN E-Commerce Ventures Ltd,GOLDMAN SACHS (SINGAPORE) PTE.- ODI,BUY,3750000,208.3,-
23-AUG-2024,NYKAA,FSN E-Commerce Ventures Ltd,HARINDERPAL SINGH BANGA,SELL,3700000,208.3,-
23-AUG-2024,NYKAA,FSN E-Commerce Ventures Ltd,HARINDERPAL SINGH BANGA,SELL,3700000,208.3,-
23-AUG-2024,NYKAA,FSN E-Commerce Ventures Ltd,KOTAK MAHINDRA MUTUAL FUND,BUY,2952128,208.3,-
23-AUG-2024,NYKAA,FSN E-Commerce Ventures Ltd,SBI MUTUAL FUND,BUY,2750000,208.3,-
23-AUG-2024,NYKAA,FSN E-Commerce Ventures Ltd,HARINDERPAL SINGH BANGA,SELL,2750000,208.3,-
23-AUG-2024,NYKAA,FSN E-Commerce Ventures Ltd,INDIA ACORN ICAV,BUY,2494700,208.3,-
23-AUG-2024,NYKAA,FSN E-Commerce Ventures Ltd,KOTAK MAHINDRA MUTUAL FUND,BUY,1968085,208.3,-
23-AUG-2024,NYKAA,FSN E-Commerce Ventures Ltd,MORGAN STANLEY ASIA SINGAPORE PTE,BUY,1925000,208.3,-
23-AUG-2024,NYKAA,FSN E-Commerce Ventures Ltd,HARINDERPAL SINGH BANGA,SELL,1925000,208.3,-
23-AUG-2024,NYKAA,FSN E-Commerce Ventures Ltd,HARINDERPAL SINGH BANGA,SELL,1925000,208.3,-
23-AUG-2024,NYKAA,FSN E-Commerce Ventures Ltd,MORGAN STANLEY ASIA SINGAPORE PTE,BUY,1925000,208.3,-
23-AUG-2024,NYKAA,FSN E-Commerce Ventures Ltd,NIPPON INDIA MUTUAL FUND,BUY,1850000,208.3,-
23-AUG-2024,NYKAA,FSN E-Commerce Ventures Ltd,NIPPON INDIA MUTUAL FUND,BUY,1850000,208.3,-
23-AUG-2024,NYKAA,FSN E-Commerce Ventures Ltd,NIPPON INDIA MUTUAL FUND,BUY,1850000,208.3,-
23-AUG-2024,NYKAA,FSN E-Commerce Ventures Ltd,NIPPON INDIA MUTUAL FUND,BUY,1850000,208.3,-
23-AUG-2024,SEIL,Shanti Educational Initiatives Ltd,THE GREAT INTERNATIONAL TUSKER FUND,SELL,1715000,114.2,-
23-AUG-2024,SEIL,Shanti Educational Initiatives Ltd,LEGENDS GLOBAL OPPORTUNITIES (SINGAPORE) PTE. LTD.,BUY,1715000,114.2,-
23-AUG-2024,NYKAA,FSN E-Commerce Ventures Ltd,HARINDERPAL SINGH BANGA,SELL,1468580,208.3,-
23-AUG-2024,NYKAA,FSN E-Commerce Ventures Ltd,KOTAK MAHINDRA MUTUAL FUND,BUY,1377659,208.3,-
23-AUG-2024,NYKAA,FSN E-Commerce Ventures Ltd,HDFC STANDARD LIFE INSURANCE CO LTD,BUY,1350000,208.3,-
23-AUG-2024,NYKAA,FSN E-Commerce Ventures Ltd,HARINDERPAL SINGH BANGA,SELL,1350000,208.3,-
23-AUG-2024,NYKAA,FSN E-Commerce Ventures Ltd,HSBC MUTUAL FUND,BUY,1248323,208.3,-
23-AUG-2024,NYKAA,FSN E-Commerce Ventures Ltd,HARINDERPAL SINGH BANGA,SELL,1240800,208.3,-
23-AUG-2024,NYKAA,FSN E-Commerce Ventures Ltd,HARINDERPAL SINGH BANGA,SELL,1000000,208.3,-
23-AUG-2024,NYKAA,FSN E-Commerce Ventures Ltd,COPTHALL MAURITIUS INVESTMENT LIMITED,BUY,1000000,208.3,-
23-AUG-2024,NYKAA,FSN E-Commerce Ventures Ltd,KOTAK MAHINDRA MUTUAL FUND,BUY,984043,208.3,-
23-AUG-2024,NYKAA,FSN E-Commerce Ventures Ltd,ABU DHABI INVESTMENT AUTHORITY,BUY,972300,208.3,-
23-AUG-2024,NYKAA,FSN E-Commerce Ventures Ltd,ICICI PRUDENTIAL LIFE INSURANCE COMPANY LIMITED,BUY,950000,208.3,-
23-AUG-2024,NYKAA,FSN E-Commerce Ventures Ltd,HARINDERPAL SINGH BANGA,SELL,950000,208.3,-
23-AUG-2024,NYKAA,FSN E-Commerce Ventures Ltd,HARINDERPAL SINGH BANGA,SELL,950000,208.3,-
23-AUG-2024,NYKAA,FSN E-Commerce Ventures Ltd,ICICI PRUDENTIAL LIFE INSURANCE COMPANY LIMITED,BUY,950000,208.3,-
23-AUG-2024,NYKAA,FSN E-Commerce Ventures Ltd,ASHOKA INDIA EQUITY INVESTMENT TRUST PLC,BUY,912300,208.3,-
23-AUG-2024,NYKAA,FSN E-Commerce Ventures Ltd,HARINDERPAL SINGH BANGA,SELL,900000,208.3,-
23-AUG-2024,NYKAA,FSN E-Commerce Ventures Ltd,GHISALLO MASTER FUND LP,BUY,900000,208.3,-
23-AUG-2024,NYKAA,FSN E-Commerce Ventures Ltd,HARINDERPAL SINGH BANGA,SELL,900000,208.3,-
23-AUG-2024,NYKAA,FSN E-Commerce Ventures Ltd,BAJAJ ALLIANZ LIFE INSURANCE COMPANY LIMITED     ,BUY,900000,208.3,-
23-AUG-2024,NYKAA,FSN E-Commerce Ventures Ltd,INVESCO INDIA EQUITY FUND,BUY,900000,208.3,-
23-AUG-2024,NYKAA,FSN E-Commerce Ventures Ltd,HARINDERPAL SINGH BANGA,SELL,900000,208.3,-
23-AUG-2024,NYKAA,FSN E-Commerce Ventures Ltd,HARINDERPAL SINGH BANGA,SELL,850000,208.3,-
23-AUG-2024,NYKAA,FSN E-Commerce Ventures Ltd,SOCIETE GENERALE  ODI,BUY,850000,208.3,-
23-AUG-2024,NYKAA,FSN E-Commerce Ventures Ltd,MATTHEWS INDIA FUND,BUY,480080,208.3,-
23-AUG-2024,NYKAA,FSN E-Commerce Ventures Ltd,HARINDERPAL SINGH BANGA,SELL,480080,208.3,-
23-AUG-2024,NYKAA,FSN E-Commerce Ventures Ltd,HARINDERPAL SINGH BANGA,SELL,480080,208.3,-
23-AUG-2024,NYKAA,FSN E-Commerce Ventures Ltd,AL MEHWAR COMMERCIAL INVESTMENTS L.L.C.,BUY,426500,208.3,-
23-AUG-2024,NYKAA,FSN E-Commerce Ventures Ltd,NATIONAL PENSION SERVICE,BUY,371954,208.3,-
23-AUG-2024,NYKAA,FSN E-Commerce Ventures Ltd,INDIA ACORN FUND LTD,BUY,328500,208.3,-
23-AUG-2024,NYKAA,FSN E-Commerce Ventures Ltd,HSBC MUTUAL FUND,BUY,220257,208.3,-
23-AUG-2024,NYKAA,FSN E-Commerce Ventures Ltd,CAISSE DE DEPOT ET PLACEMENT DU QUEBEC,BUY,197900,208.3,-
23-AUG-2024,NYKAA,FSN E-Commerce Ventures Ltd,ABS DIRECT EQUITY FUND LLC - INDIA SERIES 1,BUY,144400,208.3,-
23-AUG-2024,NYKAA,FSN E-Commerce Ventures Ltd,KOTAK MAHINDRA MUTUAL FUND,BUY,118085,208.3,-
23-AUG-2024,NYKAA,FSN E-Commerce Ventures Ltd,PGGM WORLD EQUITY II BV,BUY,108126,208.3,-
23-AUG-2024,NYKAA,FSN E-Commerce Ventures Ltd,DENDANA INVESTMENTS MAURITIUS LIMITED,BUY,23400,208.3,-
28-AUG-2024,SEIL,Shanti Educational Initiatives Ltd,LEGENDS GLOBAL OPPORTUNITIES (SINGAPORE) PTE. LTD.,BUY,843000,124.9,-
28-AUG-2024,SEIL,Shanti Educational Initiatives Ltd,NEW LEAINA INVESTMENTS LIMITED,SELL,843000,124.9,-
29-AUG-2024,POLICYBZR,PB Fintech Ltd,TENCENT CLOUD EUROPE BV,SELL,2552000,1719.75,-
29-AUG-2024,POLICYBZR,PB Fintech Ltd,TENCENT CLOUD EUROPE BV,SELL,2500000,1719.75,-
29-AUG-2024,POLICYBZR,PB Fintech Ltd,EUROPACIFIC GROWTH FUND,BUY,2500000,1719.75,-
29-AUG-2024,POLICYBZR,PB Fintech Ltd,GOLDMAN SACHS (SINGAPORE) PTE.- ODI,BUY,1214000,1719.75,-
29-AUG-2024,POLICYBZR,PB Fintech Ltd,TENCENT CLOUD EUROPE BV,SELL,1214000,1719.75,-
29-AUG-2024,POLICYBZR,PB Fintech Ltd,SBI MUTUAL FUND,BUY,1177846,1719.75,-
29-AUG-2024,POLICYBZR,PB Fintech Ltd,SBI MUTUAL FUND,BUY,792758,1719.75,-
29-AUG-2024,POLICYBZR,PB Fintech Ltd,TENCENT CLOUD EUROPE BV,SELL,685000,1719.75,-
29-AUG-2024,POLICYBZR,PB Fintech Ltd,SBI MUTUAL FUND,BUY,581396,1719.75,-
29-AUG-2024,POLICYBZR,PB Fintech Ltd,TENCENT CLOUD EUROPE BV,SELL,570000,1719.75,-
29-AUG-2024,POLICYBZR,PB Fintech Ltd,TENCENT CLOUD EUROPE BV,SELL,470000,1719.75,-
29-AUG-2024,POLICYBZR,PB Fintech Ltd,MARSHALL WACE INVESTMENT STRATEGIES  MARKET NEUTRAL TOPS FUND,BUY,320213,1719.75,-
29-AUG-2024,POLICYBZR,PB Fintech Ltd,TNTBC AS THE TRUSTEE OF NOMURA INDIA STOCK MOTHER FUND,BUY,296729,1719.75,-
29-AUG-2024,POLICYBZR,PB Fintech Ltd,MARSHALL WACE INVESTMENT STRATEGIES  EUREKA FUND,BUY,285901,1719.75,-
29-AUG-2024,POLICYBZR,PB Fintech Ltd,COPTHALL MAURITIUS INVESTMENT LIMITED  ODI ACCOUNT,BUY,270000,1719.75,-
29-AUG-2024,POLICYBZR,PB Fintech Ltd,TENCENT CLOUD EUROPE BV,SELL,270000,1719.75,-
29-AUG-2024,POLICYBZR,PB Fintech Ltd,TENCENT CLOUD EUROPE BV,SELL,260000,1719.75,-
29-AUG-2024,POLICYBZR,PB Fintech Ltd,HDFC STANDARD LIFE INSURANCE CO LTD,BUY,260000,1719.75,-
29-AUG-2024,POLICYBZR,PB Fintech Ltd,TENCENT CLOUD EUROPE BV,SELL,250000,1719.75,-
29-AUG-2024,POLICYBZR,PB Fintech Ltd,TENCENT CLOUD EUROPE BV,SELL,240000,1719.75,-
29-AUG-2024,POLICYBZR,PB Fintech Ltd,"PRU WORLD FD, INC. PGIM JENNISON EMERGING MARKETS EQUITY OPPORTUNITIES FUND",BUY,216934,1719.75,-
29-AUG-2024,POLICYBZR,PB Fintech Ltd,SOCIETE GENERALE  ODI,BUY,210000,1719.75,-
29-AUG-2024,POLICYBZR,PB Fintech Ltd,TENCENT CLOUD EUROPE BV,SELL,210000,1719.75,-
29-AUG-2024,POLICYBZR,PB Fintech Ltd,GHISALLO MASTER FUND LP,BUY,200000,1719.75,-
29-AUG-2024,POLICYBZR,PB Fintech Ltd,TENCENT CLOUD EUROPE BV,SELL,200000,1719.75,-
29-AUG-2024,POLICYBZR,PB Fintech Ltd,EMPLOYEES PROVIDENT FUND                         ,BUY,173271,1719.75,-
29-AUG-2024,POLICYBZR,PB Fintech Ltd,TENCENT CLOUD EUROPE BV,SELL,150000,1719.75,-
29-AUG-2024,POLICYBZR,PB Fintech Ltd,ICICI PRUDENTIAL LIFE INSURANCE COMPANY LIMITED,BUY,150000,1719.75,-
29-AUG-2024,POLICYBZR,PB Fintech Ltd,AXIS MUTUAL FUND,BUY,128710,1719.75,-
29-AUG-2024,POLICYBZR,PB Fintech Ltd,AXIS MUTUAL FUND,BUY,119516,1719.75,-
29-AUG-2024,POLICYBZR,PB Fintech Ltd,MIRAE ASSET MUTUAL FUND,BUY,112000,1719.75,-
29-AUG-2024,POLICYBZR,PB Fintech Ltd,AXIS MUTUAL FUND,BUY,91936,1719.75,-
29-AUG-2024,POLICYBZR,PB Fintech Ltd,AXIS MUTUAL FUND,BUY,91935,1719.75,-
29-AUG-2024,POLICYBZR,PB Fintech Ltd,AXIS MUTUAL FUND,BUY,91935,1719.75,-
29-AUG-2024,POLICYBZR,PB Fintech Ltd,MIRAE ASSET MUTUAL FUND,BUY,80000,1719.75,-
29-AUG-2024,POLICYBZR,PB Fintech Ltd,TENCENT CLOUD EUROPE BV,SELL,70000,1719.75,-
29-AUG-2024,POLICYBZR,PB Fintech Ltd,VERITION MULTISTRATEGY MASTER FUND LTD,BUY,70000,1719.75,-
29-AUG-2024,POLICYBZR,PB Fintech Ltd,TENCENT CLOUD EUROPE BV,SELL,59000,1719.75,-
29-AUG-2024,POLICYBZR,PB Fintech Ltd,CANARA ROBECO MUTUAL FUND,BUY,59000,1719.75,-
29-AUG-2024,POLICYBZR,PB Fintech Ltd,MIRAE ASSET MUTUAL FUND,BUY,48000,1719.75,-
29-AUG-2024,POLICYBZR,PB Fintech Ltd,AXIS MUTUAL FUND,BUY,45968,1719.75,-
29-AUG-2024,POLICYBZR,PB Fintech Ltd,MWIS - TOPS EMERGING MARKETS ABSOLUTE RETURN FUND,BUY,39583,1719.75,-
29-AUG-2024,POLICYBZR,PB Fintech Ltd,PGIM FUNDS PLC-PGIM JENNISON EMERGING MARKETS EQUITY FUND,BUY,24266,1719.75,-
29-AUG-2024,POLICYBZR,PB Fintech Ltd,MARSHALL WACE INVESTMENT STRATEGIES  TOPS FUND,BUY,23541,1719.75,-
29-AUG-2024,POLICYBZR,PB Fintech Ltd,MARSHALL WACE INVESTMENT STRATEGIES TOPS EMERGING MARKETS ALPHA FUND,BUY,12610,1719.75,-
29-AUG-2024,POLICYBZR,PB Fintech Ltd,ADVANCED SERIES TRUST  AST PRUDENTIAL GROWTH ALLOCATION PORTFOLIO,BUY,8800,1719.75,-
29-AUG-2024,POLICYBZR,PB Fintech Ltd,MWIS - WORLD TOPS ENVIRONMENTAL FOCUS LONG FUND,BUY,3152,1719.75,-
30-AUG-2024,NIRLON,Nirlon Ltd,BSREP IV FPI TWO HOLDINGS (DIFC) LIMITED,BUY,1312145,440.0,-
30-AUG-2024,NIRLON,Nirlon Ltd,ALBULA INVESTMENT FUND LTD,SELL,1312145,440.0,-
30-AUG-2024,NIRLON,Nirlon Ltd,ALBULA INVESTMENT FUND LTD,SELL,1217501,440.0,-
30-AUG-2024,NIRLON,Nirlon Ltd,BSREP IV FPI TWO HOLDINGS (DIFC) LIMITED,BUY,1217501,440.0,-
30-AUG-2024,NIRLON,Nirlon Ltd,BSREP IV FPI TWO HOLDINGS (DIFC) LIMITED,BUY,917097,440.0,-
30-AUG-2024,NIRLON,Nirlon Ltd,ARIAL HOLDINGS 1,SELL,917097,440.0,-
30-AUG-2024,SEIL,Shanti Educational Initiatives Ltd,LEGENDS GLOBAL OPPORTUNITIES (SINGAPORE) PTE. LTD.,BUY,900000,120.85,-
30-AUG-2024,SEIL,Shanti Educational Initiatives Ltd,NEW LEAINA INVESTMENTS LIMITED,SELL,900000,120.85,-
30-AUG-2024,NIRLON,Nirlon Ltd,BSREP IV FPI TWO HOLDINGS (DIFC) LIMITED,BUY,845888,440.0,-
30-AUG-2024,NIRLON,Nirlon Ltd,ARES DIVERSIFIED,SELL,845888,440.0,-
30-AUG-2024,NIRLON,Nirlon Ltd,ARIAL HOLDINGS 1,SELL,745395,440.0,-
30-AUG-2024,NIRLON,Nirlon Ltd,BSREP IV FPI TWO HOLDINGS (DIFC) LIMITED,BUY,745395,440.0,-
30-AUG-2024,NIRLON,Nirlon Ltd,BSREP IV FPI TWO HOLDINGS (DIFC) LIMITED,BUY,738037,440.0,-
30-AUG-2024,NIRLON,Nirlon Ltd,ARES DIVERSIFIED,SELL,738037,440.0,-
30-AUG-2024,NIRLON,Nirlon Ltd,BSREP IV FPI TWO HOLDINGS (DIFC) LIMITED,BUY,440760,440.0,-
30-AUG-2024,NIRLON,Nirlon Ltd,MARSHFIELD PTE LTD,SELL,440760,440.0,-
30-AUG-2024,NIRLON,Nirlon Ltd,RESONANCE OPPORTUNITIES FUND,SELL,328311,440.0,-
30-AUG-2024,NIRLON,Nirlon Ltd,BSREP IV FPI TWO HOLDINGS (DIFC) LIMITED,BUY,328311,440.0,-
30-AUG-2024,NIRLON,Nirlon Ltd,BSREP IV FPI TWO HOLDINGS (DIFC) LIMITED,BUY,300434,440.0,-
30-AUG-2024,NIRLON,Nirlon Ltd,RESONANCE OPPORTUNITIES FUND,SELL,300434,440.0,-
02-SEP-2024,SEIL,Shanti Educational Initiatives Ltd,ALBULA INVESTMENT FUND LTD,BUY,4720190,122.85,-
02-SEP-2024,SEIL,Shanti Educational Initiatives Ltd,LTS INVESTMENT FUND LTD,SELL,4720190,122.85,-
02-SEP-2024,MANORG,Mangalam Organics Ltd,KAMALKUMAR RAMGOPAL DUJODWALA,BUY,320124,557.0,-
02-SEP-2024,MANORG,Mangalam Organics Ltd,DEVITA RAJKUMAR SARAF,SELL,320124,557.0,-
05-SEP-2024,SEIL,Shanti Educational Initiatives Ltd,LEGENDS GLOBAL OPPORTUNITIES (SINGAPORE) PTE. LTD.,BUY,2277714,118.85,-
05-SEP-2024,SEIL,Shanti Educational Initiatives Ltd,LGOF GLOBAL OPPORTUNITIES LIMITED,SELL,2277714,118.85,-
06-SEP-2024,SEIL,Shanti Educational Initiatives Ltd,LEGENDS GLOBAL OPPORTUNITIES (SINGAPORE) PTE. LTD.,BUY,1700000,122.1,-
06-SEP-2024,SEIL,Shanti Educational Initiatives Ltd,NEW LEAINA INVESTMENTS LIMITED,SELL,1700000,122.1,-
