"Date ","Symbol ","Security Name ","Client Name ","Buy / Sell ","Quantity Traded ","Trade Price / Wght. Avg. Price ","Remarks "
"08-SEP-2025","BHARTIARTL","Bharti Airtel Limited","GOLDMAN SACHS (SINGAPORE) PTE - ODI","SELL","6,34,534","1,895.30",
"08-SEP-2025","BHARTIARTL","Bharti Airtel Limited","GOLDMAN SACHS BANK EUROPE SE - ODI","BUY","6,34,534","1,895.30",
"08-SEP-2025","ETERNAL","ETERNAL LIMITED","GOLDMAN SACHS (SINGAPORE) PTE - ODI","SELL","87,18,482","329.15",
"08-SEP-2025","ETERNAL","ETERNAL LIMITED","GOLDMAN SACHS BANK EUROPE SE - ODI","BUY","87,18,482","329.15",
"08-SEP-2025","HEROMOTOCO","Hero MotoCorp Limited","GOLDMAN SACHS (SINGAPORE) PTE - ODI","SELL","83,549","5,363.00",
"08-SEP-2025","HEROMOTOCO","Hero MotoCorp Limited","GOLDMAN SACHS BANK EUROPE SE - ODI","BUY","83,549","5,363.00",
"08-SEP-2025","INDIGO","InterGlobe Aviation Ltd","GOLDMAN SACHS (SINGAPORE) PTE - ODI","SELL","1,04,028","5,670.00",
"08-SEP-2025","INDIGO","InterGlobe Aviation Ltd","GOLDMAN SACHS BANK EUROPE SE - ODI","BUY","1,04,028","5,670.00",
"08-SEP-2025","RELIANCE","Reliance Industries Ltd","GOLDMAN SACHS (SINGAPORE) PTE - ODI","SELL","5,17,192","1,375.00",
"08-SEP-2025","RELIANCE","Reliance Industries Ltd","GOLDMAN SACHS BANK EUROPE SE - ODI","BUY","5,17,192","1,375.00",
"08-SEP-2025","VBL","Varun Beverages Limited","GOLDMAN SACHS (SINGAPORE) PTE - ODI","SELL","14,71,154","469.65",
"08-SEP-2025","VBL","Varun Beverages Limited","GOLDMAN SACHS BANK EUROPE SE - ODI","BUY","14,71,154","469.65",
"09-SEP-2025","APOLLOHOSP","Apollo Hospitals Ltd","GOLDMAN SACHS (SINGAPORE) PTE - ODI","SELL","43,031","7,786.50",
"09-SEP-2025","APOLLOHOSP","Apollo Hospitals Ltd","GOLDMAN SACHS BANK EUROPE SE - ODI","BUY","43,031","7,786.50",
"09-SEP-2025","BHARATFORG","Bharat Forge Ltd","GOLDMAN SACHS (SINGAPORE) PTE - ODI","SELL","4,55,437","1,202.80",
"09-SEP-2025","BHARATFORG","Bharat Forge Ltd","GOLDMAN SACHS BANK EUROPE SE - ODI","BUY","4,55,437","1,202.80",
"09-SEP-2025","DRREDDY","Dr. Reddys Lab Ltd","KAPITALFORENINGEN INVESTIN PRO","BUY","5,81,268","1,250.60",
"09-SEP-2025","DRREDDY","Dr. Reddys Lab Ltd","KAPITALFORENINGEN PENSAM INVEST","SELL","5,81,268","1,250.60",
"09-SEP-2025","ETERNAL","ETERNAL LIMITED","GOLDMAN SACHS (SINGAPORE) PTE - ODI","SELL","71,98,254","329.65",
"09-SEP-2025","ETERNAL","ETERNAL LIMITED","GOLDMAN SACHS BANK EUROPE SE - ODI","BUY","71,98,254","329.65",
"09-SEP-2025","HAL","Hindustan Aeronautics Ltd","KAPITALFORENINGEN INVESTIN PRO","BUY","1,35,000","4,443.60",
"09-SEP-2025","HAL","Hindustan Aeronautics Ltd","KAPITALFORENINGEN PENSAM INVEST","SELL","1,35,000","4,443.60",
"09-SEP-2025","HCLTECH","HCL Technologies Ltd.","KAPITALFORENINGEN INVESTIN PRO","BUY","3,25,000","1,403.00",
"09-SEP-2025","HCLTECH","HCL Technologies Ltd.","KAPITALFORENINGEN PENSAM INVEST","SELL","3,25,000","1,403.00",
"09-SEP-2025","HINDALCO","Hindalco Ind Ltd.","KAPITALFORENINGEN INVESTIN PRO","BUY","5,00,000","738.75",
"09-SEP-2025","HINDALCO","Hindalco Ind Ltd.","KAPITALFORENINGEN PENSAM INVEST","SELL","5,00,000","738.75",
"09-SEP-2025","ICICIBANK","ICICI Bank Ltd.","KAPITALFORENINGEN INVESTIN PRO","BUY","7,75,000","1,402.70",
"09-SEP-2025","ICICIBANK","ICICI Bank Ltd.","KAPITALFORENINGEN PENSAM INVEST","SELL","7,75,000","1,402.70",
"09-SEP-2025","INFY","Infosys Limited","GOLDMAN SACHS (SINGAPORE) PTE - ODI","SELL","2,43,981","1,432.90",
"09-SEP-2025","INFY","Infosys Limited","GOLDMAN SACHS BANK EUROPE SE - ODI","BUY","2,43,981","1,432.90",
"09-SEP-2025","INFY","Infosys Limited","KAPITALFORENINGEN INVESTIN PRO","BUY","7,25,658","1,432.90",
"09-SEP-2025","INFY","Infosys Limited","KAPITALFORENINGEN PENSAM INVEST","SELL","7,25,658","1,432.90",
"09-SEP-2025","LEMONTREE","Lemon Tree Hotels Ltd","GOLDMAN SACHS (SINGAPORE) PTE - ODI","SELL","19,27,464","177.93",
"09-SEP-2025","LEMONTREE","Lemon Tree Hotels Ltd","GOLDMAN SACHS BANK EUROPE SE- ODI","BUY","19,27,464","177.93",
"09-SEP-2025","PAYTM","One 97 Communications Ltd","GOLDMAN SACHS (SINGAPORE) PTE - ODI","SELL","6,98,463","1,253.00",
"09-SEP-2025","PAYTM","One 97 Communications Ltd","GOLDMAN SACHS BANK EUROPE SE- ODI","BUY","6,98,463","1,253.00",
"09-SEP-2025","PFC","Power Finance Corporation","GOLDMAN SACHS (SINGAPORE) PTE - ODI","SELL","9,25,828","395.15",
"09-SEP-2025","PFC","Power Finance Corporation","GOLDMAN SACHS BANK EUROPE SE - ODI","BUY","9,25,828","395.15",
"09-SEP-2025","RECLTD","Rural Electrification Cor","GOLDMAN SACHS (SINGAPORE) PTE - ODI","SELL","18,91,167","369.00",
"09-SEP-2025","RECLTD","Rural Electrification Cor","GOLDMAN SACHS BANK EUROPE SE - ODI","BUY","18,91,167","369.00",
"09-SEP-2025","SWIGGY","Swiggy Limited","GOLDMAN SACHS (SINGAPORE) PTE - ODI","SELL","11,07,235","443.15",
"09-SEP-2025","SWIGGY","Swiggy Limited","GOLDMAN SACHS BANK EUROPE SE - ODI","BUY","11,07,235","443.15",
"09-SEP-2025","TATAMOTORS","Tata Motors Limited","KAPITALFORENINGEN INVESTIN PRO","BUY","11,50,000","719.50",
"09-SEP-2025","TATAMOTORS","Tata Motors Limited","KAPITALFORENINGEN PENSAM INVEST","SELL","11,50,000","719.50",
"09-SEP-2025","TCS","Tata Consultancy Serv Ltd","KAPITALFORENINGEN INVESTIN PRO","BUY","2,62,693","3,019.00",
"09-SEP-2025","TCS","Tata Consultancy Serv Ltd","KAPITALFORENINGEN PENSAM INVEST","SELL","2,62,693","3,019.00",
"10-SEP-2025","ETERNAL","ETERNAL LIMITED","GOLDMAN SACHS (SINGAPORE) PTE - ODI","SELL","95,76,435","323.00",
"10-SEP-2025","ETERNAL","ETERNAL LIMITED","GOLDMAN SACHS BANK EUROPE SE - ODI","BUY","95,76,435","323.00",
"10-SEP-2025","HCG","Healthcare Glob. Ent. Ltd","ACESO COMPANY PTE LTD.","SELL","63,00,000","695.00",
"10-SEP-2025","HCG","Healthcare Glob. Ent. Ltd","MORGAN STANLEY ASIA SINGAPORE PTE","BUY","8,80,000","695.00",
"10-SEP-2025","HCG","Healthcare Glob. Ent. Ltd","MOTILAL OSWAL MUTUAL FUND","BUY","3,00,000","695.00",
"10-SEP-2025","HCG","Healthcare Glob. Ent. Ltd","NIPPON INDIA MUTUAL FUND","BUY","44,00,000","695.00",
"10-SEP-2025","HCG","Healthcare Glob. Ent. Ltd","PLUTUS WEALTH MANAGEMENT LLP","BUY","7,20,000","695.00",
"10-SEP-2025","KOTAKBANK","Kotak Mahindra Bank Limit","360 ONE ASSET MANAGEMENT LIMITED - 360 ONE MULTICAP PMS","BUY","2,59,433","1,940.80",
"10-SEP-2025","KOTAKBANK","Kotak Mahindra Bank Limit","ABS DIRECT EQUITY FUND LLC - INDIA SERIES 1","BUY","16,010","1,940.80",
"10-SEP-2025","KOTAKBANK","Kotak Mahindra Bank Limit","ABU DHABI INVESTMENT AUTHORITY","BUY","1,33,010","1,940.80",
"10-SEP-2025","KOTAKBANK","Kotak Mahindra Bank Limit","ABU DHABI INVESTMENT AUTHORITY - STABLE","BUY","53,191","1,940.80",
"10-SEP-2025","KOTAKBANK","Kotak Mahindra Bank Limit","ADITYA BIRLA SUN LIFE DIVIDEND YIELD FUND","BUY","19,947","1,940.80",
"10-SEP-2025","KOTAKBANK","Kotak Mahindra Bank Limit","ADITYA BIRLA SUN LIFE MUTUAL FUND","BUY","2,12,765","1,940.80",
"10-SEP-2025","KOTAKBANK","Kotak Mahindra Bank Limit","ADITYA BIRLA SUN LIFE SPECIAL OPPORTUNITIES FUND","BUY","53,191","1,940.80",
"10-SEP-2025","KOTAKBANK","Kotak Mahindra Bank Limit","AL MEHWAR COMMERCIAL INVESTMENTS L.L.C.","BUY","33,460","1,940.80",
"10-SEP-2025","KOTAKBANK","Kotak Mahindra Bank Limit","AL MEHWAR COMMERCIAL INVESTMENTS L.L.C.","BUY","31,915","1,940.80",
"10-SEP-2025","KOTAKBANK","Kotak Mahindra Bank Limit","ALLIANZ GLOBAL INVESTORS FUND ALLIANZ RCM INDIA","BUY","63,140","1,940.80",
"10-SEP-2025","KOTAKBANK","Kotak Mahindra Bank Limit","AMUNDI FUNDS EMERGING MARKETS EQUITY FOCUS","BUY","67,038","1,940.80",
"10-SEP-2025","KOTAKBANK","Kotak Mahindra Bank Limit","AMUNDI FUNDS EMERGING MARKETS EQUITY FOCUS EX CHINA","BUY","1,708","1,940.80",
"10-SEP-2025","KOTAKBANK","Kotak Mahindra Bank Limit","AMUNDI FUNDS EMERGING WORLD EQUITY","BUY","29,995","1,940.80",
"10-SEP-2025","KOTAKBANK","Kotak Mahindra Bank Limit","ARANDA INVESTMENTS PTE LTD","BUY","21,70,224","1,940.80",
"10-SEP-2025","KOTAKBANK","Kotak Mahindra Bank Limit","ASHOKA INDIA EQUITY INVESTMENT TRUST PLC","BUY","76,250","1,940.80",
"10-SEP-2025","KOTAKBANK","Kotak Mahindra Bank Limit","ASHOKA INDIA OPPORTUNITIES FUND","BUY","4,32,181","1,940.80",
"10-SEP-2025","KOTAKBANK","Kotak Mahindra Bank Limit","ASHOKA WHITEOAK EMERGING MARKETS TRUST PLC","BUY","13,560","1,940.80",
"10-SEP-2025","KOTAKBANK","Kotak Mahindra Bank Limit","ASK ABSOLUTE RETURN FUND","BUY","79,787","1,940.80",
"10-SEP-2025","KOTAKBANK","Kotak Mahindra Bank Limit","AXIS MUTUAL FUND","BUY","55,850","1,940.80",
"10-SEP-2025","KOTAKBANK","Kotak Mahindra Bank Limit","BAJAJ ALLIANCE LIFE INSURANCE","BUY","2,92,553","1,940.80",
"10-SEP-2025","KOTAKBANK","Kotak Mahindra Bank Limit","BAJAJ ALLIANZ LIFE INSURANCE COMPANY LIMITED","BUY","2,92,553","1,940.80",
"10-SEP-2025","KOTAKBANK","Kotak Mahindra Bank Limit","BANDHAN BALANCED ADVANTAGE FUND / DEF","BUY","26,194","1,940.80",
"10-SEP-2025","KOTAKBANK","Kotak Mahindra Bank Limit","BANDHAN BUSINESS CYCLE FUND","BUY","25,000","1,940.80",
"10-SEP-2025","KOTAKBANK","Kotak Mahindra Bank Limit","BANDHAN FINANCIAL SERVICES FUND","BUY","7,317","1,940.80",
"10-SEP-2025","KOTAKBANK","Kotak Mahindra Bank Limit","BANDHAN MUTUAL FUND","BUY","95,079","1,940.80",
"10-SEP-2025","KOTAKBANK","Kotak Mahindra Bank Limit","BIRLA SUN LIFE EQUITY SAVINGS FUND","BUY","19,947","1,940.80",
"10-SEP-2025","KOTAKBANK","Kotak Mahindra Bank Limit","BIRLA SUNLIFE BANKING AND FINANCIAL SERVICES FUND","BUY","1,19,681","1,940.80",
"10-SEP-2025","KOTAKBANK","Kotak Mahindra Bank Limit","BLACKROCK GLOBAL FUNDS-INDIA FUND","BUY","3,29,592","1,940.80",
"10-SEP-2025","KOTAKBANK","Kotak Mahindra Bank Limit","BLACKROCK GLOBAL INVESTMENT SR GLOB EQ IN PORTFOLIO","BUY","3,29,593","1,940.80",
"10-SEP-2025","KOTAKBANK","Kotak Mahindra Bank Limit","BNP PARIBAS FINANCIAL MARKETS","BUY","5,78,829","1,940.80",
"10-SEP-2025","KOTAKBANK","Kotak Mahindra Bank Limit","BOFA SECURITIES EUROPE SA","BUY","92,260","1,940.80",
"10-SEP-2025","KOTAKBANK","Kotak Mahindra Bank Limit","BOFA SECURITIES EUROPE SA","BUY","1,38,390","1,940.80",
"10-SEP-2025","KOTAKBANK","Kotak Mahindra Bank Limit","CAISSE DE DEPOT ET PLACEMENT DU QUEBEC","BUY","27,110","1,940.80",
"10-SEP-2025","KOTAKBANK","Kotak Mahindra Bank Limit","CITIGROUP GLOBAL MARKETS MAURITIUS PRIVATE LIMITED","BUY","93,000","1,940.80",
"10-SEP-2025","KOTAKBANK","Kotak Mahindra Bank Limit","CITIGROUP GLOBAL MARKETS MAURITIUS PRIVATE LIMITED","BUY","2,34,417","1,940.80",
"10-SEP-2025","KOTAKBANK","Kotak Mahindra Bank Limit","COPTHALL MAURITIUS INVESTMENT LIMITED","BUY","93,766","1,940.80",
"10-SEP-2025","KOTAKBANK","Kotak Mahindra Bank Limit","DENDANA INVESTMENTS (MAURITIUS) LIMITED","BUY","25,175","1,940.80",
"10-SEP-2025","KOTAKBANK","Kotak Mahindra Bank Limit","DENDANA INVESTMENTS MAURITIUS LIMITED","BUY","4,910","1,940.80",
"10-SEP-2025","KOTAKBANK","Kotak Mahindra Bank Limit","DENDANA INVESTMENTS MAURITIUS LIMITED","BUY","29,297","1,940.80",
"10-SEP-2025","KOTAKBANK","Kotak Mahindra Bank Limit","DRAGON PEACOCK INVESTMENTS LIMITED","BUY","78,053","1,940.80",
"10-SEP-2025","KOTAKBANK","Kotak Mahindra Bank Limit","DSP BANKING AND FINANCIAL SERVICES FUND","BUY","22,776","1,940.80",
"10-SEP-2025","KOTAKBANK","Kotak Mahindra Bank Limit","DSP DYNAMIC ASSET ALLOCATION FUND","BUY","14,678","1,940.80",
"10-SEP-2025","KOTAKBANK","Kotak Mahindra Bank Limit","DSP ELSS TAX SAVER FUND","BUY","69,577","1,940.80",
"10-SEP-2025","KOTAKBANK","Kotak Mahindra Bank Limit","DSP EQUITY & BOND FUND","BUY","66,767","1,940.80",
"10-SEP-2025","KOTAKBANK","Kotak Mahindra Bank Limit","DSP EQUITY OPPORTUNITIES FUND","BUY","1,30,287","1,940.80",
"10-SEP-2025","KOTAKBANK","Kotak Mahindra Bank Limit","DSP MUTUAL FUND","BUY","3,31,110","1,940.80",
"10-SEP-2025","KOTAKBANK","Kotak Mahindra Bank Limit","DSP TOP 100 EQUITY FUND","BUY","27,026","1,940.80",
"10-SEP-2025","KOTAKBANK","Kotak Mahindra Bank Limit","EAST BRIDGE CAPITAL MASTER FUND I LIMITED","BUY","56,260","1,940.80",
"10-SEP-2025","KOTAKBANK","Kotak Mahindra Bank Limit","EASTSPRING INVESTMENTS - DRAGON PEACOCK FUND","BUY","63,855","1,940.80",
"10-SEP-2025","KOTAKBANK","Kotak Mahindra Bank Limit","EASTSPRING INVESTMENTS - INDIA EQUITY FUND","BUY","84,167","1,940.80",
"10-SEP-2025","KOTAKBANK","Kotak Mahindra Bank Limit","EASTSPRING INVESTMENTS INDIA CONSUMER EQUITY OPEN LIMITED","BUY","1,14,772","1,940.80",
"10-SEP-2025","KOTAKBANK","Kotak Mahindra Bank Limit","EASTSPRING INVESTMENTS INDIA CONSUMER EQUITY OPEN LIMITED","BUY","47,095","1,940.80",
"10-SEP-2025","KOTAKBANK","Kotak Mahindra Bank Limit","EASTSPRING INVESTMENTS INDIA EQUITY FUND","BUY","34,536","1,940.80",
"10-SEP-2025","KOTAKBANK","Kotak Mahindra Bank Limit","EASTSPRING INVESTMENTS INDIA EQUITY OPEN LIMITED","BUY","69,687","1,940.80",
"10-SEP-2025","KOTAKBANK","Kotak Mahindra Bank Limit","EASTSPRING INVESTMENTS INDIA EQUITY OPEN LIMITED","BUY","1,69,832","1,940.80",
"10-SEP-2025","KOTAKBANK","Kotak Mahindra Bank Limit","EASTSPRING INVESTMENTS INDIA INFRASTRUCTURE EQUITY OPEN LIMITED","BUY","23,024","1,940.80",
"10-SEP-2025","KOTAKBANK","Kotak Mahindra Bank Limit","EASTSPRING INVESTMENTS INDIA INFRASTRUCTURE EQUITY OPEN LTD","BUY","56,111","1,940.80",
"10-SEP-2025","KOTAKBANK","Kotak Mahindra Bank Limit","EMERGING MARKETS EQUITY TRUST","BUY","46,046","1,940.80",
"10-SEP-2025","KOTAKBANK","Kotak Mahindra Bank Limit","EMPLOYEES PROVIDENT FUND","BUY","1,06,660","1,940.80",
"10-SEP-2025","KOTAKBANK","Kotak Mahindra Bank Limit","EMPLOYEES PROVIDENT FUND BOARD MANAGED BY NOMURA ASSET MANAGEMENT MALAYSIA SDN BHD","BUY","1,06,660","1,940.80",
"10-SEP-2025","KOTAKBANK","Kotak Mahindra Bank Limit","ENTSORGUNGSFONDS","BUY","7,141","1,940.80",
"10-SEP-2025","KOTAKBANK","Kotak Mahindra Bank Limit","FACTORY MUTUAL INSURANCE COMPANY","BUY","28,380","1,940.80",
"10-SEP-2025","KOTAKBANK","Kotak Mahindra Bank Limit","FIDELITY FUNDS   INDIA FOCUS FUND","BUY","8,67,984","1,940.80",
"10-SEP-2025","KOTAKBANK","Kotak Mahindra Bank Limit","FIDELITY FUNDS.- INDIA FOCUS FUND","BUY","10,11,328","1,940.80",
"10-SEP-2025","KOTAKBANK","Kotak Mahindra Bank Limit","FIDELITY INDIA FUND","BUY","75,312","1,940.80",
"10-SEP-2025","KOTAKBANK","Kotak Mahindra Bank Limit","FIDELITY INDIA FUND","BUY","87,714","1,940.80",
"10-SEP-2025","KOTAKBANK","Kotak Mahindra Bank Limit","GOLDMAN SACHS BANK EUROPE SE","BUY","74,417","1,940.80",
"10-SEP-2025","KOTAKBANK","Kotak Mahindra Bank Limit","GOLDMAN SACHS INVESTMENTS MAURITIUS I LIMITED","BUY","93,766","1,940.80",
"10-SEP-2025","KOTAKBANK","Kotak Mahindra Bank Limit","GOVERNMENT PENSION FUND GLOBAL","BUY","4,95,442","1,940.80",
"10-SEP-2025","KOTAKBANK","Kotak Mahindra Bank Limit","GRD 13","BUY","11,746","1,940.80",
"10-SEP-2025","KOTAKBANK","Kotak Mahindra Bank Limit","HDFC MUTUAL FUND","BUY","1,86,837","1,940.80",
"10-SEP-2025","KOTAKBANK","Kotak Mahindra Bank Limit","HDFC MUTUAL FUND","BUY","12,67,500","1,940.80",
"10-SEP-2025","KOTAKBANK","Kotak Mahindra Bank Limit","HDFC MUTUAL FUND","BUY","7,78,486","1,940.80",
"10-SEP-2025","KOTAKBANK","Kotak Mahindra Bank Limit","HDFC MUTUAL FUND","BUY","3,02,177","1,940.80",
"10-SEP-2025","KOTAKBANK","Kotak Mahindra Bank Limit","ICICI PRUDENTIAL BANKING & FINANCIAL SERVICES FUND","BUY","1,38,202","1,940.80",
"10-SEP-2025","KOTAKBANK","Kotak Mahindra Bank Limit","ICICI PRUDENTIAL DIVIDEND YIELD EQUITY FUND","BUY","38,389","1,940.80",
"10-SEP-2025","KOTAKBANK","Kotak Mahindra Bank Limit","ICICI PRUDENTIAL EQUITY & DEBT FUND","BUY","3,45,506","1,940.80",
"10-SEP-2025","KOTAKBANK","Kotak Mahindra Bank Limit","ICICI PRUDENTIAL EQUITY AND DERIVATIVES FUND - WEALTH OPTIMISER PLAN / BALANCED ADVANTAGE FUND","BUY","3,83,895","1,940.80",
"10-SEP-2025","KOTAKBANK","Kotak Mahindra Bank Limit","ICICI PRUDENTIAL EQUITY MINIMUM VARIANCE FUND","BUY","1,22,846","1,940.80",
"10-SEP-2025","KOTAKBANK","Kotak Mahindra Bank Limit","ICICI PRUDENTIAL EQUITY SAVINGS FUND","BUY","1,15,168","1,940.80",
"10-SEP-2025","KOTAKBANK","Kotak Mahindra Bank Limit","ICICI PRUDENTIAL EXPORTS AND SERVICES FUND","BUY","7,678","1,940.80",
"10-SEP-2025","KOTAKBANK","Kotak Mahindra Bank Limit","ICICI PRUDENTIAL INDIA OPPORTUNITIES FUND","BUY","3,07,116","1,940.80",
"10-SEP-2025","KOTAKBANK","Kotak Mahindra Bank Limit","ICICI PRUDENTIAL LARGE & MID CAP FUND","BUY","76,779","1,940.80",
"10-SEP-2025","KOTAKBANK","Kotak Mahindra Bank Limit","ICICI PRUDENTIAL LIFE INSURANCE COMPANY LIMITED","BUY","4,98,670","1,940.80",
"10-SEP-2025","KOTAKBANK","Kotak Mahindra Bank Limit","ICICI PRUDENTIAL LONG TERM EQUITY FUND (TAX SAVING)","BUY","1,15,168","1,940.80",
"10-SEP-2025","KOTAKBANK","Kotak Mahindra Bank Limit","ICICI PRUDENTIAL MULTI-ASSET FUND","BUY","2,30,337","1,940.80",
"10-SEP-2025","KOTAKBANK","Kotak Mahindra Bank Limit","ICICI PRUDENTIAL MUTUAL FUND","BUY","25,72,283","1,940.80",
"10-SEP-2025","KOTAKBANK","Kotak Mahindra Bank Limit","ICICI PRUDENTIAL REGULAR SAVINGS FUND","BUY","15,356","1,940.80",
"10-SEP-2025","KOTAKBANK","Kotak Mahindra Bank Limit","ICICI PRUDENTIAL VALUE DISCOVERY FUND","BUY","5,75,843","1,940.80",
"10-SEP-2025","KOTAKBANK","Kotak Mahindra Bank Limit","IDFC MUTUAL FUND A/C IDFC BALANCED FUND","BUY","11,985","1,940.80",
"10-SEP-2025","KOTAKBANK","Kotak Mahindra Bank Limit","IDFC MUTUAL FUND A/C IDFC EQUITY FUND","BUY","24,584","1,940.80",
"10-SEP-2025","KOTAKBANK","Kotak Mahindra Bank Limit","INDIA ACORN FUND LTD","BUY","99,970","1,940.80",
"10-SEP-2025","KOTAKBANK","Kotak Mahindra Bank Limit","INDIA ACORN ICAV - ASHOKA WHITEOAK EMERGING MARKETS EQUITY FUND","BUY","88,870","1,940.80",
"10-SEP-2025","KOTAKBANK","Kotak Mahindra Bank Limit","INDIA ACORN ICAV A/C ASHOKA INDIA OPPORTUNITIES FUND","BUY","28,690","1,940.80",
"10-SEP-2025","KOTAKBANK","Kotak Mahindra Bank Limit","INDIA ACORN ICAV ASHOKA INDIA ESG FUND","BUY","7,960","1,940.80",
"10-SEP-2025","KOTAKBANK","Kotak Mahindra Bank Limit","ITI BANKING AND FINANCIAL SERVICES FUND","BUY","18,069","1,940.80",
"10-SEP-2025","KOTAKBANK","Kotak Mahindra Bank Limit","ITI FLEXI CAP FUND","BUY","16,426","1,940.80",
"10-SEP-2025","KOTAKBANK","Kotak Mahindra Bank Limit","ITI MULTI CAP FUND","BUY","16,427","1,940.80",
"10-SEP-2025","KOTAKBANK","Kotak Mahindra Bank Limit","ITI VALUE FUND","BUY","4,928","1,940.80",
"10-SEP-2025","KOTAKBANK","Kotak Mahindra Bank Limit","KIFS FINSTOCK LIMITED","BUY","1,72,181","1,940.80",
"10-SEP-2025","KOTAKBANK","Kotak Mahindra Bank Limit","KIRAT INVESTMENTS PTE. LTD.","BUY","15,37,233","1,940.80",
"10-SEP-2025","KOTAKBANK","Kotak Mahindra Bank Limit","KOTAK MAHINDRA MUTUAL FUND","BUY","1,46,276","1,940.80",
"10-SEP-2025","KOTAKBANK","Kotak Mahindra Bank Limit","KOTAK MUTUAL FUND","BUY","1,46,276","1,940.80",
"10-SEP-2025","KOTAKBANK","Kotak Mahindra Bank Limit","LCL ACTIONS EMERGENTS","BUY","3,655","1,940.80",
"10-SEP-2025","KOTAKBANK","Kotak Mahindra Bank Limit","LOMBARD ODIER ASSET MGMT (SWITZERLAND) SA B/O AVADIS FUND AKTIEN EMERG MKTS","BUY","2,713","1,940.80",
"10-SEP-2025","KOTAKBANK","Kotak Mahindra Bank Limit","MANULIFE GLOBAL FUND INDIA EQUITY FUND","BUY","15,223","1,940.80",
"10-SEP-2025","KOTAKBANK","Kotak Mahindra Bank Limit","MANULIFE PROVIDENT FUNDS UNIT TRUST SERIES-MANULIFE PACIFIC ASIA EQY FUND","BUY","21,553","1,940.80",
"10-SEP-2025","KOTAKBANK","Kotak Mahindra Bank Limit","MC JAIN INFOSERVICES PRIVATE LIMITED","BUY","1,45,165","1,940.80",
"10-SEP-2025","KOTAKBANK","Kotak Mahindra Bank Limit","MIRAE ASSET AGGRESSIVE HYBRID FUND","BUY","39,894","1,940.80",
"10-SEP-2025","KOTAKBANK","Kotak Mahindra Bank Limit","MIRAE ASSET BALANCED ADVANTAGE FUND","BUY","3,989","1,940.80",
"10-SEP-2025","KOTAKBANK","Kotak Mahindra Bank Limit","MIRAE ASSET ELSS TAX SAVER FUND","BUY","2,07,447","1,940.80",
"10-SEP-2025","KOTAKBANK","Kotak Mahindra Bank Limit","MIRAE ASSET EQUITY SAVINGS FUND","BUY","3,989","1,940.80",
"10-SEP-2025","KOTAKBANK","Kotak Mahindra Bank Limit","MIRAE ASSET LARGE & MIDCAP FUND","BUY","2,23,404","1,940.80",
"10-SEP-2025","KOTAKBANK","Kotak Mahindra Bank Limit","MIRAE ASSET MULTICAP FUND","BUY","31,915","1,940.80",
"10-SEP-2025","KOTAKBANK","Kotak Mahindra Bank Limit","MIRAE ASSET MUTUAL FUND","BUY","5,10,638","1,940.80",
"10-SEP-2025","KOTAKBANK","Kotak Mahindra Bank Limit","MORGAN STANLEY ASIA (SINGAPORE) PTE. - ODI","BUY","8,90,787","1,940.80",
"10-SEP-2025","KOTAKBANK","Kotak Mahindra Bank Limit","MORGAN STANLEY ASIA SINGAPORE PTE","BUY","1,17,208","1,940.80",
"10-SEP-2025","KOTAKBANK","Kotak Mahindra Bank Limit","MORGAN STANLEY ASIA SINGAPORE PTE","BUY","13,34,524","1,940.80",
"10-SEP-2025","KOTAKBANK","Kotak Mahindra Bank Limit","MSAS NODI (7500P4D)","BUY","1,17,209","1,940.80",
"10-SEP-2025","KOTAKBANK","Kotak Mahindra Bank Limit","MULTI MANAGER (CANADA) GLOBAL EQUITIES FUND","BUY","1,001","1,940.80",
"10-SEP-2025","KOTAKBANK","Kotak Mahindra Bank Limit","NIPPON INDIA MUTUAL FUND","BUY","5,58,510","1,940.80",
"10-SEP-2025","KOTAKBANK","Kotak Mahindra Bank Limit","NIPPON LIFE INDIA TRUSTEE LTD A/C NIPPON INDIA BANKING FUND","BUY","79,787","1,940.80",
"10-SEP-2025","KOTAKBANK","Kotak Mahindra Bank Limit","NIPPON LIFE INDIA TRUSTEE LTD A/C NIPPON INDIA LARGE CAP FUND","BUY","4,78,724","1,940.80",
"10-SEP-2025","KOTAKBANK","Kotak Mahindra Bank Limit","NOMURA A/C NOMURA FUND IRELAND PUBLIC LIMITED COMPANY NOMURA FUND IRELAND INDIA EQUITY FUND","BUY","4,57,113","1,940.80",
"10-SEP-2025","KOTAKBANK","Kotak Mahindra Bank Limit","NOMURA FUNDS IRELAND PLC-ASIA EX JAPAN HIGH CONVICTION FUND","BUY","1,06,660","1,940.80",
"10-SEP-2025","KOTAKBANK","Kotak Mahindra Bank Limit","NOMURA FUNDS IRELAND PLC/NOMURA FUNDS IRELAND - ASIA EX JAPAN HIGH CONVICTION FUND","BUY","1,06,660","1,940.80",
"10-SEP-2025","KOTAKBANK","Kotak Mahindra Bank Limit","NOMURA FUNDS IRELAND PUBLIC LIMITED COMPANY- NOMURA FUNDS IRELAND - INDIA EQUITY FUND","BUY","4,57,114","1,940.80",
"10-SEP-2025","KOTAKBANK","Kotak Mahindra Bank Limit","NOMURA INDIA INVESTMENT FUND MOTHER FUND A/C","BUY","6,85,670","1,940.80",
"10-SEP-2025","KOTAKBANK","Kotak Mahindra Bank Limit","NORDEA 1 SICAV","BUY","15,224","1,940.80",
"10-SEP-2025","KOTAKBANK","Kotak Mahindra Bank Limit","NORGES BANK ON ACCOUNT OF THE GOVERNMENT PENSION FUND GLOBAL","BUY","4,95,441","1,940.80",
"10-SEP-2025","KOTAKBANK","Kotak Mahindra Bank Limit","POLICE AND FIRE RETIREMENT SYSTEM OF THE CITY OF DETROIT","BUY","34,648","1,940.80",
"10-SEP-2025","KOTAKBANK","Kotak Mahindra Bank Limit","PRUDENTAL ASSET MGT (SINGAPORE) A/C PRU AST MGT SINGAPORE AC INT OPP FD DRAGON PEACOCK","BUY","26,202","1,940.80",
"10-SEP-2025","KOTAKBANK","Kotak Mahindra Bank Limit","PRUDENTIAL ASSET MGT. (SINGAPORE) A/C DRAGON PEACOCK INVESTMENTS LTD","BUY","32,028","1,940.80",
"10-SEP-2025","KOTAKBANK","Kotak Mahindra Bank Limit","PUBLIC SEC PEN INV BO IIFL AS MG L","BUY","79,787","1,940.80",
"10-SEP-2025","KOTAKBANK","Kotak Mahindra Bank Limit","SBI GENERAL INSURANCE COMPANY LIMITED - FRSM","BUY","2,65,957","1,940.80",
"10-SEP-2025","KOTAKBANK","Kotak Mahindra Bank Limit","SBI LIFE INSURANCE COMPANY LIMITED","BUY","58,510","1,940.80",
"10-SEP-2025","KOTAKBANK","Kotak Mahindra Bank Limit","SOCIETE GENERALE - ODI","BUY","2,81,301","1,940.80",
"10-SEP-2025","KOTAKBANK","Kotak Mahindra Bank Limit","STICHTING BEDRIJFSTAKPENSIOENFONDS VOOR HET BEROEPSVERVOER OVER DE WEG","BUY","17,746","1,940.80",
"10-SEP-2025","KOTAKBANK","Kotak Mahindra Bank Limit","STICHTING BEDRIJFSTAKPENSIONFONDS V","BUY","17,746","1,940.80",
"10-SEP-2025","KOTAKBANK","Kotak Mahindra Bank Limit","STICHTING BPS VOOR HET SCHILDERS- AFWERKINGS- EN GLASZETBEDRIJF","BUY","5,058","1,940.80",
"10-SEP-2025","KOTAKBANK","Kotak Mahindra Bank Limit","STICHTING DEPOSITARY APG EME MULTI CLIENT POOL","BUY","15,110","1,940.80",
"10-SEP-2025","KOTAKBANK","Kotak Mahindra Bank Limit","SUMITOMO MITSUI BANKING CORPORATION","SELL","1,64,00,000","1,940.80",
"10-SEP-2025","KOTAKBANK","Kotak Mahindra Bank Limit","SUMITOMO MITSUI BANKING CORPORATION","SELL","1,58,34,820","1,940.80",
"10-SEP-2025","KOTAKBANK","Kotak Mahindra Bank Limit","T ROWE PRICE ASIAN EQUITY (EX-JAPAN)","BUY","13,650","1,940.80",
"10-SEP-2025","KOTAKBANK","Kotak Mahindra Bank Limit","T ROWE PRICE FUNDS SICAV ASIAN EX JAPAN EQUITY FUND","BUY","7,253","1,940.80",
"10-SEP-2025","KOTAKBANK","Kotak Mahindra Bank Limit","T ROWE PRICE FUNDS SICAV EMERGING MARKETS EQUITY FUND","BUY","1,009","1,940.80",
"10-SEP-2025","KOTAKBANK","Kotak Mahindra Bank Limit","T ROWE PRICE FUNDS SICAV GLOBAL ALLOCATION EXTENDED FUND","BUY","21","1,940.80",
"10-SEP-2025","KOTAKBANK","Kotak Mahindra Bank Limit","T ROWE PRICE FUNDS SICAV GLOBAL ALLOCATION FUND","BUY","19","1,940.80",
"10-SEP-2025","KOTAKBANK","Kotak Mahindra Bank Limit","T ROWE PRICE GLOBAL ALLOCATION FUND","BUY","35","1,940.80",
"10-SEP-2025","KOTAKBANK","Kotak Mahindra Bank Limit","T ROWE PRICE GLOBAL ALLOCATION FUND","BUY","246","1,940.80",
"10-SEP-2025","KOTAKBANK","Kotak Mahindra Bank Limit","T ROWE PRICE INSTITUTIONAL EMERGING MARKETS EQUITY FUND","BUY","3,188","1,940.80",
"10-SEP-2025","KOTAKBANK","Kotak Mahindra Bank Limit","T ROWE PRICE NEW ASIA FUN D","BUY","76,911","1,940.80",
"10-SEP-2025","KOTAKBANK","Kotak Mahindra Bank Limit","T ROWE PRICE RETIREMENT DATE TRUST T ROWE PRICE NON US EQUITIES TRUST","BUY","4,914","1,940.80",
"10-SEP-2025","KOTAKBANK","Kotak Mahindra Bank Limit","T. ROWE PRICE ASIAN EQUITY (EX-JAPAN)","BUY","13,650","1,940.80",
"10-SEP-2025","KOTAKBANK","Kotak Mahindra Bank Limit","T. ROWE PRICE EMERGING MARKETS STOCK FUND","BUY","34,809","1,940.80",
"10-SEP-2025","KOTAKBANK","Kotak Mahindra Bank Limit","T. ROWE PRICE EMERGING MARKETS STOCK FUND","BUY","34,810","1,940.80",
"10-SEP-2025","KOTAKBANK","Kotak Mahindra Bank Limit","T. ROWE PRICE FUNDS SICAV- GLOBAL ALLOCATION EXTENDED FUND","BUY","21","1,940.80",
"10-SEP-2025","KOTAKBANK","Kotak Mahindra Bank Limit","T. ROWE PRICE FUNDS SICAV-ASIAN EX-JAPAN EQUITY FUND","BUY","7,254","1,940.80",
"10-SEP-2025","KOTAKBANK","Kotak Mahindra Bank Limit","T. ROWE PRICE FUNDS SICAV-GLOBAL ALLOCATION FUND","BUY","20","1,940.80",
"10-SEP-2025","KOTAKBANK","Kotak Mahindra Bank Limit","T. ROWE PRICE GLOBAL ALLOCATION FUND","BUY","36","1,940.80",
"10-SEP-2025","KOTAKBANK","Kotak Mahindra Bank Limit","T. ROWE PRICE GLOBAL ALLOCATION FUND INC.","BUY","245","1,940.80",
"10-SEP-2025","KOTAKBANK","Kotak Mahindra Bank Limit","T. ROWE PRICE INSTITUTIONAL EMERGING MARKETS EQUITY FUND","BUY","3,189","1,940.80",
"10-SEP-2025","KOTAKBANK","Kotak Mahindra Bank Limit","T. ROWE PRICE INTERNATIONAL INC.EMERGING MARKETS EQUITY TRUST","BUY","46,046","1,940.80",
"10-SEP-2025","KOTAKBANK","Kotak Mahindra Bank Limit","T. ROWE PRICE NEW ASIA FUND","BUY","76,911","1,940.80",
"10-SEP-2025","KOTAKBANK","Kotak Mahindra Bank Limit","T. ROWE PRICE RETIREMENT DATE TRUST T. ROWE PRICE NON-U.S. EQUITIES TRUST","BUY","4,913","1,940.80",
"10-SEP-2025","KOTAKBANK","Kotak Mahindra Bank Limit","TATA AIG GENERAL INSURANCE COMPANY LIMITED","BUY","4,38,829","1,940.80",
"10-SEP-2025","KOTAKBANK","Kotak Mahindra Bank Limit","TATA MUTUAL FUND","BUY","55,850","1,940.80",
"10-SEP-2025","KOTAKBANK","Kotak Mahindra Bank Limit","TATA MUTUAL FUND","BUY","58,510","1,940.80",
"10-SEP-2025","KOTAKBANK","Kotak Mahindra Bank Limit","TCW WHITE OAK EMERGING MARKETS EQUITY FUND","BUY","2,130","1,940.80",
"10-SEP-2025","KOTAKBANK","Kotak Mahindra Bank Limit","THE MTBJ A/C NOMURA INDIA INVES FD","BUY","6,85,670","1,940.80",
"10-SEP-2025","KOTAKBANK","Kotak Mahindra Bank Limit","TT ASIA EX JAPAN EQUITY FUND A SUB FUND OF TT INTERNATIONAL FUNDS PLC","BUY","16,655","1,940.80",
"10-SEP-2025","KOTAKBANK","Kotak Mahindra Bank Limit","TT CHINA FOCUS FUND A SUB-FUND OF TT INTERNATIONAL FUNDS PLC","BUY","1,888","1,940.80",
"10-SEP-2025","KOTAKBANK","Kotak Mahindra Bank Limit","VIRIDIAN ASIA OPPORTUNITIES MASTER FUND","BUY","1,17,209","1,940.80",
"10-SEP-2025","KOTAKBANK","Kotak Mahindra Bank Limit","VIRIDIAN ASIA OPPORTUNITIES MASTER FUND","BUY","1,17,208","1,940.80",
"10-SEP-2025","KOTAKBANK","Kotak Mahindra Bank Limit","WHITEOAK CAPITAL BALANCED ADVANTAGE FUND","BUY","6,503","1,940.80",
"10-SEP-2025","KOTAKBANK","Kotak Mahindra Bank Limit","WHITEOAK CAPITAL BALANCED HYBRID FUND","BUY","1,026","1,940.80",
"10-SEP-2025","KOTAKBANK","Kotak Mahindra Bank Limit","WHITEOAK CAPITAL BANKING & FINANCIAL SERVICES FUND","BUY","11,979","1,940.80",
"10-SEP-2025","KOTAKBANK","Kotak Mahindra Bank Limit","WHITEOAK CAPITAL EQUITY SAVINGS FUND","BUY","342","1,940.80",
"10-SEP-2025","KOTAKBANK","Kotak Mahindra Bank Limit","WHITEOAK CAPITAL FLEXI CAP FUND","BUY","47,915","1,940.80",
"10-SEP-2025","KOTAKBANK","Kotak Mahindra Bank Limit","WHITEOAK CAPITAL LARGE AND MID CAP FUND","BUY","12,663","1,940.80",
"10-SEP-2025","KOTAKBANK","Kotak Mahindra Bank Limit","WHITEOAK CAPITAL LARGE CAP FUND","BUY","7,187","1,940.80",
"10-SEP-2025","KOTAKBANK","Kotak Mahindra Bank Limit","WHITEOAK CAPITAL MULTI ASSET ALLOCATION FUND","BUY","12,321","1,940.80",
"10-SEP-2025","KOTAKBANK","Kotak Mahindra Bank Limit","WHITEOAK CAPITAL MULTI CAP FUND","BUY","11,979","1,940.80",
"10-SEP-2025","KOTAKBANK","Kotak Mahindra Bank Limit","WHITEOAK CAPITAL MUTUAL FUND","BUY","2,19,547","1,940.80",
"10-SEP-2025","KOTAKBANK","Kotak Mahindra Bank Limit","WHITEOAK CAPITAL SPECIAL OPPORTUNITIES FUND","BUY","1,04,894","1,940.80",
"10-SEP-2025","KOTAKBANK","Kotak Mahindra Bank Limit","WHITEOAK CAPITAL TAX SAVER FUND","BUY","2,738","1,940.80",
"10-SEP-2025","SHRIRAMFIN","Shriram Finance Limited","GOLDMAN SACHS (SINGAPORE) PTE - ODI","SELL","24,61,744","602.50",
"10-SEP-2025","SHRIRAMFIN","Shriram Finance Limited","GOLDMAN SACHS BANK EUROPE SE - ODI","BUY","24,61,744","602.50",
"10-SEP-2025","VBL","Varun Beverages Limited","GOLDMAN SACHS (SINGAPORE) PTE - ODI","SELL","13,57,949","477.00",
"10-SEP-2025","VBL","Varun Beverages Limited","GOLDMAN SACHS BANK EUROPE SE - ODI","BUY","13,57,949","477.00",
"11-SEP-2025","BEL","Bharat Electronics Ltd","GOLDMAN SACHS (SINGAPORE) PTE - ODI","SELL","24,65,814","386.00",
"11-SEP-2025","BEL","Bharat Electronics Ltd","GOLDMAN SACHS BANK EUROPE SE - ODI","BUY","24,65,814","386.00",
"11-SEP-2025","BHARATFORG","Bharat Forge Ltd","GOLDMAN SACHS (SINGAPORE) PTE - ODI","SELL","2,00,439","1,213.00",
"11-SEP-2025","BHARATFORG","Bharat Forge Ltd","GOLDMAN SACHS BANK EUROPE SE - ODI","BUY","2,00,439","1,213.00",
"11-SEP-2025","BHARTIARTL","Bharti Airtel Limited","GOLDMAN SACHS (SINGAPORE) PTE - ODI","SELL","6,22,176","1,904.00",
"11-SEP-2025","BHARTIARTL","Bharti Airtel Limited","GOLDMAN SACHS BANK EUROPE SE - ODI","BUY","6,22,176","1,904.00",
"11-SEP-2025","ETERNAL","ETERNAL LIMITED","GOLDMAN SACHS (SINGAPORE) PTE - ODI","SELL","66,22,284","328.00",
"11-SEP-2025","ETERNAL","ETERNAL LIMITED","GOLDMAN SACHS BANK EUROPE SE - ODI","BUY","66,22,284","328.00",
"11-SEP-2025","INDIGO","InterGlobe Aviation Ltd","GOLDMAN SACHS (SINGAPORE) PTE - ODI","SELL","1,37,578","5,663.00",
"11-SEP-2025","INDIGO","InterGlobe Aviation Ltd","GOLDMAN SACHS BANK EUROPE SE - ODI","BUY","1,37,578","5,663.00",
"11-SEP-2025","KOTAKBANK","Kotak Mahindra Bank Limit","GOLDMAN SACHS (SINGAPORE) PTE - ODI","SELL","5,97,227","1,981.00",
"11-SEP-2025","KOTAKBANK","Kotak Mahindra Bank Limit","GOLDMAN SACHS BANK EUROPE SE - ODI","BUY","5,97,227","1,981.00",
"11-SEP-2025","PAYTM","One 97 Communications Ltd","GOLDMAN SACHS (SINGAPORE) PTE - ODI","SELL","5,70,411","1,222.00",
"11-SEP-2025","PAYTM","One 97 Communications Ltd","GOLDMAN SACHS BANK EUROPE SE - ODI","BUY","5,70,411","1,222.00",
"11-SEP-2025","SHRIRAMFIN","Shriram Finance Limited","GOLDMAN SACHS (SINGAPORE) PTE - ODI","SELL","18,22,889","620.00",
"11-SEP-2025","SHRIRAMFIN","Shriram Finance Limited","GOLDMAN SACHS BANK EUROPE SE - ODI","BUY","18,22,889","620.00",
"12-SEP-2025","BANKBARODA","Bank of Baroda","MARSHALL WACE INVESTMENT STRATEGIES - EUREKA FUND","SELL","64,16,414","238.27",
"12-SEP-2025","BANKBARODA","Bank of Baroda","SOCIETE GENERALE","BUY","64,16,414","238.27",
"12-SEP-2025","BHARTIARTL","Bharti Airtel Limited","GOLDMAN SACHS (SINGAPORE) PTE - ODI","SELL","9,53,609","1,913.00",
"12-SEP-2025","BHARTIARTL","Bharti Airtel Limited","GOLDMAN SACHS BANK EUROPE SE - ODI","BUY","9,53,609","1,913.00",
"12-SEP-2025","EICHERMOT","Eicher Motors Ltd","MARSHALL WACE INVESTMENT STRATEGIES - EUREKA FUND","SELL","60,405","6,758.00",
"12-SEP-2025","EICHERMOT","Eicher Motors Ltd","SOCIETE GENERALE","BUY","60,405","6,758.00",
"12-SEP-2025","ETERNAL","ETERNAL LIMITED","GOLDMAN SACHS (SINGAPORE) PTE - ODI","SELL","70,32,995","328.10",
"12-SEP-2025","ETERNAL","ETERNAL LIMITED","GOLDMAN SACHS BANK EUROPE SE - ODI","BUY","70,32,995","328.10",
"12-SEP-2025","HEROMOTOCO","Hero MotoCorp Limited","GOLDMAN SACHS (SINGAPORE) PTE - ODI","SELL","1,42,289","5,302.00",
"12-SEP-2025","HEROMOTOCO","Hero MotoCorp Limited","GOLDMAN SACHS BANK EUROPE SE","BUY","1,42,289","5,302.00",
"12-SEP-2025","KOTAKBANK","Kotak Mahindra Bank Limit","GOLDMAN SACHS (SINGAPORE) PTE - ODI","SELL","4,72,450","1,972.30",
"12-SEP-2025","KOTAKBANK","Kotak Mahindra Bank Limit","GOLDMAN SACHS BANK EUROPE SE - ODI","BUY","4,72,450","1,972.30",
"12-SEP-2025","MFSL","Max Fin Serv Ltd","MARSHALL WACE INVESTMENT STRATEGIES - EUREKA FUND","SELL","74,675","1,605.40",
"12-SEP-2025","MFSL","Max Fin Serv Ltd","SOCIETE GENERALE","BUY","74,675","1,605.40",
"12-SEP-2025","PFC","Power Finance Corporation","MARSHALL WACE INVESTMENT STRATEGIES - EUREKA FUND","SELL","24,37,238","399.55",
"12-SEP-2025","PFC","Power Finance Corporation","SOCIETE GENERALE","BUY","24,37,238","399.55",
"12-SEP-2025","RELIANCE","Reliance Industries Ltd","GOLDMAN SACHS (SINGAPORE) PTE - ODI","SELL","5,02,592","1,383.30",
"12-SEP-2025","RELIANCE","Reliance Industries Ltd","GOLDMAN SACHS BANK EUROPE SE - ODI","BUY","5,02,592","1,383.30",
"12-SEP-2025","SHRIRAMFIN","Shriram Finance Limited","GOLDMAN SACHS (SINGAPORE) PTE","SELL","15,98,438","620.05",
"12-SEP-2025","SHRIRAMFIN","Shriram Finance Limited","GOLDMAN SACHS BANK EUROPE SE - ODI","BUY","15,98,438","620.05",
"15-SEP-2025","APOLLOHOSP","Apollo Hospitals Ltd","GOLDMAN SACHS (SINGAPORE) PTE - ODI","SELL","40,265","7,874.50",
"15-SEP-2025","APOLLOHOSP","Apollo Hospitals Ltd","GOLDMAN SACHS BANK EUROPE SE - ODI","BUY","40,265","7,874.50",
"15-SEP-2025","BEL","Bharat Electronics Ltd","GOLDMAN SACHS (SINGAPORE) PTE - ODI","SELL","29,84,304","399.30",
"15-SEP-2025","BEL","Bharat Electronics Ltd","GOLDMAN SACHS BANK EUROPE SE - ODI","BUY","29,84,304","399.30",
"15-SEP-2025","BHARTIARTL","Bharti Airtel Limited","GOLDMAN SACHS (SINGAPORE) PTE - ODI","SELL","10,46,648","1,902.60",
"15-SEP-2025","BHARTIARTL","Bharti Airtel Limited","GOLDMAN SACHS BANK EUROPE SE - ODI","BUY","10,46,648","1,902.60",
"15-SEP-2025","ETERNAL","ETERNAL LIMITED","GOLDMAN SACHS (SINGAPORE) PTE - ODI","SELL","91,85,958","321.40",
"15-SEP-2025","ETERNAL","ETERNAL LIMITED","GOLDMAN SACHS BANK EUROPE SE - ODI","BUY","91,85,958","321.40",
"15-SEP-2025","GPIL","Godawari Power And Ispat","AMRITA  KEDIA","BUY","14,50,000","242.00",
"15-SEP-2025","GPIL","Godawari Power And Ispat","ANAND  PODDAR","BUY","18,00,000","242.00",
"15-SEP-2025","GPIL","Godawari Power And Ispat","ARDENT STEEL PRIVATE LIMITED","SELL","32,50,000","242.00",
"15-SEP-2025","INDIGO","InterGlobe Aviation Ltd","GOLDMAN SACHS (SINGAPORE) PTE - ODI","SELL","1,81,724","5,727.50",
"15-SEP-2025","INDIGO","InterGlobe Aviation Ltd","GOLDMAN SACHS BANK EUROPE SE - ODI","BUY","1,81,724","5,727.50",
"15-SEP-2025","INDIGRID","India Grid Trust","GOLDMAN SACHS (SINGAPORE) PTE - ODI","SELL","11,45,843","167.89",
"15-SEP-2025","INDIGRID","India Grid Trust","GOLDMAN SACHS BANK EUROPE SE - ODI","BUY","11,45,843","167.89",
"15-SEP-2025","INFY","Infosys Limited","GOLDMAN SACHS (SINGAPORE) PTE - ODI","SELL","2,22,653","1,525.60",
"15-SEP-2025","INFY","Infosys Limited","GOLDMAN SACHS BANK EUROPE SE - ODI","BUY","2,22,653","1,525.60",
"15-SEP-2025","PAYTM","One 97 Communications Ltd","GOLDMAN SACHS (SINGAPORE) PTE - ODI","SELL","6,94,045","1,219.00",
"15-SEP-2025","PAYTM","One 97 Communications Ltd","GOLDMAN SACHS BANK EUROPE SE - ODI","BUY","6,94,045","1,219.00",
"15-SEP-2025","PFC","Power Finance Corporation","GOLDMAN SACHS (SINGAPORE) PTE - ODI","SELL","10,00,456","395.70",
"15-SEP-2025","PFC","Power Finance Corporation","GOLDMAN SACHS BANK EUROPE SE - ODI","BUY","10,00,456","395.70",
"15-SEP-2025","RECLTD","Rural Electrification Cor","GOLDMAN SACHS (SINGAPORE) PTE - ODI","SELL","12,10,464","373.30",
"15-SEP-2025","RECLTD","Rural Electrification Cor","GOLDMAN SACHS BANK EUROPE SE - ODI","BUY","12,10,464","373.30",
"16-SEP-2025","AIIL","Authum Invest & Infra Ltd","GOLDMAN SACHS (SINGAPORE) PTE - ODI","SELL","3,15,201","3,276.90",
"16-SEP-2025","AIIL","Authum Invest & Infra Ltd","GOLDMAN SACHS BANK EUROPE SE - ODI","BUY","3,15,201","3,276.90",
"16-SEP-2025","AXISBANK","Axis Bank Limited","GOLDMAN SACHS (SINGAPORE) PTE - ODI","SELL","7,10,462","1,113.09",
"16-SEP-2025","AXISBANK","Axis Bank Limited","GOLDMAN SACHS BANK EUROPE SE - ODI","BUY","7,10,462","1,113.09",
"16-SEP-2025","BHARTIARTL","Bharti Airtel Limited","GOLDMAN SACHS (SINGAPORE) PTE - ODI","SELL","7,69,420","1,904.50",
"16-SEP-2025","BHARTIARTL","Bharti Airtel Limited","GOLDMAN SACHS BANK EUROPE SE - ODI","BUY","7,69,420","1,904.50",
"16-SEP-2025","HAL","Hindustan Aeronautics Ltd","GOLDMAN SACHS (SINGAPORE) PTE - ODI","SELL","53,348","4,795.20",
"16-SEP-2025","HAL","Hindustan Aeronautics Ltd","GOLDMAN SACHS BANK EUROPE SE - ODI","BUY","53,348","4,795.20",
"16-SEP-2025","HEROMOTOCO","Hero MotoCorp Limited","GOLDMAN SACHS (SINGAPORE) PTE - ODI","SELL","1,87,256","5,288.50",
"16-SEP-2025","HEROMOTOCO","Hero MotoCorp Limited","GOLDMAN SACHS BANK EUROPE SE - ODI","BUY","1,87,256","5,288.50",
"16-SEP-2025","INDIGO","InterGlobe Aviation Ltd","GOLDMAN SACHS (SINGAPORE) PTE - ODI","SELL","2,24,409","5,728.50",
"16-SEP-2025","INDIGO","InterGlobe Aviation Ltd","GOLDMAN SACHS BANK EUROPE SE - ODI","BUY","2,24,409","5,728.50",
"16-SEP-2025","INFY","Infosys Limited","GOLDMAN SACHS (SINGAPORE) PTE - ODI","SELL","3,03,400","1,505.00",
"16-SEP-2025","INFY","Infosys Limited","GOLDMAN SACHS BANK EUROPE SE - ODI","BUY","3,03,400","1,505.00",
"16-SEP-2025","ITC","ITC Ltd.","GOLDMAN SACHS (SINGAPORE) PTE - ODI","SELL","5,90,933","412.65",
"16-SEP-2025","ITC","ITC Ltd.","GOLDMAN SACHS BANK EUROPE SE - ODI","BUY","5,90,933","412.65",
"16-SEP-2025","PAYTM","One 97 Communications Ltd","GOLDMAN SACHS (SINGAPORE) PTE - ODI","SELL","3,65,290","1,228.00",
"16-SEP-2025","PAYTM","One 97 Communications Ltd","GOLDMAN SACHS BANK EUROPE SE - ODI","BUY","3,65,290","1,228.00",
"16-SEP-2025","PFC","Power Finance Corporation","GOLDMAN SACHS (SINGAPORE) PTE - ODI","SELL","11,59,808","401.85",
"16-SEP-2025","PFC","Power Finance Corporation","GOLDMAN SACHS BANK EUROPE SE - ODI","BUY","11,59,808","401.85",
"16-SEP-2025","RECLTD","Rural Electrification Cor","GOLDMAN SACHS (SINGAPORE) PTE - ODI","SELL","9,85,874","378.45",
"16-SEP-2025","RECLTD","Rural Electrification Cor","GOLDMAN SACHS BANK EUROPE SE - ODI","BUY","9,85,874","378.45",
"16-SEP-2025","SAILIFE","Sai Life Sciences Limited","GOLDMAN SACHS (SINGAPORE) PTE - ODI","SELL","2,75,204","882.00",
"16-SEP-2025","SAILIFE","Sai Life Sciences Limited","GOLDMAN SACHS BANK EUROPE SE - ODI","BUY","2,75,204","882.00",
"16-SEP-2025","WIPRO","Wipro Ltd","GOLDMAN SACHS (SINGAPORE) PTE - ODI","SELL","9,14,544","252.50",
"16-SEP-2025","WIPRO","Wipro Ltd","GOLDMAN SACHS BANK EUROPE SE - ODI","BUY","9,14,544","252.50",
"17-SEP-2025","APOLLOHOSP","Apollo Hospitals Ltd","GOLDMAN SACHS (SINGAPORE) PTE - ODI","SELL","52,098","7,852.50",
"17-SEP-2025","APOLLOHOSP","Apollo Hospitals Ltd","GOLDMAN SACHS BANK EUROPE SE - ODI","BUY","52,098","7,852.50",
"17-SEP-2025","BHARTIARTL","Bharti Airtel Limited","GOLDMAN SACHS (SINGAPORE) PTE - ODI","SELL","4,52,624","1,939.50",
"17-SEP-2025","BHARTIARTL","Bharti Airtel Limited","GOLDMAN SACHS BANK EUROPE SE - ODI","BUY","4,52,624","1,939.50",
"17-SEP-2025","BPCL","Bharat Petroleum Ltd","GOLDMAN SACHS (SINGAPORE) PTE - ODI","SELL","5,77,549","318.25",
"17-SEP-2025","BPCL","Bharat Petroleum Ltd","GOLDMAN SACHS BANK EUROPE SE - ODI","BUY","5,77,549","318.25",
"17-SEP-2025","ENRIN","Siemens Energy India Ltd","GOLDMAN SACHS (SINGAPORE) PTE - ODI","SELL","53,465","3,460.90",
"17-SEP-2025","ENRIN","Siemens Energy India Ltd","GOLDMAN SACHS BANK EUROPE SE - ODI","BUY","53,465","3,460.90",
"17-SEP-2025","FORTIS","Fortis Healthcare Limited","GOLDMAN SACHS (SINGAPORE) PTE - ODI","SELL","3,83,961","966.65",
"17-SEP-2025","FORTIS","Fortis Healthcare Limited","GOLDMAN SACHS BANK EUROPE SE - ODI","BUY","3,83,961","966.65",
"17-SEP-2025","GVT&D","GE VERNOVA T&D INDIA LTD","GOLDMAN SACHS (SINGAPORE) PTE - ODI","SELL","90,235","2,924.60",
"17-SEP-2025","GVT&D","GE VERNOVA T&D INDIA LTD","GOLDMAN SACHS BANK EUROPE SE - ODI","BUY","90,235","2,924.60",
"17-SEP-2025","HAL","Hindustan Aeronautics Ltd","GOLDMAN SACHS (SINGAPORE) PTE - ODI","SELL","1,52,040","4,840.00",
"17-SEP-2025","HAL","Hindustan Aeronautics Ltd","GOLDMAN SACHS BANK EUROPE SE - ODI","BUY","1,52,040","4,840.00",
"17-SEP-2025","HEROMOTOCO","Hero MotoCorp Limited","GOLDMAN SACHS (SINGAPORE) PTE - ODI","SELL","1,43,905","5,316.00",
"17-SEP-2025","HEROMOTOCO","Hero MotoCorp Limited","GOLDMAN SACHS BANK EUROPE SE - ODI","BUY","1,43,905","5,316.00",
"17-SEP-2025","PETRONET","Petronet LNG Limited","GOLDMAN SACHS (SINGAPORE) PTE - ODI","SELL","5,46,206","279.30",
"17-SEP-2025","PETRONET","Petronet LNG Limited","GOLDMAN SACHS BANK EUROPE SE - ODI","BUY","5,46,206","279.30",
"17-SEP-2025","SAILIFE","Sai Life Sciences Limited","GOLDMAN SACHS (SINGAPORE) PTE - ODI","SELL","4,01,458","881.35",
"17-SEP-2025","SAILIFE","Sai Life Sciences Limited","GOLDMAN SACHS BANK EUROPE SE - ODI","BUY","4,01,458","881.35",
"17-SEP-2025","SUNDARMFIN","Sundaram Finance Ltd.","GOLDMAN SACHS (SINGAPORE) PTE - ODI","SELL","30,001","4,643.00",
"17-SEP-2025","SUNDARMFIN","Sundaram Finance Ltd.","GOLDMAN SACHS BANK EUROPE SE - ODI","BUY","30,001","4,643.00",
"18-SEP-2025","AIIL","Authum Invest & Infra Ltd","GOLDMAN SACHS (SINGAPORE) PTE - ODI","SELL","4,63,091","3,275.60",
"18-SEP-2025","AIIL","Authum Invest & Infra Ltd","GOLDMAN SACHS BANK EUROPE SE - ODI","BUY","4,63,091","3,275.60",
"18-SEP-2025","AXISBANK","Axis Bank Limited","GOLDMAN SACHS (SINGAPORE) PTE - ODI","SELL","4,17,821","1,126.00",
"18-SEP-2025","AXISBANK","Axis Bank Limited","GOLDMAN SACHS BANK EUROPE SE - ODI","BUY","4,17,821","1,126.00",
"18-SEP-2025","ENRIN","Siemens Energy India Ltd","GOLDMAN SACHS (SINGAPORE) PTE - ODI","SELL","64,726","3,490.00",
"18-SEP-2025","ENRIN","Siemens Energy India Ltd","GOLDMAN SACHS BANK EUROPE SE - ODI","BUY","64,726","3,490.00",
"18-SEP-2025","FORTIS","Fortis Healthcare Limited","GOLDMAN SACHS (SINGAPORE) PTE - ODI","SELL","3,36,879","963.50",
"18-SEP-2025","FORTIS","Fortis Healthcare Limited","GOLDMAN SACHS BANK EUROPE SE - ODI","BUY","3,36,879","963.50",
"18-SEP-2025","ITC","ITC Ltd.","GOLDMAN SACHS (SINGAPORE) PTE - ODI","SELL","6,45,111","409.30",
"18-SEP-2025","ITC","ITC Ltd.","GOLDMAN SACHS BANK EUROPE SE - ODI","BUY","6,45,111","409.30",
"18-SEP-2025","PETRONET","Petronet LNG Limited","GOLDMAN SACHS (SINGAPORE) PTE - ODI","SELL","9,01,656","279.00",
"18-SEP-2025","PETRONET","Petronet LNG Limited","GOLDMAN SACHS BANK EUROPE SE - ODI","BUY","9,01,656","279.00",
"18-SEP-2025","SAILIFE","Sai Life Sciences Limited","GOLDMAN SACHS (SINGAPORE) PTE - ODI","SELL","6,02,186","898.50",
"18-SEP-2025","SAILIFE","Sai Life Sciences Limited","GOLDMAN SACHS BANK EUROPE SE - ODI","BUY","6,02,186","898.50",
"18-SEP-2025","SUNDARMFIN","Sundaram Finance Ltd.","GOLDMAN SACHS (SINGAPORE) PTE - ODI","SELL","36,669","4,593.00",
"18-SEP-2025","SUNDARMFIN","Sundaram Finance Ltd.","GOLDMAN SACHS BANK EUROPE SE - ODI","BUY","36,669","4,593.00",
"18-SEP-2025","WIPRO","Wipro Ltd","GOLDMAN SACHS (SINGAPORE) PTE - ODI","SELL","14,00,000","254.15",
"18-SEP-2025","WIPRO","Wipro Ltd","GOLDMAN SACHS BANK EUROPE SE - ODI","BUY","14,00,000","254.15",
"19-SEP-2025","BPCL","Bharat Petroleum Ltd","GOLDMAN SACHS (SINGAPORE) PTE - ODI","SELL","6,62,659","325.70",
"19-SEP-2025","BPCL","Bharat Petroleum Ltd","GOLDMAN SACHS BANK EUROPE SE - ODI","BUY","6,62,659","325.70",
"19-SEP-2025","GVT&D","GE VERNOVA T&D INDIA LTD","GOLDMAN SACHS (SINGAPORE) PTE - ODI","SELL","1,14,340","2,985.90",
"19-SEP-2025","GVT&D","GE VERNOVA T&D INDIA LTD","GOLDMAN SACHS BANK EUROPE SE - ODI","BUY","1,14,340","2,985.90",
"19-SEP-2025","HAL","Hindustan Aeronautics Ltd","GOLDMAN SACHS (SINGAPORE) PTE - ODI","SELL","2,97,251","4,856.80",
"19-SEP-2025","HAL","Hindustan Aeronautics Ltd","GOLDMAN SACHS BANK EUROPE SE - ODI","BUY","2,97,251","4,856.80",
"19-SEP-2025","LT","Larsen & Toubro Limited","PI OPPORTUNITIES AIF V LLP","BUY","2,71,223","3,681.00",
"19-SEP-2025","LT","Larsen & Toubro Limited","PIONEER INVESTMENT FUND","SELL","2,71,223","3,681.00",
"19-SEP-2025","M&M","Mah & Mah Ltd.","PI OPPORTUNITIES AIF V LLP","BUY","2,76,243","3,624.40",
"19-SEP-2025","M&M","Mah & Mah Ltd.","PIONEER INVESTMENT FUND","SELL","2,76,243","3,624.40",
"22-SEP-2025","FORTIS","Fortis Healthcare Limited","AWARE SUPER","SELL","2,19,013","953.95",
"22-SEP-2025","FORTIS","Fortis Healthcare Limited","GOLDMAN SACHS (SINGAPORE) PTE","BUY","2,19,013","953.95",
"22-SEP-2025","MFSL","Max Fin Serv Ltd","AWARE SUPER","SELL","1,51,935","1,561.70",
"22-SEP-2025","MFSL","Max Fin Serv Ltd","GOLDMAN SACHS (SINGAPORE) PTE","BUY","1,51,935","1,561.70",
"23-SEP-2025","NDRINVIT","NDR INVIT Trust","ARYAMAN JHUNJHUNWALA DISCRETIONARY TRUST","BUY","29,00,000","115.00",
"23-SEP-2025","NDRINVIT","NDR INVIT Trust","ARYAVIR JHUNJHUNWALA DISCRETIONARY TRUST","BUY","29,00,000","115.00",
"23-SEP-2025","NDRINVIT","NDR INVIT Trust","DAMANI RADHAKISHAN","BUY","87,00,000","115.00",
"23-SEP-2025","NDRINVIT","NDR INVIT Trust","INFRA INDIA OPPORTUNITIES PARENT LIMITED","SELL","90,75,000","115.00",
"23-SEP-2025","NDRINVIT","NDR INVIT Trust","INFRA INDIA OPPORTUNITIES PARENT LIMITED","SELL","1,73,75,000","115.00",
"23-SEP-2025","NDRINVIT","NDR INVIT Trust","NISHTHA JHUNJHUNWALA DISCRETIONARY TRUST","BUY","28,75,000","115.00",
"23-SEP-2025","NDRINVIT","NDR INVIT Trust","STAR UNION DAI-ICHI LIFE INSURANCE COMPANY LIMITED","BUY","26,00,000","115.00",
"23-SEP-2025","NDRINVIT","NDR INVIT Trust","TARA EMERGING ASIA LIQUID FUND","BUY","17,50,000","115.00",
"23-SEP-2025","NDRINVIT","NDR INVIT Trust","TARA INSTITUTIONAL INDIA ALPHA (INCORPORATED VCC SUB-FUND)","BUY","8,75,000","115.00",
"23-SEP-2025","NDRINVIT","NDR INVIT Trust","VALUEQUEST INVESTMENT ADVISORS PVT LTD","BUY","38,50,000","115.00",
"23-SEP-2025","VERTIS","Vertis Infrastructure Tst","DEZERV INVESTMENTS PRIVATE LIMITED","BUY","10,25,000","101.19",
"23-SEP-2025","VERTIS","Vertis Infrastructure Tst","DEZERV SECURITIES PRIVATE LIMITED","SELL","10,25,000","101.19",
"24-SEP-2025","AKZOINDIA","Akzo Nobel India Limited","ADITYA BIRLA SUNLIFE MUTUAL FUND","BUY","45,986","3,358.80",
"24-SEP-2025","AKZOINDIA","Akzo Nobel India Limited","BANDHAN MUTUAL FUND","BUY","29,928","3,358.80",
"24-SEP-2025","AKZOINDIA","Akzo Nobel India Limited","BARODA BNP PARIBAS MUTUAL FUND","BUY","74,820","3,358.80",
"24-SEP-2025","AKZOINDIA","Akzo Nobel India Limited","BNP PARIBAS FINANCIAL MARKETS","BUY","29,928","3,358.80",
"24-SEP-2025","AKZOINDIA","Akzo Nobel India Limited","CITIGROUP GLOBAL MARKETS MAURITIUS PRIVATE LIMITED","BUY","74,820","3,358.80",
"24-SEP-2025","AKZOINDIA","Akzo Nobel India Limited","CITIGROUP GLOBAL MARKETS MAURITIUS PVT LTD","BUY","29,928","3,358.80",
"24-SEP-2025","AKZOINDIA","Akzo Nobel India Limited","EDELWEISS LIFE INSURANCE COMPANY LIMITED","BUY","29,928","3,358.80",
"24-SEP-2025","AKZOINDIA","Akzo Nobel India Limited","GHISALLO MASTER FUND LP","BUY","29,927","3,358.80",
"24-SEP-2025","AKZOINDIA","Akzo Nobel India Limited","GOLDMAN SACHS ETF TRUST - GOLDMAN SACHS INDIA EQUITY ETF","BUY","1,237","3,358.80",
"24-SEP-2025","AKZOINDIA","Akzo Nobel India Limited","GOLDMAN SACHS FUNDS - GOLDMAN SACHS INDIA EQUITY PORTFOLIO","BUY","4,49,823","3,358.80",
"24-SEP-2025","AKZOINDIA","Akzo Nobel India Limited","GS INDIA EQUITY","BUY","16,128","3,358.80",
"24-SEP-2025","AKZOINDIA","Akzo Nobel India Limited","IMPERIAL CHEMICAL INDUSTRIES LIMITED","SELL","22,77,015","3,358.80",
"24-SEP-2025","AKZOINDIA","Akzo Nobel India Limited","MEDIOLANUM BEST BRANDS- MEDIOLANUM INDIA OPPORTUNITIES","BUY","36,905","3,358.80",
"24-SEP-2025","AKZOINDIA","Akzo Nobel India Limited","MORGAN STANLEY ASIA SINGAPORE PTE","BUY","29,928","3,358.80",
"24-SEP-2025","AKZOINDIA","Akzo Nobel India Limited","NEW YORK STATE TEACHERS RETIREMENT SYSTEM","BUY","24,407","3,358.80",
"24-SEP-2025","AKZOINDIA","Akzo Nobel India Limited","NIPPON INDIA MUTUAL FUND","BUY","8,14,894","3,358.80",
"24-SEP-2025","AKZOINDIA","Akzo Nobel India Limited","SOCIETE GENERALE","BUY","29,928","3,358.80",
"24-SEP-2025","AKZOINDIA","Akzo Nobel India Limited","WF ASIAN SMALLER COMPANIES FUND LTD","BUY","5,28,500","3,358.80",
"24-SEP-2025","COFFEEDAY","Coffee Day Enterprise Ltd","AHIH RESORTS AND RETREAT PRIVATE LIMITED","BUY","88,28,793","44.45",
"24-SEP-2025","COFFEEDAY","Coffee Day Enterprise Ltd","MALAVIKA HEGDE","SELL","88,28,793","44.45",
"25-SEP-2025","GRMOVER","GRM Overseas Limited","GARG ATUL","SELL","10,00,000","357.00",
"25-SEP-2025","GRMOVER","GRM Overseas Limited","MAMTA  GARG","SELL","6,25,000","357.00",
"25-SEP-2025","GRMOVER","GRM Overseas Limited","NIKHIL VORA","BUY","3,10,000","357.00",
"25-SEP-2025","GRMOVER","GRM Overseas Limited","R G  FAMILY TRUST","BUY","6,25,000","357.00",
"25-SEP-2025","GRMOVER","GRM Overseas Limited","SINGULARITY EQUITY FUND I","BUY","6,90,000","357.00",
"25-SEP-2025","POLYCAB","Polycab India Limited","AJAY JAISINGHANI","SELL","4,69,518","7,458.00",
"25-SEP-2025","POLYCAB","Polycab India Limited","ANIL HARIRAM HARIANI","SELL","1,13,661","7,458.00",
"25-SEP-2025","POLYCAB","Polycab India Limited","ASK ABSOLUTE RETURN FUND","BUY","13,424","7,458.00",
"25-SEP-2025","POLYCAB","Polycab India Limited","BHARAT JAISINGHANI","SELL","1,13,661","7,458.00",
"25-SEP-2025","POLYCAB","Polycab India Limited","GHISALLO MASTER FUND LP","BUY","59,506","7,458.00",
"25-SEP-2025","POLYCAB","Polycab India Limited","GIRDHARI THAKURDAS JAISINGHANI","SELL","4,69,518","7,458.00",
"25-SEP-2025","POLYCAB","Polycab India Limited","HDFC STANDARD LIFE INSURANCE CO LTD","BUY","1,30,000","7,458.00",
"25-SEP-2025","POLYCAB","Polycab India Limited","INDER THAKURDAS JAISINGHANI","SELL","5,83,182","7,458.00",
"25-SEP-2025","POLYCAB","Polycab India Limited","J P MORGAN FUND ICVC","BUY","14,84,437","7,458.00",
"25-SEP-2025","POLYCAB","Polycab India Limited","KOTAK MAHINDRA LIFE INSURANCE COMPANY LIMITED","BUY","25,836","7,458.00",
"25-SEP-2025","POLYCAB","Polycab India Limited","KOTAK MAHINDRA LIFE INSURANCE COMPANY LIMITED","BUY","32,257","7,458.00",
"25-SEP-2025","POLYCAB","Polycab India Limited","KOTAK MAHINDRA LIFE INSURANCE COMPANY LIMITED","BUY","10,249","7,458.00",
"25-SEP-2025","POLYCAB","Polycab India Limited","KOTAK MAHINDRA LIFE INSURANCE COMPANY LIMITED","BUY","26,941","7,458.00",
"25-SEP-2025","POLYCAB","Polycab India Limited","KOTAK MAHINDRA LIFE INSURANCE COMPANY LIMITED","BUY","248","7,458.00",
"25-SEP-2025","POLYCAB","Polycab India Limited","KOTAK MAHINDRA LIFE INSURANCE COMPANY LIMITED","BUY","1,233","7,458.00",
"25-SEP-2025","POLYCAB","Polycab India Limited","KOTAK MAHINDRA LIFE INSURANCE COMPANY LIMITED","BUY","1,198","7,458.00",
"25-SEP-2025","POLYCAB","Polycab India Limited","KOTAK MAHINDRA LIFE INSURANCE COMPANY LIMITED","BUY","645","7,458.00",
"25-SEP-2025","POLYCAB","Polycab India Limited","KOTAK MAHINDRA LIFE INSURANCE COMPANY LIMITED","BUY","533","7,458.00",
"25-SEP-2025","POLYCAB","Polycab India Limited","KOTAK MAHINDRA LIFE INSURANCE COMPANY LIMITED","BUY","395","7,458.00",
"25-SEP-2025","POLYCAB","Polycab India Limited","KOTAK MAHINDRA LIFE INSURANCE COMPANY LIMITED","BUY","16","7,458.00",
"25-SEP-2025","POLYCAB","Polycab India Limited","KOTAK MAHINDRA LIFE INSURANCE COMPANY LIMITED","BUY","212","7,458.00",
"25-SEP-2025","POLYCAB","Polycab India Limited","KOTAK MAHINDRA LIFE INSURANCE COMPANY LIMITED","BUY","232","7,458.00",
"25-SEP-2025","POLYCAB","Polycab India Limited","KOTAK MAHINDRA LIFE INSURANCE COMPANY LIMITED","BUY","252","7,458.00",
"25-SEP-2025","POLYCAB","Polycab India Limited","KOTAK MAHINDRA LIFE INSURANCE COMPANY LIMITED","BUY","316","7,458.00",
"25-SEP-2025","POLYCAB","Polycab India Limited","MORGAN STANLEY ASIA SINGAPORE PTE","BUY","2,93,333","7,458.00",
"25-SEP-2025","POLYCAB","Polycab India Limited","MORGAN STANLEY ASIA SINGAPORE PTE","BUY","71,408","7,458.00",
"25-SEP-2025","POLYCAB","Polycab India Limited","NIKHIL RAMESH JAISINGHANI","SELL","1,36,393","7,458.00",
"25-SEP-2025","POLYCAB","Polycab India Limited","RAMESH THAKURDAS JAISINGHANI","SELL","4,46,785","7,458.00",
"25-SEP-2025","POLYCAB","Polycab India Limited","SOCIETE GENERALE","BUY","83,309","7,458.00",
"25-SEP-2025","POLYCAB","Polycab India Limited","TATA EQUITY PLUS ABSOLUTE RETURNS FUND","BUY","13,429","7,458.00",
"25-SEP-2025","POLYCAB","Polycab India Limited","VIRIDIAN ASIA OPPORTUNITIES MASTER FUND","BUY","83,309","7,458.00",
"26-SEP-2025","AXISBANK","Axis Bank Limited","GOLDMAN SACHS BANK EUROPE SE - ODI","SELL","91,172","1,166.60",
"26-SEP-2025","AXISBANK","Axis Bank Limited","MORGAN STANLEY ASIA SINGAPORE PTE","BUY","91,172","1,166.60",
"26-SEP-2025","BEL","Bharat Electronics Ltd","GOLDMAN SACHS BANK EUROPE SE - ODI","SELL","3,94,579","403.15",
"26-SEP-2025","BEL","Bharat Electronics Ltd","MORGAN STANLEY ASIA SINGAPORE PTE","BUY","3,94,579","403.15",
"26-SEP-2025","BHARTIARTL","Bharti Airtel Limited","GOLDMAN SACHS BANK EUROPE SE - ODI","SELL","1,47,101","1,935.60",
"26-SEP-2025","BHARTIARTL","Bharti Airtel Limited","MORGAN STANLEY ASIA SINGAPORE PTE","BUY","1,47,101","1,935.60",
"26-SEP-2025","ETERNAL","ETERNAL LIMITED","GOLDMAN SACHS BANK EUROPE SE - ODI","SELL","9,52,167","332.25",
"26-SEP-2025","ETERNAL","ETERNAL LIMITED","MORGAN STANLEY ASIA SINGAPORE PTE","BUY","9,52,167","332.25",
"26-SEP-2025","GODREJPROP","Godrej Properties Ltd","GOLDMAN SACHS BANK EUROPE SE - ODI","SELL","1,03,129","1,967.40",
"26-SEP-2025","GODREJPROP","Godrej Properties Ltd","MORGAN STANLEY ASIA SINGAPORE PTE","BUY","1,03,129","1,967.40",
"26-SEP-2025","HEROMOTOCO","Hero MotoCorp Limited","GOLDMAN SACHS BANK EUROPE SE - ODI","SELL","28,602","5,354.50",
"26-SEP-2025","HEROMOTOCO","Hero MotoCorp Limited","MORGAN STANLEY ASIA SINGAPORE PTE","BUY","28,602","5,354.50",
"26-SEP-2025","KOTAKBANK","Kotak Mahindra Bank Limit","GOLDMAN SACHS BANK EUROPE SE - ODI","SELL","1,16,911","2,013.50",
"26-SEP-2025","KOTAKBANK","Kotak Mahindra Bank Limit","MORGAN STANLEY ASIA SINGAPORE PTE","BUY","1,16,911","2,013.50",
"26-SEP-2025","PAYTM","One 97 Communications Ltd","GOLDMAN SACHS BANK EUROPE SE - ODI","SELL","1,07,811","1,141.40",
"26-SEP-2025","PAYTM","One 97 Communications Ltd","MORGAN STANLEY ASIA SINGAPORE PTE","BUY","1,07,811","1,141.40",
"26-SEP-2025","SHRIRAMFIN","Shriram Finance Limited","GOLDMAN SACHS BANK EUROPE SE - ODI","SELL","5,33,842","612.70",
"26-SEP-2025","SHRIRAMFIN","Shriram Finance Limited","MORGAN STANLEY ASIA SINGAPORE PTE","BUY","5,33,842","612.70",
"26-SEP-2025","VBL","Varun Beverages Limited","GOLDMAN SACHS BANK EUROPE SE - ODI","SELL","2,31,971","451.85",
"26-SEP-2025","VBL","Varun Beverages Limited","MORGAN STANLEY ASIA SINGAPORE PTE","BUY","2,31,971","451.85",
"30-SEP-2025","NIBE","NIBE Limited","AEGIS INVESTMENT FUND","SELL","2,77,877","1,451.00",
"30-SEP-2025","NIBE","NIBE Limited","VENUS INVESTMENTS VCC - VENUS STELLAR FUND","BUY","2,77,877","1,451.00",
"01-OCT-2025","ETERNAL","ETERNAL LIMITED","BOFA SECURITIES EUROPE SA","BUY","82,00,000","325.50",
"01-OCT-2025","ETERNAL","ETERNAL LIMITED","GOLDMAN SACHS BANK EUROPE SE - ODI","SELL","82,00,000","325.50",
"03-OCT-2025","ETERNAL","ETERNAL LIMITED","BOFA SECURITIES EUROPE SA","BUY","1,08,00,000","329.00",
"03-OCT-2025","ETERNAL","ETERNAL LIMITED","GOLDMAN SACHS BANK EUROPE SE - ODI","SELL","1,08,00,000","329.00",
"06-OCT-2025","ABLBL","Aditya Birla Lifes Bran L","ADITYA BIRLA SUN LIFE MUTUAL FUND","BUY","2,81,746","136.45",
"06-OCT-2025","ABLBL","Aditya Birla Lifes Bran L","ADITYA BIRLA SUN LIFE MUTUAL FUND","BUY","14,08,731","136.45",
"06-OCT-2025","ABLBL","Aditya Birla Lifes Bran L","ADITYA BIRLA SUN LIFE MUTUAL FUND","BUY","19,72,225","136.45",
"06-OCT-2025","ABLBL","Aditya Birla Lifes Bran L","AMANSA HOLDINGS PRIVATE LIMITED","BUY","70,27,712","136.45",
"06-OCT-2025","ABLBL","Aditya Birla Lifes Bran L","FLIPKART INVESTMENTS PRIVATE LIMITED","SELL","7,31,70,731","136.45",
"06-OCT-2025","ABLBL","Aditya Birla Lifes Bran L","GHISALLO MASTER FUND LP","BUY","7,32,882","136.45",
"06-OCT-2025","ABLBL","Aditya Birla Lifes Bran L","GOLDMAN SACHS BANK EUROPE SE - ODI","BUY","7,75,002","136.45",
"06-OCT-2025","ABLBL","Aditya Birla Lifes Bran L","ICICI PRUDENTIAL LIFE INSURANCE COMPANY LIMITED","BUY","36,62,702","136.45",
"06-OCT-2025","ABLBL","Aditya Birla Lifes Bran L","ICICI PRUDENTIAL MUTUAL FUND","BUY","98,85,816","136.45",
"06-OCT-2025","ABLBL","Aditya Birla Lifes Bran L","ICICI PRUDENTIAL MUTUAL FUND","BUY","82,38,179","136.45",
"06-OCT-2025","ABLBL","Aditya Birla Lifes Bran L","ICICI PRUDENTIAL MUTUAL FUND","BUY","9,22,676","136.45",
"06-OCT-2025","ABLBL","Aditya Birla Lifes Bran L","MORGAN STANLEY ASIA SINGAPORE PTE - ODI","BUY","7,32,882","136.45",
"06-OCT-2025","ABLBL","Aditya Birla Lifes Bran L","NIPPON INDIA MUTUAL FUND","BUY","1,32,37,502","136.45",
"06-OCT-2025","ABLBL","Aditya Birla Lifes Bran L","NIPPON INDIA MUTUAL FUND","BUY","44,12,500","136.45",
"06-OCT-2025","ABLBL","Aditya Birla Lifes Bran L","SBI LIFE INSURANCE COMPANY LIMITED","BUY","12,00,000","136.45",
"06-OCT-2025","ABLBL","Aditya Birla Lifes Bran L","SBI LIFE INSURANCE COMPANY LIMITED","BUY","1,50,95,952","136.45",
"06-OCT-2025","ABLBL","Aditya Birla Lifes Bran L","SBI LIFE INSURANCE COMPANY LIMITED","BUY","2,50,000","136.45",
"06-OCT-2025","ABLBL","Aditya Birla Lifes Bran L","SBI LIFE INSURANCE COMPANY LIMITED","BUY","2,71,200","136.45",
"06-OCT-2025","ABLBL","Aditya Birla Lifes Bran L","SBI LIFE INSURANCE COMPANY LIMITED","BUY","4,82,850","136.45",
"06-OCT-2025","ABLBL","Aditya Birla Lifes Bran L","SOCIETE GENERALE - ODI","BUY","15,75,002","136.45",
"06-OCT-2025","ABLBL","Aditya Birla Lifes Bran L","UTI MUTUAL FUND","BUY","54,288","136.45",
"06-OCT-2025","ABLBL","Aditya Birla Lifes Bran L","UTI MUTUAL FUND","BUY","6,78,594","136.45",
"06-OCT-2025","ABLBL","Aditya Birla Lifes Bran L","VEMF-A  LP","BUY","2,72,290","136.45",
"06-OCT-2025","ETERNAL","ETERNAL LIMITED","BOFA SECURITIES EUROPE SA","BUY","81,00,000","328.45",
"06-OCT-2025","ETERNAL","ETERNAL LIMITED","GOLDMAN SACHS BANK EUROPE SE - ODI","SELL","81,00,000","328.45",
"06-OCT-2025","OPTIEMUS","Optiemus Infracom Ltd","BOFA SECURITIES EUROPE SA","BUY","3,54,060","672.10",
"06-OCT-2025","OPTIEMUS","Optiemus Infracom Ltd","DYMON ASIA MULTI-STRATEGY INVESTMENT (SINGAPORE) PTE. LTD.","SELL","3,54,060","672.10",
"07-OCT-2025","ADANIPOWER","Adani Power Limited","GOLDMAN SACHS (SINGAPORE) PTE","SELL","41,50,207","151.99",
"07-OCT-2025","ADANIPOWER","Adani Power Limited","GOLDMAN SACHS BANK EUROPESE","BUY","41,50,207","151.99",
"07-OCT-2025","ASIANPAINT","Asian Paints Limited","GOLDMAN SACHS (SINGAPORE) PTE - ODI","SELL","1,80,538","2,368.00",
"07-OCT-2025","ASIANPAINT","Asian Paints Limited","GOLDMAN SACHS BANK EUROPE SE - ODI","BUY","1,80,538","2,368.00",
"07-OCT-2025","BAJAJHLDNG","Bajaj Holdings & Invs Ltd","GOLDMAN SACHS (SINGAPORE) PTE","SELL","36,863","11,802.00",
"07-OCT-2025","BAJAJHLDNG","Bajaj Holdings & Invs Ltd","GOLDMAN SACHS BANK EUROPESE","BUY","36,863","11,802.00",
"07-OCT-2025","BALKRISIND","Balkrishna Ind. Ltd","GOLDMAN SACHS (SINGAPORE) PTE","SELL","1,06,539","2,296.50",
"07-OCT-2025","BALKRISIND","Balkrishna Ind. Ltd","GOLDMAN SACHS BANK EUROPESE","BUY","1,06,539","2,296.50",
"07-OCT-2025","COROMANDEL","Coromandel Internl Ltd.","GOLDMAN SACHS (SINGAPORE) PTE","SELL","1,62,324","2,350.50",
"07-OCT-2025","COROMANDEL","Coromandel Internl Ltd.","GOLDMAN SACHS BANK EUROPESE","BUY","1,62,324","2,350.50",
"07-OCT-2025","FORTIS","Fortis Healthcare Limited","GOLDMAN SACHS (SINGAPORE) PTE - ODI","SELL","2,19,013","1,042.00",
"07-OCT-2025","FORTIS","Fortis Healthcare Limited","GOLDMAN SACHS BANK EUROPE SE - ODI","BUY","2,19,013","1,042.00",
"07-OCT-2025","HCLTECH","HCL Technologies Ltd.","GOLDMAN SACHS (SINGAPORE) PTE - ODI","SELL","2,00,818","1,439.00",
"07-OCT-2025","HCLTECH","HCL Technologies Ltd.","GOLDMAN SACHS BANK EUROPE SE - ODI","BUY","2,00,818","1,439.00",
"07-OCT-2025","HYUNDAI","Hyundai Motor India Ltd","GOLDMAN SACHS (SINGAPORE) PTE","SELL","2,22,666","2,480.80",
"07-OCT-2025","HYUNDAI","Hyundai Motor India Ltd","GOLDMAN SACHS BANK EUROPESE","BUY","2,22,666","2,480.80",
"07-OCT-2025","IDFCFIRSTB","IDFC First Bank Limited","GOLDMAN SACHS (SINGAPORE) PTE - ODI","SELL","1,10,00,000","71.75",
"07-OCT-2025","IDFCFIRSTB","IDFC First Bank Limited","GOLDMAN SACHS BANK EUROPE SE - ODI","BUY","1,10,00,000","71.75",
"07-OCT-2025","JSL","Jindal Stainless Limited","GOLDMAN SACHS (SINGAPORE) PTE","SELL","4,54,005","761.00",
"07-OCT-2025","JSL","Jindal Stainless Limited","GOLDMAN SACHS BANK EUROPESE","BUY","4,54,005","761.00",
"07-OCT-2025","LT","Larsen & Toubro Limited","GOLDMAN SACHS (SINGAPORE) PTE - ODI","SELL","72,035","3,740.00",
"07-OCT-2025","LT","Larsen & Toubro Limited","GOLDMAN SACHS BANK EUROPE SE - ODI","BUY","72,035","3,740.00",
"07-OCT-2025","MRF","MRF Ltd.","GOLDMAN SACHS (SINGAPORE) PTE","SELL","3,195","1,52,350.00",
"07-OCT-2025","MRF","MRF Ltd.","GOLDMAN SACHS BANK EUROPESE","BUY","3,195","1,52,350.00",
"07-OCT-2025","POLICYBZR","PB Fintech Limited","GOLDMAN SACHS (SINGAPORE) PTE - ODI","SELL","2,06,987","1,772.00",
"07-OCT-2025","POLICYBZR","PB Fintech Limited","GOLDMAN SACHS BANK EUROPE SE - ODI","BUY","2,06,987","1,772.00",
"07-OCT-2025","SAMMAANCAP","Sammaan Capital Limited","GOLDMAN SACHS (SINGAPORE) PTE - ODI","SELL","23,16,632","163.00",
"07-OCT-2025","SAMMAANCAP","Sammaan Capital Limited","GOLDMAN SACHS BANK EUROPE SE - ODI","BUY","23,16,632","163.00",
"07-OCT-2025","SBIN","State Bank of India","GOLDMAN SACHS (SINGAPORE) PTE - ODI","SELL","5,41,065","870.00",
"07-OCT-2025","SBIN","State Bank of India","GOLDMAN SACHS BANK EUROPE SE - ODI","BUY","5,41,065","870.00",
"07-OCT-2025","SUNDARMFIN","Sundaram Finance Ltd.","GOLDMAN SACHS (SINGAPORE) PTE","SELL","91,315","4,486.60",
"07-OCT-2025","SUNDARMFIN","Sundaram Finance Ltd.","GOLDMAN SACHS BANK EUROPESE","BUY","91,315","4,486.60",
"07-OCT-2025","SWIGGY","Swiggy Limited","GOLDMAN SACHS (SINGAPORE) PTE","SELL","12,10,536","421.55",
"07-OCT-2025","SWIGGY","Swiggy Limited","GOLDMAN SACHS BANK EUROPESE","BUY","12,10,536","421.55",
"07-OCT-2025","TATACOMM","Tata Communications Ltd.","GOLDMAN SACHS (SINGAPORE) PTE","SELL","1,57,166","1,658.50",
"07-OCT-2025","TATACOMM","Tata Communications Ltd.","GOLDMAN SACHS BANK EUROPESE","BUY","1,57,166","1,658.50",
"07-OCT-2025","VMM","Vishal Mega Mart Limited","GOLDMAN SACHS (SINGAPORE) PTE","SELL","28,73,980","150.63",
"07-OCT-2025","VMM","Vishal Mega Mart Limited","GOLDMAN SACHS BANK EUROPESE","BUY","28,73,980","150.63",
"07-OCT-2025","WAAREEENER","Waaree Energies Limited","GOLDMAN SACHS (SINGAPORE) PTE","SELL","1,18,604","3,441.50",
"07-OCT-2025","WAAREEENER","Waaree Energies Limited","GOLDMAN SACHS BANK EUROPESE","BUY","1,18,604","3,441.50",
"07-OCT-2025","YESBANK","Yes Bank Limited","GOLDMAN SACHS (SINGAPORE) PTE - ODI","SELL","1,46,63,226","22.30",
"07-OCT-2025","YESBANK","Yes Bank Limited","GOLDMAN SACHS BANK EUROPE SE - ODI","BUY","1,46,63,226","22.30",
"08-OCT-2025","ASIANPAINT","Asian Paints Limited","GOLDMAN SACHS (SINGAPORE) PTE - ODI","SELL","1,80,537","2,327.00",
"08-OCT-2025","ASIANPAINT","Asian Paints Limited","GOLDMAN SACHS BANK EUROPE SE - ODI","BUY","1,80,537","2,327.00",
"08-OCT-2025","EFCIL","EFC (I) Limited","ABAKKUS DIVERSIFIED ALPHA FUND - 2","BUY","3,50,000","296.10",
"08-OCT-2025","EFCIL","EFC (I) Limited","FORBES EMF","SELL","3,50,000","296.10",
"08-OCT-2025","HCLTECH","HCL Technologies Ltd.","GOLDMAN SACHS (SINGAPORE) PTE - ODI","SELL","2,00,817","1,451.00",
"08-OCT-2025","HCLTECH","HCL Technologies Ltd.","GOLDMAN SACHS BANK EUROPE SE - ODI","BUY","2,00,817","1,451.00",
"08-OCT-2025","IDFCFIRSTB","IDFC First Bank Limited","GOLDMAN SACHS (SINGAPORE) PTE - ODI","SELL","1,10,00,000","72.45",
"08-OCT-2025","IDFCFIRSTB","IDFC First Bank Limited","GOLDMAN SACHS BANK EUROPE SE - ODI","BUY","1,10,00,000","72.45",
"08-OCT-2025","LT","Larsen & Toubro Limited","GOLDMAN SACHS (SINGAPORE) PTE - ODI","SELL","72,034","3,749.00",
"08-OCT-2025","LT","Larsen & Toubro Limited","GOLDMAN SACHS BANK EUROPE SE - ODI","BUY","72,034","3,749.00",
"08-OCT-2025","POLICYBZR","PB Fintech Limited","GOLDMAN SACHS (SINGAPORE) PTE - ODI","SELL","2,06,987","1,769.00",
"08-OCT-2025","POLICYBZR","PB Fintech Limited","GOLDMAN SACHS BANK EUROPE SE - ODI","BUY","2,06,987","1,769.00",
"08-OCT-2025","SBIN","State Bank of India","GOLDMAN SACHS (SINGAPORE) PTE - ODI","SELL","5,41,064","861.50",
"08-OCT-2025","SBIN","State Bank of India","GOLDMAN SACHS BANK EUROPE SE - ODI","BUY","5,41,064","861.50",
"08-OCT-2025","YESBANK","Yes Bank Limited","GOLDMAN SACHS (SINGAPORE) PTE - ODI","SELL","1,46,63,226","22.17",
"08-OCT-2025","YESBANK","Yes Bank Limited","GOLDMAN SACHS BANK EUROPE SE - ODI","BUY","1,46,63,226","22.17",
"09-OCT-2025","DIVISLAB","Divi's Laboratories Limit","GOLDMAN SACHS (SINGAPORE) PTE - ODI","SELL","33,108","6,120.50",
"09-OCT-2025","DIVISLAB","Divi's Laboratories Limit","GOLDMAN SACHS BANK EUROPE SE - ODI","BUY","33,108","6,120.50",
"09-OCT-2025","DIXON","Dixon Techno (India) Ltd","GOLDMAN SACHS (SINGAPORE) PTE - ODI","SELL","6,135","16,859.00",
"09-OCT-2025","DIXON","Dixon Techno (India) Ltd","GOLDMAN SACHS BANK EUROPE SE - ODI","BUY","6,135","16,859.00",
"09-OCT-2025","HDFCAMC","HDFC AMC Limited","GOLDMAN SACHS (SINGAPORE) PTE - ODI","SELL","39,677","5,475.50",
"09-OCT-2025","HDFCAMC","HDFC AMC Limited","GOLDMAN SACHS BANK EUROPE SE - ODI","BUY","39,677","5,475.50",
"09-OCT-2025","HDFCBANK","HDFC Bank Ltd.","GOLDMAN SACHS (SINGAPORE) PTE - ODI","SELL","1,14,327","978.70",
"09-OCT-2025","HDFCBANK","HDFC Bank Ltd.","GOLDMAN SACHS BANK EUROPE SE - ODI","BUY","1,14,327","978.70",
"09-OCT-2025","HINDALCO","Hindalco Ind Ltd.","GOLDMAN SACHS (SINGAPORE) PTE - ODI","SELL","1,31,098","768.20",
"09-OCT-2025","HINDALCO","Hindalco Ind Ltd.","GOLDMAN SACHS BANK EUROPE SE - ODI","BUY","1,31,098","768.20",
"09-OCT-2025","HONAUT","Honeywell Auto India Ltd.","GOLDMAN SACHS (SINGAPORE) PTE - ODI","SELL","7,782","36,200.00",
"09-OCT-2025","HONAUT","Honeywell Auto India Ltd.","GOLDMAN SACHS BANK EUROPE SE - ODI","BUY","7,782","36,200.00",
"09-OCT-2025","M&M","Mah & Mah Ltd.","GOLDMAN SACHS (SINGAPORE) PTE - ODI","SELL","49,893","3,449.00",
"09-OCT-2025","M&M","Mah & Mah Ltd.","GOLDMAN SACHS BANK EUROPE SE - ODI","BUY","49,893","3,449.00",
"09-OCT-2025","POLYMED","Poly Medicure Limited","GOLDMAN SACHS (SINGAPORE) PTE - ODI","SELL","2,64,142","1,902.00",
"09-OCT-2025","POLYMED","Poly Medicure Limited","GOLDMAN SACHS BANK EUROPE SE - ODI","BUY","2,64,142","1,902.00",
"09-OCT-2025","SAMMAANCAP","Sammaan Capital Limited","GOLDMAN SACHS (SINGAPORE) PTE - ODI","SELL","18,20,792","159.08",
"09-OCT-2025","SAMMAANCAP","Sammaan Capital Limited","GOLDMAN SACHS BANK EUROPE SE - ODI","BUY","18,20,792","159.08",
"09-OCT-2025","SUNPHARMA","Sun Pharma Industries Ltd","GOLDMAN SACHS (SINGAPORE) PTE - ODI","SELL","1,48,233","1,631.60",
"09-OCT-2025","SUNPHARMA","Sun Pharma Industries Ltd","GOLDMAN SACHS BANK EUROPE SE - ODI","BUY","1,48,233","1,631.60",
"09-OCT-2025","TATAMOTORS","Tata Motors Limited","GOLDMAN SACHS (SINGAPORE) PTE - ODI","SELL","4,10,020","681.55",
"09-OCT-2025","TATAMOTORS","Tata Motors Limited","GOLDMAN SACHS BANK EUROPE SE - ODI","BUY","4,10,020","681.55",
"10-OCT-2025","APTUS","Aptus Value Hsg Fin I Ltd","WF ASIAN RECONNAISSANCE FUND LIMITED","SELL","1,92,96,160","309.50",
"10-OCT-2025","APTUS","Aptus Value Hsg Fin I Ltd","WF ASIAN SMALLER COMPANIES FUND LIMITED","BUY","1,92,96,160","309.50",
"13-OCT-2025","BANKBARODA","Bank of Baroda","GOLDMAN SACHS (SINGAPORE) PTE - ODI","SELL","4,97,965","267.50",
"13-OCT-2025","BANKBARODA","Bank of Baroda","GOLDMAN SACHS BANK EUROPE SE - ODI","BUY","4,97,965","267.50",
"13-OCT-2025","CANBK","Canara Bank","GOLDMAN SACHS (SINGAPORE) PTE - ODI","SELL","8,28,660","127.00",
"13-OCT-2025","CANBK","Canara Bank","GOLDMAN SACHS BANK EUROPE SE - ODI","BUY","8,28,660","127.00",
"13-OCT-2025","COALINDIA","Coal India Ltd","GOLDMAN SACHS (SINGAPORE) PTE - ODI","SELL","5,78,569","381.50",
"13-OCT-2025","COALINDIA","Coal India Ltd","GOLDMAN SACHS BANK EUROPE SE - ODI","BUY","5,78,569","381.50",
"13-OCT-2025","COFORGE","Coforge Limited","GOLDMAN SACHS (SINGAPORE) PTE - ODI","SELL","58,319","1,715.00",
"13-OCT-2025","COFORGE","Coforge Limited","GOLDMAN SACHS BANK EUROPE SE - ODI","BUY","58,319","1,715.00",
"13-OCT-2025","HDFCBANK","HDFC Bank Ltd.","GOLDMAN SACHS (SINGAPORE) PTE - ODI","SELL","2,72,219","978.50",
"13-OCT-2025","HDFCBANK","HDFC Bank Ltd.","GOLDMAN SACHS BANK EUROPE SE - ODI","BUY","2,72,219","978.50",
"13-OCT-2025","LUPIN","Lupin Limited","GOLDMAN SACHS (SINGAPORE) PTE - ODI","SELL","81,892","1,977.00",
"13-OCT-2025","LUPIN","Lupin Limited","GOLDMAN SACHS BANK EUROPE SE - ODI","BUY","81,892","1,977.00",
"13-OCT-2025","MANKIND","Mankind Pharma Limited","GOLDMAN SACHS (SINGAPORE) PTE - ODI","SELL","42,245","2,440.00",
"13-OCT-2025","MANKIND","Mankind Pharma Limited","GOLDMAN SACHS BANK EUROPE SE - ODI","BUY","42,245","2,440.00",
"13-OCT-2025","PVRINOX","PVR INOX Limited","GOLDMAN SACHS (SINGAPORE) PTE - ODI","SELL","1,41,767","1,100.00",
"13-OCT-2025","PVRINOX","PVR INOX Limited","GOLDMAN SACHS BANK EUROPE SE - ODI","BUY","1,41,767","1,100.00",
"13-OCT-2025","SHREECEM","SHREE CEMENT LIMITED","GOLDMAN SACHS (SINGAPORE) PTE - ODI","SELL","4,837","29,630.00",
"13-OCT-2025","SHREECEM","SHREE CEMENT LIMITED","GOLDMAN SACHS BANK EUROPE SE - ODI","BUY","4,837","29,630.00",
"13-OCT-2025","SOLARINDS","Solar Industries (I) Ltd","GOLDMAN SACHS (SINGAPORE) PTE - ODI","SELL","8,575","14,005.00",
"13-OCT-2025","SOLARINDS","Solar Industries (I) Ltd","GOLDMAN SACHS BANK EUROPE SE - ODI","BUY","8,575","14,005.00",
"13-OCT-2025","VEDL","Vedanta Limited","GOLDMAN SACHS (SINGAPORE) PTE - ODI","SELL","2,67,412","478.00",
"13-OCT-2025","VEDL","Vedanta Limited","GOLDMAN SACHS BANK EUROPE SE - ODI","BUY","2,67,412","478.00",
"14-OCT-2025","APOLLO","Apollo Micro Systems Ltd","GOLDMAN SACHS (SINGAPORE) PTE - ODI","SELL","5,95,649","301.05",
"14-OCT-2025","APOLLO","Apollo Micro Systems Ltd","GOLDMAN SACHS BANK EUROPE SE - ODI","BUY","5,95,649","301.05",
"14-OCT-2025","ATHERENERG","Ather Energy Limited","GOLDMAN SACHS (SINGAPORE) PTE - ODI","SELL","3,01,873","609.50",
"14-OCT-2025","ATHERENERG","Ather Energy Limited","GOLDMAN SACHS BANK EUROPE SE - ODI","BUY","3,01,873","609.50",
"14-OCT-2025","BANKBARODA","Bank of Baroda","GOLDMAN SACHS (SINGAPORE) PTE - ODI","SELL","4,97,964","264.50",
"14-OCT-2025","BANKBARODA","Bank of Baroda","GOLDMAN SACHS BANK EUROPE SE - ODI","BUY","4,97,964","264.50",
"14-OCT-2025","COALINDIA","Coal India Ltd","GOLDMAN SACHS (SINGAPORE) PTE - ODI","SELL","5,42,293","381.00",
"14-OCT-2025","COALINDIA","Coal India Ltd","GOLDMAN SACHS BANK EUROPE SE - ODI","BUY","5,42,293","381.00",
"14-OCT-2025","COFORGE","Coforge Limited","GOLDMAN SACHS (SINGAPORE) PTE - ODI","SELL","70,601","1,701.00",
"14-OCT-2025","COFORGE","Coforge Limited","GOLDMAN SACHS BANK EUROPE SE - ODI","BUY","70,601","1,701.00",
"14-OCT-2025","ICICIBANK","ICICI Bank Ltd.","GOLDMAN SACHS (SINGAPORE) PTE - ODI","SELL","1,41,886","1,382.50",
"14-OCT-2025","ICICIBANK","ICICI Bank Ltd.","GOLDMAN SACHS BANK EUROPE SE - ODI","BUY","1,41,886","1,382.50",
"14-OCT-2025","LUPIN","Lupin Limited","GOLDMAN SACHS (SINGAPORE) PTE - ODI","SELL","60,035","1,937.50",
"14-OCT-2025","LUPIN","Lupin Limited","GOLDMAN SACHS BANK EUROPE SE - ODI","BUY","60,035","1,937.50",
"14-OCT-2025","MANKIND","Mankind Pharma Limited","GOLDMAN SACHS (SINGAPORE) PTE - ODI","SELL","55,000","2,430.00",
"14-OCT-2025","MANKIND","Mankind Pharma Limited","GOLDMAN SACHS BANK EUROPE SE - ODI","BUY","55,000","2,430.00",
"14-OCT-2025","MFSL","Max Fin Serv Ltd","GOLDMAN SACHS (SINGAPORE) PTE - ODI","SELL","85,630","1,613.50",
"14-OCT-2025","MFSL","Max Fin Serv Ltd","GOLDMAN SACHS BANK EUROPE SE - ODI","BUY","85,630","1,613.50",
"14-OCT-2025","PNBHOUSING","PNB Housing Fin Ltd.","GOLDMAN SACHS (SINGAPORE) PTE - ODI","SELL","1,58,034","839.00",
"14-OCT-2025","PNBHOUSING","PNB Housing Fin Ltd.","GOLDMAN SACHS BANK EUROPE SE - ODI","BUY","1,58,034","839.00",
"14-OCT-2025","PVRINOX","PVR INOX Limited","GOLDMAN SACHS (SINGAPORE) PTE - ODI","SELL","1,93,538","1,110.00",
"14-OCT-2025","PVRINOX","PVR INOX Limited","GOLDMAN SACHS BANK EUROPE SE - ODI","BUY","1,93,538","1,110.00",
"14-OCT-2025","SHREECEM","SHREE CEMENT LIMITED","GOLDMAN SACHS (SINGAPORE) PTE - ODI","SELL","4,836","29,530.00",
"14-OCT-2025","SHREECEM","SHREE CEMENT LIMITED","GOLDMAN SACHS BANK EUROPE SE - ODI","BUY","4,836","29,530.00",
"14-OCT-2025","VEDL","Vedanta Limited","GOLDMAN SACHS (SINGAPORE) PTE - ODI","SELL","2,67,411","478.00",
"14-OCT-2025","VEDL","Vedanta Limited","GOLDMAN SACHS BANK EUROPE SE - ODI","BUY","2,67,411","478.00",
"14-OCT-2025","ZAGGLE","Zaggle Prepa Ocean Ser L","GOLDMAN SACHS (SINGAPORE) PTE - ODI","SELL","4,08,320","343.50",
"14-OCT-2025","ZAGGLE","Zaggle Prepa Ocean Ser L","GOLDMAN SACHS BANK EUROPE SE - ODI","BUY","4,08,320","343.50",
"15-OCT-2025","APOLLO","Apollo Micro Systems Ltd","GOLDMAN SACHS (SINGAPORE) PTE - ODI","SELL","3,97,100","292.50",
"15-OCT-2025","APOLLO","Apollo Micro Systems Ltd","GOLDMAN SACHS BANK EUROPE SE - ODI","BUY","3,97,100","292.50",
"15-OCT-2025","ATHERENERG","Ather Energy Limited","GOLDMAN SACHS (SINGAPORE) PTE - ODI","SELL","2,01,248","628.50",
"15-OCT-2025","ATHERENERG","Ather Energy Limited","GOLDMAN SACHS BANK EUROPE SE - ODI","BUY","2,01,248","628.50",
"15-OCT-2025","CANBK","Canara Bank","GOLDMAN SACHS (SINGAPORE) PTE - ODI","SELL","10,22,108","128.00",
"15-OCT-2025","CANBK","Canara Bank","GOLDMAN SACHS BANK EUROPE SE - ODI","BUY","10,22,108","128.00",
"15-OCT-2025","KAYNES","Kaynes Technology Ind Ltd","GOLDMAN SACHS (SINGAPORE) PTE - ODI","SELL","67,702","6,940.00",
"15-OCT-2025","KAYNES","Kaynes Technology Ind Ltd","GOLDMAN SACHS BANK EUROPE SE - ODI","BUY","67,702","6,940.00",
"16-OCT-2025","AEGISVOPAK","Aegis Vopak Terminals Ltd","GOLDMAN SACHS (SINGAPORE) PTE.- ODI","SELL","4,96,666","285.50",
"16-OCT-2025","AEGISVOPAK","Aegis Vopak Terminals Ltd","GOLDMAN SACHS BANK EUROPESE - ODI","BUY","4,96,666","285.50",
"16-OCT-2025","ANANTRAJ","Anant Raj Industries Limi","GOLDMAN SACHS (SINGAPORE) PTE.- ODI","SELL","1,71,094","637.50",
"16-OCT-2025","ANANTRAJ","Anant Raj Industries Limi","GOLDMAN SACHS BANK EUROPESE - ODI","BUY","1,71,094","637.50",
"16-OCT-2025","ASTERDM","Aster DM Healthcare Ltd.","GOLDMAN SACHS (SINGAPORE) PTE.- ODI","SELL","2,44,229","697.50",
"16-OCT-2025","ASTERDM","Aster DM Healthcare Ltd.","GOLDMAN SACHS BANK EUROPESE - ODI","BUY","2,44,229","697.50",
"16-OCT-2025","AUBANK","AU Small Finance Bank Ltd","GOLDMAN SACHS (SINGAPORE) PTE.- ODI","SELL","1,34,120","804.50",
"16-OCT-2025","AUBANK","AU Small Finance Bank Ltd","GOLDMAN SACHS BANK EUROPESE - ODI","BUY","1,34,120","804.50",
"16-OCT-2025","AUROPHARMA","Aurobindo Pharma Ltd.","GOLDMAN SACHS (SINGAPORE) PTE.- ODI","SELL","1,06,228","1,107.00",
"16-OCT-2025","AUROPHARMA","Aurobindo Pharma Ltd.","GOLDMAN SACHS BANK EUROPESE - ODI","BUY","1,06,228","1,107.00",
"16-OCT-2025","BLUESTARCO","Blue Star Ltd.","GOLDMAN SACHS (SINGAPORE) PTE.- ODI","SELL","94,851","1,953.00",
"16-OCT-2025","BLUESTARCO","Blue Star Ltd.","GOLDMAN SACHS BANK EUROPESE - ODI","BUY","94,851","1,953.00",
"16-OCT-2025","CIPLA","Cipla Ltd","GOLDMAN SACHS (SINGAPORE) PTE.- ODI","SELL","91,604","1,565.00",
"16-OCT-2025","CIPLA","Cipla Ltd","GOLDMAN SACHS BANK EUROPESE - ODI","BUY","91,604","1,565.00",
"16-OCT-2025","DLF","DLF Limited","GOLDMAN SACHS (SINGAPORE) PTE.- ODI","SELL","1,47,493","767.50",
"16-OCT-2025","DLF","DLF Limited","GOLDMAN SACHS BANK EUROPESE - ODI","BUY","1,47,493","767.50",
"16-OCT-2025","ETERNAL","ETERNAL LIMITED","GOLDMAN SACHS (SINGAPORE) PTE.- ODI","SELL","73,01,403","349.50",
"16-OCT-2025","ETERNAL","ETERNAL LIMITED","GOLDMAN SACHS BANK EUROPESE - ODI","BUY","73,01,403","349.50",
"16-OCT-2025","HYUNDAI","Hyundai Motor India Ltd","GOLDMAN SACHS (SINGAPORE) PTE.- ODI","SELL","48,291","2,349.50",
"16-OCT-2025","HYUNDAI","Hyundai Motor India Ltd","GOLDMAN SACHS BANK EUROPESE - ODI","BUY","48,291","2,349.50",
"16-OCT-2025","JKCEMENT","JK Cement Limited","GOLDMAN SACHS (SINGAPORE) PTE.- ODI","SELL","22,666","6,590.00",
"16-OCT-2025","JKCEMENT","JK Cement Limited","GOLDMAN SACHS BANK EUROPESE - ODI","BUY","22,666","6,590.00",
"16-OCT-2025","METROPOLIS","Metropolis Healthcare Ltd","GOLDMAN SACHS (SINGAPORE) PTE.- ODI","SELL","55,000","1,944.00",
"16-OCT-2025","METROPOLIS","Metropolis Healthcare Ltd","GOLDMAN SACHS BANK EUROPESE - ODI","BUY","55,000","1,944.00",
"16-OCT-2025","NUVAMA","Nuvama Wealth Manage Ltd","GOLDMAN SACHS (SINGAPORE) PTE.- ODI","SELL","18,270","7,227.00",
"16-OCT-2025","NUVAMA","Nuvama Wealth Manage Ltd","GOLDMAN SACHS BANK EUROPESE - ODI","BUY","18,270","7,227.00",
"16-OCT-2025","PARADEEP","Paradeep Phosphates Ltd","GOLDMAN SACHS (SINGAPORE) PTE.- ODI","SELL","6,17,043","178.40",
"16-OCT-2025","PARADEEP","Paradeep Phosphates Ltd","GOLDMAN SACHS BANK EUROPESE - ODI","BUY","6,17,043","178.40",
"16-OCT-2025","PATANJALI","Patanjali Foods Limited","GOLDMAN SACHS (SINGAPORE) PTE.- ODI","SELL","3,00,000","591.00",
"16-OCT-2025","PATANJALI","Patanjali Foods Limited","GOLDMAN SACHS BANK EUROPESE - ODI","BUY","3,00,000","591.00",
"16-OCT-2025","PNB","Punjab National Bank","GOLDMAN SACHS (SINGAPORE) PTE.- ODI","SELL","12,09,279","117.00",
"16-OCT-2025","PNB","Punjab National Bank","GOLDMAN SACHS BANK EUROPESE - ODI","BUY","12,09,279","117.00",
"16-OCT-2025","POWERINDIA","Hitachi Energy India Ltd","GOLDMAN SACHS (SINGAPORE) PTE.- ODI","SELL","10,510","17,703.00",
"16-OCT-2025","POWERINDIA","Hitachi Energy India Ltd","GOLDMAN SACHS BANK EUROPESE - ODI","BUY","10,510","17,703.00",
"16-OCT-2025","RADICO","Radico Khaitan Limited","GOLDMAN SACHS (SINGAPORE) PTE.- ODI","SELL","41,182","3,005.00",
"16-OCT-2025","RADICO","Radico Khaitan Limited","GOLDMAN SACHS BANK EUROPESE - ODI","BUY","41,182","3,005.00",
"16-OCT-2025","SAMHI","Samhi Hotels Limited","GOLDMAN SACHS (SINGAPORE) PTE.- ODI","SELL","5,91,052","197.70",
"16-OCT-2025","SAMHI","Samhi Hotels Limited","GOLDMAN SACHS BANK EUROPESE - ODI","BUY","5,91,052","197.70",
"16-OCT-2025","TECHM","Tech Mahindra Limited","GOLDMAN SACHS (SINGAPORE) PTE.- ODI","SELL","1,02,050","1,464.00",
"16-OCT-2025","TECHM","Tech Mahindra Limited","GOLDMAN SACHS BANK EUROPESE - ODI","BUY","1,02,050","1,464.00",
"16-OCT-2025","VERANDA","Veranda Learning Sol Ltd","GOLDMAN SACHS (SINGAPORE) PTE.- ODI","SELL","7,60,870","230.50",
"16-OCT-2025","VERANDA","Veranda Learning Sol Ltd","GOLDMAN SACHS BANK EUROPESE - ODI","BUY","7,60,870","230.50",
"20-OCT-2025","BLISSGVS","Bliss GVS Pharma Ltd","ARIAN INVESTMENT LTD","SELL","26,00,000","150.60",
"20-OCT-2025","BLISSGVS","Bliss GVS Pharma Ltd","MATEUS LTD","BUY","26,00,000","150.60",
"20-OCT-2025","CEIGALL","Ceigall India Limited","GOLDMAN SACHS (SINGAPORE) PTE - ODI","SELL","4,09,132","252.00",
"20-OCT-2025","CEIGALL","Ceigall India Limited","GOLDMAN SACHS BANK EUROPE SE - ODI","BUY","4,09,132","252.00",
"20-OCT-2025","LALPATHLAB","Dr. Lal Path Labs Ltd.","GOLDMAN SACHS (SINGAPORE) PTE - ODI","SELL","33,414","3,160.00",
"20-OCT-2025","LALPATHLAB","Dr. Lal Path Labs Ltd.","GOLDMAN SACHS BANK EUROPE SE - ODI","BUY","33,414","3,160.00",
"20-OCT-2025","LGEINDIA","LG Electronics India Ltd","BOFA SECURITIES EUROPE SA","BUY","66,700","1,656.00",
"20-OCT-2025","LGEINDIA","LG Electronics India Ltd","NR 1 SP","SELL","66,700","1,656.00",
"20-OCT-2025","ONGC","Oil & Natural Gas Corp","GOLDMAN SACHS (SINGAPORE) PTE - ODI","SELL","4,19,742","247.00",
"20-OCT-2025","ONGC","Oil & Natural Gas Corp","GOLDMAN SACHS BANK EUROPE SE - ODI","BUY","4,19,742","247.00",
"24-OCT-2025","CGPOWER","CG Power & Ind. Sol. Ltd.","PI OPPORTUNITIES AIF V LLP","BUY","13,71,836","725.10",
"24-OCT-2025","CGPOWER","CG Power & Ind. Sol. Ltd.","PIONEER INVESTMENT FUND","SELL","13,71,836","725.10",
"24-OCT-2025","EICHERMOT","Eicher Motors Ltd","PI OPPORTUNITIES AIF V LLP","BUY","1,46,252","6,803.50",
"24-OCT-2025","EICHERMOT","Eicher Motors Ltd","PIONEER INVESTMENT FUND","SELL","1,46,252","6,803.50",
"27-OCT-2025","360ONE","360 ONE WAM LIMITED","WF ASIAN RECONNAISSANCE FUND LIMITED","SELL","43,85,856","1,179.70",
"27-OCT-2025","360ONE","360 ONE WAM LIMITED","WF ASIAN SMALLER COMPANIES FUND LIMITED","SELL","9,44,272","1,179.70",
"27-OCT-2025","360ONE","360 ONE WAM LIMITED","WF ASIAN SMALLER COMPANIES FUND LIMITED","BUY","53,30,128","1,179.70",
"28-OCT-2025","ABCAPITAL","Aditya Birla Capital Ltd.","GOLDMAN SACHS BANK EUROPE SE","BUY","7,14,802","308.00",
"28-OCT-2025","ABCAPITAL","Aditya Birla Capital Ltd.","GOLDMAN SACHS BANK EUROPE SE","BUY","8,57,763","308.00",
"28-OCT-2025","ABCAPITAL","Aditya Birla Capital Ltd.","HDFC LIFE INSURANCE COMPANY LIMITED","BUY","25,00,000","308.00",
"28-OCT-2025","ABCAPITAL","Aditya Birla Capital Ltd.","ICICI PRUDENTIAL LIFE INSURANCE COMPANY LIMITED","BUY","10,55,195","308.00",
"28-OCT-2025","ABCAPITAL","Aditya Birla Capital Ltd.","ITI MUTUAL FUND","BUY","22,72,727","308.00",
"28-OCT-2025","ABCAPITAL","Aditya Birla Capital Ltd.","JOMEI INVESTMENTS LIMITED","SELL","2,66,00,000","308.00",
"28-OCT-2025","ABCAPITAL","Aditya Birla Capital Ltd.","MORGAN STANLEY ASIA SINGAPORE PTE","BUY","17,15,526","308.00",
"28-OCT-2025","ABCAPITAL","Aditya Birla Capital Ltd.","MORGAN STANLEY ASIA SINGAPORE PTE","BUY","22,56,435","308.00",
"28-OCT-2025","ABCAPITAL","Aditya Birla Capital Ltd.","MORGAN STANLEY IFSC FUND","BUY","5,71,842","308.00",
"28-OCT-2025","ABCAPITAL","Aditya Birla Capital Ltd.","MOTILAL OSWAL MUTUAL FUND","BUY","12,98,701","308.00",
"28-OCT-2025","ABCAPITAL","Aditya Birla Capital Ltd.","NORGES BANK ON ACCOUNT OF THE GOVERNMENT PENSION FUND GLOBAL","BUY","32,58,225","308.00",
"28-OCT-2025","ABCAPITAL","Aditya Birla Capital Ltd.","PLUTUS WEALTH MANAGEMENT LLP","BUY","32,35,505","308.00",
"28-OCT-2025","ABCAPITAL","Aditya Birla Capital Ltd.","PLUTUS WEALTH MANAGEMENT LLP","BUY","32,58,000","308.00",
"28-OCT-2025","ABCAPITAL","Aditya Birla Capital Ltd.","SBI MUTUAL FUND","BUY","16,23,377","308.00",
"28-OCT-2025","ABCAPITAL","Aditya Birla Capital Ltd.","SOCIETE GENERALE","BUY","3,30,000","308.00",
"28-OCT-2025","ABCAPITAL","Aditya Birla Capital Ltd.","VIRIDIAN ASIA OPPORTUNITIES MASTER FUND","BUY","16,51,902","308.00",
"30-OCT-2025","RELIANCE","Reliance Industries Ltd","BOFA SECURITIES EUROPE SA","BUY","2,95,600","1,475.50",
"30-OCT-2025","RELIANCE","Reliance Industries Ltd","KADENSA MASTER FUND","SELL","2,95,600","1,475.50",
"04-NOV-2025","HNDFDS","Hindustan Foods Limited","INFINITY HOLDINGS","SELL","14,64,530","529.65",
"04-NOV-2025","HNDFDS","Hindustan Foods Limited","INFINITY PORTFOLIO HOLDINGS","BUY","14,64,530","529.65",
"06-NOV-2025","RBLBANK","RBL Bank Limited","ABU DHABI INVESTMENT AUTHORITY","BUY","3,14,998","320.65",
"06-NOV-2025","RBLBANK","RBL Bank Limited","ADITYA BIRLA SUN LIFE MUTUAL FUND","BUY","20,83,149","320.65",
"06-NOV-2025","RBLBANK","RBL Bank Limited","BOFA SECURITIES EUROPE SA","BUY","13,64,428","320.65",
"06-NOV-2025","RBLBANK","RBL Bank Limited","CITIGROUP GLOBAL MARKETS MAURITIUS PRIVATE LIMITED","BUY","4,14,644","320.65",
"06-NOV-2025","RBLBANK","RBL Bank Limited","GOLDMAN SACHS BANK EUROPE SE","BUY","9,67,504","320.65",
"06-NOV-2025","RBLBANK","RBL Bank Limited","GOLDMAN SACHS BANK EUROPE SE ODI","BUY","3,31,715","320.65",
"06-NOV-2025","RBLBANK","RBL Bank Limited","HDFC STANDARD LIFE INSURANCE COMPANY LTD","BUY","8,29,289","320.65",
"06-NOV-2025","RBLBANK","RBL Bank Limited","HSBC MUTUAL FUND","BUY","56,61,938","320.65",
"06-NOV-2025","RBLBANK","RBL Bank Limited","KOTAK MAHINDRA MUTUAL FUND","BUY","17,79,075","320.65",
"06-NOV-2025","RBLBANK","RBL Bank Limited","MAHINDRA & MAHINDRA LIMITED","SELL","2,11,43,000","320.65",
"06-NOV-2025","RBLBANK","RBL Bank Limited","MORGAN STANLEY ASIA SINGAPORE PTE","BUY","16,40,859","320.65",
"06-NOV-2025","RBLBANK","RBL Bank Limited","MORGAN STANLEY ASIA SINGAPORE PTE","BUY","11,05,722","320.65",
"06-NOV-2025","RBLBANK","RBL Bank Limited","MORGAN STANLEY IFSC FUND","BUY","5,52,859","320.65",
"06-NOV-2025","RBLBANK","RBL Bank Limited","SBI MUTUAL FUND","BUY","9,35,599","320.65",
"06-NOV-2025","RBLBANK","RBL Bank Limited","SOCIETE GENERALE ODI","BUY","31,61,221","320.65",
"10-NOV-2025","APOLLOHOSP","Apollo Hospitals Ltd","BOFA SECURITIES EUROPE SA","BUY","92,363","7,474.00",
"10-NOV-2025","APOLLOHOSP","Apollo Hospitals Ltd","GOLDMAN SACHS BANK EUROPESE-ODI","SELL","92,363","7,474.00",
"10-NOV-2025","ICICIBANK","ICICI Bank Ltd.","BOFA SECURITIES EUROPE SA","BUY","1,41,886","1,332.00",
"10-NOV-2025","ICICIBANK","ICICI Bank Ltd.","GOLDMAN SACHS BANK EUROPESE-ODI","SELL","1,41,886","1,332.00",
"10-NOV-2025","KAYNES","Kaynes Technology Ind Ltd","BLUEPEARL MAP I LP","BUY","65,241","6,498.00",
"10-NOV-2025","KAYNES","Kaynes Technology Ind Ltd","GOLDMAN SACHS BANK EUROPESE-ODI","SELL","67,702","6,498.00",
"10-NOV-2025","KAYNES","Kaynes Technology Ind Ltd","KADENSA MASTER FUND","BUY","2,461","6,498.00",
"12-NOV-2025","SINDHUTRAD","Sindhu Trade Links Ltd","INDUS SHARESHREE PRIVATE LIMITED","SELL","59,00,000","24.00",
"12-NOV-2025","SINDHUTRAD","Sindhu Trade Links Ltd","VIVEK MUNDRA","BUY","59,00,000","24.00",
"13-NOV-2025","ATHERENERG","Ather Energy Limited","ASHOKA WHITEOAK ICAV - ASHOKA WHITEOAK EMERGING MARKETS EQUITY FUND","BUY","4,01,703","622.35",
"13-NOV-2025","ATHERENERG","Ather Energy Limited","EDELWEISS MUTUAL FUND","BUY","8,03,407","622.35",
"13-NOV-2025","ATHERENERG","Ather Energy Limited","GHISALLO MASTER FUND LP","BUY","1,62,000","622.35",
"13-NOV-2025","ATHERENERG","Ather Energy Limited","INDIA ACORN ICAV SUB A/C. ASHOKA INDIA OPPORTUNITIES FUND","BUY","4,01,704","622.35",
"13-NOV-2025","ATHERENERG","Ather Energy Limited","INVESCO  MUTUAL  FUND","BUY","9,64,088","622.35",
"13-NOV-2025","ATHERENERG","Ather Energy Limited","INVESCO MUTUAL FUND","BUY","9,64,088","622.35",
"13-NOV-2025","ATHERENERG","Ather Energy Limited","MOTILAL  OSWAL  MUTUAL  FUND","BUY","12,05,110","622.35",
"13-NOV-2025","ATHERENERG","Ather Energy Limited","MOTILAL OSWAL MUTUAL FUND","BUY","12,05,110","622.35",
"13-NOV-2025","ATHERENERG","Ather Energy Limited","NATIONAL INVESTMENT AND INFRASTRUCTURE FUND-II","SELL","37,27,810","622.35",
"13-NOV-2025","ATHERENERG","Ather Energy Limited","NATIONAL INVESTMENT AND INFRASTRUCTURE FUND-II","SELL","49,74,309","622.35",
"13-NOV-2025","ATHERENERG","Ather Energy Limited","PARAM CAPITAL","BUY","16,00,000","622.35",
"13-NOV-2025","ATHERENERG","Ather Energy Limited","SOCIETE GENERALE","BUY","9,94,909","622.35",
"13-NOV-2025","AXISBANK","Axis Bank Limited","BOFA SECURITIES EUROPE SA","SELL","91,177","1,221.60",
"13-NOV-2025","AXISBANK","Axis Bank Limited","SOCIETE GENERALE","BUY","91,177","1,221.60",
"13-NOV-2025","SAMMAANCAP","Sammaan Capital Limited","CITIGROUP GLOBAL MARKETS MAURITIUS PVT LTD","SELL","37,41,595","176.97",
"13-NOV-2025","SAMMAANCAP","Sammaan Capital Limited","MORGAN STANLEY ASIA SINGAPORE PTE","SELL","50,82,676","176.97",
"13-NOV-2025","SAMMAANCAP","Sammaan Capital Limited","SOCIETE GENERALE","BUY","88,24,271","176.97",
"13-NOV-2025","TATACAP","Tata Capital Limited","MARSHALL WACE INVESTMENT STRATEGIES - EUREKA FUND","SELL","11,53,013","325.20",
"13-NOV-2025","TATACAP","Tata Capital Limited","SOCIETE GENERALE","BUY","11,53,013","325.20",
"14-NOV-2025","RAIN","Rain Industries Limited","FIRST WATER FUND","BUY","26,00,000","120.00",
"14-NOV-2025","RAIN","Rain Industries Limited","HARESH TIKAMDAS KASWANI","SELL","12,00,000","120.00",
"14-NOV-2025","RAIN","Rain Industries Limited","K2 FAMILY PRIVATE TRUST","SELL","14,00,000","120.00",
"14-NOV-2025","SHAILY","Shaily Eng Plastics Ltd","AMIT MAHENDRA SANGHVI","SELL","1,00,000","2,585.10",
"14-NOV-2025","SHAILY","Shaily Eng Plastics Ltd","LAXMAN SANGHVI","SELL","50,000","2,585.10",
"14-NOV-2025","SHAILY","Shaily Eng Plastics Ltd","MORGAN STANLEY IFSC FUND","BUY","40,000","2,585.10",
"14-NOV-2025","SHAILY","Shaily Eng Plastics Ltd","MOTILAL OSWAL MUTUAL FUND","BUY","12,000","2,585.10",
"14-NOV-2025","SHAILY","Shaily Eng Plastics Ltd","MOTILAL OSWAL MUTUAL FUND","BUY","38,000","2,585.10",
"14-NOV-2025","SHAILY","Shaily Eng Plastics Ltd","S I INVESTMENTS ## BROKING PVT.LTD","BUY","60,000","2,585.10",
"17-NOV-2025","ONESOURCE","Onesource Specl Pharma L","AMANSA HOLDING PRIVATE LTD.","SELL","2,00,000","1,735.00",
"17-NOV-2025","ONESOURCE","Onesource Specl Pharma L","KARUNA BUSINESS SOLUTIONS LLP","BUY","2,00,000","1,735.00",
"18-NOV-2025","ADANIENSOL","Adani Energy Solution Ltd","GQG PARTNERS EMERGING MARKETS EQUITY CIT","BUY","16,83,797","1,021.55",
"18-NOV-2025","ADANIENSOL","Adani Energy Solution Ltd","GQG PARTNERS INTERNATIONAL EQUITY CIT","BUY","37,10,846","1,021.55",
"18-NOV-2025","ADANIENSOL","Adani Energy Solution Ltd","RELIANCE TRUST INSTITUTIONAL RETIREMENT TRUST SERIES ELEVEN","SELL","37,10,846","1,021.55",
"18-NOV-2025","ADANIENSOL","Adani Energy Solution Ltd","RELIANCE TRUST INSTITUTIONAL RETIREMENT TRUST SERIES TWELVE","SELL","16,83,797","1,021.55",
"18-NOV-2025","ADANIENT","Adani Enterprises Limited","GQG PARTNERS EMERGING MARKETS EQUITY CIT","BUY","15,28,520","2,462.00",
"18-NOV-2025","ADANIENT","Adani Enterprises Limited","GQG PARTNERS GLOBAL EQUITY CIT","BUY","12,25,398","2,462.00",
"18-NOV-2025","ADANIENT","Adani Enterprises Limited","GQG PARTNERS INTERNATIONAL EQUITY CIT","BUY","25,88,090","2,462.00",
"18-NOV-2025","ADANIENT","Adani Enterprises Limited","RELIANCE TRUST INSTITUTIONAL RETIREMENT TRUST SERIES ELEVEN","SELL","25,88,090","2,462.00",
"18-NOV-2025","ADANIENT","Adani Enterprises Limited","RELIANCE TRUST INSTITUTIONAL RETIREMENT TRUST SERIES TEN","SELL","12,25,398","2,462.00",
"18-NOV-2025","ADANIENT","Adani Enterprises Limited","RELIANCE TRUST INSTITUTIONAL RETIREMENT TRUST SERIES TWELVE","SELL","15,28,520","2,462.00",
"18-NOV-2025","ADANIGREEN","Adani Green Energy Ltd","GQG PARTNERS EMERGING MARKETS EQUITY CIT","BUY","22,68,690","1,088.60",
"18-NOV-2025","ADANIGREEN","Adani Green Energy Ltd","GQG PARTNERS GLOBAL EQUITY CIT","BUY","11,45,895","1,088.60",
"18-NOV-2025","ADANIGREEN","Adani Green Energy Ltd","GQG PARTNERS INTERNATIONAL EQUITY CIT","BUY","43,25,027","1,088.60",
"18-NOV-2025","ADANIGREEN","Adani Green Energy Ltd","RELIANCE TRUST INSTITUTIONAL RETIREMENT TRUST SERIES ELEVEN","SELL","43,25,027","1,088.60",
"18-NOV-2025","ADANIGREEN","Adani Green Energy Ltd","RELIANCE TRUST INSTITUTIONAL RETIREMENT TRUST SERIES TEN","SELL","11,45,895","1,088.60",
"18-NOV-2025","ADANIGREEN","Adani Green Energy Ltd","RELIANCE TRUST INSTITUTIONAL RETIREMENT TRUST SERIES TWELVE","SELL","22,68,690","1,088.60",
"18-NOV-2025","ADANIPORTS","ADANI PORT & SEZ LTD","GQG PARTNERS EMERGING MARKETS EQUITY CIT","BUY","17,43,640","1,507.60",
"18-NOV-2025","ADANIPORTS","ADANI PORT & SEZ LTD","GQG PARTNERS INTERNATIONAL EQUITY CIT","BUY","55,73,557","1,507.60",
"18-NOV-2025","ADANIPORTS","ADANI PORT & SEZ LTD","RELIANCE TRUST INSTITUTIONAL RETIREMENT TRUST SERIES ELEVEN","SELL","55,73,557","1,507.60",
"18-NOV-2025","ADANIPORTS","ADANI PORT & SEZ LTD","RELIANCE TRUST INSTITUTIONAL RETIREMENT TRUST SERIES TWELVE","SELL","17,43,640","1,507.60",
"18-NOV-2025","ADANIPOWER","Adani Power Limited","GQG PARTNERS EMERGING MARKETS EQUITY CIT","BUY","2,23,08,465","153.28",
"18-NOV-2025","ADANIPOWER","Adani Power Limited","GQG PARTNERS GLOBAL EQUITY CIT","BUY","1,61,57,595","153.28",
"18-NOV-2025","ADANIPOWER","Adani Power Limited","GQG PARTNERS INTERNATIONAL EQUITY CIT","BUY","4,51,44,262","153.28",
"18-NOV-2025","ADANIPOWER","Adani Power Limited","RELIANCE TRUST INSTITUTIONAL RETIREMENT TRUST SERIES ELEVEN","SELL","4,51,44,262","153.28",
"18-NOV-2025","ADANIPOWER","Adani Power Limited","RELIANCE TRUST INSTITUTIONAL RETIREMENT TRUST SERIES TEN","SELL","1,61,57,595","153.28",
"18-NOV-2025","ADANIPOWER","Adani Power Limited","RELIANCE TRUST INSTITUTIONAL RETIREMENT TRUST SERIES TWELVE","SELL","2,23,08,465","153.28",
"18-NOV-2025","BHARTIARTL","Bharti Airtel Limited","GQG PARTNERS EMERGING MARKETS EQUITY CIT","BUY","11,33,824","2,112.20",
"18-NOV-2025","BHARTIARTL","Bharti Airtel Limited","GQG PARTNERS GLOBAL EQUITY CIT","BUY","8,31,915","2,112.20",
"18-NOV-2025","BHARTIARTL","Bharti Airtel Limited","GQG PARTNERS INTERNATIONAL EQUITY CIT","BUY","48,41,082","2,112.20",
"18-NOV-2025","BHARTIARTL","Bharti Airtel Limited","RELIANCE TRUST INSTITUTIONAL RETIREMENT TRUST SERIES ELEVEN","SELL","48,41,082","2,112.20",
"18-NOV-2025","BHARTIARTL","Bharti Airtel Limited","RELIANCE TRUST INSTITUTIONAL RETIREMENT TRUST SERIES TEN","SELL","8,31,915","2,112.20",
"18-NOV-2025","BHARTIARTL","Bharti Airtel Limited","RELIANCE TRUST INSTITUTIONAL RETIREMENT TRUST SERIES TWELVE","SELL","11,33,824","2,112.20",
"18-NOV-2025","BLACKBUCK","BLACKBUCK LIMITED","360 ONE ASSET MANAGEMENT LIMITED","BUY","2,66,114","676.40",
"18-NOV-2025","BLACKBUCK","BLACKBUCK LIMITED","BANDHAN MUTUAL FUND","BUY","3,96,373","676.40",
"18-NOV-2025","BLACKBUCK","BLACKBUCK LIMITED","CHANAKYA HRIDAYA","SELL","8,00,000","676.40",
"18-NOV-2025","BLACKBUCK","BLACKBUCK LIMITED","CITIGROUP GLOBAL MARKETS MAURITIUS PRIVATE LIMITED","BUY","1,48,581","676.40",
"18-NOV-2025","BLACKBUCK","BLACKBUCK LIMITED","CITIGROUP GLOBAL MARKETS MAURITIUS PRIVATE LIMITED.","BUY","1,48,581","676.40",
"18-NOV-2025","BLACKBUCK","BLACKBUCK LIMITED","DISCOVERY GLOBAL OPPORTUNITY MAURITIUS LIMITED","BUY","13,00,000","676.40",
"18-NOV-2025","BLACKBUCK","BLACKBUCK LIMITED","GOLDMAN SACHS BANK EUROPE SE","BUY","1,48,581","676.40",
"18-NOV-2025","BLACKBUCK","BLACKBUCK LIMITED","MORGAN STANLEY ASIA SINGAPORE PTE","BUY","2,05,676","676.40",
"18-NOV-2025","BLACKBUCK","BLACKBUCK LIMITED","MOTILAL OSWAL FINANCIAL SERVICES LIMITED","BUY","2,31,362","676.40",
"18-NOV-2025","BLACKBUCK","BLACKBUCK LIMITED","PUBLIC SECTOR PENSION INVESTMENT BOARD","BUY","2,36,546","676.40",
"18-NOV-2025","BLACKBUCK","BLACKBUCK LIMITED","RAJESH KUMAR NAIDU YABAJI","SELL","20,00,000","676.40",
"18-NOV-2025","BLACKBUCK","BLACKBUCK LIMITED","RAMASUBRAMANIAN BALASUBRAMANIAM","SELL","8,00,000","676.40",
"18-NOV-2025","BLACKBUCK","BLACKBUCK LIMITED","SOCIETE GENERALE","BUY","1,48,581","676.40",
"18-NOV-2025","BLACKBUCK","BLACKBUCK LIMITED","TIMF HOLDINGS","BUY","3,69,605","676.40",
"18-NOV-2025","CANHLIFE","Canara HSBC Life Ins Co L","MARSHALL WACE INVESTMENT STRATEGIES - EUREKA FUND","SELL","8,70,119","120.44",
"18-NOV-2025","CANHLIFE","Canara HSBC Life Ins Co L","SOCIETE GENERALE","BUY","8,70,119","120.44",
"18-NOV-2025","GMRAIRPORT","GMR AIRPORTS LIMITED","GQG PARTNERS EMERGING MARKETS EQUITY CIT","BUY","1,38,27,700","97.68",
"18-NOV-2025","GMRAIRPORT","GMR AIRPORTS LIMITED","GQG PARTNERS INTERNATIONAL EQUITY CIT","BUY","3,17,41,336","97.68",
"18-NOV-2025","GMRAIRPORT","GMR AIRPORTS LIMITED","RELIANCE TRUST INSTITUTIONAL RETIREMENT TRUST SERIES ELEVEN","SELL","3,17,41,336","97.68",
"18-NOV-2025","GMRAIRPORT","GMR AIRPORTS LIMITED","RELIANCE TRUST INSTITUTIONAL RETIREMENT TRUST SERIES TWELVE","SELL","1,38,27,700","97.68",
"18-NOV-2025","ICICIBANK","ICICI Bank Ltd.","GQG PARTNERS EMERGING MARKETS EQUITY CIT","BUY","17,92,287","1,379.00",
"18-NOV-2025","ICICIBANK","ICICI Bank Ltd.","GQG PARTNERS GLOBAL EQUITY CIT","BUY","24,68,582","1,379.00",
"18-NOV-2025","ICICIBANK","ICICI Bank Ltd.","GQG PARTNERS INTERNATIONAL EQUITY CIT","BUY","52,06,518","1,379.00",
"18-NOV-2025","ICICIBANK","ICICI Bank Ltd.","RELIANCE TRUST INSTITUTIONAL RETIREMENT TRUST SERIES ELEVEN","SELL","52,06,518","1,379.00",
"18-NOV-2025","ICICIBANK","ICICI Bank Ltd.","RELIANCE TRUST INSTITUTIONAL RETIREMENT TRUST SERIES TEN","SELL","24,68,582","1,379.00",
"18-NOV-2025","ICICIBANK","ICICI Bank Ltd.","RELIANCE TRUST INSTITUTIONAL RETIREMENT TRUST SERIES TWELVE","SELL","17,92,287","1,379.00",
"18-NOV-2025","ITC","ITC Ltd.","GQG PARTNERS EMERGING MARKETS EQUITY CIT","BUY","1,96,69,805","407.10",
"18-NOV-2025","ITC","ITC Ltd.","GQG PARTNERS GLOBAL EQUITY CIT","BUY","57,26,113","407.10",
"18-NOV-2025","ITC","ITC Ltd.","GQG PARTNERS INTERNATIONAL EQUITY CIT","BUY","2,21,55,428","407.10",
"18-NOV-2025","ITC","ITC Ltd.","RELIANCE TRUST INSTITUTIONAL RETIREMENT TRUST SERIES ELEVEN","SELL","2,21,55,428","407.10",
"18-NOV-2025","ITC","ITC Ltd.","RELIANCE TRUST INSTITUTIONAL RETIREMENT TRUST SERIES TEN","SELL","57,26,113","407.10",
"18-NOV-2025","ITC","ITC Ltd.","RELIANCE TRUST INSTITUTIONAL RETIREMENT TRUST SERIES TWELVE","SELL","1,96,69,805","407.10",
"18-NOV-2025","ITCHOTELS","ITC Hotels Limited","GQG PARTNERS EMERGING MARKETS EQUITY CIT","BUY","33,31,654","209.92",
"18-NOV-2025","ITCHOTELS","ITC Hotels Limited","RELIANCE TRUST INSTITUTIONAL RETIREMENT TRUST SERIES TWELVE","SELL","33,31,654","209.92",
"18-NOV-2025","JSWENERGY","JSW Energy Limited","GQG PARTNERS EMERGING MARKETS EQUITY CIT","BUY","24,12,400","527.65",
"18-NOV-2025","JSWENERGY","JSW Energy Limited","RELIANCE TRUST INSTITUTIONAL RETIREMENT TRUST SERIES TWELVE","SELL","24,12,400","527.65",
"18-NOV-2025","JSWSTEEL","JSW Steel Limited","GQG PARTNERS EMERGING MARKETS EQUITY CIT","BUY","15,16,106","1,175.50",
"18-NOV-2025","JSWSTEEL","JSW Steel Limited","RELIANCE TRUST INSTITUTIONAL RETIREMENT TRUST SERIES TWELVE","SELL","15,16,106","1,175.50",
"18-NOV-2025","LODHA","Lodha Developers Limited","GQG PARTNERS EMERGING MARKETS EQUITY CIT","BUY","8,88,601","1,220.30",
"18-NOV-2025","LODHA","Lodha Developers Limited","RELIANCE TRUST INSTITUTIONAL RETIREMENT TRUST SERIES TWELVE","SELL","8,88,601","1,220.30",
"18-NOV-2025","PATANJALI","Patanjali Foods Limited","GQG PARTNERS EMERGING MARKETS EQUITY CIT","BUY","38,15,139","586.90",
"18-NOV-2025","PATANJALI","Patanjali Foods Limited","RELIANCE TRUST INSTITUTIONAL RETIREMENT TRUST SERIES TWELVE","SELL","38,15,139","586.90",
"18-NOV-2025","PFC","Power Finance Corporation","GQG PARTNERS EMERGING MARKETS EQUITY CIT","BUY","27,72,227","376.40",
"18-NOV-2025","PFC","Power Finance Corporation","RELIANCE TRUST INSTITUTIONAL RETIREMENT TRUST SERIES TWELVE","SELL","27,72,227","376.40",
"18-NOV-2025","SBIN","State Bank of India","GQG PARTNERS EMERGING MARKETS EQUITY CIT","BUY","17,22,105","973.35",
"18-NOV-2025","SBIN","State Bank of India","GQG PARTNERS INTERNATIONAL EQUITY CIT","BUY","55,53,207","973.35",
"18-NOV-2025","SBIN","State Bank of India","RELIANCE TRUST INSTITUTIONAL RETIREMENT TRUST SERIES ELEVEN","SELL","55,53,207","973.35",
"18-NOV-2025","SBIN","State Bank of India","RELIANCE TRUST INSTITUTIONAL RETIREMENT TRUST SERIES TWELVE","SELL","17,22,105","973.35",
"18-NOV-2025","SUNPHARMA","Sun Pharma Industries Ltd","GQG PARTNERS EMERGING MARKETS EQUITY CIT","BUY","14,46,414","1,763.90",
"18-NOV-2025","SUNPHARMA","Sun Pharma Industries Ltd","RELIANCE TRUST INSTITUTIONAL RETIREMENT TRUST SERIES TWELVE","SELL","14,46,414","1,763.90",
"19-NOV-2025","APOLLOHOSP","Apollo Hospitals Ltd","BOFA SECURITIES EUROPE SA","SELL","59,584","7,312.00",
"19-NOV-2025","APOLLOHOSP","Apollo Hospitals Ltd","KADENSA MASTER FUND","BUY","59,584","7,312.00",
"19-NOV-2025","ESTER","Ester Industries Ltd","ARVIND SINGHANIA","SELL","18,76,000","112.20",
"19-NOV-2025","ESTER","Ester Industries Ltd","MOVI LIMITED","BUY","18,76,000","112.20",
"19-NOV-2025","HDFCBANK","HDFC Bank Ltd.","BLUEPEARL MAP I LP","BUY","1,53,702","992.45",
"19-NOV-2025","HDFCBANK","HDFC Bank Ltd.","GOLDMAN SACHS BANK EUROPE SE - ODI","SELL","1,53,702","992.45",
"19-NOV-2025","RELIANCE","Reliance Industries Ltd","BLUEPEARL MAP I LP","BUY","3,98,012","1,519.40",
"19-NOV-2025","RELIANCE","Reliance Industries Ltd","GOLDMAN SACHS BANK EUROPE SE - ODI","SELL","3,98,012","1,519.40",
"21-NOV-2025","MFSL","Max Fin Serv Ltd","ALPHAGREP INVESTMENT MANAGEMENT PRIVATE LIMITED","BUY","59,489","1,681.00",
"21-NOV-2025","MFSL","Max Fin Serv Ltd","MAX VENTURES INVESTMENT HOLDINGS PRIVATE LIMITED","SELL","16,00,000","1,681.00",
"21-NOV-2025","MFSL","Max Fin Serv Ltd","MORGAN STANLEY ASIA SINGAPORE PTE","BUY","5,11,610","1,681.00",
"21-NOV-2025","MFSL","Max Fin Serv Ltd","MORGAN STANLEY ASIA SINGAPORE PTE","BUY","3,29,911","1,681.00",
"21-NOV-2025","MFSL","Max Fin Serv Ltd","MORGAN STANLEY IFSC FUND","BUY","1,13,030","1,681.00",
"21-NOV-2025","MFSL","Max Fin Serv Ltd","TATA EQUITY PLUS ABSOLUTE RETURNS FUND","BUY","62,460","1,681.00",
"21-NOV-2025","MFSL","Max Fin Serv Ltd","TATA MUTUAL FUND","BUY","2,97,440","1,681.00",
"21-NOV-2025","MFSL","Max Fin Serv Ltd","VIRIDIAN ASIA OPPORTUNITIES MASTER FUND","BUY","1,07,080","1,681.00",
"21-NOV-2025","MFSL","Max Fin Serv Ltd","WHITEOAK CAPITAL MUTUAL FUND","BUY","1,18,980","1,681.00",
"21-NOV-2025","RELIANCE","Reliance Industries Ltd","BOFA SECURITIES EUROPE SA","BUY","3,52,107","1,534.00",
"21-NOV-2025","RELIANCE","Reliance Industries Ltd","GOLDMAN SACHS BANK EUROPE SE - ODI","SELL","3,52,107","1,534.00",
"25-NOV-2025","RELINFRA","Reliance Infrastructu Ltd","ELIMATH ADVISORS PRIVATE LIMITED","BUY","51,69,059","157.00",
"25-NOV-2025","RELINFRA","Reliance Infrastructu Ltd","FLORINTREE INSURTECH LLP","SELL","51,69,059","157.00",
"26-NOV-2025","RAIN","Rain Industries Limited","FIRST WATER FUND","BUY","19,48,757","109.00",
"26-NOV-2025","RAIN","Rain Industries Limited","HARESH TIKAMDAS KASWANI","SELL","9,48,757","109.00",
"26-NOV-2025","RAIN","Rain Industries Limited","K2 FAMILY PRIVATE TRUST","SELL","10,00,000","109.00",
"27-NOV-2025","MTARTECH","MTAR Technologies Limited","BAJAJ FINSERV MUTUAL FUND","BUY","40,920","2,444.00",
"27-NOV-2025","MTARTECH","MTAR Technologies Limited","KAVITHA REDDY GANGAPATNAM","SELL","2,45,500","2,444.00",
"27-NOV-2025","MTARTECH","MTAR Technologies Limited","MOTILAL OSWAL MUTUAL FUND","BUY","2,04,580","2,444.00",
"01-DEC-2025","OILCOUNTUB","Oil Country Tubular Ltd","UNITED STEEL ALLIED INDUSTRIES PVT LIMITED","SELL","49,40,000","65.30",
"01-DEC-2025","OILCOUNTUB","Oil Country Tubular Ltd","VIVEK MUNDRA","BUY","49,40,000","65.30",
"03-DEC-2025","CRAFTSMAN","Craftsman Automation Ltd","PI OPPORTUNITIES AIF V LLP","BUY","1,44,906","6,935.00",
"03-DEC-2025","CRAFTSMAN","Craftsman Automation Ltd","PIONEER INVESTMENT FUND","SELL","1,44,906","6,935.00",
"03-DEC-2025","EICHERMOT","Eicher Motors Ltd","PI OPPORTUNITIES AIF V LLP","BUY","1,41,552","7,070.00",
"03-DEC-2025","EICHERMOT","Eicher Motors Ltd","PIONEER INVESTMENT FUND","SELL","1,41,552","7,070.00",
"03-DEC-2025","M&M","Mah & Mah Ltd.","PI OPPORTUNITIES AIF V LLP","BUY","2,74,288","3,665.00",
"03-DEC-2025","M&M","Mah & Mah Ltd.","PIONEER INVESTMENT FUND","SELL","2,74,288","3,665.00",
"03-DEC-2025","NHIT","National Highw Infra Trus","2452991 ONTARIO LIMITED","SELL","9,78,00,000","148.53",
"03-DEC-2025","NHIT","National Highw Infra Trus","CPP INVESTMENT BOARD PRIVATE HOLDINGS (4) INC","SELL","9,78,00,000","148.53",
"03-DEC-2025","NHIT","National Highw Infra Trus","NITRO ASIA HOLDINGS II PTE LTD","BUY","19,56,00,000","148.53",
"03-DEC-2025","UFLEX","UFLEX Limited","FIRST WATER FUND","BUY","3,00,000","477.00",
"03-DEC-2025","UFLEX","UFLEX Limited","K2 FAMILY PRIVATE TRUST","SELL","3,00,000","477.00",
"04-DEC-2025","SOFTTECH","Softtech Engineers Ltd","ELIMATH ADVISORS PRIVATE LIMITED","BUY","22,46,998","325.00",
"04-DEC-2025","SOFTTECH","Softtech Engineers Ltd","FLORINTREE TECHNOLOGIES LLP","SELL","22,46,998","325.00",
"05-DEC-2025","ITCHOTELS","ITC Hotels Limited","ABU DHABI INVESTMENT AUTHORITY","BUY","6,00,000","205.65",
"05-DEC-2025","ITCHOTELS","ITC Hotels Limited","BNP PARIBAS ARBITRAGE","BUY","42,06,529","205.65",
"05-DEC-2025","ITCHOTELS","ITC Hotels Limited","HCL CAPITAL PRIVATE LIMITED","BUY","14,57,80,000","205.65",
"05-DEC-2025","ITCHOTELS","ITC Hotels Limited","MORGAN STANLEY ASIA SINGAPORE PTE","BUY","9,16,500","205.65",
"05-DEC-2025","ITCHOTELS","ITC Hotels Limited","MYDDLETON INVESTMENT COMPANY LIMITED","SELL","4,86,31,194","205.65",
"05-DEC-2025","ITCHOTELS","ITC Hotels Limited","NIPPON INDIA MUTUAL FUND","BUY","2,57,70,000","205.65",
"05-DEC-2025","ITCHOTELS","ITC Hotels Limited","ROTHMANS INTERNATIONAL ENTERPRISES LIMITED","SELL","1,54,95,489","205.65",
"05-DEC-2025","ITCHOTELS","ITC Hotels Limited","SOCIETE GENERALE","BUY","21,60,000","205.65",
"05-DEC-2025","ITCHOTELS","ITC Hotels Limited","TOBACCO MANUFACTURERS INDIA LIMITED","SELL","12,33,73,317","205.65",
"05-DEC-2025","ITCHOTELS","ITC Hotels Limited","VANGUARD GROUP","BUY","80,66,971","205.65",
"05-DEC-2025","POLYPLEX","Polyplex Corporation Ltd.","FIRST WATER FUND","SELL","2,75,000","820.00",
"05-DEC-2025","POLYPLEX","Polyplex Corporation Ltd.","K2 FAMILY PRIVATE TRUST","BUY","2,75,000","820.00",
"05-DEC-2025","VENTIVE","Ventive Hospitality Ltd","CYRUS SOLI POONAWALLA","SELL","9,85,456","727.00",
"05-DEC-2025","VENTIVE","Ventive Hospitality Ltd","SERUM INSTITUTE OF INDIA PRIVATE LIMITED","BUY","9,85,456","727.00",
"10-DEC-2025","ADANIGREEN","Adani Green Energy Ltd","AMITY HOLDINGS PRIVATE LIMITED","BUY","30,82,500","970.00",
"10-DEC-2025","ADANIGREEN","Adani Green Energy Ltd","AUTHUM INVESTMENT & INFRASTRUCTURE LIMITED","BUY","15,98,000","970.00",
"10-DEC-2025","ADANIGREEN","Adani Green Energy Ltd","BNP PARIBAS FINANCIAL MARKETS","BUY","15,49,999","970.00",
"10-DEC-2025","ADANIGREEN","Adani Green Energy Ltd","COHESION MK BEST IDEAS SUB-TRUST","BUY","12,89,000","970.00",
"10-DEC-2025","ADANIGREEN","Adani Green Energy Ltd","EDELWEISS MUTUAL FUND","BUY","10,30,927","970.00",
"10-DEC-2025","ADANIGREEN","Adani Green Energy Ltd","FOUR DIMENSIONS SECURITIES (INDIA) LTD.","BUY","15,46,400","970.00",
"10-DEC-2025","ADANIGREEN","Adani Green Energy Ltd","GEECEE VENTURES LIMITED","BUY","2,57,800","970.00",
"10-DEC-2025","ADANIGREEN","Adani Green Energy Ltd","MC JAIN INFOSERVICES PRIVATE LIMITED","BUY","2,57,800","970.00",
"10-DEC-2025","ADANIGREEN","Adani Green Energy Ltd","PARESH MOHANLAL PAREKH","BUY","6,44,000","970.00",
"10-DEC-2025","ADANIGREEN","Adani Green Energy Ltd","PARSHVA TRADING","BUY","3,60,200","970.00",
"10-DEC-2025","ADANIGREEN","Adani Green Energy Ltd","QUANT MUTUAL FUND","BUY","1,23,71,134","970.00",
"10-DEC-2025","ADANIGREEN","Adani Green Energy Ltd","SANATAN FINANCIAL ADVISORY SERVICES PRIVATE LIMITED","BUY","18,05,000","970.00",
"10-DEC-2025","ADANIGREEN","Adani Green Energy Ltd","SHRUTI GAGAN CHATURVEDI","BUY","2,58,000","970.00",
"10-DEC-2025","ADANIGREEN","Adani Green Energy Ltd","TOTALENERGIES RENEWABLES INDIAN OCEAN LTD","SELL","2,86,40,138","970.00",
"10-DEC-2025","ADANIGREEN","Adani Green Energy Ltd","URUDAVAN INVESTMENT AND TRADING PVT. LTD.","BUY","5,67,000","970.00",
"10-DEC-2025","ADANIGREEN","Adani Green Energy Ltd","VANGUARD EMERGING MARKETS SHARES INDEX FUND","BUY","10,18,378","970.00",
"10-DEC-2025","ADANIGREEN","Adani Green Energy Ltd","VIJAY MOHANLAL PAREKH","BUY","6,44,000","970.00",
"10-DEC-2025","ADANIGREEN","Adani Green Energy Ltd","VISARIA FAMILY TRUST","BUY","3,60,000","970.00",
"10-DEC-2025","EICHERMOT","Eicher Motors Ltd","PI OPPORTUNITIES AIF V LLP","BUY","1,37,665","7,250.00",
"10-DEC-2025","EICHERMOT","Eicher Motors Ltd","PIONEER INVESTMENT FUND","SELL","1,37,665","7,250.00",
"10-DEC-2025","ICICIBANK","ICICI Bank Ltd.","AZIM PREMJI TRUST (API)","SELL","10,94,092","1,361.00",
"10-DEC-2025","ICICIBANK","ICICI Bank Ltd.","PI OPPORTUNITIES AIF V LLP","BUY","10,94,092","1,361.00",
"10-DEC-2025","PNBHOUSING","PNB Housing Fin Ltd.","PI OPPORTUNITIES AIF V LLP","BUY","11,29,944","885.00",
"10-DEC-2025","PNBHOUSING","PNB Housing Fin Ltd.","PIONEER INVESTMENT FUND","SELL","11,29,944","885.00",
"10-DEC-2025","SBILIFE","SBI Life Insurance Co Ltd","PI OPPORTUNITIES AIF V LLP","BUY","4,99,251","2,020.00",
"10-DEC-2025","SBILIFE","SBI Life Insurance Co Ltd","PIONEER INVESTMENT FUND","SELL","4,99,251","2,020.00",
"11-DEC-2025","GALLANTT","Gallantt Ispat Limited","GALLANTT INDUSTRY PRIVATE LIMITED","BUY","9,67,089","590.00",
"11-DEC-2025","GALLANTT","Gallantt Ispat Limited","K AND K VENTURES","SELL","9,67,089","590.00",
"11-DEC-2025","UFLEX","UFLEX Limited","FIRST WATER FUND","BUY","5,45,000","460.00",
"11-DEC-2025","UFLEX","UFLEX Limited","K2 FAMILY PRIVATE TRUST","SELL","5,45,000","460.00",
"12-DEC-2025","USHAMART","Usha Martin Limited","3P INDIA EQUITY FUND 1","BUY","11,00,000","430.00",
"12-DEC-2025","USHAMART","Usha Martin Limited","BANDHAN MUTUAL FUND","BUY","6,00,000","430.00",
"12-DEC-2025","USHAMART","Usha Martin Limited","MORGAN STANLEY ASIA SINGAPORE PTE","BUY","6,00,000","430.00",
"12-DEC-2025","USHAMART","Usha Martin Limited","PETERHOUSE INVESTMENTS INDIA LIMITED","SELL","23,00,000","430.00",
"16-DEC-2025","GALLANTT","Gallantt Ispat Limited","GALLANTT INDUSTRY PRIVATE LIMITED","BUY","12,07,000","590.00",
"16-DEC-2025","GALLANTT","Gallantt Ispat Limited","KRONE FINSTOCK PRIVATE LIMITED","SELL","12,07,000","590.00",
"16-DEC-2025","SBFC","SBFC Finance Limited","238 PLAN ASSOCIATES LLC","SELL","3,41,770","105.14",
"16-DEC-2025","SBFC","SBFC Finance Limited","ARANDA INVESTMENTS PTE. LTD.","BUY","71,33,297","105.14",
"16-DEC-2025","SBFC","SBFC Finance Limited","MASSACHUSETTS INSTITUTE OF TECHNOLOGY - FDI","SELL","1,36,36,363","105.14",
"16-DEC-2025","SBFC","SBFC Finance Limited","MASSACHUSETTS INSTITUTE OF TECHNOLOGY BASIC RETIREMENT PLAN TRUST","SELL","13,86,387","105.14",
"16-DEC-2025","SBFC","SBFC Finance Limited","TATA AIA LIFE INSURANCE COMPANY LIMITED","BUY","82,31,223","105.14",
"22-DEC-2025","AKUMS","Akums Drugs and Pharma L","ICICI PRUDENTIAL MUTUAL FUND","BUY","72,78,535","428.00",
"22-DEC-2025","AKUMS","Akums Drugs and Pharma L","RUBY QC INVESTMENT HOLDINGS PTE.LTD.","SELL","72,78,535","428.00",
"22-DEC-2025","NHIT","National Highw Infra Trus","PRAZIM TRADING AND INVESTMENT COMPANY PRIVATE LIMITED","BUY","5,06,00,000","149.06",
"22-DEC-2025","NHIT","National Highw Infra Trus","VIDYANITI LLP","SELL","5,06,00,000","149.06",
"23-DEC-2025","BELRISE","Belrise Industries Ltd","BLACKROCK EMERGING MARKETS FUND INC","BUY","70,50,948","153.70",
"23-DEC-2025","BELRISE","Belrise Industries Ltd","SBI MUTUAL FUND","BUY","5,12,92,092","153.70",
"23-DEC-2025","BELRISE","Belrise Industries Ltd","SUMEDH TOOLS PRIVATE LIMITED","SELL","5,83,43,040","153.70",
"23-DEC-2025","CAPINVIT","Capital Infra Trust","NEO TREASURY PLUS FUND","SELL","34,60,000","73.05",
"23-DEC-2025","CAPINVIT","Capital Infra Trust","PICO CAPITAL PRIVATE LIMITED","BUY","34,60,000","73.05",
"24-DEC-2025","CAPINVIT","Capital Infra Trust","AMBIT WEALTH PRIVATE LIMITED","BUY","34,57,814","72.60",
"24-DEC-2025","CAPINVIT","Capital Infra Trust","DHARMAYUG INVESTMENTS LIMITED","SELL","34,57,814","72.60",
"26-DEC-2025","CGPOWER","CG Power & Ind. Sol. Ltd.","PI OPPORTUNITIES AIF V LLP","BUY","16,70,000","660.00",
"26-DEC-2025","CGPOWER","CG Power & Ind. Sol. Ltd.","PIONEER INVESTMENT FUND","SELL","16,70,000","660.00",
"26-DEC-2025","CRAFTSMAN","Craftsman Automation Ltd","PI OPPORTUNITIES AIF V LLP","BUY","79,250","7,140.00",
"26-DEC-2025","CRAFTSMAN","Craftsman Automation Ltd","PIONEER INVESTMENT FUND","SELL","79,250","7,140.00",
"29-DEC-2025","BAJAJ-AUTO","Bajaj Auto Limited","ANANT BAJAJ TRUST","BUY","1,23,233","9,110.00",
"29-DEC-2025","BAJAJ-AUTO","Bajaj Auto Limited","NIRAJ HOLDINGS PRIVATE LIMITED","BUY","53,626","9,110.00",
"29-DEC-2025","BAJAJ-AUTO","Bajaj Auto Limited","NIRAV TRUST","BUY","1,62,700","9,110.00",
"29-DEC-2025","BAJAJ-AUTO","Bajaj Auto Limited","RAHUL SECURITIES PVT LTD","BUY","53,300","9,110.00",
"29-DEC-2025","BAJAJ-AUTO","Bajaj Auto Limited","RAJIV TRUST","BUY","1,31,000","9,110.00",
"29-DEC-2025","BAJAJ-AUTO","Bajaj Auto Limited","RUPA EQUITIES PRIVATE LIMITED","BUY","53,500","9,110.00",
"29-DEC-2025","BAJAJ-AUTO","Bajaj Auto Limited","SANJALI BAJAJ","SELL","2,92,626","9,110.00",
"29-DEC-2025","BAJAJ-AUTO","Bajaj Auto Limited","SANJIV TRUST","BUY","1,31,126","9,110.00",
"29-DEC-2025","BAJAJ-AUTO","Bajaj Auto Limited","SANJIVNAYAN BAJAJ","SELL","1,23,233","9,110.00",
"29-DEC-2025","BAJAJ-AUTO","Bajaj Auto Limited","SIDDHANTNAYAN BAJAJ","SELL","2,92,626","9,110.00",
"29-DEC-2025","BIRLANU","BirlaNu Limited","AMER INVESTMENTS DELHI LIMITED","SELL","3,08,763","1,517.50",
"29-DEC-2025","BIRLANU","BirlaNu Limited","BIRLA CHANDRAKANT","BUY","29,28,170","1,517.50",
"29-DEC-2025","BIRLANU","BirlaNu Limited","LTD ASHOK INVESTMENT CORPORAT ION","SELL","3,61,743","1,517.50",
"29-DEC-2025","BIRLANU","BirlaNu Limited","LTD CENTRAL INDIA INDUSTRIES","SELL","14,06,634","1,517.50",
"29-DEC-2025","BIRLANU","BirlaNu Limited","LTD GWALIOR FINANCE CORPORATION","SELL","2,94,560","1,517.50",
"29-DEC-2025","BIRLANU","BirlaNu Limited","SHEKHAVATI INVESTMENTS AND TRADERS LIMITED","SELL","5,56,470","1,517.50",
"29-DEC-2025","HONASA","Honasa Consumer Limited","FIRESIDE VENTURES INVESTMENT FUND I","SELL","18,51,851","270.00",
"29-DEC-2025","HONASA","Honasa Consumer Limited","VARUN ALAGH","BUY","18,51,851","270.00",
"05-JAN-2026","SWIGGY","Swiggy Limited","CYRUS SOLI POONAWALLA","BUY","11,23,500","377.00",
"05-JAN-2026","SWIGGY","Swiggy Limited","SERUM INSTITUTE OF INDIA PRIVATE LIMITED","SELL","11,23,500","377.00",
"09-JAN-2026","TATACAP","Tata Capital Limited","MARSHALL WACE INVESTMENT STRATEGIES - EUREKA FUND","SELL","11,53,013","354.50",
"09-JAN-2026","TATACAP","Tata Capital Limited","MARSHALL WACE INVESTMENT STRATEGIES-TOPS WORLD EQUITIES FUND","SELL","2,80,638","354.50",
"09-JAN-2026","TATACAP","Tata Capital Limited","SOCIETE GENERALE","BUY","14,33,651","354.50",
"12-JAN-2026","FORCEMOT","Force Motors Limited","POONAWALLA AVIATION PRIVATE LIMITED","BUY","38,740","19,790.00",
"12-JAN-2026","FORCEMOT","Force Motors Limited","SERUM INSTITUTE OF INDIA PRIVATE LIMITED","SELL","38,740","19,790.00",
"16-JAN-2026","DEEPAKNTR","Deepak Nitrite Ltd","PI OPPORTUNITIES AIF V LLP","BUY","2,57,566","1,550.00",
"16-JAN-2026","DEEPAKNTR","Deepak Nitrite Ltd","PIONEER INVESTMENT FUND","SELL","2,57,566","1,550.00",
"16-JAN-2026","M&M","Mah & Mah Ltd.","PI OPPORTUNITIES AIF V LLP","BUY","1,63,487","3,666.00",
"16-JAN-2026","M&M","Mah & Mah Ltd.","PIONEER INVESTMENT FUND","SELL","1,63,487","3,666.00",
"16-JAN-2026","SBILIFE","SBI Life Insurance Co Ltd","PI OPPORTUNITIES AIF V LLP","BUY","2,40,731","2,075.00",
"16-JAN-2026","SBILIFE","SBI Life Insurance Co Ltd","PIONEER INVESTMENT FUND","SELL","2,40,731","2,075.00",
"20-JAN-2026","TMCV","Tata Motors Limited","BNP PARIBAS FINANCIAL MARKETS","BUY","35,43,080","429.30",
"20-JAN-2026","TMCV","Tata Motors Limited","GOLDMAN SACHS BANK EUROPE SE - ODI","SELL","35,43,080","429.30",
"27-JAN-2026","INDIGRID","India Grid Trust","DEZERV SECURITIES PRIVATE LIMITED","BUY","15,33,750","163.92",
"27-JAN-2026","INDIGRID","India Grid Trust","NEO TREASURY PLUS FUND","SELL","15,33,750","163.92",
"28-JAN-2026","INDIGRID","India Grid Trust","NEO TREASURY PLUS FUND","SELL","15,31,640","163.55",
"28-JAN-2026","INDIGRID","India Grid Trust","TRUST FINANCIAL CONSULTANCY SERVICES PRIVATE LIMITED","BUY","15,31,640","163.55",
"04-FEB-2026","BAJAJHLDNG","Bajaj Holdings & Invs Ltd","CYRUS SOLI POONAWALLA","SELL","92,613","11,025.00",
"04-FEB-2026","BAJAJHLDNG","Bajaj Holdings & Invs Ltd","SERUM INSTITUTE OF INDIA PRIVATE LIMITED","BUY","92,613","11,025.00",
"05-FEB-2026","BLISSGVS","Bliss GVS Pharma Ltd","ARIAN INVESTMENT LTD","SELL","14,00,000","180.10",
"05-FEB-2026","BLISSGVS","Bliss GVS Pharma Ltd","MATEUS LTD","BUY","14,00,000","180.10",
"11-FEB-2026","ATHERENERG","Ather Energy Limited","ADITYA BIRLA SUN LIFE MUTUAL FUND","BUY","7,04,226","710.00",
"11-FEB-2026","ATHERENERG","Ather Energy Limited","GOLDMAN SACHS BANK EUROPE SE","BUY","3,52,113","710.00",
"11-FEB-2026","ATHERENERG","Ather Energy Limited","ICICI PRUDENTIAL MUTUAL FUND","BUY","5,63,381","710.00",
"11-FEB-2026","ATHERENERG","Ather Energy Limited","MORGAN STANLEY ASIA SINGAPORE PTE","BUY","6,02,883","710.00",
"11-FEB-2026","ATHERENERG","Ather Energy Limited","NATIONAL INVESTMENT AND INFRASTRUCTURE FUND-II","SELL","32,78,942","710.00",
"11-FEB-2026","ATHERENERG","Ather Energy Limited","TATA MUTUAL FUND","BUY","7,04,226","710.00",
"11-FEB-2026","ATHERENERG","Ather Energy Limited","WHITEOAK CAPITAL MUTUAL FUND","BUY","3,52,113","710.00",
"11-FEB-2026","DEEPAKNTR","Deepak Nitrite Ltd","PI OPPORTUNITIES AIF V LLP","BUY","1,76,699","1,677.00",
"11-FEB-2026","DEEPAKNTR","Deepak Nitrite Ltd","PIONEER INVESTMENT FUND","SELL","1,76,699","1,677.00",
"11-FEB-2026","M&M","Mah & Mah Ltd.","PI OPPORTUNITIES AIF V LLP","BUY","80,300","3,677.00",
"11-FEB-2026","M&M","Mah & Mah Ltd.","PIONEER INVESTMENT FUND","SELL","80,300","3,677.00",
"11-FEB-2026","PNBHOUSING","PNB Housing Fin Ltd.","PI OPPORTUNITIES AIF V LLP","BUY","3,52,692","856.00",
"11-FEB-2026","PNBHOUSING","PNB Housing Fin Ltd.","PIONEER INVESTMENT FUND","SELL","3,52,692","856.00",
"11-FEB-2026","SAFARI","Safari Ind (India) Ltd","PI OPPORTUNITIES AIF V LLP","BUY","1,44,851","1,946.00",
"11-FEB-2026","SAFARI","Safari Ind (India) Ltd","PIONEER INVESTMENT FUND","SELL","1,44,851","1,946.00",
"11-FEB-2026","SBILIFE","SBI Life Insurance Co Ltd","PI OPPORTUNITIES AIF V LLP","BUY","1,47,863","2,026.00",
"11-FEB-2026","SBILIFE","SBI Life Insurance Co Ltd","PIONEER INVESTMENT FUND","SELL","1,47,863","2,026.00",
"12-FEB-2026","HAPPYFORGE","Happy Forgings Limited","BUSINESS EXCELLENCE TRUST III","SELL","26,86,704","1,145.00",
"12-FEB-2026","HAPPYFORGE","Happy Forgings Limited","KOTAK MAHINDRA MUTUAL FUND","BUY","24,66,000","1,145.00",
"12-FEB-2026","HAPPYFORGE","Happy Forgings Limited","RAJNI TARUN JAIN","BUY","2,20,704","1,145.00",
"12-FEB-2026","MINDSPACE","Mindspace Business P REIT","BNP PARIBAS FINANCIAL MARKETS","BUY","7,30,621","484.81",
"12-FEB-2026","MINDSPACE","Mindspace Business P REIT","CITIGROUP GLOBAL MARKETS MAURITIUS PVT LTD","SELL","7,30,621","484.81",
"17-FEB-2026","STYLAMIND","Stylam Industries Limited","AICA KOGYO COMPANY  LIMITED","BUY","29,01,962","2,250.00",
"17-FEB-2026","STYLAMIND","Stylam Industries Limited","DIPTI GUPTA","SELL","3,41,400","2,250.00",
"17-FEB-2026","STYLAMIND","Stylam Industries Limited","MANAV GUPTA","SELL","3,24,384","2,250.00",
"17-FEB-2026","STYLAMIND","Stylam Industries Limited","PUSHPA GUPTA","SELL","22,36,178","2,250.00",
"18-FEB-2026","COHANCE","Cohance Lifesciences Ltd","JASTI FAMILY TRUST","SELL","70,00,000","309.00",
"18-FEB-2026","COHANCE","Cohance Lifesciences Ltd","JASUB PROPERTY HOLDINGS LLP","BUY","70,00,000","309.00",
"23-FEB-2026","COHANCE","Cohance Lifesciences Ltd","JASTI FAMILY TRUST","SELL","77,00,000","306.00",
"23-FEB-2026","COHANCE","Cohance Lifesciences Ltd","JASUB PROPERTY HOLDINGS LLP","BUY","77,00,000","306.00",
"23-FEB-2026","EDELWEISS","Edelweiss Fin Serv Ltd","RASHESH CHANDRAKANT SHAH","BUY","1,00,00,000","118.00",
"23-FEB-2026","EDELWEISS","Edelweiss Fin Serv Ltd","VENKATCHALAM ARAKONI RAMASWAMY","SELL","1,00,00,000","118.00",
"23-FEB-2026","NETWORK18","Network18 Media & Inv Ltd","ARIZONA GLOBALSERVICES PRIVATE LTD.","SELL","71,00,000","35.50",
"23-FEB-2026","NETWORK18","Network18 Media & Inv Ltd","NEXG VENTURES INDIA PRIVATE LIMITED","BUY","71,00,000","35.50",
"05-MAR-2026","AFCONS","Afcons Infrastructure Ltd","GOLDMAN SACHS BANK EUROPE SE - ODI","BUY","9,71,374","276.50",
"05-MAR-2026","AFCONS","Afcons Infrastructure Ltd","MORGAN STANLEY ASIA SINGAPORE PTE","SELL","9,71,374","276.50",
"05-MAR-2026","HDFCBANK","HDFC Bank Ltd.","SCHRODER EMEG MKTS FD A SEPARATE INVT FUND WITHIN THE SCHRODER CAP MGMT CT","BUY","7,06,962","868.65",
"05-MAR-2026","HDFCBANK","HDFC Bank Ltd.","SCHRODER PACIFIC EMERGING MARKETS FUND","SELL","7,06,962","868.65",
"05-MAR-2026","M&M","Mah & Mah Ltd.","SCHRODER EMEG MKTS FD A SEPARATE INVT FUND WITHIN THE SCHRODER CAP MGMT CT","BUY","94,120","3,264.30",
"05-MAR-2026","M&M","Mah & Mah Ltd.","SCHRODER PACIFIC EMERGING MARKETS FUND","SELL","94,120","3,264.30",
"06-MAR-2026","M&M","Mah & Mah Ltd.","SCHRODER EMEG MKTS FD A SEPARATE INVT FUND WITHIN THE SCHRODER CAP MGMT CT","BUY","94,119","3,348.00",
"06-MAR-2026","M&M","Mah & Mah Ltd.","SCHRODER PACIFIC EMERGING MARKETS FUND","SELL","94,119","3,348.00",
"06-MAR-2026","POLICYBZR","PB Fintech Limited","DSP MUTUAL FUND","BUY","3,25,643","1,435.10",
"06-MAR-2026","POLICYBZR","PB Fintech Limited","GOLDMAN SACHS BANK EUROPE SE","BUY","7,01,249","1,435.10",
"06-MAR-2026","POLICYBZR","PB Fintech Limited","GOLDMAN SACHS BANK EUROPE SE - ODI","BUY","5,64,508","1,435.10",
"06-MAR-2026","POLICYBZR","PB Fintech Limited","MIRAE ASSET MUTUAL FUND","BUY","2,98,786","1,435.10",
"06-MAR-2026","POLICYBZR","PB Fintech Limited","MIRAE ASSET MUTUAL FUND","BUY","1,85,909","1,435.10",
"06-MAR-2026","POLICYBZR","PB Fintech Limited","MIRAE ASSET MUTUAL FUND","BUY","1,65,988","1,435.10",
"06-MAR-2026","POLICYBZR","PB Fintech Limited","MIRAE ASSET MUTUAL FUND","BUY","79,674","1,435.10",
"06-MAR-2026","POLICYBZR","PB Fintech Limited","MIRAE ASSET MUTUAL FUND","BUY","1,69,643","1,435.10",
"06-MAR-2026","POLICYBZR","PB Fintech Limited","SCHRODER ASIAN ALPHA PLUS FUND","BUY","3,46,958","1,435.10",
"06-MAR-2026","POLICYBZR","PB Fintech Limited","SCHRODER ASIAPACIFIC FUND PLC","BUY","2,57,081","1,435.10",
"06-MAR-2026","POLICYBZR","PB Fintech Limited","SOCIETE GENERALE - ODI","BUY","7,00,000","1,435.10",
"06-MAR-2026","POLICYBZR","PB Fintech Limited","TATA MUTUAL FUND","BUY","1,43,150","1,435.10",
"06-MAR-2026","POLICYBZR","PB Fintech Limited","TATA MUTUAL FUND","BUY","2,01,850","1,435.10",
"06-MAR-2026","POLICYBZR","PB Fintech Limited","TENCENT CLOUD EUROPE BV","SELL","48,40,439","1,435.10",
"06-MAR-2026","POLICYBZR","PB Fintech Limited","VIRIDIAN ASIA OPPORTUNITIES MASTER FUND","BUY","7,00,000","1,435.10",
"10-MAR-2026","AEGISVOPAK","Aegis Vopak Terminals Ltd","BNP PARIBAS FINANCIAL MARKETS","BUY","15,91,705","192.38",
"10-MAR-2026","AEGISVOPAK","Aegis Vopak Terminals Ltd","MORGAN STANLEY ASIA SINGAPORE PTE","SELL","15,91,705","192.38",
"10-MAR-2026","NAZARA","Nazara Technologies Ltd","MORGAN STANLEY ASIA SINGAPORE PTE","BUY","28,85,000","239.80",
"10-MAR-2026","NAZARA","Nazara Technologies Ltd","THINK INDIA OPPORTUNITIES MASTER FUND LP","SELL","28,85,000","239.80",
"12-MAR-2026","INDIGRID","India Grid Trust","NEO REAL ASSET YIELD FUND","BUY","15,43,840","162.68",
"12-MAR-2026","INDIGRID","India Grid Trust","SANKHYA FINANCIAL SERVICES PRIVATE LIMITED","SELL","15,43,840","162.68",
"12-MAR-2026","KAYNES","Kaynes Technology Ind Ltd","BLUEPEARL MAP I LP","SELL","69,148","3,614.40",
"12-MAR-2026","KAYNES","Kaynes Technology Ind Ltd","BOFA SECURITIES EUROPE SA","BUY","1,16,082","3,614.40",
"12-MAR-2026","KAYNES","Kaynes Technology Ind Ltd","KADENSA MASTER FUND","SELL","46,934","3,614.40",
"17-MAR-2026","URBANCO","Urban Company Limited","ABG CAPITAL","SELL","1,74,10,090","109.85",
"17-MAR-2026","URBANCO","Urban Company Limited","DF INTERNATIONAL PARTNERS II LLC","SELL","1,76,53,000","109.85",
"17-MAR-2026","URBANCO","Urban Company Limited","SBI MUTUAL FUND","BUY","3,50,63,090","109.85",
"18-MAR-2026","ELECTCAST","Electrosteel Cast Ltd.","ELECTROSTEEL THERMAL COAL LIMITED","BUY","2,05,00,000","70.00",
"18-MAR-2026","ELECTCAST","Electrosteel Cast Ltd.","INDIA OPPORTUNITIES GROWTH FUND LTD - PINEWOOD STRATEGY","SELL","2,05,00,000","70.00",
"18-MAR-2026","ENRIN","Siemens Energy India Ltd","CITIGROUP GLOBAL MARKETS MAURITIUS PVT LTD","SELL","1,51,147","2,841.50",
"18-MAR-2026","ENRIN","Siemens Energy India Ltd","CITIGROUP GLOBAL MARKETS SINGAPORE PTE LIMITED","BUY","1,51,147","2,841.50",
"18-MAR-2026","LGEINDIA","LG Electronics India Ltd","CITIGROUP GLOBAL MARKETS MAURITIUS PVT LTD","SELL","1,73,737","1,584.00",
"18-MAR-2026","LGEINDIA","LG Electronics India Ltd","CITIGROUP GLOBAL MARKETS SINGAPORE PTE LIMITED","BUY","1,73,737","1,584.00",
"18-MAR-2026","MAXHEALTH","Max Healthcare Ins Ltd","CITIGROUP GLOBAL MARKETS MAURITIUS PVT LTD","SELL","7,94,904","976.00",
"18-MAR-2026","MAXHEALTH","Max Healthcare Ins Ltd","CITIGROUP GLOBAL MARKETS SINGAPORE PTE LIMITED","BUY","7,94,904","976.00",
"18-MAR-2026","POLYCAB","Polycab India Limited","CITIGROUP GLOBAL MARKETS MAURITIUS PVT LTD","SELL","73,577","7,388.00",
"18-MAR-2026","POLYCAB","Polycab India Limited","CITIGROUP GLOBAL MARKETS SINGAPORE PTE LIMITED","BUY","73,577","7,388.00",
"18-MAR-2026","TMCV","Tata Motors Limited","CITIGROUP GLOBAL MARKETS MAURITIUS PVT LTD","SELL","10,51,591","450.00",
"18-MAR-2026","TMCV","Tata Motors Limited","CITIGROUP GLOBAL MARKETS SINGAPORE PTE LIMITED","BUY","10,51,591","450.00",
"19-MAR-2026","UNOMINDA","UNO Minda Limited","MINDA INVESTMENTS LIMITED","BUY","14,10,000","1,100.00",
"19-MAR-2026","UNOMINDA","UNO Minda Limited","NIRMAL KUMAR MINDA","SELL","14,10,000","1,100.00",
"23-MAR-2026","CCAVENUE","AvenuesAI Limited","HN SAFAL INFRA DEVELOPERS PRIVATE LIMITED","BUY","2,20,00,000","13.10",
"23-MAR-2026","CCAVENUE","AvenuesAI Limited","SAMYAKTVA CONSTRUCTION LLP","SELL","2,20,00,000","13.10",
"24-MAR-2026","JINDALPOLY","Jindal Poly Films Limited","MONET SECURITIES PRIVATE LTD","BUY","3,54,500","888.00",
"24-MAR-2026","JINDALPOLY","Jindal Poly Films Limited","SEETHA KUMARI .","SELL","10,54,500","888.00",
"24-MAR-2026","JINDALPOLY","Jindal Poly Films Limited","SUBHAM BUILDWELL PRIVATE LIMITED","BUY","3,50,000","888.00",
"24-MAR-2026","JINDALPOLY","Jindal Poly Films Limited","SUBHAM CAPITAL PRIVATE LIMITED","BUY","3,50,000","888.00",
"24-MAR-2026","MANGLMCEM","Mangalam Cement Ltd","ADITYA BIRLA REAL ESTATE LIMITED","SELL","9,80,000","818.00",
"24-MAR-2026","MANGLMCEM","Mangalam Cement Ltd","AVA TRADING AND CONSULTING PRIVATE LIMITED","BUY","5,00,000","818.00",
"24-MAR-2026","MANGLMCEM","Mangalam Cement Ltd","RAMBARA TRADING PRIVATE LIMITED","BUY","4,80,000","818.00",
"25-MAR-2026","RKFORGE","Ramkrishna Forgings Ltd","NARESH  JALAN","SELL","17,50,000","495.00",
"25-MAR-2026","RKFORGE","Ramkrishna Forgings Ltd","RIDDHI PORTFOLIO (P) LTD","BUY","17,50,000","495.00",
"27-MAR-2026","CUBEINVIT","Cube Highways Trust","CUBE MOBILITY INVESTMENTS PTE.LTD.","SELL","18,00,000","146.00",
"27-MAR-2026","CUBEINVIT","Cube Highways Trust","SPARK FINANCIAL HOLDINGS PRIVATE LIMITED","BUY","18,00,000","146.00",
"30-MAR-2026","BHEL","Bharat Heavy Elect Ltd.","GOLDMAN SACHS BANK EUROPE SE - ODI","BUY","12,35,703","251.00",
"30-MAR-2026","BHEL","Bharat Heavy Elect Ltd.","MORGAN STANLEY ASIA SINGAPORE PTE","SELL","12,35,703","251.00",
"30-MAR-2026","CUBEINVIT","Cube Highways Trust","ASK FINANCIAL HOLDINGS PRIVATE LIMITED","BUY","41,50,000","146.00",
"30-MAR-2026","CUBEINVIT","Cube Highways Trust","CUBE HIGHWAYS AND INFRASTRUCTURE III PTE.LTD.","SELL","1,32,00,000","146.00",
"30-MAR-2026","CUBEINVIT","Cube Highways Trust","CUBE MOBILITY INVESTMENTS PTE. LTD.","SELL","1,40,75,000","146.00",
"30-MAR-2026","CUBEINVIT","Cube Highways Trust","CUBE MOBILITY INVESTMENTS PTE. LTD.","SELL","58,75,000","146.00",
"30-MAR-2026","CUBEINVIT","Cube Highways Trust","CUBE MOBILITY INVESTMENTS PTE.LTD.","SELL","34,00,000","146.00",
"30-MAR-2026","CUBEINVIT","Cube Highways Trust","INFRASTRUCTURE AND REAL ASSETS FUND","BUY","61,75,000","146.00",
"30-MAR-2026","CUBEINVIT","Cube Highways Trust","KOTAK MAHINDRA BANK LIMITED","BUY","1,90,75,000","146.00",
"30-MAR-2026","CUBEINVIT","Cube Highways Trust","MAHINDRA & MAHINDRA LIMITED","BUY","34,00,000","146.00",
"30-MAR-2026","CUBEINVIT","Cube Highways Trust","NEO REAL ASSET YIELD FUND","BUY","37,50,000","146.00",
"30-MAR-2026","JIOFIN","Jio Fin Services Ltd","GOLDMAN SACHS BANK EUROPE SE - ODI","BUY","26,75,853","232.55",
"30-MAR-2026","JIOFIN","Jio Fin Services Ltd","MORGAN STANLEY ASIA SINGAPORE PTE","SELL","26,75,853","232.55",
"30-MAR-2026","SAILIFE","Sai Life Sciences Limited","GOLDMAN SACHS BANK EUROPE SE - ODI","SELL","7,96,916","1,015.40",
"30-MAR-2026","SAILIFE","Sai Life Sciences Limited","MORGAN STANLEY ASIA SINGAPORE PTE","BUY","7,96,916","1,015.40",
"08-APR-2026","DELHIVERY","Delhivery Limited","ALPHAMINE ABSOLUTE RETURN FUND","BUY","5,70,000","442.00",
"08-APR-2026","DELHIVERY","Delhivery Limited","BNP PARIBAS FINANCIAL MARKETS","BUY","11,40,000","442.00",
"08-APR-2026","DELHIVERY","Delhivery Limited","EDELWEISS MUTUAL FUND","BUY","5,70,000","442.00",
"08-APR-2026","DELHIVERY","Delhivery Limited","ICICI PRUDENTIAL LIFE INSURANCE COMPANY LIMITED","BUY","5,70,000","442.00",
"08-APR-2026","DELHIVERY","Delhivery Limited","NEXUS OPPORTUNITY FUND LIMITED","SELL","15,62,917","442.00",
"08-APR-2026","DELHIVERY","Delhivery Limited","NEXUS VENTURES III LIMITED","SELL","1,04,37,083","442.00",
"08-APR-2026","DELHIVERY","Delhivery Limited","NIPPON INDIA MUTUAL FUND","BUY","45,75,000","442.00",
"08-APR-2026","DELHIVERY","Delhivery Limited","SBI MUTUAL FUND","BUY","45,75,000","442.00",
"08-APR-2026","JINDALPOLY","Jindal Poly Films Limited","M PRASAD & CO LIMITED","BUY","7,70,036","894.00",
"08-APR-2026","JINDALPOLY","Jindal Poly Films Limited","MACE VENTURE","BUY","2,85,000","894.00",
"08-APR-2026","JINDALPOLY","Jindal Poly Films Limited","SEETHA KUMARI .","SELL","10,55,036","894.00",
"08-APR-2026","UFLEX","UFLEX Limited","FIRST WATER FUND","BUY","7,50,000","340.00",
"08-APR-2026","UFLEX","UFLEX Limited","K2 FAMILY PRIVATE TRUST","SELL","7,50,000","340.00",
"15-APR-2026","CRAFTSMAN","Craftsman Automation Ltd","PI OPPORTUNITIES AIF V LLP","BUY","1,55,323","7,400.00",
"15-APR-2026","CRAFTSMAN","Craftsman Automation Ltd","PRAZIM TRADING AND INVESTMENT COMPANY PRIVATE LIMITED","SELL","1,55,323","7,400.00",
"15-APR-2026","DELHIVERY","Delhivery Limited","EDELWEISS MUTUAL FUND","BUY","10,75,000","465.00",
"15-APR-2026","DELHIVERY","Delhivery Limited","GOLDMAN SACHS BANK EUROPE SE","BUY","6,00,000","465.00",
"15-APR-2026","DELHIVERY","Delhivery Limited","MORGAN STANLEY ASIA SINGAPORE PTE","BUY","12,00,000","465.00",
"15-APR-2026","DELHIVERY","Delhivery Limited","NEXUS OPPORTUNITY FUND LIMITED","SELL","5,37,972","465.00",
"15-APR-2026","DELHIVERY","Delhivery Limited","NEXUS VENTURES III LIMITED","SELL","34,62,028","465.00",
"15-APR-2026","DELHIVERY","Delhivery Limited","NIPPON INDIA MUTUAL FUND","BUY","5,75,000","465.00",
"15-APR-2026","DELHIVERY","Delhivery Limited","VIRIDIAN ASIA OPPORTUNITIES MASTER FUND","BUY","5,50,000","465.00",
"16-APR-2026","SUDARSCHEM","Sudarshan Chemical Inds L","NIPPON INDIA MUTUAL FUND","BUY","7,86,119","810.00",
"16-APR-2026","SUDARSCHEM","Sudarshan Chemical Inds L","RATHI  ANUJ  NARAYANDAS","SELL","7,86,119","810.00",
"24-APR-2026","BIRET","Brookfield India RET","DEZERV INVESTMENTS PRIVATE LIMITED","BUY","7,73,994","324.21",
"24-APR-2026","BIRET","Brookfield India RET","NUVAMA WEALTH FINANCE LIMITED","SELL","7,73,994","324.21",
"29-APR-2026","EMCURE","Emcure Pharmaceuticals L","BC INVESTMENTS IV LIMITED","SELL","18,00,000","1,608.20",
"29-APR-2026","EMCURE","Emcure Pharmaceuticals L","NORGES BANK ON ACCOUNT OF THE GOVERNMENT PENSION FUND GLOBAL","BUY","18,00,000","1,608.20",
"07-MAY-2026","SOFTTECH","Softtech Engineers Ltd","ELIMATH ADVISORS PRIVATE LIMITED","SELL","22,46,998","408.00",
"07-MAY-2026","SOFTTECH","Softtech Engineers Ltd","FEDEX FINANCE PRIVATE LIMITED","BUY","22,46,998","408.00",
"08-MAY-2026","ANZEN","Anzen Ind Ene Yld Plu Tru","AZIM PREMJI TRUST","SELL","50,00,000","122.25",
"08-MAY-2026","ANZEN","Anzen Ind Ene Yld Plu Tru","PRAZIM TRADING AND INVESTMENT COMPANY PRIVATE LIMITED","BUY","50,00,000","122.25",
"08-MAY-2026","LENSKART","Lenskart Solutions Ltd","ABG CAPITAL","SELL","49,72,260","473.40",
"08-MAY-2026","LENSKART","Lenskart Solutions Ltd","ABG CAPITAL FDI","SELL","42,36,560","473.40",
"08-MAY-2026","LENSKART","Lenskart Solutions Ltd","ADITYA BIRLA SUN LIFE MUTUAL FUND","BUY","55,74,490","473.40",
"08-MAY-2026","LENSKART","Lenskart Solutions Ltd","ALPHA WAVE VENTURES II LP","SELL","1,57,16,074","473.40",
"08-MAY-2026","LENSKART","Lenskart Solutions Ltd","ALPHA WAVE VENTURES II LP","SELL","2,15,00,000","473.40",
"08-MAY-2026","LENSKART","Lenskart Solutions Ltd","AMX CCF  SANDS  GLOBAL GROWTH","BUY","4,81,282","473.40",
"08-MAY-2026","LENSKART","Lenskart Solutions Ltd","AON COLLECTIVE INVESTMENT TRUST","BUY","3,90,005","473.40",
"08-MAY-2026","LENSKART","Lenskart Solutions Ltd","APT UNIVERSAL  FONDS","BUY","18,073","473.40",
"08-MAY-2026","LENSKART","Lenskart Solutions Ltd","AXIS MAX LIFE INSURANCE LIMITED","BUY","5,057","473.40",
"08-MAY-2026","LENSKART","Lenskart Solutions Ltd","AXIS MAX LIFE INSURANCE LIMITED","BUY","5,291","473.40",
"08-MAY-2026","LENSKART","Lenskart Solutions Ltd","AXIS MAX LIFE INSURANCE LIMITED","BUY","19,681","473.40",
"08-MAY-2026","LENSKART","Lenskart Solutions Ltd","AXIS MAX LIFE INSURANCE LIMITED","BUY","23,59,031","473.40",
"08-MAY-2026","LENSKART","Lenskart Solutions Ltd","BAJAJ LIFE INSURANCE LIMITED","BUY","30,85,870","473.40",
"08-MAY-2026","LENSKART","Lenskart Solutions Ltd","BIRDSEYE VIEW HOLDINGS II PTE LIMITED","SELL","1,66,69,451","473.40",
"08-MAY-2026","LENSKART","Lenskart Solutions Ltd","BIRDSEYE VIEW HOLDINGS II PTE LTD","SELL","1,66,69,344","473.40",
"08-MAY-2026","LENSKART","Lenskart Solutions Ltd","BLACKROCK CAPITAL ALLOCATIO TERM TR","BUY","2,45,828","473.40",
"08-MAY-2026","LENSKART","Lenskart Solutions Ltd","BLACKROCK GLOBAL ALLOCATION COLLECTIVE FUND","BUY","2,10,905","473.40",
"08-MAY-2026","LENSKART","Lenskart Solutions Ltd","BLACKROCK GLOBAL ALLOCATION FUND AUST","BUY","15,064","473.40",
"08-MAY-2026","LENSKART","Lenskart Solutions Ltd","BLACKROCK GLOBAL ALLOCATION FUND INC","BUY","13,60,613","473.40",
"08-MAY-2026","LENSKART","Lenskart Solutions Ltd","BLACKROCK GLOBAL ALLOCATION PORTFOLIO OF BLACKROCK SERIES FUND INC","BUY","13,010","473.40",
"08-MAY-2026","LENSKART","Lenskart Solutions Ltd","BLACKROCK GLOBAL ALLOCATION V I FUND OF BLACKROCK VARIABLE SERIES FUNDS INC","BUY","3,16,358","473.40",
"08-MAY-2026","LENSKART","Lenskart Solutions Ltd","BLACKROCK GLOBAL FUNDS GLOBAL ALLOCATION FUND","BUY","14,48,262","473.40",
"08-MAY-2026","LENSKART","Lenskart Solutions Ltd","BLACKROCK GLOBAL FUNDSINDIA FUND","BUY","5,15,691","473.40",
"08-MAY-2026","LENSKART","Lenskart Solutions Ltd","BOFA SECURITIES EUROPE SA","BUY","5,29,570","473.40",
"08-MAY-2026","LENSKART","Lenskart Solutions Ltd","BOFA SECURITIES EUROPE SA  ODI","BUY","10,59,140","473.40",
"08-MAY-2026","LENSKART","Lenskart Solutions Ltd","CANARA ROBECO MUTUAL FUND","BUY","5,29,570","473.40",
"08-MAY-2026","LENSKART","Lenskart Solutions Ltd","CASEY FAMILY PROGRAMS","BUY","34,099","473.40",
"08-MAY-2026","LENSKART","Lenskart Solutions Ltd","CG TPT GLOBAL EQUITY FUND","BUY","2,16,529","473.40",
"08-MAY-2026","LENSKART","Lenskart Solutions Ltd","CITIGROUP GLOBAL MARKETS MAURITIUS PVT LTD SSB","BUY","5,29,570","473.40",
"08-MAY-2026","LENSKART","Lenskart Solutions Ltd","COMMONWEALTH OF PENNSYLVANIA PUBLIC SCHOOL EMPLOYEES RETIREMENT SYSTEM","BUY","4,12,626","473.40",
"08-MAY-2026","LENSKART","Lenskart Solutions Ltd","DENDANA INVESTMENTS MAURITIUS LIMITED","BUY","33,114","473.40",
"08-MAY-2026","LENSKART","Lenskart Solutions Ltd","EPIQ CAPITAL II","BUY","11,40,680","473.40",
"08-MAY-2026","LENSKART","Lenskart Solutions Ltd","EWING MARION KAUFFMAN FOUNDATION","BUY","1,62,285","473.40",
"08-MAY-2026","LENSKART","Lenskart Solutions Ltd","FIDELITY FUNDS INDIA FOCUS FUND","BUY","9,95,190","473.40",
"08-MAY-2026","LENSKART","Lenskart Solutions Ltd","FIDELITY INDIA FUND","BUY","87,526","473.40",
"08-MAY-2026","LENSKART","Lenskart Solutions Ltd","GENERAL PENSION AND SOCIAL SECURITY AUTHORITY","BUY","5,26,049","473.40",
"08-MAY-2026","LENSKART","Lenskart Solutions Ltd","GHISALLO MASTER FUND LP","BUY","5,29,570","473.40",
"08-MAY-2026","LENSKART","Lenskart Solutions Ltd","GOLDMAN SACHS BANK EUROPE SE","BUY","5,30,000","473.40",
"08-MAY-2026","LENSKART","Lenskart Solutions Ltd","HDFC MUTUAL FUND","BUY","98,59,638","473.40",
"08-MAY-2026","LENSKART","Lenskart Solutions Ltd","HDFC MUTUAL FUND","BUY","4,92,982","473.40",
"08-MAY-2026","LENSKART","Lenskart Solutions Ltd","HDFC STANDARD LIFE INSURANCE CO LTD","BUY","5,29,570","473.40",
"08-MAY-2026","LENSKART","Lenskart Solutions Ltd","HP INC MASTER TRUST","BUY","16,046","473.40",
"08-MAY-2026","LENSKART","Lenskart Solutions Ltd","HSBC MUTUAL FUND","BUY","51,76,310","473.40",
"08-MAY-2026","LENSKART","Lenskart Solutions Ltd","ICICI PRUDENTIAL LIFE INSURANCE COMPANY LIMITED","BUY","37,82,680","473.40",
"08-MAY-2026","LENSKART","Lenskart Solutions Ltd","ICICI PRUDENTIAL MUTUAL FUND","BUY","33,66,594","473.40",
"08-MAY-2026","LENSKART","Lenskart Solutions Ltd","INDIA ACORN ICAV - ASHOKA WHITEOAK EMERGING MARKETS EQUITY FUND","BUY","29,86,438","473.40",
"08-MAY-2026","LENSKART","Lenskart Solutions Ltd","JNL BLACKROCK GLOBAL ALLOCATION FUND","BUY","2,69,794","473.40",
"08-MAY-2026","LENSKART","Lenskart Solutions Ltd","KARIBA HOLDINGS IV MAURITIUS","SELL","18,64,162","473.40",
"08-MAY-2026","LENSKART","Lenskart Solutions Ltd","KARIBA HOLDINGS IV MAURITIUS","SELL","20,60,910","473.40",
"08-MAY-2026","LENSKART","Lenskart Solutions Ltd","KEDAARA CAPITAL PUBLIC MARKETS FUND I","BUY","9,50,570","473.40",
"08-MAY-2026","LENSKART","Lenskart Solutions Ltd","KOTAK MAHINDRA MUTUAL FUND","BUY","88,59,450","473.40",
"08-MAY-2026","LENSKART","Lenskart Solutions Ltd","LOS ANGELES CITY EMPLOYEES RETIREMENT SYSTEM","BUY","3,77,949","473.40",
"08-MAY-2026","LENSKART","Lenskart Solutions Ltd","LVIP BLACKROCK GLOBAL ALLOCATION FUND","BUY","1,68,450","473.40",
"08-MAY-2026","LENSKART","Lenskart Solutions Ltd","MANULIFE GLOBAL FUND INDIA EQUITY FUND MLIE","BUY","7,02,667","473.40",
"08-MAY-2026","LENSKART","Lenskart Solutions Ltd","MATTHEWS ASIA GROWTH FUND","BUY","2,89,026","473.40",
"08-MAY-2026","LENSKART","Lenskart Solutions Ltd","MATTHEWS ASIA INNOVATORS ACTIVE ETF","BUY","1,67,519","473.40",
"08-MAY-2026","LENSKART","Lenskart Solutions Ltd","MATTHEWS ASIA INNOVATORS FUND","BUY","4,88,535","473.40",
"08-MAY-2026","LENSKART","Lenskart Solutions Ltd","MEDIOLANUM BEST BRANDS MEDIOLANUM INNOVATIVE THEMATIC OPPORTUNITIES","BUY","2,86,829","473.40",
"08-MAY-2026","LENSKART","Lenskart Solutions Ltd","METZLER ASSET MANAGEMENT GMBH FOR MIFONDS 415","BUY","71,850","473.40",
"08-MAY-2026","LENSKART","Lenskart Solutions Ltd","MIRAE ASSET MUTUAL FUND","BUY","94,42,330","473.40",
"08-MAY-2026","LENSKART","Lenskart Solutions Ltd","MORGAN STANLEY ASIA SINGAPORE PTE","BUY","10,59,140","473.40",
"08-MAY-2026","LENSKART","Lenskart Solutions Ltd","MTBJ LTD AS TRUSTEE FOR PENSION FUND ASSOCIATION MTBJ400039113","BUY","2,20,751","473.40",
"08-MAY-2026","LENSKART","Lenskart Solutions Ltd","NATIONAL PENSION SYSTEM NPS TRUST AC SBI PENSION FUND SCHEME CORPORATE CG","BUY","13,15,408","473.40",
"08-MAY-2026","LENSKART","Lenskart Solutions Ltd","NATIONAL PENSION SYSTEM NPS TRUST AC SBI PENSION FUND SCHEME E  TIER I","BUY","13,15,408","473.40",
"08-MAY-2026","LENSKART","Lenskart Solutions Ltd","NATIONAL PENSION SYSTEM NPS TRUST AC SBI PENSION FUND SCHEME STATE GOVT","BUY","30,69,290","473.40",
"08-MAY-2026","LENSKART","Lenskart Solutions Ltd","NORDEA 1 SICAV","BUY","9,31,033","473.40",
"08-MAY-2026","LENSKART","Lenskart Solutions Ltd","OLD WESTBURY LARGE CAP STRATEGIES FUND","BUY","21,53,483","473.40",
"08-MAY-2026","LENSKART","Lenskart Solutions Ltd","QUANT MUTUAL FUND","BUY","37,70,590","473.40",
"08-MAY-2026","LENSKART","Lenskart Solutions Ltd","SANDS CAPITAL FUNDS PLC SANDS CAPITAL GLOBAL GROWTH FUND","BUY","32,71,198","473.40",
"08-MAY-2026","LENSKART","Lenskart Solutions Ltd","SEI TRUST COMPANY AS TRUSTEE OBO WASATCH EMERGING MARKETS SELECT CIT","BUY","10,39,167","473.40",
"08-MAY-2026","LENSKART","Lenskart Solutions Ltd","SEI TRUST COMPANY AS TRUSTEE OBO WASATCH EMERGING MARKETS SMALL CAP CIT","BUY","43,239","473.40",
"08-MAY-2026","LENSKART","Lenskart Solutions Ltd","SEI TRUST COMPANY AS TRUSTEE ON BEHALF OF SANDS CAPITAL GLOBAL GROWTH CIT","BUY","3,08,783","473.40",
"08-MAY-2026","LENSKART","Lenskart Solutions Ltd","SOCIAL INSURANCE ORGANIZATION","BUY","38,875","473.40",
"08-MAY-2026","LENSKART","Lenskart Solutions Ltd","SOCIAL INSURANCE ORGANIZATION","BUY","15,065","473.40",
"08-MAY-2026","LENSKART","Lenskart Solutions Ltd","SOCIAL PROTECTION FUND","BUY","1,58,100","473.40",
"08-MAY-2026","LENSKART","Lenskart Solutions Ltd","SOCIETE GENERALE","BUY","26,51,410","473.40",
"08-MAY-2026","LENSKART","Lenskart Solutions Ltd","ST JAMES S PLACE GLOBAL GROWTH UNIT TRUST","BUY","34,75,287","473.40",
"08-MAY-2026","LENSKART","Lenskart Solutions Ltd","ST JAMES'S PLACE EMERGING MARKETS EQUITY UNIT TRUST","BUY","27,90,731","473.40",
"08-MAY-2026","LENSKART","Lenskart Solutions Ltd","SUSQUEHANNA PACIFIC PTY LTD","BUY","5,29,570","473.40",
"08-MAY-2026","LENSKART","Lenskart Solutions Ltd","TEACHERS RETIREMENT SYSTEM OF THE STATE OF ILLINOIS","BUY","3,66,595","473.40",
"08-MAY-2026","LENSKART","Lenskart Solutions Ltd","THE ADVISORS INNER CIRCLE FUND SANDS CAPITAL GLOBAL GROWTH FUND","BUY","8,15,986","473.40",
"08-MAY-2026","LENSKART","Lenskart Solutions Ltd","THE WELLCOME TRUST LIMITED","BUY","13,39,859","473.40",
"08-MAY-2026","LENSKART","Lenskart Solutions Ltd","TR CAPITAL II L.P.","SELL","29,59,444","473.40",
"08-MAY-2026","LENSKART","Lenskart Solutions Ltd","TR CAPITAL II LP","SELL","29,59,444","473.40",
"08-MAY-2026","LENSKART","Lenskart Solutions Ltd","TR CAPITAL III MAURITIUS","SELL","50,74,722","473.40",
"08-MAY-2026","LENSKART","Lenskart Solutions Ltd","TR CAPITAL III MAURITIUS","SELL","50,74,722","473.40",
"08-MAY-2026","LENSKART","Lenskart Solutions Ltd","TR CAPITAL III MAURITIUS II","SELL","59,78,125","473.40",
"08-MAY-2026","LENSKART","Lenskart Solutions Ltd","TR CAPITAL III MAURITIUS II","SELL","59,78,126","473.40",
"08-MAY-2026","LENSKART","Lenskart Solutions Ltd","TRI FUNDS HOLDING","SELL","5,29,570","473.40",
"08-MAY-2026","LENSKART","Lenskart Solutions Ltd","WASATCH ADVISORS INC A/C WASATCH MICRO CAP VALUE FUND","BUY","41,75,025","473.40",
"08-MAY-2026","LENSKART","Lenskart Solutions Ltd","WASATCH ADVISORS INC AC WASATCH EMERGING INDIA FUND","BUY","5,40,111","473.40",
"08-MAY-2026","LENSKART","Lenskart Solutions Ltd","WASATCH ADVISORS INC AC WASATCH EMERGING MARKETS SELECT FUND","BUY","1,98,514","473.40",
"08-MAY-2026","LENSKART","Lenskart Solutions Ltd","WASATCH ADVISORS INC AC WASATCH EMERGING MARKETS SMALL CAP FUND","BUY","92,821","473.40",
"08-MAY-2026","LENSKART","Lenskart Solutions Ltd","WASATCH ADVISORS LP","BUY","2,794","473.40",
"08-MAY-2026","LENSKART","Lenskart Solutions Ltd","WASATCH EMERGING MARKETS SELECT MASTER FUND LTD","BUY","2,23,125","473.40",
"08-MAY-2026","LENSKART","Lenskart Solutions Ltd","WELLINGTON EMERGING MARKETS EQUITY FUND (AUSTRALIA)","BUY","18,79,060","473.40",
"08-MAY-2026","LENSKART","Lenskart Solutions Ltd","WHITEOAK CAPITAL MUTUAL FUND","BUY","27,87,240","473.40",
"08-MAY-2026","POLICYBZR","PB Fintech Limited","GHISALLO MASTER FUND LP","BUY","7,93,000","1,664.00",
"08-MAY-2026","POLICYBZR","PB Fintech Limited","HDFC MUTUAL FUND","BUY","4,99,975","1,664.00",
"08-MAY-2026","POLICYBZR","PB Fintech Limited","MORGAN STANLEY ASIA SINGAPORE PTE","BUY","21,40,739","1,664.00",
"08-MAY-2026","POLICYBZR","PB Fintech Limited","SOCIETE GENERALE","BUY","10,76,200","1,664.00",
"08-MAY-2026","POLICYBZR","PB Fintech Limited","TATA AIA LIFE INSURANCE COMPANY LIMITED","BUY","1,80,525","1,664.00",
"08-MAY-2026","POLICYBZR","PB Fintech Limited","TATA AIA LIFE INSURANCE COMPANY LIMITED","BUY","1,50,000","1,664.00",
"08-MAY-2026","POLICYBZR","PB Fintech Limited","TENCENT CLOUD EUROPE B.V.","SELL","48,40,439","1,664.00",
"11-MAY-2026","KALPATARU","Kalpataru Limited","GSS INDIA OPPORTUNITIES AIF -SCHEME I","BUY","48,32,604","385.15",
"11-MAY-2026","KALPATARU","Kalpataru Limited","GSS OPPORTUNITIES INVESTMENT I VCC","SELL","48,32,604","385.15",
"12-MAY-2026","EMBASSY","Embassy Office Parks REIT","KOTAK ALTERNATE ASSET MANAGERS LIMITED","BUY","25,25,644","421.00",
"12-MAY-2026","EMBASSY","Embassy Office Parks REIT","KOTAK INDIA COMMERCIAL REAL ESTATE FUND IFSC","BUY","34,30,765","421.00",
"12-MAY-2026","EMBASSY","Embassy Office Parks REIT","KOTAK PERFORMING RE CREDIT STRATEGY FUND-I","SELL","2,68,91,249","421.00",
"12-MAY-2026","EMBASSY","Embassy Office Parks REIT","KOTAK REAL ESTATE FUND X IFSC","BUY","1,94,55,754","421.00",
"12-MAY-2026","EMBASSY","Embassy Office Parks REIT","KOTAK SECURITIES LIMITED","BUY","14,79,086","421.00",
"12-MAY-2026","FEDFINA","Fedbank Financial Ser L","NOMURA INDIA INVESTMENT FUND MOTHER FUND","BUY","1,44,07,139","150.00",
"12-MAY-2026","FEDFINA","Fedbank Financial Ser L","TNTBC AS THE TRUSTEE OF NOMURA INDIA STOCK MOTHER FUND","BUY","1,12,88,000","150.00",
"12-MAY-2026","FEDFINA","Fedbank Financial Ser L","TRUE NORTH FUND VI LLP","SELL","1,28,47,569","150.00",
"12-MAY-2026","FEDFINA","Fedbank Financial Ser L","TRUE NORTH FUND VI LLP","SELL","1,28,47,570","150.00",
"14-MAY-2026","ADANIENT","Adani Enterprises Limited","GQG PARTNERS EMERGING MARKETS EQUITY FUND","SELL","58,92,423","2,435.60",
"14-MAY-2026","ADANIENT","Adani Enterprises Limited","SBI MUTUAL FUND","BUY","58,92,423","2,435.60",
"14-MAY-2026","EMBASSY","Embassy Office Parks REIT","KOTAK INDIA COMMERCIAL REAL ESTATE FUND IFSC","BUY","1,94,26,614","421.00",
"14-MAY-2026","EMBASSY","Embassy Office Parks REIT","KOTAK REAL ESTATE FUND X IFSC","SELL","1,94,26,614","421.00",
"14-MAY-2026","JIOFIN","Jio Fin Services Ltd","GOLDMAN SACHS BANK EUROPE SE - ODI","SELL","26,75,853","231.45",
"14-MAY-2026","JIOFIN","Jio Fin Services Ltd","MORGAN STANLEY ASIA SINGAPORE PTE","BUY","26,75,853","231.45",
"18-MAY-2026","JSWSTEEL","JSW Steel Limited","GQG PARTNERS EMERGING MARKETS EQUITY FUND","BUY","1,50,00,000","1,260.00",
"18-MAY-2026","JSWSTEEL","JSW Steel Limited","JSW ENERGY LIMITED","SELL","2,50,00,000","1,260.00",
"18-MAY-2026","JSWSTEEL","JSW Steel Limited","SBI MUTUAL FUND","BUY","1,00,00,000","1,260.00",
"22-MAY-2026","IKS","Inventurus Knowledge So L","3P INDIA EQUITY FUND 1","BUY","2,40,000","1,580.00",
"22-MAY-2026","IKS","Inventurus Knowledge So L","3P INDIA EQUITY FUND 1M","BUY","1,60,000","1,580.00",
"22-MAY-2026","IKS","Inventurus Knowledge So L","BERJIS MINOO DESAI","SELL","6,00,000","1,580.00",
"22-MAY-2026","IKS","Inventurus Knowledge So L","EDELWEISS MUTUAL FUND A/C - EDELWEISS SMALL CAP FUND","BUY","2,00,000","1,580.00",
"22-MAY-2026","JSWCEMENT","JSW Cement Limited","AMUNDI FUNDS EQUITY INDIA","BUY","40,00,000","124.00",
"22-MAY-2026","JSWCEMENT","JSW Cement Limited","AP ASIA OPPORTUNISTIC HOLDINGS PTE. LTD.","SELL","4,28,18,002","124.00",
"22-MAY-2026","JSWCEMENT","JSW Cement Limited","BAJAJ FINSERV MUTUAL FUND","BUY","5,05,000","124.00",
"22-MAY-2026","JSWCEMENT","JSW Cement Limited","BAJAJ FINSERV MUTUAL FUND","BUY","15,15,000","124.00",
"22-MAY-2026","JSWCEMENT","JSW Cement Limited","BANDHAN MUTUAL FUND","BUY","20,20,000","124.00",
"22-MAY-2026","JSWCEMENT","JSW Cement Limited","EDELWEISS MUTUAL FUND","BUY","27,00,000","124.00",
"22-MAY-2026","JSWCEMENT","JSW Cement Limited","ICICI PRUDENTIAL MUTUAL FUND","BUY","1,19,78,002","124.00",
"22-MAY-2026","JSWCEMENT","JSW Cement Limited","INDIA ACORN ICAV","BUY","97,50,000","124.00",
"22-MAY-2026","JSWCEMENT","JSW Cement Limited","SBI MUTUAL FUND","BUY","67,00,000","124.00",
"22-MAY-2026","JSWCEMENT","JSW Cement Limited","WHITEOAK CAPITAL MUTUAL FUND","BUY","36,50,000","124.00",
"22-MAY-2026","PINELABS","Pine Labs Limited","FRANKLIN TEMPLETON FUNDS - FTF TEMPLETON GLOBAL EMERGING MARKETS FUND","BUY","71,114","144.00",
"22-MAY-2026","PINELABS","Pine Labs Limited","FRANKLIN TEMPLETON INVESTMENT FUNDS - TEMPLETON BRIC FUND","BUY","1,42,656","144.00",
"22-MAY-2026","PINELABS","Pine Labs Limited","FRANKLIN TEMPLETON INVESTMENT FUNDS - TEMPLETON EMERGING MARKETS FUND","BUY","12,41,824","144.00",
"22-MAY-2026","PINELABS","Pine Labs Limited","FTIF - TEMPLETON EMERGING MARKETS DYNAMIC INCOME FUND","BUY","71,119","144.00",
"22-MAY-2026","PINELABS","Pine Labs Limited","FTVIPT-TEMPLETON DEVELOPING MARKETS VIP FUND","BUY","1,33,182","144.00",
"22-MAY-2026","PINELABS","Pine Labs Limited","HSBC MUTUAL FUND","BUY","61,72,659","144.00",
"22-MAY-2026","PINELABS","Pine Labs Limited","ICICI PRUDENTIAL LIFE INSURANCE COMPANY LIMITED","BUY","48,61,111","144.00",
"22-MAY-2026","PINELABS","Pine Labs Limited","ICICI PRUDENTIAL MUTUAL FUND","BUY","20,83,333","144.00",
"22-MAY-2026","PINELABS","Pine Labs Limited","IPROFILE EMERGING MARKETS PRIVATE POOL","BUY","2,09,227","144.00",
"22-MAY-2026","PINELABS","Pine Labs Limited","MADISON INDIA OPPORTUNITIES IV","SELL","2,47,81,985","144.00",
"22-MAY-2026","PINELABS","Pine Labs Limited","MORGAN STANLEY ASIA SINGAPORE PTE","BUY","33,33,400","144.00",
"22-MAY-2026","PINELABS","Pine Labs Limited","TATA MUTUAL FUND","BUY","17,36,200","144.00",
"22-MAY-2026","PINELABS","Pine Labs Limited","TEMPLETON DEVELOPING MARKETS TRUST","BUY","15,14,737","144.00",
"22-MAY-2026","PINELABS","Pine Labs Limited","TEMPLETON EMERGING MARKETS FUND","BUY","2,06,286","144.00",
"22-MAY-2026","PINELABS","Pine Labs Limited","TEMPLETON EMERGING MARKETS FUND","BUY","4,35,372","144.00",
"22-MAY-2026","PINELABS","Pine Labs Limited","TEMPLETON EMERGING MARKETS INVESTMENT TRUST PLC","BUY","23,88,883","144.00",
"22-MAY-2026","PINELABS","Pine Labs Limited","TEMPLETON GLOBAL INVESTMENT TRUST FRANKLIN TEMPLETON SMACS SERIES EM","BUY","1,021","144.00",
"22-MAY-2026","PINELABS","Pine Labs Limited","TEMPLETON INTERNATIONAL EMERGING MARKETS FUND","BUY","1,79,861","144.00",
"25-MAY-2026","MEDANTA","Global Health Limited","HDFC MUTUAL FUND","BUY","10,00,000","1,225.00",
"25-MAY-2026","MEDANTA","Global Health Limited","SUNIL SACHDEVA","SELL","10,00,000","1,225.00",
"25-MAY-2026","PREMIERENE","Premier Energies Limited","360 ONE MUTUAL FUND","BUY","2,72,251","955.00",
"25-MAY-2026","PREMIERENE","Premier Energies Limited","ABU DHABI INVESTMENT AUTHORITY","BUY","1,25,655","955.00",
"25-MAY-2026","PREMIERENE","Premier Energies Limited","AL MEHWAR COMMERCIAL INVESTMENTS L.L.C.","BUY","1,09,946","955.00",
"25-MAY-2026","PREMIERENE","Premier Energies Limited","AMERICAN FUNDS INSURANCE SERIES GLOBAL SMALL CAPITALIZATION FUND","BUY","66,910","955.00",
"25-MAY-2026","PREMIERENE","Premier Energies Limited","BAJAJ FINSERV MUTUAL FUND","BUY","10,47,120","955.00",
"25-MAY-2026","PREMIERENE","Premier Energies Limited","BANDHAN MUTUAL FUND","BUY","11,61,780","955.00",
"25-MAY-2026","PREMIERENE","Premier Energies Limited","BNP PARIBAS FUNDS INDIA EQUITY","BUY","3,14,136","955.00",
"25-MAY-2026","PREMIERENE","Premier Energies Limited","CANARA ROBECO MUTUAL FUND","BUY","14,13,612","955.00",
"25-MAY-2026","PREMIERENE","Premier Energies Limited","CHARANDEEP SINGH SALUJA","SELL","13,08,900","955.00",
"25-MAY-2026","PREMIERENE","Premier Energies Limited","EDELWEISS MUTUAL FUND","BUY","20,94,240","955.00",
"25-MAY-2026","PREMIERENE","Premier Energies Limited","HDFC LIFE INSURANCE COMPANY LIMITED","BUY","9,94,764","955.00",
"25-MAY-2026","PREMIERENE","Premier Energies Limited","HDFC MUTUAL FUND","BUY","5,23,560","955.00",
"25-MAY-2026","PREMIERENE","Premier Energies Limited","JASVEEN KAUR SALUJA","SELL","19,37,172","955.00",
"25-MAY-2026","PREMIERENE","Premier Energies Limited","KOTAK MAHINDRA LIFE INSURANCE COMPANY LIMITED","BUY","5,23,560","955.00",
"25-MAY-2026","PREMIERENE","Premier Energies Limited","KOTAK MAHINDRA MUTUAL FUND","BUY","10,47,120","955.00",
"25-MAY-2026","PREMIERENE","Premier Energies Limited","MANJEET KAUR SALUJA","SELL","50,46,597","955.00",
"25-MAY-2026","PREMIERENE","Premier Energies Limited","NIPPON INDIA EQUITY OPPORTUNITIES AIF - SCHEME 7","BUY","2,61,781","955.00",
"25-MAY-2026","PREMIERENE","Premier Energies Limited","NIPPON INDIA EQUITY OPPORTUNITIES AIF - SCHEME 9","BUY","2,61,781","955.00",
"25-MAY-2026","PREMIERENE","Premier Energies Limited","NOMURA INDIA INVESTMENT FUND MOTHER FUND","BUY","25,00,000","955.00",
"25-MAY-2026","PREMIERENE","Premier Energies Limited","PUBLIC SECTOR PENSION INVESTMENT BOARD","BUY","1,83,247","955.00",
"25-MAY-2026","PREMIERENE","Premier Energies Limited","QUANT MUTUAL FUND","BUY","40,83,769","955.00",
"25-MAY-2026","PREMIERENE","Premier Energies Limited","RELIANCE NIPPON LIFE INSURANCE COMPANY LIMITED","BUY","4,71,204","955.00",
"25-MAY-2026","PREMIERENE","Premier Energies Limited","SBI LIFE INSURANCE COMPANY LIMITED","BUY","13,08,900","955.00",
"25-MAY-2026","PREMIERENE","Premier Energies Limited","SMALLCAP WORLD FUND INC","BUY","24,44,993","955.00",
"25-MAY-2026","PREMIERENE","Premier Energies Limited","SURENDERPAL SINGH SALUJA","SELL","1,56,92,528","955.00",
"25-MAY-2026","PREMIERENE","Premier Energies Limited","TATA MUTUAL FUND","BUY","13,08,900","955.00",
"25-MAY-2026","PREMIERENE","Premier Energies Limited","THE BEEKEEPER CAPITAL PRIVATE LIMITED","BUY","14,65,968","955.00",
"27-MAY-2026","JKLAKSHMI","JK Lakshmi Cement Limited","BENGAL & ASSAM COMPANY LIMITED","BUY","8,68,920","615.00",
"27-MAY-2026","JKLAKSHMI","JK Lakshmi Cement Limited","DWARKESH ENERGY LIMITED","SELL","8,68,920","615.00",
"29-MAY-2026","POLICYBZR","PB Fintech Limited","ALOK BANSAL","SELL","12,00,000","1,751.00",
"29-MAY-2026","POLICYBZR","PB Fintech Limited","APT UNIVERSAL - FONDS","BUY","5,729","1,751.00",
"29-MAY-2026","POLICYBZR","PB Fintech Limited","BNP PARIBAS FINANCIAL MARKETS","BUY","1,64,114","1,751.00",
"29-MAY-2026","POLICYBZR","PB Fintech Limited","COMMONWEALTH OF PENNSYLVANIA PUBLIC SCHOOL EMPLOYEES RETIREMENT SYSTEM","BUY","1,13,588","1,751.00",
"29-MAY-2026","POLICYBZR","PB Fintech Limited","GHISALLO MASTER FUND LP","BUY","2,73,524","1,751.00",
"29-MAY-2026","POLICYBZR","PB Fintech Limited","GOLDMAN SACHS BANK EUROPE SE","BUY","3,28,228","1,751.00",
"29-MAY-2026","POLICYBZR","PB Fintech Limited","KOTAK SECURITIES LIMITED","BUY","22,490","1,751.00",
"29-MAY-2026","POLICYBZR","PB Fintech Limited","LOS ANGELES CITY EMPLOYEES RETIREMENT SYSTEM","BUY","1,03,269","1,751.00",
"29-MAY-2026","POLICYBZR","PB Fintech Limited","MATTHEWS ASIA FUNDS EMERGING MARKETS EX CHINA EQUITY FUND","BUY","1,968","1,751.00",
"29-MAY-2026","POLICYBZR","PB Fintech Limited","MATTHEWS ASIA FUNDS-ASIA SMALL COMPANIES FUND","BUY","26,426","1,751.00",
"29-MAY-2026","POLICYBZR","PB Fintech Limited","MATTHEWS EMERGING MARKETS DISCOVERY ACTIVE ETF","BUY","6,584","1,751.00",
"29-MAY-2026","POLICYBZR","PB Fintech Limited","MATTHEWS EMERGING MARKETS EX CHINA ACTIVE ETF","BUY","25,814","1,751.00",
"29-MAY-2026","POLICYBZR","PB Fintech Limited","MATTHEWS EMERGING MARKETS SMALL COMPANIES FUND","BUY","1,49,552","1,751.00",
"29-MAY-2026","POLICYBZR","PB Fintech Limited","METZLER ASSET MANAGEMENT GMBH FOR MI-FONDS 415","BUY","12,000","1,751.00",
"29-MAY-2026","POLICYBZR","PB Fintech Limited","MORGAN STANLEY ASIA SINGAPORE PTE","BUY","2,22,322","1,751.00",
"29-MAY-2026","POLICYBZR","PB Fintech Limited","NATIONAL PENSION SYSTEM (NPS) TRUST","BUY","3,80,728","1,751.00",
"29-MAY-2026","POLICYBZR","PB Fintech Limited","SEI TRUST COMPANY AS TRUSTEE OBO WASATCH EMERGING MARKETS SELECT CIT","BUY","1,75,000","1,751.00",
"29-MAY-2026","POLICYBZR","PB Fintech Limited","SEI TRUST COMPANY AS TRUSTEE OBO WASATCH EMERGING MARKETS SMALL CAP CIT","BUY","13,769","1,751.00",
"29-MAY-2026","POLICYBZR","PB Fintech Limited","SOCIETE GENERALE","BUY","4,34,134","1,751.00",
"29-MAY-2026","POLICYBZR","PB Fintech Limited","ST JAMES'S PLACE EMERGING MARKETS EQUITY UNIT TRUST","BUY","4,67,500","1,751.00",
"29-MAY-2026","POLICYBZR","PB Fintech Limited","TATA MUTUAL FUND","BUY","2,18,819","1,751.00",
"29-MAY-2026","POLICYBZR","PB Fintech Limited","TEACHERS RETIREMENT SYSTEM OF THE STATE OF ILLINOIS","BUY","1,16,475","1,751.00",
"29-MAY-2026","POLICYBZR","PB Fintech Limited","VIRIDIAN ASIA OPPORTUNITIES MASTER FUND","BUY","4,37,639","1,751.00",
"29-MAY-2026","POLICYBZR","PB Fintech Limited","WASATCH ADVISORS INC A/C WASATCH EMERGING MARKETS SMALL CAP FUND","BUY","29,171","1,751.00",
"29-MAY-2026","POLICYBZR","PB Fintech Limited","WASATCH ADVISORS INC. A/C WASATCH EMERGING MARKETS SELECT FUND","BUY","32,975","1,751.00",
"29-MAY-2026","POLICYBZR","PB Fintech Limited","WASATCH ADVISORS LP","BUY","682","1,751.00",
"29-MAY-2026","POLICYBZR","PB Fintech Limited","WASATCH EMERGING MARKETS SELECT MASTER FUND LTD","BUY","37,500","1,751.00",
"29-MAY-2026","POLICYBZR","PB Fintech Limited","YASHISH DAHIYA","SELL","4,00,000","1,751.00",
"29-MAY-2026","POLICYBZR","PB Fintech Limited","YASHISH DAHIYA","SELL","22,00,000","1,751.00",
"01-JUN-2026","CGCL","Money Matters F S Limited","GAINFUL MULTITRADE PRIVATE LIMITED","SELL","30,00,000","192.50",
"01-JUN-2026","CGCL","Money Matters F S Limited","MORGAN STANLEY ASIA SINGAPORE PTE","BUY","50,00,000","192.50",
"01-JUN-2026","CGCL","Money Matters F S Limited","SAMVRUDHI TRADESOL PRIVATE LIMITED","SELL","20,00,000","192.50",
"01-JUN-2026","IBULLSLTD","Indiabulls Limited","ACM GLOBAL FUND VCC","SELL","1,50,00,000","21.00",
"01-JUN-2026","IBULLSLTD","Indiabulls Limited","UNICO GLOBAL OPPORTUNITIES FUND LIMITED","BUY","1,50,00,000","21.00",
"02-JUN-2026","ALKEM","Alkem Laboratories Ltd.","BNP PARIBAS ARBITRAGE - ODI","BUY","48,090","5,200.00",
"02-JUN-2026","ALKEM","Alkem Laboratories Ltd.","DSP MUTUAL FUND","BUY","86,538","5,200.00",
"02-JUN-2026","ALKEM","Alkem Laboratories Ltd.","EDELWEISS MUTUAL FUND","BUY","48,090","5,200.00",
"02-JUN-2026","ALKEM","Alkem Laboratories Ltd.","GOLDMAN SACHS BANK EUROPE SE","BUY","48,090","5,200.00",
"02-JUN-2026","ALKEM","Alkem Laboratories Ltd.","HDFC MUTUAL FUND","BUY","5,09,615","5,200.00",
"02-JUN-2026","ALKEM","Alkem Laboratories Ltd.","ICICI PRUDENTIAL MUTUAL FUND","BUY","9,03,527","5,200.00",
"02-JUN-2026","ALKEM","Alkem Laboratories Ltd.","JAYANTI SINHA","SELL","12,38,220","5,200.00",
"02-JUN-2026","ALKEM","Alkem Laboratories Ltd.","MORGAN STANLEY ASIA SINGAPORE PTE","BUY","48,090","5,200.00",
"02-JUN-2026","ALKEM","Alkem Laboratories Ltd.","NIPPON INDIA MUTUAL FUND","BUY","48,090","5,200.00",
"02-JUN-2026","ALKEM","Alkem Laboratories Ltd.","SAMPRADA&NANHAMATI SINGH FAMILY TRUST","SELL","5,50,000","5,200.00",
"02-JUN-2026","ALKEM","Alkem Laboratories Ltd.","SOCIETE GENERALE","BUY","48,090","5,200.00",
"02-JUN-2026","BAJAJELEC","Bajaj Electricals Limited","JAMNALAL SONS PRIVATE LIMITED","SELL","56,16,000","320.48",
"02-JUN-2026","BAJAJELEC","Bajaj Electricals Limited","KAMALNAYAN INVESTMENTS AND TRADING PRIVATE LIMITED","BUY","9,36,000","320.60",
"02-JUN-2026","BAJAJELEC","Bajaj Electricals Limited","MADHUR SECURITIES PRIVATE LIMITED","BUY","9,36,000","320.40",
"02-JUN-2026","BAJAJELEC","Bajaj Electricals Limited","NIRAJ HOLDINGS PRIVATE LIMITED","BUY","9,36,000","320.35",
"02-JUN-2026","BAJAJELEC","Bajaj Electricals Limited","RAHUL SECURITIES PVT LTD","BUY","9,36,000","320.55",
"02-JUN-2026","BAJAJELEC","Bajaj Electricals Limited","RUPA EQUITIES PRIVATE LIMITED","BUY","9,36,000","320.50",
"02-JUN-2026","BAJAJELEC","Bajaj Electricals Limited","SHEKHAR HOLDINGS PVT. LTD.","BUY","9,36,000","320.45",
"03-JUN-2026","GMRAIRPORT","GMR AIRPORTS LIMITED","FIDELITY INVESTMENT TRUST FIDELITY INTERNATIONAL SMALL CAP FUND","BUY","19,50,00,000","97.75",
"03-JUN-2026","GMRAIRPORT","GMR AIRPORTS LIMITED","GQG PARTNERS EMERGING MARKETS EQUITY FUND","SELL","19,50,00,000","97.75",
"03-JUN-2026","LENSKART","Lenskart Solutions Ltd","ABS DIRECT EQUITY FUND LLC - INDIA SERIES 1","BUY","18,600","508.55",
"03-JUN-2026","LENSKART","Lenskart Solutions Ltd","APT-UNIVERSAL-FONDS","BUY","5,267","508.55",
"03-JUN-2026","LENSKART","Lenskart Solutions Ltd","ASHOKA INDIA EQUITY INVESTMENT TRUST PLC","BUY","2,95,200","508.55",
"03-JUN-2026","LENSKART","Lenskart Solutions Ltd","ASHOKA WHITEOAK ICAV - ASHOKA WHITEOAK INDIA OPPORTUNITIES FUND","BUY","8,21,100","508.55",
"03-JUN-2026","LENSKART","Lenskart Solutions Ltd","BNP PARIBAS FINANCIAL MARKETS - ODI","BUY","20,00,000","508.55",
"03-JUN-2026","LENSKART","Lenskart Solutions Ltd","CANARA ROBECO MUTUAL FUND","BUY","3,00,000","508.55",
"03-JUN-2026","LENSKART","Lenskart Solutions Ltd","CANARA ROBECO MUTUAL FUND","BUY","75,000","508.55",
"03-JUN-2026","LENSKART","Lenskart Solutions Ltd","CANARA ROBECO MUTUAL FUND","BUY","4,50,000","508.55",
"03-JUN-2026","LENSKART","Lenskart Solutions Ltd","CANARA ROBECO MUTUAL FUND.","BUY","75,000","508.55",
"03-JUN-2026","LENSKART","Lenskart Solutions Ltd","COMMONWEALTH OF PENNSYLVANIA PUBLIC SCHOOL EMPLOYEES' RETIREMENT SYSTEM / GE322","BUY","51,143","508.55",
"03-JUN-2026","LENSKART","Lenskart Solutions Ltd","COMMONWEALTH OF PENNSYLVANIA PUBLIC SCHOOL EMPLOYEES' RETIREMENT SYSTEM / GE322","BUY","3,16,696","508.55",
"03-JUN-2026","LENSKART","Lenskart Solutions Ltd","COPTHALL MAURITIUS INVESTMENT LIMITED - ODI","BUY","18,96,000","508.55",
"03-JUN-2026","LENSKART","Lenskart Solutions Ltd","DENDANA INVESTMENTS (MAURITIUS) LIMITED","BUY","67,570","508.55",
"03-JUN-2026","LENSKART","Lenskart Solutions Ltd","FACTORY MUTUAL INSURANCE COMPANY","BUY","32,300","508.55",
"03-JUN-2026","LENSKART","Lenskart Solutions Ltd","FIDELITY EMERGING MARKETS FOCUS INSTITUTIONAL TRUST","BUY","69,914","508.55",
"03-JUN-2026","LENSKART","Lenskart Solutions Ltd","FIDELITY FUNDS �� EMERGING MARKETS EQUITY ESG FUND","BUY","7,12,157","508.55",
"03-JUN-2026","LENSKART","Lenskart Solutions Ltd","FIDELITY FUNDS �� INDIA FOCUS FUND","BUY","19,92,003","508.55",
"03-JUN-2026","LENSKART","Lenskart Solutions Ltd","FIDELITY GLOBAL EMERGING MARKETS ACTIVE ETF","BUY","2,65,430","508.55",
"03-JUN-2026","LENSKART","Lenskart Solutions Ltd","FIDELITY GLOBAL EMERGING MARKETS FUND","BUY","5,97,599","508.55",
"03-JUN-2026","LENSKART","Lenskart Solutions Ltd","FIDELITY INDIA FUND","BUY","1,73,699","508.55",
"03-JUN-2026","LENSKART","Lenskart Solutions Ltd","FIDELITY INVESTMENT FUNDS - FIDELITY RESPONSIBLE EMERGING MARKETS EQUITY FD","BUY","84,982","508.55",
"03-JUN-2026","LENSKART","Lenskart Solutions Ltd","GOLDMAN SACHS BANK EUROPE SE - ODI","BUY","71,00,000","508.55",
"03-JUN-2026","LENSKART","Lenskart Solutions Ltd","GOLDMAN SACHS BANK EUROPESE","BUY","66,93,594","508.55",
"03-JUN-2026","LENSKART","Lenskart Solutions Ltd","HDFC LIFE INSURANCE COMPANY LIMITED","BUY","11,00,000","508.55",
"03-JUN-2026","LENSKART","Lenskart Solutions Ltd","ICICI PRUDENTIAL LIFE INSURANCE COMPANY LIMITED","BUY","8,00,000","508.55",
"03-JUN-2026","LENSKART","Lenskart Solutions Ltd","ICICI PRUDENTIAL MUTUAL FUND","BUY","23,50,000","508.55",
"03-JUN-2026","LENSKART","Lenskart Solutions Ltd","INDIA ACORN FUND LTD","BUY","1,32,800","508.55",
"03-JUN-2026","LENSKART","Lenskart Solutions Ltd","INTERNATIONAL MONETARY FUND","BUY","7,59,150","508.55",
"03-JUN-2026","LENSKART","Lenskart Solutions Ltd","INTERNATIONAL MONETARY FUND","BUY","9,87,273","508.55",
"03-JUN-2026","LENSKART","Lenskart Solutions Ltd","KOTAK FUNDS - INDIA MIDCAP FUND","BUY","30,62,138","508.55",
"03-JUN-2026","LENSKART","Lenskart Solutions Ltd","KOTAK INFINITY FUND - CLASS AC","BUY","37,862","508.55",
"03-JUN-2026","LENSKART","Lenskart Solutions Ltd","LOS ANGELES CITY EMPLOYEES' RETIREMENT SYSTEM","BUY","3,43,658","508.55",
"03-JUN-2026","LENSKART","Lenskart Solutions Ltd","MANULIFE (SINGAPORE) PTE LTD","BUY","14,597","508.55",
"03-JUN-2026","LENSKART","Lenskart Solutions Ltd","MANULIFE (SINGAPORE) PTE LTD","BUY","15,502","508.55",
"03-JUN-2026","LENSKART","Lenskart Solutions Ltd","MANULIFE (SINGAPORE) PTE LTD","BUY","2,16,752","508.55",
"03-JUN-2026","LENSKART","Lenskart Solutions Ltd","MANULIFE (SINGAPORE) PTE LTD","BUY","88,779","508.55",
"03-JUN-2026","LENSKART","Lenskart Solutions Ltd","MANULIFE PROVIDENT FUNDS UNIT TRUST SERIES- MANULIFE PACIFIC ASIA EQY FUND","BUY","3,14,370","508.55",
"03-JUN-2026","LENSKART","Lenskart Solutions Ltd","METZLER ASSET MANAGEMENT GMBH FOR MI-FONDS 415","BUY","31,204","508.55",
"03-JUN-2026","LENSKART","Lenskart Solutions Ltd","MIRAE ASSET MUTUAL FUND","BUY","4,06,224","508.55",
"03-JUN-2026","LENSKART","Lenskart Solutions Ltd","MIRAE ASSET MUTUAL FUND","BUY","5,28,091","508.55",
"03-JUN-2026","LENSKART","Lenskart Solutions Ltd","MIRAE ASSET MUTUAL FUND","BUY","5,68,714","508.55",
"03-JUN-2026","LENSKART","Lenskart Solutions Ltd","MIRAE ASSET MUTUAL FUND","BUY","16,77,456","508.55",
"03-JUN-2026","LENSKART","Lenskart Solutions Ltd","MIRAE ASSET MUTUAL FUND","BUY","3,19,515","508.55",
"03-JUN-2026","LENSKART","Lenskart Solutions Ltd","NORTH ROCK SG VCC","BUY","1,90,000","508.55",
"03-JUN-2026","LENSKART","Lenskart Solutions Ltd","NORTH ROCK SG VCC","BUY","3,02,000","508.55",
"03-JUN-2026","LENSKART","Lenskart Solutions Ltd","OMNIS GLOBAL EMERGING MARKETS EQUITY LEADERS FUND","BUY","8,24,629","508.55",
"03-JUN-2026","LENSKART","Lenskart Solutions Ltd","QUANT MUTUAL FUND","BUY","11,60,000","508.55",
"03-JUN-2026","LENSKART","Lenskart Solutions Ltd","SOCIETE GENERALE - ODI","BUY","1,37,34,000","508.55",
"03-JUN-2026","LENSKART","Lenskart Solutions Ltd","ST. JAMES'S PLACE EMERGING MARKETS EQUITY UNIT TRUST","BUY","12,05,500","508.55",
"03-JUN-2026","LENSKART","Lenskart Solutions Ltd","SVF II LIGHTBULB (CAYMAN) LIMITED","SELL","5,65,00,000","508.55",
"03-JUN-2026","LENSKART","Lenskart Solutions Ltd","TEACHERS' RETIREMENT SYSTEM OF THE STATE OF ILLINOIS","BUY","1,03,866","508.55",
"03-JUN-2026","LENSKART","Lenskart Solutions Ltd","WASATCH EMERGING MARKETS SELECT CIT","BUY","4,46,967","508.55",
"03-JUN-2026","LENSKART","Lenskart Solutions Ltd","WASATCH EMERGING MARKETS SELECT FUND","BUY","43,138","508.55",
"03-JUN-2026","LENSKART","Lenskart Solutions Ltd","WASATCH EMERGING MARKETS SELECT MASTER FUND LTD","BUY","95,953","508.55",
"03-JUN-2026","LENSKART","Lenskart Solutions Ltd","WASATCH EMERGING MARKETS SMALL CAP CIT","BUY","22,061","508.55",
"03-JUN-2026","LENSKART","Lenskart Solutions Ltd","WASATCH EMERGING MARKETS SMALL CAP FUND","BUY","24,547","508.55",
"03-JUN-2026","LENSKART","Lenskart Solutions Ltd","WHITEOAK CAPITAL MUTUAL FUND","BUY","24,696","508.55",
"03-JUN-2026","LENSKART","Lenskart Solutions Ltd","WHITEOAK CAPITAL MUTUAL FUND","BUY","87,329","508.55",
"03-JUN-2026","LENSKART","Lenskart Solutions Ltd","WHITEOAK CAPITAL MUTUAL FUND","BUY","1,45,481","508.55",
"03-JUN-2026","LENSKART","Lenskart Solutions Ltd","WHITEOAK CAPITAL MUTUAL FUND","BUY","1,58,242","508.55",
"03-JUN-2026","LENSKART","Lenskart Solutions Ltd","WHITEOAK CAPITAL MUTUAL FUND","BUY","8,133","508.55",
"03-JUN-2026","LENSKART","Lenskart Solutions Ltd","WHITEOAK CAPITAL MUTUAL FUND","BUY","7,232","508.55",
"03-JUN-2026","LENSKART","Lenskart Solutions Ltd","WHITEOAK CAPITAL MUTUAL FUND","BUY","68,887","508.55",
"04-JUN-2026","GODIGIT","Go Digit General Ins Ltd","ADITYA BIRLA SUNLIFE MUTUAL FUND","BUY","21,66,667","300.00",
"04-JUN-2026","GODIGIT","Go Digit General Ins Ltd","JPMORGAN (TAIWAN) EASTERN TECHNOLOGY FUND","BUY","11,66,833","300.00",
"04-JUN-2026","GODIGIT","Go Digit General Ins Ltd","PEAK XV PARTNERS GROWTH INVESTMENTS III","SELL","33,33,500","300.00",
"04-JUN-2026","IKS","Inventurus Knowledge So L","KEDAARA CAPITAL PUBLIC MARKETS FUND I","BUY","2,00,000","1,654.90",
"04-JUN-2026","IKS","Inventurus Knowledge So L","SCOTT HAYWORTH","SELL","2,00,000","1,654.90",
"05-JUN-2026","ADANIENSOL","Adani Energy Solution Ltd","GQG PARTNERS EMERGING MARKETS EQUITY FUND","SELL","63,65,796","1,504.80",
"05-JUN-2026","ADANIENSOL","Adani Energy Solution Ltd","SBI MUTUAL FUND","BUY","63,65,796","1,504.80",
"05-JUN-2026","ADANIENT","Adani Enterprises Limited","GQG PARTNERS EMERGING MARKETS EQUITY FUND","SELL","1,64,39,984","2,913.40",
"05-JUN-2026","ADANIENT","Adani Enterprises Limited","SBI MUTUAL FUND","BUY","1,64,39,984","2,913.40",
"05-JUN-2026","LENSKART","Lenskart Solutions Ltd","COPTHALL MAURITIUS INVESTMENT LIMITED","SELL","18,96,000","508.55",
"05-JUN-2026","LENSKART","Lenskart Solutions Ltd","VIRIDIAN ASIA OPPORTUNITIES MASTER FUND","BUY","18,96,000","508.55",
"08-JUN-2026","MOTILALOFS","Motilal Oswal Financial S","HDFC LIFE INSURANCE COMPANY LIMITED","BUY","18,20,000","842.50",
"08-JUN-2026","MOTILALOFS","Motilal Oswal Financial S","MOTILAL OSWAL FOUNDATION","SELL","14,55,000","842.50",
"08-JUN-2026","MOTILALOFS","Motilal Oswal Financial S","MOTILAL OSWAL HEALTHCARE FOUNDATION","SELL","3,65,000","842.50",
"09-JUN-2026","ADANIGREEN","Adani Green Energy Ltd","ADANI INFRA (INDIA) LIMITED","BUY","2,15,00,000","1,510.00",
"09-JUN-2026","ADANIGREEN","Adani Green Energy Ltd","ARDOUR INVESTMENT HOLDING LTD","SELL","2,15,00,000","1,510.00",
"09-JUN-2026","AJANTPHARM","Ajanta Pharma Ltd","ADITYA BIRLA SUN LIFE MUTUAL FUND","BUY","13,47,709","2,968.00",
"09-JUN-2026","AJANTPHARM","Ajanta Pharma Ltd","KOTAK MAHINDRA MUTUAL FUND","BUY","21,02,291","2,968.00",
"09-JUN-2026","AJANTPHARM","Ajanta Pharma Ltd","RAVI AGRAWAL TRUST","SELL","34,50,000","2,968.00",
"09-JUN-2026","CAPITALSFB","Capital Small Fin Bank L","LYPTUS PUNCH-CARD FUND","BUY","13,62,563","270.00",
"09-JUN-2026","CAPITALSFB","Capital Small Fin Bank L","OMAN INDIA JOINT INVESTMENT FUND II","SELL","13,62,563","270.00",
"09-JUN-2026","EMCURE","Emcure Pharmaceuticals L","BC INVESTMENTS IV LIMITED","SELL","36,00,000","1,700.00",
"09-JUN-2026","EMCURE","Emcure Pharmaceuticals L","KOTAK MAHINDRA MUTUAL FUND","BUY","36,00,000","1,700.00",
"11-JUN-2026","EBGNG","GNG Electronics Limited","EDELWEISS MUTUAL FUND","BUY","6,41,028","390.00",
"11-JUN-2026","EBGNG","GNG Electronics Limited","GOLDMAN SACHS FUNDS-GOLDMAN SACHS ASIA EQUITY PORTFOLIO","BUY","6,41,031","390.00",
"11-JUN-2026","EBGNG","GNG Electronics Limited","ITI MUTUAL FUND","BUY","6,41,029","390.00",
"11-JUN-2026","EBGNG","GNG Electronics Limited","MCP EMERGING MARKETS FUND LP","BUY","1,45,662","390.00",
"11-JUN-2026","EBGNG","GNG Electronics Limited","MIRAE ASSET MUTUAL FUND","BUY","6,41,032","390.00",
"11-JUN-2026","EBGNG","GNG Electronics Limited","MOBIUS INVESTMENT TRUST PLC","BUY","4,95,364","390.00",
"11-JUN-2026","EBGNG","GNG Electronics Limited","MOTILAL OSWAL EQUITY OPPORTUNITIES FUND SERIES II","BUY","6,41,027","390.00",
"11-JUN-2026","EBGNG","GNG Electronics Limited","TRUST MUTUAL FUND","BUY","6,41,030","390.00",
"11-JUN-2026","EBGNG","GNG Electronics Limited","VIDHI S KHANDELWAL","SELL","44,87,203","390.00",
"11-JUN-2026","LENSKART","Lenskart Solutions Ltd","ADITYA BIRLA SUN LIFE MUTUAL FUND","BUY","10,20,409","490.00",
"11-JUN-2026","LENSKART","Lenskart Solutions Ltd","ALPHA ALTERNATIVES EQUITY ABSOLUTE RETURN FUND","BUY","5,10,205","490.00",
"11-JUN-2026","LENSKART","Lenskart Solutions Ltd","CANARA ROBECO MUTUAL FUND","BUY","32,24,491","490.00",
"11-JUN-2026","LENSKART","Lenskart Solutions Ltd","CITIGROUP GLOBAL MARKETS MAURITIUS PRIVATE LIMITED","BUY","6,12,245","490.00",
"11-JUN-2026","LENSKART","Lenskart Solutions Ltd","FRANKLIN TEMPLETON MUTUAL FUND","BUY","22,44,898","490.00",
"11-JUN-2026","LENSKART","Lenskart Solutions Ltd","GHISALLO MASTER FUND LP","BUY","8,16,327","490.00",
"11-JUN-2026","LENSKART","Lenskart Solutions Ltd","GOLDMAN SACHS INVESTMENTS MAURITIUS I LIMITED","BUY","11,22,450","490.00",
"11-JUN-2026","LENSKART","Lenskart Solutions Ltd","HDFC LIFE INSURANCE COMPANY LIMITED","BUY","10,20,409","490.00",
"11-JUN-2026","LENSKART","Lenskart Solutions Ltd","ICICI PRUDENTIAL LIFE INSURANCE COMPANY LIMITED","BUY","20,40,817","490.00",
"11-JUN-2026","LENSKART","Lenskart Solutions Ltd","ICICI PRUDENTIAL MUTUAL FUND","BUY","12,24,490","490.00",
"11-JUN-2026","LENSKART","Lenskart Solutions Ltd","INTEGRATED CORE STRATEGIES (ASIA) PTE LTD","BUY","13,26,531","490.00",
"11-JUN-2026","LENSKART","Lenskart Solutions Ltd","KOTAK FUNDS-INDIA MIDCAP FUND","BUY","7,14,286","490.00",
"11-JUN-2026","LENSKART","Lenskart Solutions Ltd","KOTAK MAHINDRA LIFE INSURANCE COMPANY LIMITED","BUY","10,20,409","490.00",
"11-JUN-2026","LENSKART","Lenskart Solutions Ltd","KOTAK MAHINDRA MUTUAL FUND","BUY","1,20,61,211","490.00",
"11-JUN-2026","LENSKART","Lenskart Solutions Ltd","MIRAE ASSET MUTUAL FUND","BUY","22,04,083","490.00",
"11-JUN-2026","LENSKART","Lenskart Solutions Ltd","MORGAN STANLEY ASIA SINGAPORE PTE","BUY","5,10,205","490.00",
"11-JUN-2026","LENSKART","Lenskart Solutions Ltd","NATIONAL PENSION SYSTEM (NPS) TRUST","BUY","30,61,225","490.00",
"11-JUN-2026","LENSKART","Lenskart Solutions Ltd","NATIONAL PENSION SYSTEM (NPS) TRUST","BUY","20,00,000","490.00",
"11-JUN-2026","LENSKART","Lenskart Solutions Ltd","PLATINUM JASMINE A 2018 TRUST","SELL","4,00,00,000","490.00",
"11-JUN-2026","LENSKART","Lenskart Solutions Ltd","SBI MUTUAL FUND","BUY","9,18,368","490.00",
"11-JUN-2026","LENSKART","Lenskart Solutions Ltd","SOCIETE GENERALE","BUY","10,20,410","490.00",
"11-JUN-2026","LENSKART","Lenskart Solutions Ltd","VIRIDIAN ASIA OPPORTUNITIES MASTER FUND","BUY","13,26,531","490.00",
"17-JUN-2026","CORONA","CORONA Remedies Limited","ABERDEEN ASIAN SMALLER COMPANIES INVESTMENT TRUST PLC","BUY","4,50,868","1,730.00",
"17-JUN-2026","CORONA","CORONA Remedies Limited","ABERDEEN STANDARD SICAV I - ASIAN SMALLER COMPANIES FUND","BUY","2,74,132","1,730.00",
"17-JUN-2026","CORONA","CORONA Remedies Limited","ABU DHABI INVESTMENT AUTHORITY - WAY","BUY","39,130","1,730.00",
"17-JUN-2026","CORONA","CORONA Remedies Limited","ADITYA BIRLA SUN LIFE MUTUAL FUND","BUY","4,90,000","1,730.00",
"17-JUN-2026","CORONA","CORONA Remedies Limited","ANCHOR PARTNERS","SELL","1,61,861","1,730.00",
"17-JUN-2026","CORONA","CORONA Remedies Limited","ASHOKA WHITEOAK EMERGING MARKETS EQUITY EX CHINA FUND","BUY","29,520","1,730.00",
"17-JUN-2026","CORONA","CORONA Remedies Limited","FACTORY MUTUAL INSURANCE COMPANY","BUY","10,670","1,730.00",
"17-JUN-2026","CORONA","CORONA Remedies Limited","HDFC MUTUAL FUND","BUY","24,50,000","1,730.00",
"17-JUN-2026","CORONA","CORONA Remedies Limited","INDIA ACORN ICAV - ASHOKA WHITEOAK EMERGING MARKETS EQUITY FUND","BUY","1,48,686","1,730.00",
"17-JUN-2026","CORONA","CORONA Remedies Limited","INVESCO MUTUAL FUND","BUY","2,89,017","1,730.00",
"17-JUN-2026","CORONA","CORONA Remedies Limited","KOTAK MAHINDRA MUTUAL FUND","BUY","1,61,861","1,730.00",
"17-JUN-2026","CORONA","CORONA Remedies Limited","SEPIA INVESTMENTS LIMITED","SELL","43,28,943","1,730.00",
"17-JUN-2026","CORONA","CORONA Remedies Limited","TCW WHITE OAK EMERGING MARKETS EQUITY FUND","BUY","1,920","1,730.00",
"17-JUN-2026","CORONA","CORONA Remedies Limited","WHITEOAK CAPITAL MUTUAL FUND","BUY","1,45,000","1,730.00",
"18-JUN-2026","ANTHEM","Anthem Biosciences Ltd","360 ONE MUTUAL FUND","BUY","3,35,661","744.80",
"18-JUN-2026","ANTHEM","Anthem Biosciences Ltd","ARUNA GANESH","SELL","1,71,14,604","744.80",
"18-JUN-2026","ANTHEM","Anthem Biosciences Ltd","BAJAJ LIFE INSURANCE LIMITED","BUY","12,08,379","744.80",
"18-JUN-2026","ANTHEM","Anthem Biosciences Ltd","CANARA ROBECO MUTUAL FUND","BUY","5,37,057","744.80",
"18-JUN-2026","ANTHEM","Anthem Biosciences Ltd","EDELWEISS MUTUAL FUND","BUY","3,35,661","744.80",
"18-JUN-2026","ANTHEM","Anthem Biosciences Ltd","GHISALLO MASTER FUND LP","BUY","3,35,661","744.80",
"18-JUN-2026","ANTHEM","Anthem Biosciences Ltd","HDFC MUTUAL FUND","BUY","13,42,643","744.80",
"18-JUN-2026","ANTHEM","Anthem Biosciences Ltd","ICICI PRUDENTIAL LIFE INSURANCE COMPANY LIMITED","BUY","12,08,379","744.80",
"18-JUN-2026","ANTHEM","Anthem Biosciences Ltd","INTEGRATED CORE STRATEGIES ASIA PTE LTD","BUY","2,000","744.80",
"18-JUN-2026","ANTHEM","Anthem Biosciences Ltd","INTEGRATED CORE STRATEGIES ASIA PTE LTD","BUY","8,000","744.80",
"18-JUN-2026","ANTHEM","Anthem Biosciences Ltd","INTEGRATED CORE STRATEGIES ASIA PTE LTD","BUY","9,000","744.80",
"18-JUN-2026","ANTHEM","Anthem Biosciences Ltd","INTEGRATED CORE STRATEGIES ASIA PTE LTD","BUY","10,000","744.80",
"18-JUN-2026","ANTHEM","Anthem Biosciences Ltd","INTEGRATED CORE STRATEGIES ASIA PTE LTD","BUY","16,000","744.80",
"18-JUN-2026","ANTHEM","Anthem Biosciences Ltd","INTEGRATED CORE STRATEGIES ASIA PTE LTD","BUY","23,000","744.80",
"18-JUN-2026","ANTHEM","Anthem Biosciences Ltd","INTEGRATED CORE STRATEGIES ASIA PTE LTD","BUY","54,000","744.80",
"18-JUN-2026","ANTHEM","Anthem Biosciences Ltd","INTEGRATED CORE STRATEGIES ASIA PTE LTD","BUY","1,02,264","744.80",
"18-JUN-2026","ANTHEM","Anthem Biosciences Ltd","INTEGRATED CORE STRATEGIES ASIA PTE LTD","BUY","1,11,397","744.80",
"18-JUN-2026","ANTHEM","Anthem Biosciences Ltd","KOTAK MAHINDRA LIFE INSURANCE COMPANY LIMITED","BUY","1,07,460","744.80",
"18-JUN-2026","ANTHEM","Anthem Biosciences Ltd","KOTAK MAHINDRA LIFE INSURANCE COMPANY LIMITED","BUY","1,777","744.80",
"18-JUN-2026","ANTHEM","Anthem Biosciences Ltd","KOTAK MAHINDRA LIFE INSURANCE COMPANY LIMITED","BUY","1,572","744.80",
"18-JUN-2026","ANTHEM","Anthem Biosciences Ltd","KOTAK MAHINDRA LIFE INSURANCE COMPANY LIMITED","BUY","109","744.80",
"18-JUN-2026","ANTHEM","Anthem Biosciences Ltd","KOTAK MAHINDRA LIFE INSURANCE COMPANY LIMITED","BUY","2,274","744.80",
"18-JUN-2026","ANTHEM","Anthem Biosciences Ltd","KOTAK MAHINDRA LIFE INSURANCE COMPANY LIMITED","BUY","4,65,712","744.80",
"18-JUN-2026","ANTHEM","Anthem Biosciences Ltd","KOTAK MAHINDRA LIFE INSURANCE COMPANY LIMITED","BUY","2,22,420","744.80",
"18-JUN-2026","ANTHEM","Anthem Biosciences Ltd","KOTAK MAHINDRA LIFE INSURANCE COMPANY LIMITED","BUY","2,14,923","744.80",
"18-JUN-2026","ANTHEM","Anthem Biosciences Ltd","KOTAK MAHINDRA LIFE INSURANCE COMPANY LIMITED","BUY","80,134","744.80",
"18-JUN-2026","ANTHEM","Anthem Biosciences Ltd","KOTAK MAHINDRA LIFE INSURANCE COMPANY LIMITED","BUY","59,187","744.80",
"18-JUN-2026","ANTHEM","Anthem Biosciences Ltd","KOTAK MAHINDRA LIFE INSURANCE COMPANY LIMITED","BUY","21,654","744.80",
"18-JUN-2026","ANTHEM","Anthem Biosciences Ltd","KOTAK MAHINDRA LIFE INSURANCE COMPANY LIMITED","BUY","11,058","744.80",
"18-JUN-2026","ANTHEM","Anthem Biosciences Ltd","KOTAK MAHINDRA LIFE INSURANCE COMPANY LIMITED","BUY","6,092","744.80",
"18-JUN-2026","ANTHEM","Anthem Biosciences Ltd","KOTAK MAHINDRA LIFE INSURANCE COMPANY LIMITED","BUY","4,777","744.80",
"18-JUN-2026","ANTHEM","Anthem Biosciences Ltd","KOTAK MAHINDRA LIFE INSURANCE COMPANY LIMITED","BUY","4,117","744.80",
"18-JUN-2026","ANTHEM","Anthem Biosciences Ltd","KOTAK MAHINDRA LIFE INSURANCE COMPANY LIMITED","BUY","2,757","744.80",
"18-JUN-2026","ANTHEM","Anthem Biosciences Ltd","KOTAK MAHINDRA LIFE INSURANCE COMPANY LIMITED","BUY","2,356","744.80",
"18-JUN-2026","ANTHEM","Anthem Biosciences Ltd","KOTAK MAHINDRA MUTUAL FUND","BUY","13,42,643","744.80",
"18-JUN-2026","ANTHEM","Anthem Biosciences Ltd","MAHINDRA MANULIFE MUTUAL  FUND","BUY","76,741","744.80",
"18-JUN-2026","ANTHEM","Anthem Biosciences Ltd","MAHINDRA MANULIFE MUTUAL FUND","BUY","7,67,411","744.80",
"18-JUN-2026","ANTHEM","Anthem Biosciences Ltd","MAHINDRA MANULIFE MUTUAL FUND","BUY","2,30,223","744.80",
"18-JUN-2026","ANTHEM","Anthem Biosciences Ltd","MAHINDRA MANULIFE MUTUAL FUND","BUY","76,741","744.80",
"18-JUN-2026","ANTHEM","Anthem Biosciences Ltd","MAHINDRA MANULIFE MUTUAL FUND","BUY","1,91,527","744.80",
"18-JUN-2026","ANTHEM","Anthem Biosciences Ltd","MANULIFE GLOBAL FUND INDIA EQUITY FUND","BUY","1,95,802","744.80",
"18-JUN-2026","ANTHEM","Anthem Biosciences Ltd","MANULIFE PROVIDENT FUNDS UNIT TRUST SERIES - MANULIFE INDIA EQUITY FUND","BUY","14,685","744.80",
"18-JUN-2026","ANTHEM","Anthem Biosciences Ltd","NORDEA 1 SICAV - INDIAN EQUITY FUND","BUY","6,85,307","744.80",
"18-JUN-2026","ANTHEM","Anthem Biosciences Ltd","PI OPPORTUNITIES AIF V LLP","BUY","8,05,586","744.80",
"18-JUN-2026","ANTHEM","Anthem Biosciences Ltd","PRUDENTIAL HONG KONG LIMITED","BUY","10,20,409","744.80",
"18-JUN-2026","ANTHEM","Anthem Biosciences Ltd","SBI MUTUAL FUND","BUY","2,99,000","744.80",
"18-JUN-2026","ANTHEM","Anthem Biosciences Ltd","SBI MUTUAL FUND","BUY","6,500","744.80",
"18-JUN-2026","ANTHEM","Anthem Biosciences Ltd","SBI MUTUAL FUND","BUY","24,000","744.80",
"18-JUN-2026","ANTHEM","Anthem Biosciences Ltd","SBI MUTUAL FUND","BUY","2,40,000","744.80",
"18-JUN-2026","ANTHEM","Anthem Biosciences Ltd","SBI MUTUAL FUND","BUY","3,05,000","744.80",
"18-JUN-2026","ANTHEM","Anthem Biosciences Ltd","SBI MUTUAL FUND","BUY","7,42,116","744.80",
"18-JUN-2026","ANTHEM","Anthem Biosciences Ltd","SBI MUTUAL FUND","BUY","10,78,000","744.80",
"18-JUN-2026","ANTHEM","Anthem Biosciences Ltd","SOCIAL PROTECTION FUND","BUY","44,056","744.80",
"18-JUN-2026","ANTHEM","Anthem Biosciences Ltd","SOCIETE GENERALE","BUY","3,35,661","744.80",
"18-JUN-2026","ANTHEM","Anthem Biosciences Ltd","UTI MUTUAL FUND","BUY","7,60,538","744.80",
"18-JUN-2026","ANTHEM","Anthem Biosciences Ltd","UTI MUTUAL FUND","BUY","5,32,377","744.80",
"18-JUN-2026","ANTHEM","Anthem Biosciences Ltd","UTI MUTUAL FUND","BUY","49,728","744.80",
"18-JUN-2026","ANTHEM","Anthem Biosciences Ltd","WHITEOAK CAPITAL MUTUAL FUND","BUY","2,62,661","744.80",
"18-JUN-2026","ANTHEM","Anthem Biosciences Ltd","WHITEOAK CAPITAL MUTUAL FUND","BUY","18,635","744.80",
"18-JUN-2026","ANTHEM","Anthem Biosciences Ltd","WHITEOAK CAPITAL MUTUAL FUND","BUY","1,00,458","744.80",
"18-JUN-2026","ANTHEM","Anthem Biosciences Ltd","WHITEOAK CAPITAL MUTUAL FUND","BUY","61,318","744.80",
"23-JUN-2026","CRAFTSMAN","Craftsman Automation Ltd","ABU DHABI INVESTMENT","BUY","57,298","9,250.00",
"23-JUN-2026","CRAFTSMAN","Craftsman Automation Ltd","AXIS MUTUAL FUND","BUY","30,271","9,250.00",
"23-JUN-2026","CRAFTSMAN","Craftsman Automation Ltd","EDELWEISS MUTUAL FUND","BUY","27,028","9,250.00",
"23-JUN-2026","CRAFTSMAN","Craftsman Automation Ltd","FRANKLIN TEMPLETON MUTUAL FUND","BUY","29,190","9,250.00",
"23-JUN-2026","CRAFTSMAN","Craftsman Automation Ltd","HDFC MUTUAL FUND","BUY","1,83,784","9,250.00",
"23-JUN-2026","CRAFTSMAN","Craftsman Automation Ltd","HDFC STANDARD LIFE INSURNACE","BUY","29,190","9,250.00",
"23-JUN-2026","CRAFTSMAN","Craftsman Automation Ltd","INVESCO MUTUAL FUND","BUY","1,08,109","9,250.00",
"23-JUN-2026","CRAFTSMAN","Craftsman Automation Ltd","MERRILL LYNCH INVESTMENT MANAGERS LIMITED A/C. MLI EQ.F (MAU","BUY","29,859","9,250.00",
"23-JUN-2026","CRAFTSMAN","Craftsman Automation Ltd","SRINIVASAN RAVI","SELL","5,25,000","9,250.00",
"23-JUN-2026","CRAFTSMAN","Craftsman Automation Ltd","TATA AIA LIFE INSURANCE COMPANY LIMITED","BUY","30,271","9,250.00",
"23-JUN-2026","M&M","Mah & Mah Ltd.","PI OPPORTUNITIES AIF V LLP","BUY","10,18,336","3,046.00",
"23-JUN-2026","M&M","Mah & Mah Ltd.","PRAZIM TRADING AND INVESTMENT COMPANY PRIVATE LIMITED","SELL","10,18,336","3,046.00",
"24-JUN-2026","ASIANPAINT","Asian Paints Limited","THE MTBJ LTD. AS TRST FOR GOVRNMNT PENSION INVSTMNT FUND MTBJ400045828","SELL","1,00,248","2,661.20",
"24-JUN-2026","ASIANPAINT","Asian Paints Limited","THE MTBJ LTD. AS TRST FOR GOVRNMNT PENSION INVSTMNT FUND MUTB400045794","BUY","1,00,248","2,661.20",
"24-JUN-2026","AXISBANK","Axis Bank Limited","THE MTBJ LTD. AS TRST FOR GOVRNMNT PENSION INVSTMNT FUND MTBJ400045828","SELL","1,84,107","1,363.50",
"24-JUN-2026","AXISBANK","Axis Bank Limited","THE MTBJ LTD. AS TRST FOR GOVRNMNT PENSION INVSTMNT FUND MUTB400045794","BUY","1,84,107","1,363.50",
"24-JUN-2026","BAJFINANCE","Bajaj Finance Limited","THE MTBJ LTD. AS TRST FOR GOVRNMNT PENSION INVSTMNT FUND MTBJ400045828","SELL","3,67,127","962.40",
"24-JUN-2026","BAJFINANCE","Bajaj Finance Limited","THE MTBJ LTD. AS TRST FOR GOVRNMNT PENSION INVSTMNT FUND MUTB400045794","BUY","3,67,127","962.40",
"24-JUN-2026","BEL","Bharat Electronics Ltd","THE MTBJ LTD. AS TRST FOR GOVRNMNT PENSION INVSTMNT FUND MTBJ400045828","SELL","8,37,516","420.00",
"24-JUN-2026","BEL","Bharat Electronics Ltd","THE MTBJ LTD. AS TRST FOR GOVRNMNT PENSION INVSTMNT FUND MUTB400045794","BUY","8,37,516","420.00",
"24-JUN-2026","BHARTIARTL","Bharti Airtel Limited","THE MTBJ LTD. AS TRST FOR GOVRNMNT PENSION INVSTMNT FUND MTBJ400045828","SELL","2,18,882","1,901.60",
"24-JUN-2026","BHARTIARTL","Bharti Airtel Limited","THE MTBJ LTD. AS TRST FOR GOVRNMNT PENSION INVSTMNT FUND MUTB400045794","BUY","2,18,882","1,901.60",
"24-JUN-2026","HDFCBANK","HDFC Bank Ltd.","THE MTBJ LTD. AS TRST FOR GOVRNMNT PENSION INVSTMNT FUND MTBJ400045828","SELL","10,13,597","774.65",
"24-JUN-2026","HDFCBANK","HDFC Bank Ltd.","THE MTBJ LTD. AS TRST FOR GOVRNMNT PENSION INVSTMNT FUND MUTB400045794","BUY","10,13,597","774.65",
"24-JUN-2026","HINDUNILVR","Hindustan Unilever Ltd","THE MTBJ LTD. AS TRST FOR GOVRNMNT PENSION INVSTMNT FUND MTBJ400045828","SELL","1,25,199","2,160.10",
"24-JUN-2026","HINDUNILVR","Hindustan Unilever Ltd","THE MTBJ LTD. AS TRST FOR GOVRNMNT PENSION INVSTMNT FUND MUTB400045794","BUY","1,25,199","2,160.10",
"24-JUN-2026","ICICIBANK","ICICI Bank Ltd.","THE MTBJ LTD. AS TRST FOR GOVRNMNT PENSION INVSTMNT FUND MTBJ400045828","SELL","9,67,959","1,338.30",
"24-JUN-2026","ICICIBANK","ICICI Bank Ltd.","THE MTBJ LTD. AS TRST FOR GOVRNMNT PENSION INVSTMNT FUND MUTB400045794","BUY","9,67,959","1,338.30",
"24-JUN-2026","INFY","Infosys Limited","THE MTBJ LTD. AS TRST FOR GOVRNMNT PENSION INVSTMNT FUND MTBJ400045828","SELL","6,13,120","1,029.30",
"24-JUN-2026","INFY","Infosys Limited","THE MTBJ LTD. AS TRST FOR GOVRNMNT PENSION INVSTMNT FUND MUTB400045794","BUY","6,13,120","1,029.30",
"24-JUN-2026","LT","Larsen & Toubro Limited","THE MTBJ LTD. AS TRST FOR GOVRNMNT PENSION INVSTMNT FUND MTBJ400045828","SELL","1,22,583","4,179.40",
"24-JUN-2026","LT","Larsen & Toubro Limited","THE MTBJ LTD. AS TRST FOR GOVRNMNT PENSION INVSTMNT FUND MUTB400045794","BUY","1,22,583","4,179.40",
"24-JUN-2026","M&M","Mah & Mah Ltd.","THE MTBJ LTD. AS TRST FOR GOVRNMNT PENSION INVSTMNT FUND MTBJ400045828","SELL","1,28,377","3,037.30",
"24-JUN-2026","M&M","Mah & Mah Ltd.","THE MTBJ LTD. AS TRST FOR GOVRNMNT PENSION INVSTMNT FUND MUTB400045794","BUY","1,28,377","3,037.30",
"24-JUN-2026","NDRINVIT","NDR INVIT Trust","INVESTCORP INDIA WAREHOUSING IFSC TRUST","SELL","1,46,25,000","137.00",
"24-JUN-2026","NDRINVIT","NDR INVIT Trust","N.D.R WAREHOUSING PRIVATE LIMITED","BUY","1,00,00,000","137.00",
"24-JUN-2026","NDRINVIT","NDR INVIT Trust","NDR UNIVERSAL ENTERPRISES PRIVATE LIMITED","BUY","46,25,000","137.00",
"24-JUN-2026","POWERGRID","Power Grid Corporation of","THE MTBJ LTD. AS TRST FOR GOVRNMNT PENSION INVSTMNT FUND MTBJ400045828","SELL","10,28,059","291.95",
"24-JUN-2026","POWERGRID","Power Grid Corporation of","THE MTBJ LTD. AS TRST FOR GOVRNMNT PENSION INVSTMNT FUND MUTB400045794","BUY","10,28,059","291.95",
"24-JUN-2026","RELIANCE","Reliance Industries Ltd","THE MTBJ LTD. AS TRST FOR GOVRNMNT PENSION INVSTMNT FUND MTBJ400045828","SELL","7,19,579","1,309.50",
"24-JUN-2026","RELIANCE","Reliance Industries Ltd","THE MTBJ LTD. AS TRST FOR GOVRNMNT PENSION INVSTMNT FUND MUTB400045794","BUY","7,19,579","1,309.50",
"24-JUN-2026","SUNPHARMA","Sun Pharma Industries Ltd","THE MTBJ LTD. AS TRST FOR GOVRNMNT PENSION INVSTMNT FUND MTBJ400045828","SELL","1,54,424","1,868.00",
"24-JUN-2026","SUNPHARMA","Sun Pharma Industries Ltd","THE MTBJ LTD. AS TRST FOR GOVRNMNT PENSION INVSTMNT FUND MUTB400045794","BUY","1,54,424","1,868.00",
"24-JUN-2026","TCS","Tata Consultancy Serv Ltd","THE MTBJ LTD. AS TRST FOR GOVRNMNT PENSION INVSTMNT FUND MTBJ400045828","SELL","1,83,328","2,059.60",
"24-JUN-2026","TCS","Tata Consultancy Serv Ltd","THE MTBJ LTD. AS TRST FOR GOVRNMNT PENSION INVSTMNT FUND MUTB400045794","BUY","1,83,328","2,059.60",
"24-JUN-2026","TITAN","Titan Company Limited","THE MTBJ LTD. AS TRST FOR GOVRNMNT PENSION INVSTMNT FUND MTBJ400045828","SELL","81,064","4,305.30",
"24-JUN-2026","TITAN","Titan Company Limited","THE MTBJ LTD. AS TRST FOR GOVRNMNT PENSION INVSTMNT FUND MUTB400045794","BUY","81,064","4,305.30",
"25-JUN-2026","BANSALWIRE","Bansal Wire Industries L","BNP PARIBAS FINANCIAL MARKETS","BUY","9,70,874","309.00",
"25-JUN-2026","BANSALWIRE","Bansal Wire Industries L","HDFC MUTUAL FUND","BUY","8,09,063","309.00",
"25-JUN-2026","BANSALWIRE","Bansal Wire Industries L","INVESCO MUTUAL FUND","BUY","20,93,917","309.00",
"25-JUN-2026","BANSALWIRE","Bansal Wire Industries L","MALABAR INDIA FUND LIMITED","BUY","8,09,062","309.00",
"25-JUN-2026","BANSALWIRE","Bansal Wire Industries L","MRINAAL MITTAL","SELL","46,82,916","309.00",
"25-JUN-2026","EMCURE","Emcure Pharmaceuticals L","ADITYA BIRLA SUN LIFE MUTUAL FUND","BUY","2,61,420","1,817.00",
"25-JUN-2026","EMCURE","Emcure Pharmaceuticals L","ALPHA ALTERNATIVES EQUITY ABSOLUTE RETURN FUND","BUY","1,37,593","1,817.00",
"25-JUN-2026","EMCURE","Emcure Pharmaceuticals L","AXIS MUTUAL FUND","BUY","1,37,590","1,817.00",
"25-JUN-2026","EMCURE","Emcure Pharmaceuticals L","AXIS MUTUAL FUND","BUY","1,37,591","1,817.00",
"25-JUN-2026","EMCURE","Emcure Pharmaceuticals L","BC INVESTMENTS IV LIMITED","SELL","9,69,730","1,817.00",
"25-JUN-2026","EMCURE","Emcure Pharmaceuticals L","BC INVESTMENTS IV LIMITED","SELL","9,69,729","1,817.00",
"25-JUN-2026","EMCURE","Emcure Pharmaceuticals L","BNP PARIBAS FINANCIAL MARKETS","BUY","1,37,592","1,817.00",
"25-JUN-2026","EMCURE","Emcure Pharmaceuticals L","GOLDMAN SACHS INVESTMENTS MAURITIUS I LIMITED","BUY","1,37,590","1,817.00",
"25-JUN-2026","EMCURE","Emcure Pharmaceuticals L","HDFC STANDARD LIFE INSURANCE COMPANY LTD","BUY","5,56,954","1,817.00",
"25-JUN-2026","EMCURE","Emcure Pharmaceuticals L","HDFC STANDARD LIFE INSURNACE","BUY","1,57,949","1,817.00",
"25-JUN-2026","EMCURE","Emcure Pharmaceuticals L","HSBC MUTUAL FUND","BUY","1,37,590","1,817.00",
"25-JUN-2026","EMCURE","Emcure Pharmaceuticals L","MORGAN STANLEY ASIA SINGAPORE PTE","BUY","1,37,590","1,817.00",
"25-JUN-2026","LODHA","Lodha Developers Limited","FIAM INTERNATIONAL CAPITAL APPRECIATION COMMINGLED POOL","BUY","1,55,600","937.85",
"25-JUN-2026","LODHA","Lodha Developers Limited","FIDELITY  INVESTMENT TRUST FIDELITY INTERNATIONAL CAPITAL APPRECIATION K6 FD","BUY","17,10,100","937.85",
"25-JUN-2026","LODHA","Lodha Developers Limited","FIDELITY INSTITUTIONAL AM INTERNATIONAL CORE CIT","BUY","8,94,596","937.85",
"25-JUN-2026","LODHA","Lodha Developers Limited","FIDELITY RUTLAND SQUARE TRUST II:","BUY","1,00,800","937.85",
"25-JUN-2026","LODHA","Lodha Developers Limited","FMRC FIDELITY ADVISOR INTERNATIONAL CAPITAL APPRECIATION FUND","BUY","1,32,64,600","937.85",
"25-JUN-2026","LODHA","Lodha Developers Limited","FRST II STRAT ADV FIDE INTERL FUND","BUY","28,57,100","937.85",
"25-JUN-2026","LODHA","Lodha Developers Limited","HIGHTOWN CONSTRUCTIONS PRIVATE LIMITED","SELL","1,74,24,032","937.85",
"25-JUN-2026","LODHA","Lodha Developers Limited","HOMECRAFT DEVELOPERS AND FARMS PRIVATE LIMITED","SELL","24,57,264","937.85",
"25-JUN-2026","LODHA","Lodha Developers Limited","SUNAMERICA SERIES TRUST SA FIDELITY INSTITUTIONAL AM INTL GROWTH PORTFOLIO","BUY","1,78,300","937.85",
"25-JUN-2026","LODHA","Lodha Developers Limited","VIP INTL CAP APP PORT","BUY","7,20,200","937.85",
"29-JUN-2026","BLISSGVS","Bliss GVS Pharma Ltd","ARIAN INVESTMENT LTD","SELL","11,50,000","490.00",
"29-JUN-2026","BLISSGVS","Bliss GVS Pharma Ltd","MATEUS LTD","BUY","11,50,000","490.00",
"29-JUN-2026","INFY","Infosys Limited","PI OPPORTUNITIES AIF V LLP","SELL","5,14,800","1,034.00",
"29-JUN-2026","INFY","Infosys Limited","VIDYANITI LLP","BUY","5,14,800","1,034.00",
"30-JUN-2026","GENUSPOWER","Genus Power Infrastru Ltd","BUOYANT OPPORTUNITIES STRATEGY","BUY","22,41,379","290.00",
"30-JUN-2026","GENUSPOWER","Genus Power Infrastru Ltd","BUOYANT OPPORTUNITIES STRATEGY-III","BUY","22,41,379","290.00",
"30-JUN-2026","GENUSPOWER","Genus Power Infrastru Ltd","CHISWICK INVESTMENT PTE LTD","SELL","1,03,44,827","290.00",
"30-JUN-2026","GENUSPOWER","Genus Power Infrastru Ltd","MADHURI MADHUSUDAN KELA","BUY","13,79,310","290.00",
"30-JUN-2026","GENUSPOWER","Genus Power Infrastru Ltd","PROFITEX SHARES & SECURITIES PRIVATE LIMITED","BUY","44,82,759","290.00",
"07-JUL-2026","CAPITALSFB","Capital Small Fin Bank L","AMICUS CAPITAL PRIVATE EQUITY I LLP","SELL","8,33,500","300.00",
"07-JUL-2026","CAPITALSFB","Capital Small Fin Bank L","LYPTUS PUNCH-CARD FUND","BUY","8,33,500","300.00",
"08-JUL-2026","BAYERCROP","Bayer Cropscience Ltd","BAYER AG","BUY","53,54,030","4,122.30",
"08-JUL-2026","BAYERCROP","Bayer Cropscience Ltd","BAYER CROPSCIENCE AKTIENGESELLSCHAFT","SELL","53,54,030","4,122.30",
"13-JUL-2026","JSFB","Jana Small Fin Bank Ltd","MONET SECURITIES PRIVATE LTD","BUY","10,77,288","488.30",
"13-JUL-2026","JSFB","Jana Small Fin Bank Ltd","QRG INVESTMENTS AND HOLDINGS LIMITED","SELL","10,77,288","488.30",
"14-JUL-2026","BIOCON","Biocon Limited","360 ONE MUTUAL FUND","BUY","6,26,000","400.00",
"14-JUL-2026","BIOCON","Biocon Limited","ADITYA BIRLA SUNLIFE MUTUAL FUND","BUY","12,50,000","400.00",
"14-JUL-2026","BIOCON","Biocon Limited","AXIS MAX LIFE INSURANCE LIMITED","BUY","6,26,000","400.00",
"14-JUL-2026","BIOCON","Biocon Limited","AXIS MUTUAL FUND","BUY","6,26,000","400.00",
"14-JUL-2026","BIOCON","Biocon Limited","BAJAJ LIFE INSURANCE LIMITED","BUY","6,26,000","400.00",
"14-JUL-2026","BIOCON","Biocon Limited","BNP PARIBAS ARBITRAGE","BUY","7,50,000","400.00",
"14-JUL-2026","BIOCON","Biocon Limited","CITIGROUP GLOBAL MARKETS SINGAPORE PTE LIMITED","BUY","7,50,000","400.00",
"14-JUL-2026","BIOCON","Biocon Limited","EDELWEISS MUTUAL FUND","BUY","6,26,000","400.00",
"14-JUL-2026","BIOCON","Biocon Limited","FRANKLIN TEMPLETON MUTUAL FUND","BUY","9,37,500","400.00",
"14-JUL-2026","BIOCON","Biocon Limited","GHISALLO MASTER FUND LP","BUY","6,26,000","400.00",
"14-JUL-2026","BIOCON","Biocon Limited","GOLDMAN SACHS BANK EUROPE SE","BUY","6,26,000","400.00",
"14-JUL-2026","BIOCON","Biocon Limited","HDFC MUTUAL FUND","BUY","58,29,005","400.00",
"14-JUL-2026","BIOCON","Biocon Limited","ICICI PRUDENTIAL LIFE INSURANCECOMPANY LTD.","BUY","12,50,000","400.00",
"14-JUL-2026","BIOCON","Biocon Limited","ICICI PRUDENTIAL MUTUAL FUND","BUY","1,84,37,500","400.00",
"14-JUL-2026","BIOCON","Biocon Limited","KOTAK MAHINDRA MUTUAL FUND","BUY","58,29,004","400.00",
"14-JUL-2026","BIOCON","Biocon Limited","MIRAE ASSET MUTUAL FUND","BUY","9,37,500","400.00",
"14-JUL-2026","BIOCON","Biocon Limited","MOTILAL OSWAL MUTUAL FUND","BUY","6,26,000","400.00",
"14-JUL-2026","BIOCON","Biocon Limited","MYLAN INC.","SELL","4,59,83,509","400.00",
"14-JUL-2026","BIOCON","Biocon Limited","NORGES BANK ON ACCOUNT OF THE GOVERNMENT PENSION FUND GLOBAL","BUY","6,26,000","400.00",
"14-JUL-2026","BIOCON","Biocon Limited","NRSGVCC","BUY","6,26,000","400.00",
"14-JUL-2026","BIOCON","Biocon Limited","SANATAN FINANCIAL ADVISORY SERVICES PRIVATE LIMITED","BUY","6,26,000","400.00",
"14-JUL-2026","BIOCON","Biocon Limited","SBI MUTUAL FUND","BUY","18,75,000","400.00",
"14-JUL-2026","BIOCON","Biocon Limited","TATA MUTUAL FUND","BUY","6,26,000","400.00",
"14-JUL-2026","BIOCON","Biocon Limited","UTI MUTUAL FUND","BUY","6,26,000","400.00",
"21-JUL-2026","BLISSGVS","Bliss GVS Pharma Ltd","ARIAN INVESTMENT LTD","SELL","7,00,000","485.00",
"21-JUL-2026","BLISSGVS","Bliss GVS Pharma Ltd","NOVA VIDA LIMITED","BUY","7,00,000","485.00",
"24-JUL-2026","SUDEEPPHRM","Sudeep Pharma Limited","NUVAMA CROSSOVER OPPORTUNITIES FUND - SERIES III","SELL","10,60,000","800.00",
"24-JUL-2026","SUDEEPPHRM","Sudeep Pharma Limited","NUVAMA CROSSOVER OPPORTUNITIES FUND - SERIES IIIA","SELL","9,40,000","800.00",
"24-JUL-2026","SUDEEPPHRM","Sudeep Pharma Limited","SBI MUTUAL FUND","BUY","20,00,000","800.00",
"29-JUL-2026","GODIGIT","Go Digit General Ins Ltd","ICICI PRUDENTIAL MUTUAL FUND","BUY","57,21,378","243.00",
"29-JUL-2026","GODIGIT","Go Digit General Ins Ltd","PEAK XV PARTNERS GROWTH INVESTMENTS III","SELL","57,21,378","243.00",
"30-JUL-2026","IIFL","IIFL Finance Limited","AMERICAN FUNDS INSURANCE SERIES GLOBAL SMALL CAPITALIZATION FUND","BUY","1,66,203","590.00",
"30-JUL-2026","IIFL","IIFL Finance Limited","FIH MAURITIUS INVESTMENTS LTD","SELL","63,39,355","590.00",
"30-JUL-2026","IIFL","IIFL Finance Limited","SMALLCAP WORLD FUND INC","BUY","61,73,152","590.00",
"03-AUG-2026","ADANIGREEN","Adani Green Energy Ltd","ADANI INFRA (INDIA) LIMITED","BUY","1,70,00,000","1,400.00",
"03-AUG-2026","ADANIGREEN","Adani Green Energy Ltd","ARDOUR INVESTMENT HOLDING LTD","SELL","1,70,00,000","1,400.00",
"04-AUG-2026","ADANIPOWER","Adani Power Limited","ADANI INFRA (INDIA) LIMITED","BUY","12,48,00,000","210.50",
"04-AUG-2026","ADANIPOWER","Adani Power Limited","ARDOUR INVESTMENT HOLDING LTD","SELL","12,48,00,000","210.50",
"04-AUG-2026","BAJAJ-AUTO","Bajaj Auto Limited","ARYAMAN FAMILY TRUST","SELL","25,000","11,600.00",
"04-AUG-2026","BAJAJ-AUTO","Bajaj Auto Limited","BACHHRAJ & CO PRIVATE LIMITED","BUY","25,000","11,600.00",
"04-AUG-2026","MEESHO","Meesho Limited","ABS DIRECT EQUITY FUND LLC - INDIA SERIES 1","BUY","32,500","186.00",
"04-AUG-2026","MEESHO","Meesho Limited","ABU DHABI INVESTMENT AUTHORITY","BUY","21,23,000","186.00",
"04-AUG-2026","MEESHO","Meesho Limited","ADITYA BIRLA SUN LIFE MUTUAL FUND","BUY","88,21,600","186.00",
"04-AUG-2026","MEESHO","Meesho Limited","ASHOKA INDIA EQUITY INVESTMENT TRUST PLC","BUY","13,50,000","186.00",
"04-AUG-2026","MEESHO","Meesho Limited","ASHOKA WHITEOAK EMERGING MARKETS EQUITY EX CHINA FUND","BUY","3,48,200","186.00",
"04-AUG-2026","MEESHO","Meesho Limited","ASHOKA WHITEOAK ICAV - ASHOKA WHITEOAK INDIA ESG FUND","BUY","9,800","186.00",
"04-AUG-2026","MEESHO","Meesho Limited","ASHOKA WHITEOAK ICAV - ASHOKA WHITEOAK INDIA OPPORTUNITIES FUND","BUY","6,15,600","186.00",
"04-AUG-2026","MEESHO","Meesho Limited","ASHOKA WHITEOAK ICAV-ASHOKA WHITEOAK EMERGING MARKETS EQUITY FUND","BUY","15,68,600","186.00",
"04-AUG-2026","MEESHO","Meesho Limited","AXIS MUTUAL FUND","BUY","1,06,50,800","186.00",
"04-AUG-2026","MEESHO","Meesho Limited","BAJAJ ALLIANZ LIFE INSURANCE COMPANY LIMITED","BUY","53,00,000","186.00",
"04-AUG-2026","MEESHO","Meesho Limited","BNP PARIBAS FINANCIAL MARKETS","BUY","41,00,000","186.00",
"04-AUG-2026","MEESHO","Meesho Limited","DENDANA INVESTMENTS MAURITIUS LIMITED","BUY","68,100","186.00",
"04-AUG-2026","MEESHO","Meesho Limited","DENDANA INVESTMENTS MAURITIUS LIMITED","BUY","2,94,804","186.00",
"04-AUG-2026","MEESHO","Meesho Limited","EASTSPRING INVESTMENTS - ASIA OPPORTUNITIES EQUITY FUND","BUY","5,00,667","186.00",
"04-AUG-2026","MEESHO","Meesho Limited","EDELWEISS MUTUAL FUND","BUY","26,02,000","186.00",
"04-AUG-2026","MEESHO","Meesho Limited","ELEVATION CAPITAL V LIMITED","SELL","5,24,00,000","186.00",
"04-AUG-2026","MEESHO","Meesho Limited","FACTORY MUTUAL INSURANCE COMPANY","BUY","1,10,000","186.00",
"04-AUG-2026","MEESHO","Meesho Limited","FGTFEBP:FIAM EMERGING MARKETS OPPORTUNITIES COMMINGLED POOL","BUY","10,17,300","186.00",
"04-AUG-2026","MEESHO","Meesho Limited","FIDELITY CENT INVST PORT LLC FIDELITY EMERGING MARKETS EQUITY CENTRAL FUND","BUY","3,68,900","186.00",
"04-AUG-2026","MEESHO","Meesho Limited","FIDELITY EMERGING MARKETS EQUITY MULTI-ASSET BASE FUND","BUY","90,000","186.00",
"04-AUG-2026","MEESHO","Meesho Limited","FIDELITY EMERGING MARKETS OPPORTUNITIES INSTITUTIONAL TRUST","BUY","96,800","186.00",
"04-AUG-2026","MEESHO","Meesho Limited","FIDELITY FUNDS.- INDIA FOCUS FUND","BUY","84,07,738","186.00",
"04-AUG-2026","MEESHO","Meesho Limited","FIDELITY INDIA FUND","BUY","7,40,458","186.00",
"04-AUG-2026","MEESHO","Meesho Limited","FIDELITY INVESTMENT TRUST FIDELITY SERIES EMERGING MARKETS OPPOR FUND","BUY","34,21,800","186.00",
"04-AUG-2026","MEESHO","Meesho Limited","FIDELITY RUTLAND SQUARE TRUST II STRATEGIC ADVISERS FID EMG MARKETS FUND","BUY","71,700","186.00",
"04-AUG-2026","MEESHO","Meesho Limited","FIDELITY RUTLAND SQUARE TRUST II: STRATEGIC ADVISERS EMERGING MARKETS FUND","BUY","10,200","186.00",
"04-AUG-2026","MEESHO","Meesho Limited","FRANKLIN TEMPLETON MUTUAL FUND","BUY","42,09,000","186.00",
"04-AUG-2026","MEESHO","Meesho Limited","GHISALLO MASTER FUND LP","BUY","62,00,000","186.00",
"04-AUG-2026","MEESHO","Meesho Limited","GOLDMAN SACHS BANK EUROPE SE","BUY","21,58,350","186.00",
"04-AUG-2026","MEESHO","Meesho Limited","HSBC MUTUAL FUND","BUY","53,58,800","186.00",
"04-AUG-2026","MEESHO","Meesho Limited","ICICI PRUDENTIAL LIFE INSURANCE COMPANY LIMITED","BUY","36,00,800","186.00",
"04-AUG-2026","MEESHO","Meesho Limited","INDIA ACORN FUND LTD","BUY","4,48,600","186.00",
"04-AUG-2026","MEESHO","Meesho Limited","KOTAK MAHINDRA MUTUAL FUND","BUY","13,45,000","186.00",
"04-AUG-2026","MEESHO","Meesho Limited","MORGAN STANLEY ASIA SINGAPORE PTE","BUY","13,45,000","186.00",
"04-AUG-2026","MEESHO","Meesho Limited","MORGAN STANLEY ASIA SINGAPORE PTE","BUY","39,58,350","186.00",
"04-AUG-2026","MEESHO","Meesho Limited","NRSGVCC","BUY","41,00,000","186.00",
"04-AUG-2026","MEESHO","Meesho Limited","PEAK XV PARTNERS INVESTMENTS V","SELL","5,24,00,000","186.00",
"04-AUG-2026","MEESHO","Meesho Limited","PRUDENTIAL HONG KONG LIMITED","BUY","10,01,333","186.00",
"04-AUG-2026","MEESHO","Meesho Limited","SOCIETE GENERALE","BUY","1,12,00,000","186.00",
"04-AUG-2026","MEESHO","Meesho Limited","SUSQUEHANNA PACIFIC PTY LTD","BUY","13,45,000","186.00",
"04-AUG-2026","MEESHO","Meesho Limited","TCW WHITE OAK EMERGING MARKETS EQUITY FUND","BUY","25,600","186.00",
"04-AUG-2026","MEESHO","Meesho Limited","UTI MUTUAL FUND","BUY","57,83,600","186.00",
"04-AUG-2026","PAYTM","One 97 Communications Ltd","AXIS MUTUAL FUND","BUY","27,00,000","1,367.80",
"04-AUG-2026","PAYTM","One 97 Communications Ltd","BNP PARIBAS FINANCIAL MARKETS","BUY","7,40,000","1,367.80",
"04-AUG-2026","PAYTM","One 97 Communications Ltd","EDELWEISS MUTUAL FUND","BUY","3,40,000","1,367.80",
"04-AUG-2026","PAYTM","One 97 Communications Ltd","ELEVATION CAPITAL V LIMITED","SELL","10,20,257","1,367.80",
"04-AUG-2026","PAYTM","One 97 Communications Ltd","FRANKLIN TEMPLETON MUTUAL FUND","BUY","4,70,000","1,367.80",
"04-AUG-2026","PAYTM","One 97 Communications Ltd","GHISALLO MASTER FUND LP","BUY","8,56,000","1,367.80",
"04-AUG-2026","PAYTM","One 97 Communications Ltd","GOLDMAN SACHS BANK EUROPE SE","BUY","4,25,000","1,367.80",
"04-AUG-2026","PAYTM","One 97 Communications Ltd","ICICI PRUDENTIAL LIFE INSURANCE COMPANY LIMITED","BUY","15,10,000","1,367.80",
"04-AUG-2026","PAYTM","One 97 Communications Ltd","KOTAK MAHINDRA MUTUAL FUND","BUY","1,83,000","1,367.80",
"04-AUG-2026","PAYTM","One 97 Communications Ltd","MAHINDRA MANULIFE MUTUAL FUND","BUY","5,50,257","1,367.80",
"04-AUG-2026","PAYTM","One 97 Communications Ltd","MANULIFE GLOBAL FUND INDIA EQUITY FUND","BUY","1,33,413","1,367.80",
"04-AUG-2026","PAYTM","One 97 Communications Ltd","MANULIFE PROVIDENT FUNDS UNIT TRUST SERIES - MANULIFE INDIA EQUITY FUND","BUY","4,447","1,367.80",
"04-AUG-2026","PAYTM","One 97 Communications Ltd","MORGAN STANLEY ASIA SINGAPORE PTE","BUY","2,25,000","1,367.80",
"04-AUG-2026","PAYTM","One 97 Communications Ltd","MORGAN STANLEY ASIA SINGAPORE PTE","BUY","5,45,000","1,367.80",
"04-AUG-2026","PAYTM","One 97 Communications Ltd","NATIONAL PENSION SYSTEM (NPS) TRUST","BUY","30,20,000","1,367.80",
"04-AUG-2026","PAYTM","One 97 Communications Ltd","NORDEA 1 SICAV","BUY","1,55,648","1,367.80",
"04-AUG-2026","PAYTM","One 97 Communications Ltd","NRSGVCC","BUY","8,56,000","1,367.80",
"04-AUG-2026","PAYTM","One 97 Communications Ltd","SAIF III MAURITIUS COMPANY LIMITED","SELL","97,43,362","1,367.80",
"04-AUG-2026","PAYTM","One 97 Communications Ltd","SAIF PARTNERS INDIA IV LIMITED","SELL","41,36,381","1,367.80",
"04-AUG-2026","PAYTM","One 97 Communications Ltd","SOCIAL PROTECTION FUND","BUY","22,235","1,367.80",
"04-AUG-2026","PAYTM","One 97 Communications Ltd","SOCIETE GENERALE","BUY","10,86,000","1,367.80",
"04-AUG-2026","PAYTM","One 97 Communications Ltd","SUNDARAM MUTUAL FUND","BUY","2,75,000","1,367.80",
"04-AUG-2026","PAYTM","One 97 Communications Ltd","SUSQUEHANNA PACIFIC PTY LTD","BUY","1,83,000","1,367.80",
"04-AUG-2026","PAYTM","One 97 Communications Ltd","TATA MUTUAL FUND","BUY","6,20,000","1,367.80",
"04-AUG-2026","POONAWALLA","Poonawalla Fincorp Ltd","HDFC LIFE INSURANCE COMPANY LIMITED","BUY","7,30,000","473.50",
"04-AUG-2026","POONAWALLA","Poonawalla Fincorp Ltd","HELIOS MUTUAL FUND","BUY","15,80,000","473.50",
"04-AUG-2026","POONAWALLA","Poonawalla Fincorp Ltd","MORGAN STANLEY ASIA SINGAPORE PTE","BUY","5,28,000","473.50",
"04-AUG-2026","POONAWALLA","Poonawalla Fincorp Ltd","PFL EMPLOYEE WELFARE TRUST","SELL","47,08,750","473.50",
"04-AUG-2026","POONAWALLA","Poonawalla Fincorp Ltd","SUNDARAM MUTUAL FUND","BUY","18,70,750","473.50",
"04-AUG-2026","SUDEEPPHRM","Sudeep Pharma Limited","GOLDMAN SACHS FUNDS - GOLDMAN SACHS INDIA EQUITY PORTFOLIO","BUY","11,76,472","850.00",
"04-AUG-2026","SUDEEPPHRM","Sudeep Pharma Limited","NUVAMA CROSSOVER OPPORTUNITIES FUND - SERIES III","SELL","6,14,112","850.00",
"04-AUG-2026","SUDEEPPHRM","Sudeep Pharma Limited","NUVAMA CROSSOVER OPPORTUNITIES FUND - SERIES IIIA","SELL","5,62,360","850.00",
"04-AUG-2026","ZOTA","Zota Health Care Limited","LYPTUS PUNCH-CARD FUND","BUY","2,19,000","1,241.00",
"04-AUG-2026","ZOTA","Zota Health Care Limited","VALIANT INDIA OPPORTUNITIES LTD.","SELL","2,19,000","1,241.00",
"06-AUG-2026","ANANDRATHI","Anand Rathi Wealth Ltd","ANAND NANDKISHORE RATHI","SELL","2,97,000","1,975.00",
"06-AUG-2026","ANANDRATHI","Anand Rathi Wealth Ltd","FAHIM SULTAN ALI","BUY","2,73,000","1,975.00",
"06-AUG-2026","ANANDRATHI","Anand Rathi Wealth Ltd","HEMANG SHAH FAMILY TRUST","BUY","1,27,000","1,975.00",
"06-AUG-2026","ANANDRATHI","Anand Rathi Wealth Ltd","JAIPUR SECURITIES PRIVATE LIMITED","SELL","1,45,000","1,975.00",
"06-AUG-2026","ANANDRATHI","Anand Rathi Wealth Ltd","K R FAMILY TRUST","BUY","1,27,000","1,975.00",
"06-AUG-2026","ANANDRATHI","Anand Rathi Wealth Ltd","MANJUSHREE FINCAP PRIVATE LIMITED","BUY","1,70,000","1,975.00",
"06-AUG-2026","ANANDRATHI","Anand Rathi Wealth Ltd","NAVRATAN MAL GUPTA (HUF)","SELL","2,55,000","1,975.00",
"06-AUG-2026","CREDITACC","CreditAccess Grameen Ltd","AXIS MUTUAL FUND","BUY","1,70,000","1,482.00",
"06-AUG-2026","CREDITACC","CreditAccess Grameen Ltd","BLACKSTONE DIRECTIONAL MANAGED ACCOUNT PLATFORM MASTER FUND","BUY","6,35,000","1,482.00",
"06-AUG-2026","CREDITACC","CreditAccess Grameen Ltd","BORDER TO COAST EMERGING MARKETS EQUITY FUND","BUY","1,70,000","1,482.00",
"06-AUG-2026","CREDITACC","CreditAccess Grameen Ltd","CITIGROUP GLOBAL MARKETS MAURITIUS PRIVATE LIMITED","BUY","1,70,000","1,482.00",
"06-AUG-2026","CREDITACC","CreditAccess Grameen Ltd","CREDITACCESS INDIA B.V.","SELL","36,57,500","1,482.00",
"06-AUG-2026","CREDITACC","CreditAccess Grameen Ltd","EASTSPRING INVESTMENTS INDIA CONSUMER EQUITY OPEN LIMITED","BUY","4,63,000","1,482.00",
"06-AUG-2026","CREDITACC","CreditAccess Grameen Ltd","EASTSPRING INVESTMENTS INDIA EQUITY FUND","BUY","1,82,500","1,482.00",
"06-AUG-2026","CREDITACC","CreditAccess Grameen Ltd","EDELWEISS MUTUAL FUND","BUY","2,45,000","1,482.00",
"06-AUG-2026","CREDITACC","CreditAccess Grameen Ltd","GOLDMAN SACHS INVESTMENTS MAURITIUS I LIMITED","BUY","6,41,000","1,482.00",
"06-AUG-2026","CREDITACC","CreditAccess Grameen Ltd","HSBC MUTUAL FUND","BUY","1,70,000","1,482.00",
"06-AUG-2026","CREDITACC","CreditAccess Grameen Ltd","ICICI PRUDENTIAL MUTUAL FUND","BUY","2,45,000","1,482.00",
"06-AUG-2026","CREDITACC","CreditAccess Grameen Ltd","MORGAN STANLEY ASIA SINGAPORE PTE","BUY","3,21,000","1,482.00",
"06-AUG-2026","CREDITACC","CreditAccess Grameen Ltd","NIPPON INDIA MUTUAL FUND","BUY","2,45,000","1,482.00",
"06-AUG-2026","INDGN","Indegene Limited","AADI FINANCIAL ADVISORS LLP","BUY","7,50,000","525.00",
"06-AUG-2026","INDGN","Indegene Limited","BAJAJ LIFE INSURANCE LIMITED","BUY","9,52,381","525.00",
"06-AUG-2026","INDGN","Indegene Limited","BPC GENESIS FUND I SPV LIMITED","SELL","1,38,62,223","525.00",
"06-AUG-2026","INDGN","Indegene Limited","BPC GENESIS FUND I-A SPV LIMITED","SELL","71,90,255","525.00",
"06-AUG-2026","INDGN","Indegene Limited","BUOYANT OPPORTUNITIES STRATEGY - II","BUY","4,80,000","525.00",
"06-AUG-2026","INDGN","Indegene Limited","BUOYANT OPPORTUNITIES STRATEGY-III","BUY","4,80,000","525.00",
"06-AUG-2026","INDGN","Indegene Limited","CITIGROUP GLOBAL MARKETS MAURITIUS PRIVATE LIMITED","BUY","4,77,000","525.00",
"06-AUG-2026","INDGN","Indegene Limited","GOLDMAN SACHS INVESTMENTS MAURITIUS I LIMITED","BUY","4,77,000","525.00",
"06-AUG-2026","INDGN","Indegene Limited","ICICI PRUDENTIAL MUTUAL FUND","BUY","67,67,239","525.00",
"06-AUG-2026","INDGN","Indegene Limited","MORGAN STANLEY ASIA SINGAPORE PTE","BUY","6,65,048","525.00",
"06-AUG-2026","INDGN","Indegene Limited","NORGES BANK ON ACCOUNT OF THE GOVERNMENT PENSION FUND GLOBAL","BUY","4,80,000","525.00",
"06-AUG-2026","INDGN","Indegene Limited","QUANT MUTUAL FUND","BUY","95,23,810","525.00",
"07-AUG-2026","TRIDENT","Trident Limited","MADHURAJ  FOUNDATION","SELL","13,00,00,000","24.90",
"07-AUG-2026","TRIDENT","Trident Limited","TRIDENT GROUP LIMITED","BUY","13,00,00,000","24.90",
"10-AUG-2026","EIDPARRY","EID Parry Ltd.","SAGEONE INVESTMENT MANAGERS LLP","SELL","22,15,000","795.00",
"10-AUG-2026","EIDPARRY","EID Parry Ltd.","SBI MUTUAL FUND","BUY","22,15,000","795.00",
"11-AUG-2026","METROPOLIS","Metropolis Healthcare Ltd","ADITYA BIRLA SUN LIFE MUTUAL FUND","BUY","10,49,000","564.00",
"11-AUG-2026","METROPOLIS","Metropolis Healthcare Ltd","DURU SHAH FAMILY TRUST","SELL","10,50,000","564.00",
"11-AUG-2026","METROPOLIS","Metropolis Healthcare Ltd","ICICI PRUDENTIAL MUTUAL FUND","BUY","5,25,500","564.00",
"11-AUG-2026","METROPOLIS","Metropolis Healthcare Ltd","METZ ADVISORY LLP","SELL","10,50,000","564.00",
"11-AUG-2026","METROPOLIS","Metropolis Healthcare Ltd","MORGAN STANLEY ASIA SINGAPORE PTE","BUY","5,25,500","564.00",
"13-AUG-2026","THYROCARE","Thyrocare Tech Ltd","ADITYA BIRLA SUN LIFE MUTUAL FUND","BUY","6,50,000","624.00",
"13-AUG-2026","THYROCARE","Thyrocare Tech Ltd","ALPHA ALTERNATIVES EQUITY ABSOLUTE RETURN FUND","BUY","4,48,717","624.00",
"13-AUG-2026","THYROCARE","Thyrocare Tech Ltd","ASHOKA WHITEOAK ICAV-ASHOKA WHITEOAK EMERGING MARKETS EQUITY FUND","BUY","5,61,000","624.00",
"13-AUG-2026","THYROCARE","Thyrocare Tech Ltd","CITIGROUP GLOBAL MARKETS MAURITIUS PRIVATE LIMITED","BUY","4,01,000","624.00",
"13-AUG-2026","THYROCARE","Thyrocare Tech Ltd","DOCON TECHNOLOGIES PRIVATE LIMITED","SELL","1,31,68,657","624.00",
"13-AUG-2026","THYROCARE","Thyrocare Tech Ltd","DSP MUTUAL FUND","BUY","13,21,363","624.00",
"13-AUG-2026","THYROCARE","Thyrocare Tech Ltd","HBM HEALTHCARE INVESTMENTS (CAYMAN) LTD","BUY","7,61,000","624.00",
"13-AUG-2026","THYROCARE","Thyrocare Tech Ltd","HSBC MUTUAL FUND","BUY","29,99,731","624.00",
"13-AUG-2026","THYROCARE","Thyrocare Tech Ltd","ICICI PRUDENTIAL MUTUAL FUND","BUY","8,01,000","624.00",
"13-AUG-2026","THYROCARE","Thyrocare Tech Ltd","ITI MUTUAL FUND","BUY","4,01,000","624.00",
"13-AUG-2026","THYROCARE","Thyrocare Tech Ltd","KOTAK MAHINDRA LIFE INSURANCE COMPANY LIMITED","BUY","24,00,000","624.00",
"13-AUG-2026","THYROCARE","Thyrocare Tech Ltd","KUWAIT INVESTMENT AUTHORITY","BUY","4,01,000","624.00",
"13-AUG-2026","THYROCARE","Thyrocare Tech Ltd","MORGAN STANLEY ASIA SINGAPORE PTE","BUY","4,56,000","624.00",
"13-AUG-2026","THYROCARE","Thyrocare Tech Ltd","MORGAN STANLEY ASIA SINGAPORE PTE","BUY","4,44,846","624.00",
"13-AUG-2026","THYROCARE","Thyrocare Tech Ltd","TATA AIA LIFE INSURANCE COMPANY LIMITED","BUY","4,81,000","624.00",
"13-AUG-2026","THYROCARE","Thyrocare Tech Ltd","WHITEOAK CAPITAL MUTUAL FUND","BUY","6,41,000","624.00",
"13-AUG-2026","URBANCO","Urban Company Limited","ACCEL INDIA IV (MAURITIUS) LIMITED","SELL","2,00,00,000","136.00",
"13-AUG-2026","URBANCO","Urban Company Limited","SBI MUTUAL FUND","BUY","3,15,00,022","136.00",
"13-AUG-2026","URBANCO","Urban Company Limited","VY EM2 LIMITED","SELL","18,68,585","136.00",
"13-AUG-2026","URBANCO","Urban Company Limited","VYC11 LIMITED","SELL","96,31,437","136.00",
"17-AUG-2026","STYLEBAAZA","Baazar Style Retail Ltd","ADITYA KUMAR HALWASIYA","BUY","45,00,000","362.00",
"17-AUG-2026","STYLEBAAZA","Baazar Style Retail Ltd","BHAGWAN  PRASAD","SELL","15,00,000","362.00",
"17-AUG-2026","STYLEBAAZA","Baazar Style Retail Ltd","SHREYANS SURANA","SELL","21,00,000","362.00",
"17-AUG-2026","STYLEBAAZA","Baazar Style Retail Ltd","SIDHARTH  SURANA","SELL","9,00,000","362.00",
"18-AUG-2026","PAYTM","One 97 Communications Ltd","ADITYA BIRLA SUN LIFE MUTUAL FUND","BUY","1,20,021","1,535.10",
"18-AUG-2026","PAYTM","One 97 Communications Ltd","ADITYA BIRLA SUN LIFE MUTUAL FUND","BUY","4,606","1,535.10",
"18-AUG-2026","PAYTM","One 97 Communications Ltd","ADITYA BIRLA SUN LIFE MUTUAL FUND","BUY","30,005","1,535.10",
"18-AUG-2026","PAYTM","One 97 Communications Ltd","ADITYA BIRLA SUN LIFE MUTUAL FUND","BUY","80,014","1,535.10",
"18-AUG-2026","PAYTM","One 97 Communications Ltd","ADITYA BIRLA SUN LIFE MUTUAL FUND","BUY","15,354","1,535.10",
"18-AUG-2026","PAYTM","One 97 Communications Ltd","BNP PARIBAS FINANCIAL MARKETS - ODI","BUY","2,00,000","1,535.10",
"18-AUG-2026","PAYTM","One 97 Communications Ltd","GHISALLO MASTER FUND LP","BUY","1,90,000","1,535.10",
"18-AUG-2026","PAYTM","One 97 Communications Ltd","GOLDMAN SACHS BANK EUROPE SE","BUY","22,55,000","1,535.10",
"18-AUG-2026","PAYTM","One 97 Communications Ltd","HDFC MUTUAL FUND","BUY","81,428","1,535.10",
"18-AUG-2026","PAYTM","One 97 Communications Ltd","HDFC MUTUAL FUND.","BUY","81,428","1,535.10",
"18-AUG-2026","PAYTM","One 97 Communications Ltd","HSBC MUTUAL FUND","BUY","6,04,503","1,535.10",
"18-AUG-2026","PAYTM","One 97 Communications Ltd","HSBC MUTUAL FUND","BUY","1,70,497","1,535.10",
"18-AUG-2026","PAYTM","One 97 Communications Ltd","HSBC MUTUAL FUND","BUY","1,55,000","1,535.10",
"18-AUG-2026","PAYTM","One 97 Communications Ltd","ICICI PRUDENTIAL LIFE INSURANCE COMPANY LIMITED","BUY","4,60,000","1,535.10",
"18-AUG-2026","PAYTM","One 97 Communications Ltd","INTEGRATED CORE STRATEGIES (ASIA) PTE. LTD.","BUY","9,30,000","1,535.10",
"18-AUG-2026","PAYTM","One 97 Communications Ltd","KOTAK MAHINDRA MUTUAL FUND","BUY","1,90,000","1,535.10",
"18-AUG-2026","PAYTM","One 97 Communications Ltd","MY ASIAN OPPORTUNITIES MASTER FUND","BUY","14,50,000","1,535.10",
"18-AUG-2026","PAYTM","One 97 Communications Ltd","NORTH ROCK SG VCC","BUY","5,75,000","1,535.10",
"18-AUG-2026","PAYTM","One 97 Communications Ltd","OXBOW INDIA FUND","BUY","18,750","1,535.10",
"18-AUG-2026","PAYTM","One 97 Communications Ltd","OXBOW MASTER FUND LIMITED","BUY","6,44,973","1,535.10",
"18-AUG-2026","PAYTM","One 97 Communications Ltd","RESILIENT ASSET MANAGEMENT B V","SELL","1,92,10,110","1,535.10",
"18-AUG-2026","PAYTM","One 97 Communications Ltd","SBI MUTUAL FUND","BUY","27,49,563","1,535.10",
"18-AUG-2026","PAYTM","One 97 Communications Ltd","SBI MUTUAL FUND","BUY","13,75,050","1,535.10",
"18-AUG-2026","PAYTM","One 97 Communications Ltd","SBI MUTUAL FUND","BUY","5,50,020","1,535.10",
"18-AUG-2026","PAYTM","One 97 Communications Ltd","SBI MUTUAL FUND","BUY","4,12,515","1,535.10",
"18-AUG-2026","PAYTM","One 97 Communications Ltd","SBI MUTUAL FUND","BUY","3,26,250","1,535.10",
"18-AUG-2026","PAYTM","One 97 Communications Ltd","SOCIETE GENERALE","BUY","28,40,000","1,535.10",
"18-AUG-2026","PAYTM","One 97 Communications Ltd","SUNDARAM MUTUAL FUND","BUY","1,78,624","1,535.10",
"18-AUG-2026","PAYTM","One 97 Communications Ltd","SUNDARAM MUTUAL FUND","BUY","43,661","1,535.10",
"18-AUG-2026","PAYTM","One 97 Communications Ltd","SUNDARAM MUTUAL FUND","BUY","65,145","1,535.10",
"18-AUG-2026","PAYTM","One 97 Communications Ltd","SUNDARAM MUTUAL FUND","BUY","32,570","1,535.10",
"18-AUG-2026","PAYTM","One 97 Communications Ltd","TATA AIA LIFE INSURANCE COMPANY LIMITED","BUY","2,259","1,535.10",
"18-AUG-2026","PAYTM","One 97 Communications Ltd","TATA AIA LIFE INSURANCE COMPANY LIMITED","BUY","556","1,535.10",
"18-AUG-2026","PAYTM","One 97 Communications Ltd","TATA AIA LIFE INSURANCE COMPANY LIMITED","BUY","4,62,417","1,535.10",
"18-AUG-2026","PAYTM","One 97 Communications Ltd","TATA AIA LIFE INSURANCE COMPANY LIMITED","BUY","4,11,198","1,535.10",
"18-AUG-2026","PAYTM","One 97 Communications Ltd","TATA AIA LIFE INSURANCE COMPANY LIMITED","BUY","22,181","1,535.10",
"18-AUG-2026","PAYTM","One 97 Communications Ltd","TATA AIA LIFE INSURANCE COMPANY LIMITED","BUY","2,03,180","1,535.10",
"18-AUG-2026","PAYTM","One 97 Communications Ltd","TATA AIA LIFE INSURANCE COMPANY LIMITED","BUY","81,589","1,535.10",
"18-AUG-2026","PAYTM","One 97 Communications Ltd","TATA AIA LIFE INSURANCE COMPANY LIMITED","BUY","34,747","1,535.10",
"18-AUG-2026","PAYTM","One 97 Communications Ltd","TATA AIA LIFE INSURANCE COMPANY LIMITED","BUY","32,057","1,535.10",
"18-AUG-2026","PAYTM","One 97 Communications Ltd","TATA AIA LIFE INSURANCE COMPANY LIMITED","BUY","3,05,816","1,535.10",
"18-AUG-2026","PAYTM","One 97 Communications Ltd","TATA MUTUAL FUND","BUY","72,000","1,535.10",
"18-AUG-2026","PAYTM","One 97 Communications Ltd","TATA MUTUAL FUND","BUY","856","1,535.10",
"18-AUG-2026","PAYTM","One 97 Communications Ltd","TATA MUTUAL FUND","BUY","90,000","1,535.10",
"18-AUG-2026","PAYTM","One 97 Communications Ltd","VIRIDIAN ASIA OPPORTUNITIES MASTER FUND","BUY","5,75,000","1,535.10",
"18-AUG-2026","PAYTM","One 97 Communications Ltd","VITTORIA FUND-OC","BUY","86,277","1,535.10",
"20-AUG-2026","KFINTECH","Kfin Technologies Limited","BANDHAN MUTUAL FUND","BUY","5,18,919","925.00",
"20-AUG-2026","KFINTECH","Kfin Technologies Limited","CITIGROUP GLOBAL MARKETS SINGAPORE PTE LIMITED","BUY","2,70,275","925.00",
"20-AUG-2026","KFINTECH","Kfin Technologies Limited","EDELWEISS MUTUAL FUND","BUY","10,81,081","925.00",
"20-AUG-2026","KFINTECH","Kfin Technologies Limited","GENERAL ATLANTIC SINGAPORE FUND PTE LTD","SELL","1,51,35,135","925.00",
"20-AUG-2026","KFINTECH","Kfin Technologies Limited","HSBC MUTUAL FUND","BUY","17,83,784","925.00",
"20-AUG-2026","KFINTECH","Kfin Technologies Limited","ICICI LOMBARD GENERAL INSURANCE CO LTD","BUY","2,81,081","925.00",
"20-AUG-2026","KFINTECH","Kfin Technologies Limited","ICICI PRUDENTIAL LIFE INSURANCE COMPANY LIMITED","BUY","5,40,541","925.00",
"20-AUG-2026","KFINTECH","Kfin Technologies Limited","INVESCO MUTUAL FUND","BUY","43,24,324","925.00",
"20-AUG-2026","KFINTECH","Kfin Technologies Limited","KOTAK MAHINDRA MUTUAL FUND","BUY","20,00,000","925.00",
"20-AUG-2026","KFINTECH","Kfin Technologies Limited","MIRAE ASSET MUTUAL FUND","BUY","25,62,162","925.00",
"20-AUG-2026","KFINTECH","Kfin Technologies Limited","MORGAN STANLEY ASIA SINGAPORE PTE","BUY","2,70,275","925.00",
"20-AUG-2026","KFINTECH","Kfin Technologies Limited","MOTILAL OSWAL MUTUAL FUND","BUY","9,83,784","925.00",
"20-AUG-2026","KFINTECH","Kfin Technologies Limited","SOCIETE GENERALE","BUY","5,18,909","925.00",
"20-AUG-2026","NXT-INFRA","Nxt-Infra Trust","ACTIS HIGHWAY INFRA LIMITED","SELL","1,91,25,000","93.85",
"20-AUG-2026","NXT-INFRA","Nxt-Infra Trust","KOTAK MAHINDRA BANK LIMITED","BUY","95,50,000","93.85",
"20-AUG-2026","NXT-INFRA","Nxt-Infra Trust","LARSEN & TOUBRO LIMITED","BUY","95,75,000","93.85",
"21-AUG-2026","AMAGI","Amagi Media Labs Limited","ACCEL GROWTH VI HOLDINGS (MAURITIUS) LTD.","SELL","27,27,000","560.00",
"21-AUG-2026","AMAGI","Amagi Media Labs Limited","ACCEL INDIA VI (MAURITIUS) LTD.","SELL","27,27,000","560.00",
"21-AUG-2026","AMAGI","Amagi Media Labs Limited","AVP I FUND","SELL","18,64,948","560.00",
"21-AUG-2026","AMAGI","Amagi Media Labs Limited","BARODA BNP PARIBAS MUTUAL FUND","BUY","4,46,429","560.00",
"21-AUG-2026","AMAGI","Amagi Media Labs Limited","BOFA SECURITIES EUROPE SA","BUY","2,23,231","560.00",
"21-AUG-2026","AMAGI","Amagi Media Labs Limited","BOFA SECURITIES EUROPE SA","BUY","2,23,200","560.00",
"21-AUG-2026","AMAGI","Amagi Media Labs Limited","DT FUND","BUY","2,05,357","560.00",
"21-AUG-2026","AMAGI","Amagi Media Labs Limited","EDELWEISS MUTUAL FUND","BUY","4,46,429","560.00",
"21-AUG-2026","AMAGI","Amagi Media Labs Limited","GP EMERGING MARKETS STRATEGIES LP","BUY","98,215","560.00",
"21-AUG-2026","AMAGI","Amagi Media Labs Limited","HDFC STANDARD LIFE INSURANCE COMPANY LTD","BUY","17,85,713","560.00",
"21-AUG-2026","AMAGI","Amagi Media Labs Limited","ICICI PRUDENTIAL MUTUAL FUND","BUY","9,34,444","560.00",
"21-AUG-2026","AMAGI","Amagi Media Labs Limited","SBI MUTUAL FUND","BUY","18,40,979","560.00",
"21-AUG-2026","AMAGI","Amagi Media Labs Limited","SBI MUTUAL FUND","BUY","32,48,305","560.00",
"21-AUG-2026","AMAGI","Amagi Media Labs Limited","SUSQUEHANNA PACIFIC PTY LTD","BUY","4,46,429","560.00",
"21-AUG-2026","AMAGI","Amagi Media Labs Limited","TATA MUTUAL FUND","BUY","4,46,433","560.00",
"21-AUG-2026","AMAGI","Amagi Media Labs Limited","TRUDY HOLDINGS","SELL","31,69,073","560.00",
"21-AUG-2026","AMAGI","Amagi Media Labs Limited","UNIVERSITY OF NOTRE DAME DU LAC","BUY","1,42,857","560.00",
"21-AUG-2026","NXT-INFRA","Nxt-Infra Trust","ACTIS HIGHWAY INFRA LIMITED","SELL","2,63,50,000","93.85",
"21-AUG-2026","NXT-INFRA","Nxt-Infra Trust","KOTAK MAHINDRA BANK LIMITED","BUY","88,00,000","93.85",
"21-AUG-2026","NXT-INFRA","Nxt-Infra Trust","KOTAK MAHINDRA INVESTMENTS LIMITED","BUY","58,50,000","93.85",
"21-AUG-2026","NXT-INFRA","Nxt-Infra Trust","LARSEN & TOUBRO LIMITED","BUY","1,17,00,000","93.85",
"21-AUG-2026","SHANTIGEAR","Shanthi Gears Ltd","PACIFIC ASSETS TRUST PLC","SELL","20,64,713","375.30",
"21-AUG-2026","SHANTIGEAR","Shanthi Gears Ltd","TUBE INVESTMENT OF INDIA LIMITED","BUY","20,64,713","375.30",
"24-AUG-2026","MEESHO","Meesho Limited","AAGAM INVESTMENTS","BUY","12,50,001","200.01",
"24-AUG-2026","MEESHO","Meesho Limited","BAJAJ LIFE INSURANCE LIMITED","BUY","12,50,001","200.01",
"24-AUG-2026","MEESHO","Meesho Limited","BNP PARIBAS FINANCIAL MARKETS","BUY","15,00,002","200.01",
"24-AUG-2026","MEESHO","Meesho Limited","BOFA SECURITIES EUROPE SA","BUY","12,50,002","200.01",
"24-AUG-2026","MEESHO","Meesho Limited","CANARA ROBECO MUTUAL FUND","BUY","15,00,002","200.01",
"24-AUG-2026","MEESHO","Meesho Limited","CITIGROUP GLOBAL MARKETS MAURITIUS PRIVATE LIMITED","BUY","15,00,002","200.01",
"24-AUG-2026","MEESHO","Meesho Limited","EDELWEISS MUTUAL FUND","BUY","34,70,553","200.01",
"24-AUG-2026","MEESHO","Meesho Limited","FRANKLIN TEMPLETON INVESTMENT FUNDS - FRANKLIN INDIA FUND","BUY","15,00,002","200.01",
"24-AUG-2026","MEESHO","Meesho Limited","FRANKLIN TEMPLETON MUTUAL FUND","BUY","25,00,001","200.01",
"24-AUG-2026","MEESHO","Meesho Limited","GHISALLO MASTER FUND LP","BUY","12,50,002","200.01",
"24-AUG-2026","MEESHO","Meesho Limited","GOLDMAN SACHS BANK EUROPE SE","BUY","14,25,002","200.01",
"24-AUG-2026","MEESHO","Meesho Limited","GOLDMAN SACHS INVESTMENTS MAURITIUS I LIMITED","BUY","12,50,002","200.01",
"24-AUG-2026","MEESHO","Meesho Limited","HDFC STANDARD LIFE INSURANCE COMPANY LTD","BUY","75,00,003","200.01",
"24-AUG-2026","MEESHO","Meesho Limited","HSBC MUTUAL FUND","BUY","15,00,001","200.01",
"24-AUG-2026","MEESHO","Meesho Limited","INTEGRATED CORE STRATEGIES (ASIA) PTE.LTD.","BUY","17,50,002","200.01",
"24-AUG-2026","MEESHO","Meesho Limited","KOTAK SECURITIES LIMITED","BUY","1","200.01",
"24-AUG-2026","MEESHO","Meesho Limited","KUWAIT INVESTMENT AUTHORITY","BUY","9,76,998","200.01",
"24-AUG-2026","MEESHO","Meesho Limited","MORGAN STANLEY ASIA SINGAPORE PTE","BUY","12,58,752","200.01",
"24-AUG-2026","MEESHO","Meesho Limited","MORGAN STANLEY ASIA SINGAPORE PTE","BUY","17,00,002","200.01",
"24-AUG-2026","MEESHO","Meesho Limited","NIPPON INDIA MUTUAL FUND","BUY","1,00,00,002","200.01",
"24-AUG-2026","MEESHO","Meesho Limited","ROBECO CAPITAL GROWTH FUNDS","BUY","5,23,004","200.01",
"24-AUG-2026","MEESHO","Meesho Limited","SOCIETE GENERALE","BUY","23,75,002","200.01",
"24-AUG-2026","MEESHO","Meesho Limited","VIRIDIAN ASIA OPPORTUNITIES MASTER FUND","BUY","12,50,002","200.01",
"24-AUG-2026","MEESHO","Meesho Limited","Y COMBINATOR CONTINUITY HOLDINGS I LLC","SELL","2,30,27,687","200.01",
"24-AUG-2026","MEESHO","Meesho Limited","YCS16 HOLDINGS LLC","SELL","2,06,03,720","200.01",
"24-AUG-2026","MEESHO","Meesho Limited","YCVC FUND I L.P.","SELL","48,47,934","200.01",
"26-AUG-2026","PWL","Physicswallah Limited","CITIGROUP GLOBAL MARKETS MAURITIUS PRIVATE LIMITED","BUY","23,52,677","117.72",
"26-AUG-2026","PWL","Physicswallah Limited","GHISALLO MASTER FUND LP","BUY","21,23,694","117.72",
"26-AUG-2026","PWL","Physicswallah Limited","GOLDMAN SACHS ETF TRUST - GOLDMAN SACHS INDIA EQUITY ETF","BUY","2,72,929","117.72",
"26-AUG-2026","PWL","Physicswallah Limited","GOLDMAN SACHS FUNDS - GOLDMAN SACHS INDIA EQUITY PORTFOLIO","BUY","61,23,236","117.72",
"26-AUG-2026","PWL","Physicswallah Limited","GOLDMAN SACHS FUNDS-GOLDMAN SACHS ASIA EQUITY PORTFOLIO","BUY","1,64,286","117.72",
"26-AUG-2026","PWL","Physicswallah Limited","GOLDMAN SACHS INVESTMENTS MAURITIUS I LIMITED","BUY","21,23,686","117.72",
"26-AUG-2026","PWL","Physicswallah Limited","GS INDIA EQUITY","BUY","2,83,535","117.72",
"26-AUG-2026","PWL","Physicswallah Limited","ICICI PRUDENTIAL MUTUAL FUND","BUY","2,20,00,003","117.72",
"26-AUG-2026","PWL","Physicswallah Limited","JSS INVESTMENTFONDS II - JSS RESPONSIBLE EQUITY - INDIA","BUY","60,084","117.72",
"26-AUG-2026","PWL","Physicswallah Limited","LIGHTSPEED OPPORTUNITY FUND II L.P.","SELL","4,66,98,120","117.72",
"26-AUG-2026","PWL","Physicswallah Limited","MEDIOLANUM BEST BRANDS- MEDIOLANUM INDIA OPPORTUNITIES","BUY","5,67,357","117.72",
"26-AUG-2026","PWL","Physicswallah Limited","MORGAN STANLEY ASIA SINGAPORE PTE","BUY","21,23,689","117.72",
"26-AUG-2026","PWL","Physicswallah Limited","NEW YORK STATE TEACHERS RETIREMENT SYSTEM","BUY","4,42,432","117.72",
"26-AUG-2026","PWL","Physicswallah Limited","OP-INDIA FUND","BUY","1,86,143","117.72",
"26-AUG-2026","PWL","Physicswallah Limited","SOCIETE GENERALE","BUY","21,23,692","117.72",
"26-AUG-2026","PWL","Physicswallah Limited","TATA AIA LIFE INSURANCE COMPANY LIMITED","BUY","33,97,894","117.72",
"26-AUG-2026","PWL","Physicswallah Limited","VIRIDIAN ASIA OPPORTUNITIES MASTER FUND","BUY","23,52,783","117.72",
"26-AUG-2026","RUBICON","Rubicon Research Limited","ARANDA INVESTMENTS PTE. LTD.","BUY","8,43,372","1,660.00",
"26-AUG-2026","RUBICON","Rubicon Research Limited","GENERAL ATLANTIC SINGAPORE RR PTE LTD","SELL","8,43,372","1,660.00",
"26-AUG-2026","VIYASH","Viyash Scientific Limited","AAGAM INVESTMENTS","BUY","9,26,100","270.00",
"26-AUG-2026","VIYASH","Viyash Scientific Limited","BANDHAN MUTUAL FUND","BUY","28,43,147","263.10",
"26-AUG-2026","VIYASH","Viyash Scientific Limited","CA HARBOR INVESTMENTS","SELL","13,97,795","263.10",
"26-AUG-2026","VIYASH","Viyash Scientific Limited","CA HARBOR INVESTMENTS","SELL","29,63,400","270.00",
"26-AUG-2026","VIYASH","Viyash Scientific Limited","CA HULL INVESTMENTS","SELL","14,45,352","263.10",
"26-AUG-2026","VIYASH","Viyash Scientific Limited","CA HULL INVESTMENTS","SELL","25,92,600","270.00",
"26-AUG-2026","VIYASH","Viyash Scientific Limited","EDELWEISS MUTUAL FUND","BUY","25,92,600","270.00",
"26-AUG-2026","VIYASH","Viyash Scientific Limited","PANVIRA INDIA INNOVATION FUND","BUY","11,11,200","270.00",
"26-AUG-2026","VIYASH","Viyash Scientific Limited","S GUPTA HOMES PRIVATE LIMITED","BUY","9,26,100","270.00",
"26-AUG-2026","WELCORP","Welspun Corp Limited","ABERDEEN ASIAN OPPORTUNITIES FUND","BUY","17,600","2,275.30",
"26-AUG-2026","WELCORP","Welspun Corp Limited","ABERDEEN ASIAN SMALLER COMPANIES INVESTMENT TRUST PLC","BUY","1,62,000","2,275.30",
"26-AUG-2026","WELCORP","Welspun Corp Limited","ABERDEEN GLOBAL - INDIAN EQUITY FUND","BUY","60,600","2,275.30",
"26-AUG-2026","WELCORP","Welspun Corp Limited","ABERDEEN STANDARD SICAV I - ASIAN SMALLER COMPANIES FUND","BUY","1,57,000","2,275.30",
"26-AUG-2026","WELCORP","Welspun Corp Limited","AMERICAN FUNDS INSURANCE SERIES GLOBAL SMALL CAPITALIZATION FUND","BUY","3,264","2,275.30",
"26-AUG-2026","WELCORP","Welspun Corp Limited","AMERICAN FUNDS INSURANCE SERIES INTERNATIONAL FUND","BUY","1,59,731","2,275.30",
"26-AUG-2026","WELCORP","Welspun Corp Limited","AMERICAN FUNDS INSURANCE SERIES NEW WORLD FUND","BUY","7,438","2,275.30",
"26-AUG-2026","WELCORP","Welspun Corp Limited","AMERICAN FUNDS INSURANCE SERIES NEW WORLD FUND","BUY","41,391","2,275.30",
"26-AUG-2026","WELCORP","Welspun Corp Limited","CAPITAL GROUP EUPAC COMMON TRUST (US)","BUY","12,870","2,275.30",
"26-AUG-2026","WELCORP","Welspun Corp Limited","CAPITAL GROUP EUROPACIFIC GROWTH TRUST (US)","BUY","4,43,268","2,275.30",
"26-AUG-2026","WELCORP","Welspun Corp Limited","CAPITAL GROUP NEW WORLD FUND (LUX)","BUY","1,492","2,275.30",
"26-AUG-2026","WELCORP","Welspun Corp Limited","CAPITAL GROUP NEW WORLD FUND (LUX)","BUY","8,301","2,275.30",
"26-AUG-2026","WELCORP","Welspun Corp Limited","CAPITAL GROUP NEW WORLD TRUST (US)","BUY","7,244","2,275.30",
"26-AUG-2026","WELCORP","Welspun Corp Limited","CAPITAL GROUP NEW WORLD TRUST (US)","BUY","40,184","2,275.30",
"26-AUG-2026","WELCORP","Welspun Corp Limited","EDELWEISS LIFE INSURANCE COMPANY LIMITED","BUY","1,09,900","2,275.30",
"26-AUG-2026","WELCORP","Welspun Corp Limited","EDELWEISS MUTUAL FUND","BUY","3,73,577","2,275.30",
"26-AUG-2026","WELCORP","Welspun Corp Limited","EURO PACIFIC GROWTH FUND","BUY","29,45,863","2,275.30",
"26-AUG-2026","WELCORP","Welspun Corp Limited","NEW INDIA INVESTMENT TRUST PLC","BUY","1,23,000","2,275.30",
"26-AUG-2026","WELCORP","Welspun Corp Limited","NEW WORLD FUND INC","BUY","8,41,675","2,275.30",
"26-AUG-2026","WELCORP","Welspun Corp Limited","NEW WORLD FUND INC","BUY","1,51,256","2,275.30",
"26-AUG-2026","WELCORP","Welspun Corp Limited","QUANT MUTUAL FUND","BUY","3,69,397","2,275.30",
"26-AUG-2026","WELCORP","Welspun Corp Limited","SMALLCAP WORLD FUND INC","BUY","1,20,549","2,275.30",
"26-AUG-2026","WELCORP","Welspun Corp Limited","THE INDIA FUND INC","BUY","1,42,400","2,275.30",
"26-AUG-2026","WELCORP","Welspun Corp Limited","VIPUL MATHUR","SELL","3,00,000","2,275.30",
"26-AUG-2026","WELCORP","Welspun Corp Limited","WELSPUN INVESTMENTS AND COMMERCIALS LIMITED","SELL","60,00,000","2,275.30",
"27-AUG-2026","APOLLOTYRE","Apollo Tyres Ltd.","BAJAJ LIFE INSURANCE LIMITED","BUY","22,98,000","435.00",
"27-AUG-2026","APOLLOTYRE","Apollo Tyres Ltd.","EMERALD SAGE INVESTMENT LTD","SELL","2,70,10,000","435.00",
"27-AUG-2026","APOLLOTYRE","Apollo Tyres Ltd.","ICICI PRUDENTIAL MUTUAL FUND","BUY","1,90,80,000","435.00",
"27-AUG-2026","APOLLOTYRE","Apollo Tyres Ltd.","SBI LIFE INSURANCE COMPANY LIMITED","BUY","56,32,000","435.00",
"27-AUG-2026","FOSECOIND","Foseco India Ltd","CATAMARAN VENTURES LLP","BUY","55,978","5,897.00",
"27-AUG-2026","FOSECOIND","Foseco India Ltd","CITIGROUP GLOBAL MARKETS SINGAPORE PTE LIMITED","BUY","42,577","5,897.00",
"27-AUG-2026","FOSECOIND","Foseco India Ltd","INVESCO MUTUAL FUND","BUY","2,54,446","5,897.00",
"27-AUG-2026","FOSECOIND","Foseco India Ltd","LIC MUTUAL FUND","BUY","42,577","5,897.00",
"27-AUG-2026","FOSECOIND","Foseco India Ltd","MAHINDRA MANULIFE MUTUAL FUND","BUY","55,978","5,897.00",
"27-AUG-2026","FOSECOIND","Foseco India Ltd","MIRAE ASSET MUTUAL FUND","BUY","2,91,793","5,897.00",
"27-AUG-2026","FOSECOIND","Foseco India Ltd","MORGAN STANLEY ASIA SINGAPORE PTE","BUY","42,577","5,897.00",
"27-AUG-2026","FOSECOIND","Foseco India Ltd","MORGAN TERRASSEN B V","SELL","5,60,056","5,897.00",
"27-AUG-2026","FOSECOIND","Foseco India Ltd","MORGANITE CRUCIBLE LIMITED","SELL","5,90,744","5,897.00",
"27-AUG-2026","FOSECOIND","Foseco India Ltd","MOTILAL OSWAL MUTUAL FUND","BUY","42,577","5,897.00",
"27-AUG-2026","FOSECOIND","Foseco India Ltd","SBI MUTUAL FUND","BUY","3,22,297","5,897.00",
"28-AUG-2026","ATHERENERG","Ather Energy Limited","GOVERNMENT OF SINGAPORE","SELL","1,18,80,000","1,480.00",
"28-AUG-2026","ATHERENERG","Ather Energy Limited","HERO MOTOCORP LIMITED","BUY","1,18,80,000","1,480.00",
"28-AUG-2026","GENUSPOWER","Genus Power Infrastru Ltd","AART CORPORATE ADVISORS PRIVATE LIMITED","BUY","13,86,750","324.50",
"28-AUG-2026","GENUSPOWER","Genus Power Infrastru Ltd","CHISWICK INVESTMENT PTE LTD","SELL","35,78,450","324.50",
"28-AUG-2026","GENUSPOWER","Genus Power Infrastru Ltd","HSBC MUTUAL FUND","BUY","21,91,700","324.50",
"28-AUG-2026","LENSKART","Lenskart Solutions Ltd","ALPHA WAVE VENTURES","SELL","45,21,048","630.00",
"28-AUG-2026","LENSKART","Lenskart Solutions Ltd","ALPHA WAVE VENTURES II LP","SELL","98,38,209","630.00",
"28-AUG-2026","LENSKART","Lenskart Solutions Ltd","ALPHA WAVE VENTURES II LP","SELL","1,04,19,555","630.00",
"28-AUG-2026","LENSKART","Lenskart Solutions Ltd","ALPHA WAVE VENTURES LP","SELL","46,93,858","630.00",
"28-AUG-2026","LENSKART","Lenskart Solutions Ltd","BAJAJ LIFE INSURANCE LIMITED","BUY","7,93,650","630.00",
"28-AUG-2026","LENSKART","Lenskart Solutions Ltd","BOFA SECURITIES EUROPE SA","BUY","6,06,642","630.00",
"28-AUG-2026","LENSKART","Lenskart Solutions Ltd","COPTHALL MAURITIUS INVESTMENT LIMITED","BUY","4,01,901","630.00",
"28-AUG-2026","LENSKART","Lenskart Solutions Ltd","EDELWEISS MUTUAL FUND","BUY","7,93,185","630.00",
"28-AUG-2026","LENSKART","Lenskart Solutions Ltd","GHISALLO MASTER FUND LP","BUY","4,01,900","630.00",
"28-AUG-2026","LENSKART","Lenskart Solutions Ltd","GOLDMAN SACHS BANK EUROPE SE","BUY","9,85,791","630.00",
"28-AUG-2026","LENSKART","Lenskart Solutions Ltd","HDFC STANDARD LIFE INSURANCE COMPANY LTD","BUY","12,69,838","630.00",
"28-AUG-2026","LENSKART","Lenskart Solutions Ltd","ICICI PRUDENTIAL LIFE INSURANCE COMPANY LIMITED","BUY","14,28,569","630.00",
"28-AUG-2026","LENSKART","Lenskart Solutions Ltd","ICICI PRUDENTIAL MUTUAL FUND","BUY","60,31,747","630.00",
"28-AUG-2026","LENSKART","Lenskart Solutions Ltd","INTEGRATED CORE STRATEGIES (ASIA) PTE.LTD.","BUY","7,58,301","630.00",
"28-AUG-2026","LENSKART","Lenskart Solutions Ltd","JIGNESH VIJAY SHAH","BUY","3,96,827","630.00",
"28-AUG-2026","LENSKART","Lenskart Solutions Ltd","KOTAK MAHINDRA MUTUAL FUND","BUY","4,09,483","630.00",
"28-AUG-2026","LENSKART","Lenskart Solutions Ltd","KUWAIT INVESTMENT AUTHORITY","BUY","3,40,000","630.00",
"28-AUG-2026","LENSKART","Lenskart Solutions Ltd","MORGAN STANLEY ASIA SINGAPORE PTE","BUY","6,06,641","630.00",
"28-AUG-2026","LENSKART","Lenskart Solutions Ltd","MORGAN STANLEY ASIA SINGAPORE PTE","BUY","4,92,896","630.00",
"28-AUG-2026","LENSKART","Lenskart Solutions Ltd","MOTILAL OSWAL MUTUAL FUND","BUY","7,93,650","630.00",
"28-AUG-2026","LENSKART","Lenskart Solutions Ltd","NATIONAL PENSION SYSTEM (NPS) TRUST","BUY","19,04,761","630.00",
"28-AUG-2026","LENSKART","Lenskart Solutions Ltd","NATIONAL PENSION SYSTEM (NPS) TRUST","BUY","11,90,476","630.00",
"28-AUG-2026","LENSKART","Lenskart Solutions Ltd","NATIONAL PENSION SYSTEM (NPS) TRUST","BUY","47,61,904","630.00",
"28-AUG-2026","LENSKART","Lenskart Solutions Ltd","NIPPON INDIA INVESTMENT UNIT TRUST - NIPPON INDIA EQUITY FUND","BUY","1,00,000","630.00",
"28-AUG-2026","LENSKART","Lenskart Solutions Ltd","NIPPON INDIA INVESTMENT UNIT TRUST - NIPPON INDIA SMALL AND MID-CAP EF","BUY","14,981","630.00",
"28-AUG-2026","LENSKART","Lenskart Solutions Ltd","PACE INTERNATIONAL EMERGING MARKETS EQUITY INVESTMENTS","BUY","47,664","630.00",
"28-AUG-2026","LENSKART","Lenskart Solutions Ltd","REDWHEEL EMERGING MARKETS EQUITY MASTER FUND LIMITED","BUY","5,07,569","630.00",
"28-AUG-2026","LENSKART","Lenskart Solutions Ltd","REDWHEEL FUNDS-REDWHEEL GLOBAL EMERGING MARKETS FUND","BUY","3,43,376","630.00",
"28-AUG-2026","LENSKART","Lenskart Solutions Ltd","REDWHEEL GLOBAL EMERGING EQUITY FUND","BUY","85,731","630.00",
"28-AUG-2026","LENSKART","Lenskart Solutions Ltd","RETAIL EMPLOYEES SUPERANNUATION TRUST","BUY","3,13,295","630.00",
"28-AUG-2026","LENSKART","Lenskart Solutions Ltd","SBI MUTUAL FUND","BUY","5,55,556","630.00",
"28-AUG-2026","LENSKART","Lenskart Solutions Ltd","SOCIETE GENERALE","BUY","3,97,352","630.00",
"28-AUG-2026","LENSKART","Lenskart Solutions Ltd","SUSQUEHANNA PACIFIC PTY LTD","BUY","4,01,903","630.00",
"28-AUG-2026","LENSKART","Lenskart Solutions Ltd","TEACHERS RETIREMENT SYSTEM OF THE STATE OF ILLINOIS","BUY","56,018","630.00",
"28-AUG-2026","LENSKART","Lenskart Solutions Ltd","TM REDWHEEL GLOBAL EMERGING MARKETS FUND","BUY","87,123","630.00",
"28-AUG-2026","LENSKART","Lenskart Solutions Ltd","VIRIDIAN ASIA OPPORTUNITIES MASTER FUND","BUY","6,06,639","630.00",
"28-AUG-2026","LENSKART","Lenskart Solutions Ltd","WHITEOAK CAPITAL MUTUAL FUND","BUY","15,87,301","630.00",
"28-AUG-2026","SPAL","S. P. Apparels Limited","CARNELIAN ASSET MANAGEMENT & ADVISORS PRIVATE LIMITED","BUY","5,00,000","925.00",
"28-AUG-2026","SPAL","S. P. Apparels Limited","SUNDARARAJAN PERUMAL MUDALIAR","SELL","5,00,000","925.00",
"28-AUG-2026","STAR","Strides Pharma ScienceLtd","ARUN KUMAR PILLAI","BUY","10,00,000","990.00",
"28-AUG-2026","STAR","Strides Pharma ScienceLtd","SBI LIFE INSURANCE CO.LTD.","SELL","10,00,000","990.00",
"31-AUG-2026","NORTHARC","Northern Arc Capital Ltd","ACCION AFRICA-ASIA INVESTMENT COMPANY","SELL","56,32,137","278.00",
"31-AUG-2026","NORTHARC","Northern Arc Capital Ltd","ADIVAM FAMILY TRUST","BUY","9,80,030","278.00",
"31-AUG-2026","NORTHARC","Northern Arc Capital Ltd","COHESION MK BEST IDEAS SUB-TRUST","BUY","24,46,043","278.00",
"31-AUG-2026","NORTHARC","Northern Arc Capital Ltd","EIGHT ROADS INVESTMENTS MAURITIUS II LIMITED","SELL","54,47,000","278.00",
"31-AUG-2026","NORTHARC","Northern Arc Capital Ltd","LEAPFROG FINANCIAL INCLUSION INDIA (II) LTD","SELL","9,80,030","278.00",
"31-AUG-2026","NORTHARC","Northern Arc Capital Ltd","S GUPTA HOMES PRIVATE LIMITED","BUY","26,97,842","278.00",
"31-AUG-2026","NORTHARC","Northern Arc Capital Ltd","SHUBHI CONSULTANCY SERVICES LLP","BUY","46,76,259","278.00",
"31-AUG-2026","NORTHARC","Northern Arc Capital Ltd","SINGULARITY EQUITY FUND I","BUY","12,58,993","278.00",
"31-AUG-2026","ULTRAMAR","Ultramarine & Pigments L","ANVIL SHARE & STOCK BROKING PRIVATE LIMITED","BUY","7,60,000","400.00",
"31-AUG-2026","ULTRAMAR","Ultramarine & Pigments L","SHIVANI TEJAS TRIVEDI","BUY","7,00,000","400.00",
"31-AUG-2026","ULTRAMAR","Ultramarine & Pigments L","THIRUMALAI CHEMICALS LIMITED","SELL","14,60,000","400.00",
"01-SEP-2026","HATSUN","Hatsun Agro Product Ltd.","CHANDRAMOGAN R G","BUY","8,25,000","1,192.00",
"01-SEP-2026","HATSUN","Hatsun Agro Product Ltd.","RAJU KIRTI SHAH","SELL","4,40,751","1,192.00",
"01-SEP-2026","HATSUN","Hatsun Agro Product Ltd.","RAVI KIRTI SHAH","SELL","3,84,249","1,192.00",
"02-SEP-2026","ASTERDM","Aster DM Quality Care Ltd","CENTELLA MAURITIUS HOLDINGS LIMITED","SELL","46,09,800","760.00",
"02-SEP-2026","ASTERDM","Aster DM Quality Care Ltd","UNION (MAURITIUS) HOLDINGS LIMITED","BUY","46,09,800","760.00",
"02-SEP-2026","PINELABS","Pine Labs Limited","ALPHA WAVE VENTURES II LP","SELL","3,54,56,317","155.10",
"02-SEP-2026","PINELABS","Pine Labs Limited","EDELWEISS MUTUAL FUND","BUY","25,78,981","155.10",
"02-SEP-2026","PINELABS","Pine Labs Limited","GOLDMAN SACHS INVESTMENTS MAURITIUS I LIMITED","BUY","41,62,862","155.10",
"02-SEP-2026","PINELABS","Pine Labs Limited","ICICI PRUDENTIAL LIFE INSURANCE COMPANY LIMITED","BUY","1,03,15,925","155.10",
"02-SEP-2026","PINELABS","Pine Labs Limited","INTEGRATED CORE STRATEGIES (ASIA) PTE.LTD.","BUY","24,50,000","155.10",
"02-SEP-2026","PINELABS","Pine Labs Limited","JM FINANCIAL MUTUAL FUND","BUY","16,11,865","155.10",
"02-SEP-2026","PINELABS","Pine Labs Limited","MORGAN STANLEY ASIA SINGAPORE PTE","BUY","24,48,742","155.10",
"02-SEP-2026","PINELABS","Pine Labs Limited","NORGES BANK ON ACCOUNT OF THE GOVERNMENT PENSION FUND GLOBAL","BUY","32,23,726","155.10",
"02-SEP-2026","PINELABS","Pine Labs Limited","SOCIETE GENERALE","BUY","45,31,963","155.10",
"02-SEP-2026","PINELABS","Pine Labs Limited","VIRIDIAN ASIA OPPORTUNITIES MASTER FUND","BUY","41,32,253","155.10",
"03-SEP-2026","CLEANMAX","Clean Max Enviro En Sol L","DSDG HOLDING APS","SELL","16,33,727","1,220.00",
"03-SEP-2026","CLEANMAX","Clean Max Enviro En Sol L","DSP INDIA FUND INDIA LONG SHORT STRATEGY FUND WITH CASH MANAGEMENT OPTION","BUY","2,04,919","1,220.00",
"03-SEP-2026","CLEANMAX","Clean Max Enviro En Sol L","ICICI PRUDENTIAL LIFE INSURANCE COMPANY LTD","BUY","5,09,485","1,220.00",
"03-SEP-2026","CLEANMAX","Clean Max Enviro En Sol L","MAHINDRA MANULIFE MUTUAL FUND","BUY","2,04,919","1,220.00",
"03-SEP-2026","CLEANMAX","Clean Max Enviro En Sol L","SBI LIFE INSURANCE COMPANY LTD.","BUY","5,09,485","1,220.00",
"03-SEP-2026","CLEANMAX","Clean Max Enviro En Sol L","WHITEOAK CAPITAL MUTUAL FUND","BUY","2,04,919","1,220.00",
"03-SEP-2026","KRT","Knowledge Realty Trust","IIFL MANAGEMENT SERVICES LIMITED","SELL","28,31,050","109.50",
"03-SEP-2026","KRT","Knowledge Realty Trust","MEERA  GOYAL","BUY","28,31,050","109.50",
"03-SEP-2026","MEESHO","Meesho Limited","BAJAJ ALLIANZ LIFE INSURANCE COMPANY LIMITED","BUY","20,00,000","206.30",
"03-SEP-2026","MEESHO","Meesho Limited","BAJAJ LIFE INSURANCE LIMITED","BUY","20,00,000","206.30",
"03-SEP-2026","MEESHO","Meesho Limited","BOFA SECURITIES EUROPE SA -FPI","BUY","12,50,000","206.30",
"03-SEP-2026","MEESHO","Meesho Limited","BOFA SECURITIES EUROPE SA -ODI","BUY","20,50,000","206.30",
"03-SEP-2026","MEESHO","Meesho Limited","CANARA ROBECO MUTUAL FUND","BUY","3,80,000","206.30",
"03-SEP-2026","MEESHO","Meesho Limited","CANARA ROBECO MUTUAL FUND","BUY","7,60,000","206.30",
"03-SEP-2026","MEESHO","Meesho Limited","CANARA ROBECO MUTUAL FUND.","BUY","7,60,000","206.30",
"03-SEP-2026","MEESHO","Meesho Limited","COPTHALL MAURITIUS INVESTMENT LIMITED","BUY","12,50,000","206.30",
"03-SEP-2026","MEESHO","Meesho Limited","DENDANA INVESTMENTS (MAURITIUS) LIMITED","BUY","65,665","206.30",
"03-SEP-2026","MEESHO","Meesho Limited","FGTFEBPFIAM EMERGING MARKETS OPPORTUNITIES COMMINGLED POOL","BUY","9,13,300","206.30",
"03-SEP-2026","MEESHO","Meesho Limited","FIDELITY CENTRAL INVESTMENTS PORTFOLIO LLC: FIDELITY EMERGING MARKETS EQUITY CENTRAL FUND","BUY","3,31,100","206.30",
"03-SEP-2026","MEESHO","Meesho Limited","FIDELITY EMERGING MARKETS EQUITY MULTI - ASSET BASE FUND","BUY","80,800","206.30",
"03-SEP-2026","MEESHO","Meesho Limited","FIDELITY EMERGING MARKETS OPPORTUNITIES INSTITUTIONAL TRUST","BUY","84,700","206.30",
"03-SEP-2026","MEESHO","Meesho Limited","FIDELITY FUNDS-INDIA FOCUS FUND","BUY","18,56,158","206.30",
"03-SEP-2026","MEESHO","Meesho Limited","FIDELITY INVESTMENT TRUST FIDELITY FIDELITY SERIES EMERGING MARKETS FUND","BUY","30,72,600","206.30",
"03-SEP-2026","MEESHO","Meesho Limited","FIDELITY INVESTMENTS INTERNATIONAL A/C FIDELITY INDIA FUND","BUY","1,60,849","206.30",
"03-SEP-2026","MEESHO","Meesho Limited","FIDELITY RUTLAND SQUARE TRUST II: STRATEGIC ADVISERS EMERGING MARKETS FUND","BUY","58,600","206.30",
"03-SEP-2026","MEESHO","Meesho Limited","FIDELITY RUTLAND SQUARE TRUST II: STRATEGIC ADVISERS FID EMG MARKETS FUND","BUY","1,14,400","206.30",
"03-SEP-2026","MEESHO","Meesho Limited","FRANKLIN INDIA EQUITY SAVINGS FUND","BUY","1,69,145","206.30",
"03-SEP-2026","MEESHO","Meesho Limited","FRANKLIN INDIA FLEXI CAP FUND","BUY","48,32,714","206.30",
"03-SEP-2026","MEESHO","Meesho Limited","FRANKLIN INDIA TAXSHIELD","BUY","14,98,141","206.30",
"03-SEP-2026","MEESHO","Meesho Limited","FRANKLIN TEMPLETON INVESTMENT FUNDS - FRANKLIN INDIA FUND","BUY","22,50,000","206.30",
"03-SEP-2026","MEESHO","Meesho Limited","FRANKLIN TEMPLETON MUTUAL FUND","BUY","14,98,142","206.30",
"03-SEP-2026","MEESHO","Meesho Limited","FRANKLIN TEMPLETON MUTUAL FUND","BUY","1,69,145","206.30",
"03-SEP-2026","MEESHO","Meesho Limited","FRANKLIN TEMPLETON MUTUAL FUND","BUY","48,32,713","206.30",
"03-SEP-2026","MEESHO","Meesho Limited","GHISALLO MASTER FUND LP","BUY","22,50,000","206.30",
"03-SEP-2026","MEESHO","Meesho Limited","GOLDMAN SACHS BANK EUROPE SE","BUY","53,00,000","206.30",
"03-SEP-2026","MEESHO","Meesho Limited","HDFC STANDARD LIFE INSURANCE","BUY","60,00,000","206.30",
"03-SEP-2026","MEESHO","Meesho Limited","HDFC STANDARD LIFE INSURANCE CO LTD","BUY","60,00,000","206.30",
"03-SEP-2026","MEESHO","Meesho Limited","HSBC MUTUAL FUND","BUY","12,11,828","206.30",
"03-SEP-2026","MEESHO","Meesho Limited","INTEGRATED CORE STRATEGIES ASIA PTE LTD","BUY","22,50,000","206.30",
"03-SEP-2026","MEESHO","Meesho Limited","KUWAIT INVESTMENT AUTHORITY","BUY","12,50,000","206.30",
"03-SEP-2026","MEESHO","Meesho Limited","MANULIFE GLOBAL FUND INDIA EQUITY FUND","BUY","10,81,780","206.30",
"03-SEP-2026","MEESHO","Meesho Limited","MANULIFE PACIFIC ASIA EQUITY FUND","BUY","27,73,147","206.30",
"03-SEP-2026","MEESHO","Meesho Limited","MANULIFE PROVIDENT FUNDS UNIT TRUST SERIES - MANULIFE INDIA EQUITY FUND","BUY","64,907","206.30",
"03-SEP-2026","MEESHO","Meesho Limited","MANULIFE SINGAPORE PTE LTD","BUY","11,13,810","206.30",
"03-SEP-2026","MEESHO","Meesho Limited","MORGAN STANLEY ASIA SINGAPORE PTE -ODI","BUY","33,00,000","206.30",
"03-SEP-2026","MEESHO","Meesho Limited","MOTILAL OSWAL LARGE AND MIDCAP FUND","BUY","34,00,000","206.30",
"03-SEP-2026","MEESHO","Meesho Limited","MOTILAL OSWAL MULTI CAP FUND","BUY","8,50,000","206.30",
"03-SEP-2026","MEESHO","Meesho Limited","NORGES BANK ON ACCOUNT OF THE GOVERNMENT PENSION FUND GLOBAL","BUY","12,50,000","206.30",
"03-SEP-2026","MEESHO","Meesho Limited","SOCIAL PROTECTION FUND","BUY","2,16,356","206.30",
"03-SEP-2026","MEESHO","Meesho Limited","SOCIETE GENERALE - ODI","BUY","80,00,000","206.30",
"03-SEP-2026","MEESHO","Meesho Limited","SUSQUEHANNA PACIFIC PTY LTD","BUY","12,50,000","206.30",
"03-SEP-2026","MEESHO","Meesho Limited","SVF II MEERKAT (DE) LLC","SELL","4,46,82,672","206.30",
"03-SEP-2026","MEESHO","Meesho Limited","SVF II MEERKAT (DE) LLC","SELL","3,53,17,328","206.30",
"04-SEP-2026","NXST","Nexus Select Trust","BREP ASIA SG FORUM HOLDING (NQ) PTE LIMITED","SELL","74,95,149","164.00",
"04-SEP-2026","NXST","Nexus Select Trust","WHITEOAK CAPITAL MUTUAL FUND","BUY","74,95,149","164.00",