"Date ","Symbol ","Security Name ","Client Name ","Buy / Sell ","Quantity Traded ","Trade Price / Wght. Avg. Price ","Remarks "
"11-SEP-2023","IDFCFIRSTB","IDFC First Bank Limited","ABU DHABI INVESTMENT AUTHORITY - GULAB","BUY","11,62,995","94.50",
"11-SEP-2023","IDFCFIRSTB","IDFC First Bank Limited","ACTIVE EMERGING MARKETS EQUITY FUND","BUY","7,71,698","94.50",
"11-SEP-2023","IDFCFIRSTB","IDFC First Bank Limited","AUSTRALIANSUPER","BUY","10,80,300","94.50",
"11-SEP-2023","IDFCFIRSTB","IDFC First Bank Limited","BBH GQG PARTNERS EMERGING MARKETS EQUITY MASTER FUND LP","BUY","8,23,407","94.50",
"11-SEP-2023","IDFCFIRSTB","IDFC First Bank Limited","CARE SUPER PTY LTD AS TRUSTEE FOR CARE SUPER","BUY","1,85,908","94.50",
"11-SEP-2023","IDFCFIRSTB","IDFC First Bank Limited","EMPLOYEES RETIREMENT SYSTEM OF TEXAS","BUY","1,58,993","94.50",
"11-SEP-2023","IDFCFIRSTB","IDFC First Bank Limited","GENERAL ORGANIZATION FOR SOCIAL INSURANCE","BUY","3,97,339","94.50",
"11-SEP-2023","IDFCFIRSTB","IDFC First Bank Limited","GOLDMAN SACHS TRUST II - GOLDMAN SACHS GQG PARTNERS INTERNATIONAL OPPORTUNITIES FUND","BUY","2,47,38,713","94.50",
"11-SEP-2023","IDFCFIRSTB","IDFC First Bank Limited","GOLDMAN SACHS TRUST II - GOLDMAN SACHS MULTI MANAGER ALTERNATIVES FUND","BUY","11,610","94.50",
"11-SEP-2023","IDFCFIRSTB","IDFC First Bank Limited","GQG PARTNERS EMERGING MARKETS EQUITY FUND","BUY","4,32,256","94.50",
"11-SEP-2023","IDFCFIRSTB","IDFC First Bank Limited","GQG PARTNERS EMERGING MARKETS EQUITY FUND","BUY","1,05,50,047","94.50",
"11-SEP-2023","IDFCFIRSTB","IDFC First Bank Limited","GQG PARTNERS EMERGING MARKETS EQUITY FUND A SERIES OF GQG PARTNERS SERIES LLC","BUY","29,60,413","94.50",
"11-SEP-2023","IDFCFIRSTB","IDFC First Bank Limited","GQG PARTNERS EMERGING MARKETS EQUITY FUND A SUB FUND OF GQG GLOBAL UCITS ICAV","BUY","16,90,102","94.50",
"11-SEP-2023","IDFCFIRSTB","IDFC First Bank Limited","GQG PARTNERS INTERNATIONAL QUALITY EQUITY FUND","BUY","1,71,829","94.50",
"11-SEP-2023","IDFCFIRSTB","IDFC First Bank Limited","GSF II GOLDMAN SACHS GLOBAL MULTI MANAGER ALTERNATIVES PORTFOLIO","BUY","26,996","94.50",
"11-SEP-2023","IDFCFIRSTB","IDFC First Bank Limited","JNL/GQG EMERGING MARKETS EQUITY FUND","BUY","5,54,032","94.50",
"11-SEP-2023","IDFCFIRSTB","IDFC First Bank Limited","NEW YORK STATE COMMON RETIREMENT FUND","BUY","6,33,342","94.50",
"11-SEP-2023","IDFCFIRSTB","IDFC First Bank Limited","RELIANCE TRUST INSTITUTIONAL RETIREMENT TRUST SERIES ELEVEN","BUY","28,95,166","94.50",
"11-SEP-2023","IDFCFIRSTB","IDFC First Bank Limited","RELIANCE TRUST INSTITUTIONAL RETIREMENT TRUST SERIES TWELVE","BUY","6,24,312","94.50",
"11-SEP-2023","IDFCFIRSTB","IDFC First Bank Limited","UNITED SUPER PTY LTD AS TRUSTEE FOR CONSTRUCTION AND BUILDING UNIONS SUPERANNUATION FUND","BUY","1,40,670","94.50",
"11-SEP-2023","IDFCFIRSTB","IDFC First Bank Limited","VEMBU VAIDYANATHAN","SELL","5,07,39,653","94.50",
"11-SEP-2023","IDFCFIRSTB","IDFC First Bank Limited","WASHINGTON ST INVESTMENT BOARD MANAGED BY GQG PARTNERS LLC","BUY","6,45,662","94.50",
"11-SEP-2023","IDFCFIRSTB","IDFC First Bank Limited","WITAN INVESTMENT TRUST PLC RE GQG PARTNERS LLC","BUY","83,863","94.50",
"15-SEP-2023","FIVESTAR","Five-Star Bus Fin Ltd","SCHF PV MAURITIUS LIMITED","SELL","30,18,700","700.15",
"15-SEP-2023","FIVESTAR","Five-Star Bus Fin Ltd","SMALLCAP WORLD FUND INC","BUY","30,18,700","700.15",
"15-SEP-2023","RBA","Restaurant Brand Asia Ltd","AMAL N.PARIKH","BUY","50,90,000","119.10",
"15-SEP-2023","RBA","Restaurant Brand Asia Ltd","AVENDUS ABSOLUTE RETURN FUND","BUY","8,39,631","119.10",
"15-SEP-2023","RBA","Restaurant Brand Asia Ltd","CITIGROUP GLOBAL MARKETS MAURITIUS PRIVATE LIMITED","BUY","10,50,150","119.10",
"15-SEP-2023","RBA","Restaurant Brand Asia Ltd","DOVETAIL INDIA FUND CLASS 11 SHARES","BUY","16,10,000","119.10",
"15-SEP-2023","RBA","Restaurant Brand Asia Ltd","FRANKLIN SINGAPORE 3 BANKEN ASIA STOCK-MIX","BUY","82,60,858","119.10",
"15-SEP-2023","RBA","Restaurant Brand Asia Ltd","GOLDMAN SACHS FUNDS-GOLDMAN SACHS ASIA EQUITY PORTFOLIO","BUY","65,00,100","119.10",
"15-SEP-2023","RBA","Restaurant Brand Asia Ltd","ICICI PRUDENTIAL LIFE INSURANCE COMPANY LTD","BUY","3,40,00,500","119.10",
"15-SEP-2023","RBA","Restaurant Brand Asia Ltd","N V INVESTMENTS","BUY","8,39,631","119.10",
"15-SEP-2023","RBA","Restaurant Brand Asia Ltd","NOMURA SINGAPORE LIMITED","BUY","10,50,150","119.10",
"15-SEP-2023","RBA","Restaurant Brand Asia Ltd","PLUTUS WEALTH MANAGEMENT LLP","BUY","3,00,00,000","119.10",
"15-SEP-2023","RBA","Restaurant Brand Asia Ltd","PLUTUS WEALTH MANAGEMENT LLP","BUY","40,00,000","119.10",
"15-SEP-2023","RBA","Restaurant Brand Asia Ltd","QSR ASIA PTE LTD","SELL","12,54,41,820","119.10",
"15-SEP-2023","RBA","Restaurant Brand Asia Ltd","QUANT MUTUAL FUND","BUY","1,40,00,400","119.10",
"15-SEP-2023","RBA","Restaurant Brand Asia Ltd","SOCIETE GENERALE","BUY","17,00,000","119.10",
"15-SEP-2023","RBA","Restaurant Brand Asia Ltd","TATA MUTUAL FUND","BUY","1,25,00,300","119.10",
"15-SEP-2023","RBA","Restaurant Brand Asia Ltd","TD EMERGING MARKETS FUND","BUY","40,00,100","119.10",
"22-SEP-2023","HGS","Hinduja Global Sols Ltd","AVIATOR GLOBAL INVESTMENT FUND","BUY","2,80,500","1,005.00",
"22-SEP-2023","HGS","Hinduja Global Sols Ltd","LEGENDS (CAYMAN) LIMITED","SELL","2,80,500","1,005.00",
"22-SEP-2023","SHYAMMETL","Shyam Metalics and Engy L","NARANTAK DEALCOMM LTD.","SELL","10,93,286","430.00",
"22-SEP-2023","SHYAMMETL","Shyam Metalics and Engy L","SHYAM METALICS EMPLOYEES WELFARE TRUST","BUY","10,93,286","430.00",
"27-SEP-2023","WESTLIFE","WESTLIFE FOODWORLD LTD","HORIZON IMPEX PRIVATE LIMITED","BUY","2,92,000","998.80",
"27-SEP-2023","WESTLIFE","WESTLIFE FOODWORLD LTD","MAKINO HOLDINGS LIMITED","SELL","2,92,000","998.80",
"28-SEP-2023","NCLIND","NCL Industries Limited","ANAND RATHI GLOBAL FINANCE LTD","BUY","12,64,133","225.00",
"28-SEP-2023","NCLIND","NCL Industries Limited","ASHVEN DATLA","SELL","14,43,300","225.00",
"28-SEP-2023","NCLIND","NCL Industries Limited","GAUTAM KALIDINDI","BUY","7,00,000","225.00",
"28-SEP-2023","NCLIND","NCL Industries Limited","NCL  HOLDINGS(A&S)LIMITED","BUY","22,40,000","225.00",
"28-SEP-2023","NCLIND","NCL Industries Limited","SHILPA  DATLA","SELL","27,60,833","225.00",
"03-OCT-2023","KRSNAA","Krsnaa Diagnostics Ltd","EAST LANE CAPITAL LLP","BUY","1,50,000","675.00",
"03-OCT-2023","KRSNAA","Krsnaa Diagnostics Ltd","MEDIMAZE SOLUTIONS PRIVATE LIMITED","SELL","1,50,000","675.00",
"03-OCT-2023","SFL","Sheela Foam Limited","BLUE DAIMOND PROPERTIES PRIVATE LIMITED","BUY","8,34,644","1,114.00",
"03-OCT-2023","SFL","Sheela Foam Limited","WINRO COMMERCIAL INDIA LIMITED","SELL","8,34,644","1,114.00",
"05-OCT-2023","INFIBEAM","Infibeam Avenues Limited","ABHISHEK MAYUR DESAI","BUY","60,00,000","17.40",
"05-OCT-2023","INFIBEAM","Infibeam Avenues Limited","MAYUR DESAI HUF","SELL","60,00,000","17.40",
"06-OCT-2023","POLICYBZR","PB Fintech Limited","ADVISORS'' INNER CIRCLE FUND III-NINETY ONE EMERGING MARKETS EQUITY FUND","BUY","53,313","762.80",
"06-OCT-2023","POLICYBZR","PB Fintech Limited","AMP CAP FD MGMT LIMITED AS RES ENT FOR THE FUTURE DIRE EMRG MKTS SHARE FUND (AMP)","BUY","51,391","762.80",
"06-OCT-2023","POLICYBZR","PB Fintech Limited","ASSOCIATION DE BIENFAISANCE RETRAITE DES POLICIERS ERES VILLE DE MONTREAL","BUY","15,973","762.80",
"06-OCT-2023","POLICYBZR","PB Fintech Limited","BNP PARIBAS ARBITRAGE","BUY","1,63,860","762.80",
"06-OCT-2023","POLICYBZR","PB Fintech Limited","BOMBARDIER TRUST (CANADA) GLOBAL EQUITIES FUND","BUY","10,602","762.80",
"06-OCT-2023","POLICYBZR","PB Fintech Limited","CANADIAN PACIFIC RAILWAY COMPANY PENSION PLAN","BUY","43,778","762.80",
"06-OCT-2023","POLICYBZR","PB Fintech Limited","CITIGROUP GLOBAL MARKETS MAURITIUS PVT LTD","BUY","4,36,962","762.80",
"06-OCT-2023","POLICYBZR","PB Fintech Limited","COPTHALL MAURITIUS INVESTMENT LIMITED","BUY","1,63,860","762.80",
"06-OCT-2023","POLICYBZR","PB Fintech Limited","ENTSORGUNGSFONDS","BUY","3,29,629","762.80",
"06-OCT-2023","POLICYBZR","PB Fintech Limited","FLORIDA RETIREMENT SYSTEM","BUY","1,54,810","762.80",
"06-OCT-2023","POLICYBZR","PB Fintech Limited","FP BRUNEL EMERGING MARKETS EQUITY FUND","BUY","77,360","762.80",
"06-OCT-2023","POLICYBZR","PB Fintech Limited","GOLDMAN SACHS (SINGAPORE) PTE","BUY","3,27,721","762.80",
"06-OCT-2023","POLICYBZR","PB Fintech Limited","GOVERNMENT EMPLOYEES SUPERANNUATION BOARD","BUY","1,36,012","762.80",
"06-OCT-2023","POLICYBZR","PB Fintech Limited","HOSTPLUS POOLED SUPERANNUATION TRUST","BUY","1,75,374","762.80",
"06-OCT-2023","POLICYBZR","PB Fintech Limited","IBM DIVERSIFIED GLOBAL EQUITY FUND","BUY","11,684","762.80",
"06-OCT-2023","POLICYBZR","PB Fintech Limited","INVESTEC GLOBAL STRATEGY FUND EMERGING MARKETS EQUITY FUND ( GME)","BUY","2,72,790","762.80",
"06-OCT-2023","POLICYBZR","PB Fintech Limited","KOTAK FUNDS-INDIA MIDCAP FUND","BUY","16,20,795","762.80",
"06-OCT-2023","POLICYBZR","PB Fintech Limited","KOTAK INFINITY FUND CLASS AC","BUY","14,904","762.80",
"06-OCT-2023","POLICYBZR","PB Fintech Limited","MERCER GE INTERNATIONAL EQUITY FUND","BUY","16,538","762.80",
"06-OCT-2023","POLICYBZR","PB Fintech Limited","MERCER UCITS CCF - NFU MUTUAL GLOBAL ALPHA FUND","BUY","52,964","762.80",
"06-OCT-2023","POLICYBZR","PB Fintech Limited","MORGAN STANLEY ASIA SINGAPORE PTE","BUY","5,46,202","762.80",
"06-OCT-2023","POLICYBZR","PB Fintech Limited","MORGAN STANLEY ASIA SINGAPORE PTE","BUY","10,37,784","762.80",
"06-OCT-2023","POLICYBZR","PB Fintech Limited","NINETY ONE AUSTRALIA FUNDS - EMERGING MARKETS EQUITY FUND","BUY","64,409","762.80",
"06-OCT-2023","POLICYBZR","PB Fintech Limited","NINETY ONE FUNDS SERIES IV - EMERGING MARKETS EQUITY FUND","BUY","6,935","762.80",
"06-OCT-2023","POLICYBZR","PB Fintech Limited","NINETY ONE GLOBAL SELECT LLC - NINETY ONE EMERGING MARKETS EQUITY FUND","BUY","2,39,926","762.80",
"06-OCT-2023","POLICYBZR","PB Fintech Limited","NINETY ONE GLOBAL STRATEGY FUND - ASIA PACIFIC EQUITY OPPORTUNITIES FUND","BUY","27,806","762.80",
"06-OCT-2023","POLICYBZR","PB Fintech Limited","NINETY ONE GLOBAL STRATEGY FUND - ASIAN EQUITY FUND","BUY","1,02,180","762.80",
"06-OCT-2023","POLICYBZR","PB Fintech Limited","NINETY ONE GLOBAL STRATEGY FUND - EMERGING MARKETS MULTI-ASSET FUND","BUY","35,287","762.80",
"06-OCT-2023","POLICYBZR","PB Fintech Limited","NOMURA SINGAPORE LIMITED","BUY","1,63,860","762.80",
"06-OCT-2023","POLICYBZR","PB Fintech Limited","PIONEER INVESTMENT FUND SCHEME II","BUY","6,55,443","762.80",
"06-OCT-2023","POLICYBZR","PB Fintech Limited","SAS TRUSTEE CORPORATION POOLED FUND","BUY","18,368","762.80",
"06-OCT-2023","POLICYBZR","PB Fintech Limited","SAUDI CENTRAL BANK","BUY","5,00,353","762.80",
"06-OCT-2023","POLICYBZR","PB Fintech Limited","SIEFORE XXI BANORTE BASICA 60-64 SOCIEDAD ANONIMA DE CAPITAL VARIABLE","BUY","2,348","762.80",
"06-OCT-2023","POLICYBZR","PB Fintech Limited","SIEFORE XXI BANORTE BASICA 65-69 SOCIEDAD ANONIMA DE CAPITAL VARIABLE","BUY","6,391","762.80",
"06-OCT-2023","POLICYBZR","PB Fintech Limited","SIEFORE XXI BANORTE BASICA 70-74 SOCIEDAD ANONIMA DE CAPITAL VARIABLE","BUY","8,666","762.80",
"06-OCT-2023","POLICYBZR","PB Fintech Limited","SIEFORE XXI BANORTE BASICA 75-79 SOCIEDAD ANONIMA DE CAPITAL VARIABLE","BUY","7,743","762.80",
"06-OCT-2023","POLICYBZR","PB Fintech Limited","SIEFORE XXI BANORTE BASICA 80-84 SOCIEDAD ANONIMA DE CAPITAL VARIABLE","BUY","8,199","762.80",
"06-OCT-2023","POLICYBZR","PB Fintech Limited","SIEFORE XXI BANORTE BASICA 85-89 SOCIEDAD ANONIMA DE CAPITAL VARIABLE","BUY","5,219","762.80",
"06-OCT-2023","POLICYBZR","PB Fintech Limited","SIEFORE XXI BANORTE BASICA 90-94 SOCIEDAD ANONIMA DE CAPITAL VARIABLE","BUY","1,544","762.80",
"06-OCT-2023","POLICYBZR","PB Fintech Limited","SOCIETE GENERALE","BUY","26,26,491","762.80",
"06-OCT-2023","POLICYBZR","PB Fintech Limited","SPIRIT SUPER","BUY","21,460","762.80",
"06-OCT-2023","POLICYBZR","PB Fintech Limited","SVF INDIA HOLDINGS (CAYMAN) LIMITED","SELL","30,97,576","762.80",
"06-OCT-2023","POLICYBZR","PB Fintech Limited","SVF PYTHON II (CAYMAN) LIMITED","SELL","83,23,635","762.80",
"06-OCT-2023","POLICYBZR","PB Fintech Limited","TATA MUTUAL FUND","BUY","11,39,329","762.80",
"06-OCT-2023","POLICYBZR","PB Fintech Limited","TCORPIM EMERGING MARKET SHARE FUND","BUY","40,823","762.80",
"06-OCT-2023","POLICYBZR","PB Fintech Limited","THE HPE EMERGING MARKETS EQUITY SUB-FUND","BUY","24,125","762.80",
"09-OCT-2023","INFIBEAM","Infibeam Avenues Limited","ABHISHEK MAYUR DESAI","BUY","60,00,000","20.55",
"09-OCT-2023","INFIBEAM","Infibeam Avenues Limited","MAYUR DESAI HUF","SELL","60,00,000","20.55",
"11-OCT-2023","INFIBEAM","Infibeam Avenues Limited","ABHISHEK MAYUR DESAI","BUY","80,00,000","22.35",
"11-OCT-2023","INFIBEAM","Infibeam Avenues Limited","MAYUR DESAI HUF","SELL","80,00,000","22.35",
"17-OCT-2023","INFIBEAM","Infibeam Avenues Limited","ABHISHEK MAYUR DESAI","BUY","50,00,000","21.00",
"17-OCT-2023","INFIBEAM","Infibeam Avenues Limited","MAYUR DESAI HUF","SELL","50,00,000","21.00",
"18-OCT-2023","NBIFIN","N.B.I. Ind. Fin. Co. Ltd","DORITE TRACON PRIVATE LIMITED","SELL","74,000","1,785.00",
"18-OCT-2023","NBIFIN","N.B.I. Ind. Fin. Co. Ltd","TANUSHREE LOGISTICS PRIVATE LIMITED","BUY","74,000","1,785.00",
"19-OCT-2023","DCW","DCW Ltd","APMS INVESTMENT FUND LTD","SELL","49,72,323","56.25",
"19-OCT-2023","DCW","DCW Ltd","ERISKA INVESTMENT FUND LTD","BUY","49,72,323","56.25",
"19-OCT-2023","KIRIINDUS","Kiri Industries Limited","APMS INVESTMENT FUND LTD","SELL","11,40,350","270.25",
"19-OCT-2023","KIRIINDUS","Kiri Industries Limited","ERISKA INVESTMENT FUND LTD","BUY","11,40,350","270.25",
"20-OCT-2023","ZOMATO","Zomato Limited","ABS DIRECT EQUITY FUND LLC - INDIA SERIES 1","BUY","3,53,547","111.20",
"20-OCT-2023","ZOMATO","Zomato Limited","ABU DHABI INVESTMENT AUTHORITY","BUY","10,45,228","111.20",
"20-OCT-2023","ZOMATO","Zomato Limited","ADVISORS SERIES VIII F E M FUND A/C FIDILITY ADVISOR SERIES VIII FIDILITY EMERGING MARKET FUND","BUY","1,03,59,800","111.20",
"20-OCT-2023","ZOMATO","Zomato Limited","AL MEHWAR COMMERCIAL INVESTMENTS L.L.C.","BUY","10,52,936","111.20",
"20-OCT-2023","ZOMATO","Zomato Limited","AROHI EMERGING ASIA MASTER FUND (AEAF/AEAMF)","BUY","2,15,159","111.20",
"20-OCT-2023","ZOMATO","Zomato Limited","AROHI EMERGING INDIA MASTER FUND (AEIF)","BUY","4,63,334","111.20",
"20-OCT-2023","ZOMATO","Zomato Limited","ASHOKA INDIA EQUITY INVESTMENT TRUST PLC","BUY","6,28,100","111.20",
"20-OCT-2023","ZOMATO","Zomato Limited","AXIS MUTUAL FUND","BUY","22,45,715","111.20",
"20-OCT-2023","ZOMATO","Zomato Limited","BANDHAN MUTUAL FUND","BUY","26,20,001","111.20",
"20-OCT-2023","ZOMATO","Zomato Limited","BBH WEALTH STRATEGIES LLC AROHI EMERGING ASIA SERIES (ABAF)","BUY","93,629","111.20",
"20-OCT-2023","ZOMATO","Zomato Limited","CAISSE DE DEPOT ET PLACEMENT DU QUEBEC","BUY","4,94,677","111.20",
"20-OCT-2023","ZOMATO","Zomato Limited","CITIGROUP GLOBAL MARKETS MAURITIUS PVT LTD","BUY","11,22,857","111.20",
"20-OCT-2023","ZOMATO","Zomato Limited","COPTHALL MAURITIUS INVESTMENT LIMITED","BUY","8,99,290","111.20",
"20-OCT-2023","ZOMATO","Zomato Limited","DENDANA INVESTMENTS MAURITIUS LIMITED","BUY","62,136","111.20",
"20-OCT-2023","ZOMATO","Zomato Limited","FGTFEB PLANS FIAM EMERGING MARKETS OPPORTUNITIES COMMINGLED POOL","BUY","28,44,900","111.20",
"20-OCT-2023","ZOMATO","Zomato Limited","FIDELITY CENT INVST PORT LLC FIDELITY EMERGING MARKETS EQUITY CENTRAL FUND","BUY","11,03,200","111.20",
"20-OCT-2023","ZOMATO","Zomato Limited","FIDELITY EMERGING MARKETS EQUITY MULTI-ASSET BASE FUND","BUY","3,01,100","111.20",
"20-OCT-2023","ZOMATO","Zomato Limited","FIDELITY EMERGING MARKETS OPPORTUNITIES INSTITUTIONAL TRUST","BUY","2,28,700","111.20",
"20-OCT-2023","ZOMATO","Zomato Limited","FIDELITY INVESTMENT TRUST FIDELITY SERIES EMERGING MARKETS FUND","BUY","1,06,98,700","111.20",
"20-OCT-2023","ZOMATO","Zomato Limited","FIDELITY INVESTMENT TRUST FIDELITY TOTAL EMERGING MARKETS FUND","BUY","64,000","111.20",
"20-OCT-2023","ZOMATO","Zomato Limited","FIDELITY INVESTMENT TRUST FIDELITY TOTAL INTERNATIONAL EQUITY FUND (FIDELITY MGT)","BUY","2,03,400","111.20",
"20-OCT-2023","ZOMATO","Zomato Limited","FIDELITY MANAGEMENT  AND RESEARCH CO. A/C FIDELITY EMERGING MARKETS  FUND","BUY","82,98,600","111.20",
"20-OCT-2023","ZOMATO","Zomato Limited","FIDELITY MANAGEMENT TRUST COMPANY A/C FIDELITY EME MKT COLLECTIVE POOL","BUY","6,97,500","111.20",
"20-OCT-2023","ZOMATO","Zomato Limited","FIDELITY QUALIFYING INVESTOR FUNDS PLC - FIDELITY CONCENTRATED EMERGING MARKETS FUND","BUY","3,78,726","111.20",
"20-OCT-2023","ZOMATO","Zomato Limited","FIDELITY RUTLAND SQUARE TRUST II STRATEGIC ADVISERS FID EMG MARKETS FUND","BUY","61,34,400","111.20",
"20-OCT-2023","ZOMATO","Zomato Limited","FIDELITY RUTLAND SQUARE TRUST II: STRATEGIC ADVISERS EMERGING MARKETS FUND","BUY","19,81,500","111.20",
"20-OCT-2023","ZOMATO","Zomato Limited","GOLDMAN SACHS (SINGAPORE) PTE","BUY","8,99,290","111.20",
"20-OCT-2023","ZOMATO","Zomato Limited","GOLDMAN SACHS INVESTMENTS (MAURITIUS) I LIMITED  SHORT TERM","BUY","8,99,290","111.20",
"20-OCT-2023","ZOMATO","Zomato Limited","GOVERNMENT OF SINGAPORE   E (EM264)","BUY","37,301","111.20",
"20-OCT-2023","ZOMATO","Zomato Limited","HDFC MUTUAL FUND","BUY","8,99,290","111.20",
"20-OCT-2023","ZOMATO","Zomato Limited","INDIA ACORN FUND LTD","BUY","2,53,841","111.20",
"20-OCT-2023","ZOMATO","Zomato Limited","INDIA ACORN ICAV A/C AIO","BUY","28,17,782","111.20",
"20-OCT-2023","ZOMATO","Zomato Limited","INDIA ACORN ICAV ASHOKA INDIA ESG FUND","BUY","28,900","111.20",
"20-OCT-2023","ZOMATO","Zomato Limited","KADENSA MASTER FUND","BUY","11,22,857","111.20",
"20-OCT-2023","ZOMATO","Zomato Limited","MAX LIFE INSURANCE COMPANY LIMITED","BUY","22,45,715","111.20",
"20-OCT-2023","ZOMATO","Zomato Limited","MORGAN STANLEY ASIA SINGAPORE PTE","BUY","11,22,857","111.20",
"20-OCT-2023","ZOMATO","Zomato Limited","MORGAN STANLEY ASIA SINGAPORE PTE","BUY","48,65,717","111.20",
"20-OCT-2023","ZOMATO","Zomato Limited","MOTILAL OSWAL MUTUAL FUND","BUY","52,40,003","111.20",
"20-OCT-2023","ZOMATO","Zomato Limited","ONTARIO TEACHERS PENSION PLAN BOARD (AROHI) (AOAF)","BUY","89,867","111.20",
"20-OCT-2023","ZOMATO","Zomato Limited","OPTIMAS GLOBAL ALPHA FUND","BUY","8,99,290","111.20",
"20-OCT-2023","ZOMATO","Zomato Limited","SOCIETE GENERALE","BUY","93,57,144","111.20",
"20-OCT-2023","ZOMATO","Zomato Limited","SVF GROWTH (SINGAPORE) PTE.LTD","SELL","9,35,69,368","111.20",
"20-OCT-2023","ZOMATO","Zomato Limited","TNTBC AS THE TRUSTEE OF NOMURA INDIA STOCK MOTHER FUND","BUY","56,14,289","111.20",
"20-OCT-2023","ZOMATO","Zomato Limited","VARIABLE INSURANCE PRODUCTS FUND II EMERGING MARKETS PORTFOLIO","BUY","25,84,800","111.20",
"25-OCT-2023","ABFRL","Aditya Birla Fas & Rt Ltd","CRESTA FUND LTD","BUY","97,33,098","212.50",
"25-OCT-2023","ABFRL","Aditya Birla Fas & Rt Ltd","GRIFFIN GROWTH FUND VCC","SELL","97,33,098","212.50",
"26-OCT-2023","GRASIM","Grasim Ind Ltd.","CRESTA FUND LTD","BUY","5,48,322","1,840.00",
"26-OCT-2023","GRASIM","Grasim Ind Ltd.","GRIFFIN GROWTH FUND VCC","SELL","5,48,322","1,840.00",
"26-OCT-2023","JSL","Jindal Stainless Limited","HYPNOS FUND LIMITED","SELL","17,00,000","459.00",
"26-OCT-2023","JSL","Jindal Stainless Limited","JSL OVERSEAS LIMITED","BUY","17,00,000","459.00",
"27-OCT-2023","JSL","Jindal Stainless Limited","HYPNOS FUND LIMITED","SELL","13,78,000","455.00",
"27-OCT-2023","JSL","Jindal Stainless Limited","JSL OVERSEAS LIMITED","BUY","13,78,000","455.00",
"30-OCT-2023","KESORAMIND","Kesoram Industries Ltd.","ICM FINANCE PRIVATE LIMITED","SELL","25,00,000","76.25",
"30-OCT-2023","KESORAMIND","Kesoram Industries Ltd.","PILOT CONSULTANTS PVT LTD","BUY","25,00,000","76.25",
"31-OCT-2023","BAJAJFINSV","Bajaj Finserv Limited","BAJAJ SEVASHRAM PRIVATE LIMITED","BUY","6,35,000","1,570.00",
"31-OCT-2023","BAJAJFINSV","Bajaj Finserv Limited","NIRAJ BAJAJ","SELL","6,35,000","1,570.00",
"01-NOV-2023","HDFCBANK","HDFC Bank Ltd.","FORMOSA ASIA OPPORTUNITY LIMITED - UG GREATER CHINA MULTI-STRATEGY FUND","SELL","88,838","1,476.50",
"01-NOV-2023","HDFCBANK","HDFC Bank Ltd.","FORMOSA OPPORTUNITY LIMITED - UG GREAT WALL ABSOLUTE RETURN FUND","BUY","88,838","1,476.50",
"03-NOV-2023","ISMTLTD","ISMT Limited","ASSCHER ENTERPRISES LIMITED","SELL","1,44,66,193","80.00",
"03-NOV-2023","ISMTLTD","ISMT Limited","KIRLOSKAR INDUSTRIES LIMITED","BUY","1,44,66,193","80.00",
"08-NOV-2023","BAJAJFINSV","Bajaj Finserv Limited","MADHUR SECURITIES PRIVATE LIMITED","BUY","3,89,000","1,575.00",
"08-NOV-2023","BAJAJFINSV","Bajaj Finserv Limited","RAHUL SECURITIES PVT LTD","BUY","3,89,000","1,575.00",
"08-NOV-2023","BAJAJFINSV","Bajaj Finserv Limited","RAJIVNAYAN BAJAJ","SELL","2,55,000","1,575.00",
"08-NOV-2023","BAJAJFINSV","Bajaj Finserv Limited","RISHAB FAMILY TRUST","SELL","13,01,000","1,575.00",
"08-NOV-2023","BAJAJFINSV","Bajaj Finserv Limited","RUPA EQUITIES PRIVATE LIMITED","BUY","3,89,000","1,575.00",
"08-NOV-2023","BAJAJFINSV","Bajaj Finserv Limited","SHEKHAR HOLDINGS PVT LTD","BUY","3,89,000","1,575.00",
"09-NOV-2023","RELIANCE","Reliance Industries Ltd","COPTHALL MAURITIUS INVESTMENT LIMITED","SELL","3,47,411","2,335.90",
"09-NOV-2023","RELIANCE","Reliance Industries Ltd","THE MTBJ LTD AS TRST FOR GOVERNMENT PENSION INVESTMENT FUND MTBJ400076726","BUY","3,47,411","2,335.90",
"10-NOV-2023","APTUS","Aptus Value Hsg Fin I Ltd","BLUE DIAMOND PROPERTIES PRIVATE LIMITED","BUY","14,35,937","287.00",
"10-NOV-2023","APTUS","Aptus Value Hsg Fin I Ltd","PEAK XV PARTNERS INVESTMENTS VI","SELL","37,17,969","287.00",
"10-NOV-2023","APTUS","Aptus Value Hsg Fin I Ltd","PEAK XV PARTNERS INVESTMENTS VI","SELL","37,17,968","287.00",
"10-NOV-2023","APTUS","Aptus Value Hsg Fin I Ltd","SBI MUTUAL FUND","BUY","60,00,000","287.00",
"10-NOV-2023","THEINVEST","The Inv. Trust of (I) Ltd","ELM PARK FUND LIMITED","BUY","21,54,990","91.70",
"10-NOV-2023","THEINVEST","The Inv. Trust of (I) Ltd","HYPNOS FUND LIMITED","SELL","21,54,990","91.70",
"17-NOV-2023","JSL","Jindal Stainless Limited","HYPNOS FUND LIMITED","SELL","17,50,000","477.25",
"17-NOV-2023","JSL","Jindal Stainless Limited","JSL OVERSEAS LIMITED","BUY","17,50,000","477.25",
"21-NOV-2023","CREST","Crest Ventures Limited","ELM PARK FUND LIMITED","BUY","12,85,000","301.50",
"21-NOV-2023","CREST","Crest Ventures Limited","HYPNOS FUND LIMITED .","SELL","12,85,000","301.50",
"21-NOV-2023","JSL","Jindal Stainless Limited","HYPNOS FUND LIMITED","SELL","7,50,000","529.60",
"21-NOV-2023","JSL","Jindal Stainless Limited","JSL OVERSEAS LIMITED","BUY","7,50,000","529.60",
"23-NOV-2023","BAJAJELEC","Bajaj Electricals Limited","NIRAJ HOLDINGS PRIVATE LIMITED","BUY","4,71,052","1,001.00",
"23-NOV-2023","BAJAJELEC","Bajaj Electricals Limited","RISHAB FAMILY TRUST","SELL","4,71,052","1,001.00",
"28-NOV-2023","ICICIBANK","ICICI Bank Ltd.","CAPITAL GROUP GLOBAL NEW PERSPECTIVE FUND (LUX)","BUY","6,86,615","929.40",
"28-NOV-2023","ICICIBANK","ICICI Bank Ltd.","CAPITAL GROUP NEW PERSPECTIVE FUND (LUX)","SELL","6,86,615","929.40",
"28-NOV-2023","RELIANCE","Reliance Industries Ltd","CAPITAL GROUP GLOBAL NEW PERSPECTIVE FUND (LUX)","BUY","5,01,376","2,393.90",
"28-NOV-2023","RELIANCE","Reliance Industries Ltd","CAPITAL GROUP NEW PERSPECTIVE FUND (LUX)","SELL","5,01,376","2,393.90",
"28-NOV-2023","SHAREINDIA","Share Ind. Securities Ltd","ARIKA SECURITIES PRIVATE LIMITED","BUY","4,00,000","1,712.00",
"28-NOV-2023","SHAREINDIA","Share Ind. Securities Ltd","PARVEEN GUPTA","SELL","4,00,000","1,712.00",
"01-DEC-2023","BHARTIARTL","Bharti Airtel Limited","BHARTI TELECOM LIMITED","BUY","8,11,50,803","1,023.00",
"01-DEC-2023","BHARTIARTL","Bharti Airtel Limited","INDIAN CONTINENT INVESTMENT LIMITED","SELL","8,11,50,803","1,023.00",
"01-DEC-2023","HCC","Hindustan Construc Co.","BLACKROCK GLOBAL FUNDS","BUY","60,00,000","29.95",
"01-DEC-2023","HCC","Hindustan Construc Co.","BNP PARIBAS ARBITRAGE","SELL","60,00,000","29.95",
"01-DEC-2023","SJVN","SJVN Ltd","BLACKROCK GLOBAL FUNDS","BUY","50,00,000","84.95",
"01-DEC-2023","SJVN","SJVN Ltd","BNP PARIBAS ARBITRAGE","SELL","50,00,000","84.95",
"05-DEC-2023","SANGHIIND","Sanghi Industries Ltd","ADITYA  SANGHI","SELL","88,92,500","121.90",
"05-DEC-2023","SANGHIIND","Sanghi Industries Ltd","ALOK  SANGHI","SELL","88,92,500","121.90",
"05-DEC-2023","SANGHIIND","Sanghi Industries Ltd","AMBUJA CEMENTS LIMITED","BUY","13,34,95,941","121.90",
"05-DEC-2023","SANGHIIND","Sanghi Industries Ltd","ANITA SANGHI","SELL","10,20,200","121.90",
"05-DEC-2023","SANGHIIND","Sanghi Industries Ltd","FLAREZEAL SOLUTIONS LLP","SELL","40,00,000","121.90",
"05-DEC-2023","SANGHIIND","Sanghi Industries Ltd","RAVI SANGHI","SELL","4,44,56,950","121.90",
"05-DEC-2023","SANGHIIND","Sanghi Industries Ltd","SAMRUDDHI INVESTORS SERVICES PRIVATE LIMITED","SELL","6,15,33,791","121.90",
"05-DEC-2023","SANGHIIND","Sanghi Industries Ltd","SANGHI POLYMERS P LTD","SELL","47,00,000","121.90",
"05-DEC-2023","SWANENERGY","Swan Energy Limited","2I CAPITAL PCC","SELL","30,00,000","414.00",
"05-DEC-2023","SWANENERGY","Swan Energy Limited","ARES DIVERSIFIED","SELL","54,99,319","414.09",
"05-DEC-2023","SWANENERGY","Swan Energy Limited","ASHIBHADARSH VENTURES PRIVATE LIMITED","BUY","2,50,000","414.00",
"05-DEC-2023","SWANENERGY","Swan Energy Limited","BANDHAN MUTUAL FUND A/C BANDHAN EMERGING BUSINESSES FUND (EBF)","BUY","3,62,319","414.00",
"05-DEC-2023","SWANENERGY","Swan Energy Limited","DILIPKUMAR VISHINDAS LAKHI","BUY","4,87,100","414.00",
"05-DEC-2023","SWANENERGY","Swan Energy Limited","EPITOME TRADING AND INVESTMENTS","BUY","8,49,900","414.00",
"05-DEC-2023","SWANENERGY","Swan Energy Limited","INDIA EMERGING GIANTS FUND LIMITED(MULTI OPPORTUNITY)","BUY","2,50,000","414.00",
"05-DEC-2023","SWANENERGY","Swan Energy Limited","MADHUKAR SHETH","BUY","2,50,000","414.00",
"05-DEC-2023","SWANENERGY","Swan Energy Limited","MC JAIN INFOSERVICES PRIVATE LIMITED","BUY","2,50,000","414.00",
"05-DEC-2023","SWANENERGY","Swan Energy Limited","MONIKA GARWARE","BUY","2,50,000","414.00",
"05-DEC-2023","SWANENERGY","Swan Energy Limited","QUANTUM-STATE INVESTMENT FUND","BUY","2,50,000","414.00",
"05-DEC-2023","SWANENERGY","Swan Energy Limited","RESONANCE OPPORTUNITIES FUND","BUY","2,50,000","414.00",
"05-DEC-2023","SWANENERGY","Swan Energy Limited","SAMCO MUTUAL FUND (ACTIVE MOMENTUM FUND)","BUY","2,50,000","414.00",
"05-DEC-2023","SWANENERGY","Swan Energy Limited","SBI LIFE INSURANCE COMPANY LIMITED","BUY","20,00,000","414.00",
"05-DEC-2023","SWANENERGY","Swan Energy Limited","SETU SECURITIES PRIVATE LIMITED","BUY","10,00,000","414.50",
"05-DEC-2023","SWANENERGY","Swan Energy Limited","SOCIETE GENERALE","BUY","18,00,000","414.00",
"06-DEC-2023","DELHIVERY","Delhivery Limited","OMERS ADMINISTRATION CORPORATION","BUY","10,84,521","393.50",
"06-DEC-2023","DELHIVERY","Delhivery Limited","OMERS CAPITAL MARKETS ASIA HOLDINGS PTE. LTD.","SELL","10,84,521","393.50",
"06-DEC-2023","SWANENERGY","Swan Energy Limited","2I CAPITAL PCC","SELL","5,10,000","443.95",
"06-DEC-2023","SWANENERGY","Swan Energy Limited","S I INVESTMENTS ## BROKING PVT.LTD","BUY","5,10,000","443.95",
"08-DEC-2023","SASTASUNDR","Sastasundar Ventures Ltd","MICROSEC VISION EMPLOYEES TRUST","SELL","2,30,000","436.40",
"08-DEC-2023","SASTASUNDR","Sastasundar Ventures Ltd","TIKRI MANAGEMENT PRIVATE LIMITED","BUY","2,30,000","436.40",
"08-DEC-2023","ZOMATO","Zomato Limited","BARODA BNP PARIBAS MUTUAL FUND","BUY","8,30,000","120.50",
"08-DEC-2023","ZOMATO","Zomato Limited","BLACKSTONE AQUA MASTER SUB FUND","BUY","13,50,000","120.50",
"08-DEC-2023","ZOMATO","Zomato Limited","BNP PARIBAS ARBITRAGE","BUY","74,50,000","120.50",
"08-DEC-2023","ZOMATO","Zomato Limited","CITIGROUP GLOBAL MARKETS MAURITIUS PRIVATE LIMITED","BUY","34,00,000","120.50",
"08-DEC-2023","ZOMATO","Zomato Limited","CITIGROUP GLOBAL MARKETS MAURITIUS PVT LTD","BUY","60,50,000","120.50",
"08-DEC-2023","ZOMATO","Zomato Limited","COPTHALL MAURITIUS INVESTMENT LIMITED","BUY","8,30,000","120.50",
"08-DEC-2023","ZOMATO","Zomato Limited","DANSKE INVEST SICAV-GLOBAL EMERGING MARKETS","BUY","3,93,500","120.50",
"08-DEC-2023","ZOMATO","Zomato Limited","EDELWEISS MUTUAL FUND","BUY","82,59,368","120.50",
"08-DEC-2023","ZOMATO","Zomato Limited","FIAM SELECT EMERGING MAR EQ FD LP","BUY","4,39,300","120.50",
"08-DEC-2023","ZOMATO","Zomato Limited","FIDELITY INSTITUTIONAL FUNDS ICVC-SELECT EMERGING MARKETS EQUITIES FUND","BUY","42,000","120.50",
"08-DEC-2023","ZOMATO","Zomato Limited","FIDELITY INVESTMENT TR FIDELITY SAI SUSTAINABLE EMERGING MARKETS EQUITY FD","BUY","13,081","120.50",
"08-DEC-2023","ZOMATO","Zomato Limited","FIDELITY INVESTMENT TRUST FIDELITY SERIES EMERGING MARKETS FUND","BUY","72,83,400","120.50",
"08-DEC-2023","ZOMATO","Zomato Limited","FIDELITY INVESTMENT TRUST FIDELITY SUSTAINABLE EMERGING MARKETS EQUITY FUND","BUY","6,119","120.50",
"08-DEC-2023","ZOMATO","Zomato Limited","FIDELITY RUTLAND SQUARE TRUST II STRATEGIC ADVISERS FID EMG MARKETS FUND","BUY","27,29,700","120.50",
"08-DEC-2023","ZOMATO","Zomato Limited","FIDELITY RUTLAND SQUARE TRUST II: STRATEGIC ADVISERS EMERGING MARKETS FUND AS MANAGED BY FIAM LLC","BUY","13,12,100","120.50",
"08-DEC-2023","ZOMATO","Zomato Limited","GOLDMAN SACHS (SINGAPORE) PTE","BUY","37,25,000","120.50",
"08-DEC-2023","ZOMATO","Zomato Limited","ICICI PRUDENTIAL LIFE INSURANCECOMPANY LTD.","BUY","24,80,000","120.50",
"08-DEC-2023","ZOMATO","Zomato Limited","INVESCO MUTUAL FUND","BUY","45,60,000","120.50",
"08-DEC-2023","ZOMATO","Zomato Limited","INVESTERINGS FORENINGEN DANSKE INVEST NYE MARKEDER KL","BUY","8,17,300","120.50",
"08-DEC-2023","ZOMATO","Zomato Limited","INVESTERINGS FORENINGEN DANSKE INVEST NYE MARKEDER-AKKUMULERENDE KL","BUY","4,55,700","120.50",
"08-DEC-2023","ZOMATO","Zomato Limited","KADENSA MASTER FUND","BUY","68,00,000","120.50",
"08-DEC-2023","ZOMATO","Zomato Limited","MORGAN STANLEY ASIA SINGAPORE PTE","BUY","83,55,000","120.50",
"08-DEC-2023","ZOMATO","Zomato Limited","PRMS GRP TRST FOR EMPLEE BNFT PLNS:PRMS SLCT EMG MKTS EQUITY COMMINGLEDPOOL","BUY","32,21,600","120.50",
"08-DEC-2023","ZOMATO","Zomato Limited","PYRAMIS SELECT EMERGING MARKET EQUITY TRUST","BUY","1,86,200","120.50",
"08-DEC-2023","ZOMATO","Zomato Limited","SOCIETE GENERALE","BUY","2,17,50,000","120.50",
"08-DEC-2023","ZOMATO","Zomato Limited","SUNDARAM MUTUAL FUND","BUY","8,30,000","120.50",
"08-DEC-2023","ZOMATO","Zomato Limited","SVF GROWTH (SINGAPORE) PTE.LTD","SELL","9,35,69,368","120.50",
"11-DEC-2023","SWANENERGY","Swan Energy Limited","2I CAPITAL PCC","SELL","12,30,000","461.19",
"11-DEC-2023","SWANENERGY","Swan Energy Limited","SBI LIFE INSURANCE COMPANY LIMITED","BUY","10,00,000","461.00",
"11-DEC-2023","SWANENERGY","Swan Energy Limited","TWENTYFIRST CENTURY MANAGEMENT SERVICES LTD","BUY","2,30,000","462.00",
"13-DEC-2023","AXISBANK","Axis Bank Limited","AEGON CUSTODY B.V. RE AEGON GLOBAL MULTI MANAGER EMERGING MARKETS FUND","BUY","3,70,678","1,119.70",
"13-DEC-2023","AXISBANK","Axis Bank Limited","BAJAJ ALLIANZ LIFE INSURANCECOMPANY LIMITED","BUY","4,45,000","1,119.70",
"13-DEC-2023","AXISBANK","Axis Bank Limited","BAYERNINVEST KAPITALVERWALTUNGSGESELLSCHAFT MBH ON BEHALF OF ERI-BAYERNINVEST-FONDS AKTIEN ASIEN","BUY","2,09,028","1,119.70",
"13-DEC-2023","AXISBANK","Axis Bank Limited","BC ASIA INVESTMENTS III LIMITED","SELL","1,04,70,588","1,119.70",
"13-DEC-2023","AXISBANK","Axis Bank Limited","BC ASIA INVESTMENTS VII LIMITED","SELL","1,45,54,118","1,119.70",
"13-DEC-2023","AXISBANK","Axis Bank Limited","CITY OF NEW YORK GROUP TRUST","BUY","3,12,001","1,119.70",
"13-DEC-2023","AXISBANK","Axis Bank Limited","CITY OF NEW YORK GROUP TRUST","BUY","1,77,358","1,119.70",
"13-DEC-2023","AXISBANK","Axis Bank Limited","CITY OF NEW YORK GROUP TRUST","BUY","3,84,252","1,119.70",
"13-DEC-2023","AXISBANK","Axis Bank Limited","CITY OF NEW YORK GROUP TRUST","BUY","6,98,009","1,119.70",
"13-DEC-2023","AXISBANK","Axis Bank Limited","CUSTODY BANK OF JAPAN LTD. AS TRUSTEE FOR DEVELOPING COUNTRIES HIGH-QUALITY GROWTH EQUITY FUND","BUY","1,64,813","1,119.70",
"13-DEC-2023","AXISBANK","Axis Bank Limited","DANSKE INVEST SICAV - GLOBAL EMERGING MARKETS","BUY","32,300","1,119.70",
"13-DEC-2023","AXISBANK","Axis Bank Limited","FIAM GROUP TRUST FOR EMPLOYEE BENEFIT PLANS FIAM SELECT EMERGING MARKETS EQUITY COMMINGLED POOL","BUY","2,65,100","1,119.70",
"13-DEC-2023","AXISBANK","Axis Bank Limited","FIAM SELECT EMERGING MAR EQ FD LP","BUY","36,100","1,119.70",
"13-DEC-2023","AXISBANK","Axis Bank Limited","FIDELITY INVESTMENT FUNDS IX - FIDELITY SELECT EMERGING MARKETS EQUITIES FUND","BUY","3,400","1,119.70",
"13-DEC-2023","AXISBANK","Axis Bank Limited","FIDELITY INVESTMENT TRUST FIDELITY SAI SUSTAINABLE EMERGING MARKETS EQUITY FUND","BUY","1,089","1,119.70",
"13-DEC-2023","AXISBANK","Axis Bank Limited","FIDELITY INVESTMENT TRUST FIDELITY SERIES EMERGING MARKETS FUND","BUY","5,97,100","1,119.70",
"13-DEC-2023","AXISBANK","Axis Bank Limited","FIDELITY INVESTMENT TRUST FIDELITY SUSTAINABLE EMERGING MARKETS EQUITY FUND","BUY","502","1,119.70",
"13-DEC-2023","AXISBANK","Axis Bank Limited","FIDELITY RUTLAND SQUARE TRUST II STRATEGIC ADVISERS EMERGING MARKETS FUND","BUY","1,10,600","1,119.70",
"13-DEC-2023","AXISBANK","Axis Bank Limited","FIDELITY RUTLAND SQUARE TRUST II STRATEGIC ADVISERS FID EMG MARKETS FUND","BUY","2,22,800","1,119.70",
"13-DEC-2023","AXISBANK","Axis Bank Limited","FIDELITY SELECT EMERGING MARKETS EQUITY INSTITUTIONAL TRUST","BUY","15,300","1,119.70",
"13-DEC-2023","AXISBANK","Axis Bank Limited","GOLDMAN SACHS (SINGAPORE) PTE.- ODI","BUY","30,20,000","1,119.70",
"13-DEC-2023","AXISBANK","Axis Bank Limited","GOLDMAN SACHS INVESTMENTS MAURITIUS  I LTD","BUY","24,23,016","1,119.70",
"13-DEC-2023","AXISBANK","Axis Bank Limited","GOVERNMENT PENSION FUND GLOBAL","BUY","7,42,831","1,119.70",
"13-DEC-2023","AXISBANK","Axis Bank Limited","GOVT OF THE PROVINCE OF ALBERTA MGD BY UBS GL ASSET MGT","BUY","8,23,714","1,119.70",
"13-DEC-2023","AXISBANK","Axis Bank Limited","ICICI PRUDENTIAL LIFE INSURANCE COMPANY LTD","BUY","7,15,000","1,119.70",
"13-DEC-2023","AXISBANK","Axis Bank Limited","INTEGRAL INVESTMENTS SOUTH ASIA IV","SELL","83,50,294","1,119.70",
"13-DEC-2023","AXISBANK","Axis Bank Limited","INTERNATIONAL OPPORTUNITY FUND I","BUY","96,260","1,119.70",
"13-DEC-2023","AXISBANK","Axis Bank Limited","INVESTERINGSFORENINGEN DANSKE INVEST NYE MARKEDER KL","BUY","67,000","1,119.70",
"13-DEC-2023","AXISBANK","Axis Bank Limited","INVESTERINGSFORENINGEN DANSKE INVEST NYE MARKEDER-AKKUMULERENDE KL","BUY","29,200","1,119.70",
"13-DEC-2023","AXISBANK","Axis Bank Limited","KIM PRIVATE PRIME GLOBAL EMERGING EQUITY MASTER INVESTMENT TRUST 1","BUY","55,754","1,119.70",
"13-DEC-2023","AXISBANK","Axis Bank Limited","LGPS CENTRAL EM EQUITY ACTIVE MULTI MANAGER FD A SUB FD OF LGPS CENTRAL AUTHORISED CONTRACTUAL SCHEM","BUY","4,40,521","1,119.70",
"13-DEC-2023","AXISBANK","Axis Bank Limited","MERCER QIF FUND PLC-MERCER INVESTMENT FUND 1-UBS GLOBAL ASSET MANAGEMENT (UK) LTD","BUY","6,58,300","1,119.70",
"13-DEC-2023","AXISBANK","Axis Bank Limited","MORGAN STANLEY ASIA SINGAPORE PTE - ODI","BUY","39,75,000","1,119.70",
"13-DEC-2023","AXISBANK","Axis Bank Limited","MORGAN STANLEY FUNDS UK  DEVELOPING OPPORTUNITY FUND","BUY","8,370","1,119.70",
"13-DEC-2023","AXISBANK","Axis Bank Limited","MORGAN STANLEY INSTITUTIONAL FUND  INC. ASIA OPPORTUNITY PORTFOLIO","BUY","29,837","1,119.70",
"13-DEC-2023","AXISBANK","Axis Bank Limited","MORGAN STANLEY INSTITUTIONAL FUND INC INTERNATIONAL OPPORTUNITY PORTFOLIO","BUY","9,61,631","1,119.70",
"13-DEC-2023","AXISBANK","Axis Bank Limited","MORGAN STANLEY INSTITUTIONAL FUND INC. COUNTERPOINT GLOBAL PORTFOLIO","BUY","14","1,119.70",
"13-DEC-2023","AXISBANK","Axis Bank Limited","MORGAN STANLEY INSTITUTIONAL FUND INC. COUNTERPOINT GLOBAL PORTFOLIO","BUY","29","1,119.70",
"13-DEC-2023","AXISBANK","Axis Bank Limited","MORGAN STANLEY INSTITUTIONAL FUND INC. COUNTERPOINT GLOBAL PORTFOLIO","BUY","76","1,119.70",
"13-DEC-2023","AXISBANK","Axis Bank Limited","MORGAN STANLEY INVESTMENT FUNDS ASIA OPPORTUNITY FUND","BUY","9,06,673","1,119.70",
"13-DEC-2023","AXISBANK","Axis Bank Limited","MORGAN STANLEY INVESTMENT FUNDS COUNTERPOINT GLOBAL FUND","BUY","20","1,119.70",
"13-DEC-2023","AXISBANK","Axis Bank Limited","MORGAN STANLEY INVESTMENT FUNDS COUNTERPOINT GLOBAL FUND","BUY","54","1,119.70",
"13-DEC-2023","AXISBANK","Axis Bank Limited","MORGAN STANLEY INVESTMENT FUNDS DEVELOPING OPPORTUNITY FUND","BUY","39,440","1,119.70",
"13-DEC-2023","AXISBANK","Axis Bank Limited","MTBJ LTD AS TRUSTEE FOR UBS (JP) EM HALO MOTHER FUND","BUY","22,513","1,119.70",
"13-DEC-2023","AXISBANK","Axis Bank Limited","NEPC INVESTMENT LLC- NEPC EMERGING MARKETS EQUITY SERIES","BUY","2,300","1,119.70",
"13-DEC-2023","AXISBANK","Axis Bank Limited","OPTIMAS GLOBAL ALPHA FUND","BUY","6,00,000","1,119.70",
"13-DEC-2023","AXISBANK","Axis Bank Limited","ORGANIZATION FOR SMALL&MEDIUM ENTERPRISES AND REGIONAL INNOVATION JAPAN 18440-2142","BUY","83,708","1,119.70",
"13-DEC-2023","AXISBANK","Axis Bank Limited","SOCIETE GENERALE - ODI","BUY","57,75,000","1,119.70",
"13-DEC-2023","AXISBANK","Axis Bank Limited","STATE OF MICHIGAN RETIREMENT SYSTEM MORGAN STANLEY INVESTMENT MANAGEMENT INC.","BUY","77,880","1,119.70",
"13-DEC-2023","AXISBANK","Axis Bank Limited","STICHTING PENSIOENFONDS DSM NEDERLAND","BUY","4,37,497","1,119.70",
"13-DEC-2023","AXISBANK","Axis Bank Limited","STICHTING PENSIOENFONDS SABIC","BUY","1,83,443","1,119.70",
"13-DEC-2023","AXISBANK","Axis Bank Limited","THE SULTANATE OF OMAN MINISTRY OF DEFENCE PENSION FUND","BUY","66,789","1,119.70",
"13-DEC-2023","AXISBANK","Axis Bank Limited","UBS (US) GROUP TRUST","BUY","16,98,959","1,119.70",
"13-DEC-2023","AXISBANK","Axis Bank Limited","UBS EMERGING MARKETS EQUITY FUND","BUY","1,56,650","1,119.70",
"13-DEC-2023","AXISBANK","Axis Bank Limited","UBS EMERGING MARKETS EQUITY OPPORTUNITY FUND","BUY","6,76,039","1,119.70",
"13-DEC-2023","AXISBANK","Axis Bank Limited","UBS FUND MANAGEMENT (SWITZERLAND) AG ON BEHALF OF SIHL INSTITUTIONAL FUND-AKTIEN EMERGING MARKETS","BUY","1,54,587","1,119.70",
"13-DEC-2023","AXISBANK","Axis Bank Limited","UBS FUND MANAGEMENT (SWITZERLAND) AG ON BEHALF OF UBS (CH) INSTITUTIONAL FUND-EQUITIES EM GLOBAL","BUY","6,25,123","1,119.70",
"13-DEC-2023","AXISBANK","Axis Bank Limited","UBS GLOBAL EMERGING MARKETS OPPORTUNITY FUND","BUY","20,49,785","1,119.70",
"13-DEC-2023","AXISBANK","Axis Bank Limited","UBS INVESTMENT FUNDS ICVC UBS GLOBAL EMERGING MARKETS EQUITY FUND","BUY","17,26,557","1,119.70",
"14-DEC-2023","ZENTEC","Zen Technologies Limited","KISHORE DUTT ATLURI","SELL","2,50,000","725.00",
"14-DEC-2023","ZENTEC","Zen Technologies Limited","RAVI KUMAR MIDATHALA","SELL","2,50,000","725.00",
"14-DEC-2023","ZENTEC","Zen Technologies Limited","TARA DUTT ATLURI","SELL","15,00,000","725.00",
"14-DEC-2023","ZENTEC","Zen Technologies Limited","TATA AIA LIFE INSURANCE COMPANY LIMITED","BUY","20,00,000","725.00",
"15-DEC-2023","PVRINOX","PVR INOX Limited","ALPS/KOTAK INDIA GROWTH FUND","BUY","1,72,992","1,753.00",
"15-DEC-2023","PVRINOX","PVR INOX Limited","CITIGROUP GLOBAL MARKETS MAURITIUS PVT LTD","BUY","57,225","1,753.00",
"15-DEC-2023","PVRINOX","PVR INOX Limited","GOVERNMENT OF SINGAPORE","BUY","3,59,693","1,753.00",
"15-DEC-2023","PVRINOX","PVR INOX Limited","HDFC MUTUAL FUND","BUY","57,225","1,753.00",
"15-DEC-2023","PVRINOX","PVR INOX Limited","ICICI PRUDENTIAL LIFE INSURANCE (IPLCIL-U)","BUY","1,14,112","1,753.00",
"15-DEC-2023","PVRINOX","PVR INOX Limited","INTERNATIONAL MONETARY FUND (IN RESPECT OF THE INTERNATIONAL MONETARY FUND RETIRED STAFF BENEFITS IN","BUY","9,234","1,753.00",
"15-DEC-2023","PVRINOX","PVR INOX Limited","INTERNATIONAL MONETARY FUND (IN RESPECT OF THE INTERNATIONAL MONETARY FUND STAFF RETIREMENT PLAN)","BUY","33,334","1,753.00",
"15-DEC-2023","PVRINOX","PVR INOX Limited","KOTAK FUNDS-INDIA ESG FUND","BUY","46,164","1,753.00",
"15-DEC-2023","PVRINOX","PVR INOX Limited","KOTAK MAHINDRA MUTUAL FUND","BUY","3,79,839","1,753.00",
"15-DEC-2023","PVRINOX","PVR INOX Limited","MONETARY AUTHORITY OF SINGAPORE","BUY","44,457","1,753.00",
"15-DEC-2023","PVRINOX","PVR INOX Limited","MORGAN STANLEY ASIA SINGAPORE PTE","BUY","57,225","1,753.00",
"15-DEC-2023","PVRINOX","PVR INOX Limited","MULTIPLES PRIVATE EQUITY FUND II LLP","SELL","1,99,667","1,753.00",
"15-DEC-2023","PVRINOX","PVR INOX Limited","NIPPON INDIA MUTUAL FUND","BUY","1,14,112","1,753.00",
"15-DEC-2023","PVRINOX","PVR INOX Limited","NORGES BANK ON ACCOUNT OF THE GOVERNMENT PENSION FUND GLOBAL","BUY","6,66,183","1,753.00",
"15-DEC-2023","PVRINOX","PVR INOX Limited","PLENTY CI FII I LIMITED","SELL","1,71,675","1,753.00",
"15-DEC-2023","PVRINOX","PVR INOX Limited","PLENTY CI FUND I LIMITED","SELL","77,394","1,753.00",
"15-DEC-2023","PVRINOX","PVR INOX Limited","PLENTY PRIVATE EQUITY FII I LIMITED","SELL","7,62,499","1,753.00",
"15-DEC-2023","PVRINOX","PVR INOX Limited","PLENTY PRIVATE EQUITY FUND I LIMITED","SELL","10,76,258","1,753.00",
"15-DEC-2023","PVRINOX","PVR INOX Limited","PUBLIC SECTOR PENSION INVESTMENT BOARD","BUY","1,18,652","1,753.00",
"15-DEC-2023","PVRINOX","PVR INOX Limited","SOCIETE GENERALE","BUY","57,046","1,753.00",
"15-DEC-2023","SWANENERGY","Swan Energy Limited","ALBULA INVESTMENT FUND LTD","SELL","12,00,000","508.50",
"15-DEC-2023","SWANENERGY","Swan Energy Limited","ARIAL HOLDINGS 1","BUY","12,00,000","508.50",
"15-DEC-2023","SWANENERGY","Swan Energy Limited","KASTURI VINTRADE PRIVATE LIMITED","SELL","2,00,000","503.25",
"15-DEC-2023","SWANENERGY","Swan Energy Limited","SAMCO MUTUAL FUND(SAMCO ACTIVE MOMENTUM FUND)","BUY","2,00,000","503.25",
"18-DEC-2023","PRICOLLTD","Pricol Limited","FRANKLIN TEMPLETON MUTUAL FUND","BUY","14,40,922","347.00",
"18-DEC-2023","PRICOLLTD","Pricol Limited","PHI CAPITAL SOLUTIONS LLP","SELL","14,40,922","347.00",
"19-DEC-2023","JINDALSAW","Jindal Saw Limited","ALBULA INVESTMENT FUND LTD","SELL","2,60,000","429.10",
"19-DEC-2023","JINDALSAW","Jindal Saw Limited","CRESTA FUND LTD","SELL","20,00,000","429.10",
"19-DEC-2023","JINDALSAW","Jindal Saw Limited","FLOWERS VALLEY PVT LTD","BUY","4,00,000","429.10",
"19-DEC-2023","JINDALSAW","Jindal Saw Limited","GLOBALWORTH SECURITIES LIMITED","BUY","6,80,500","429.10",
"19-DEC-2023","JINDALSAW","Jindal Saw Limited","HSBC MUTUAL FUND","BUY","4,19,500","429.10",
"19-DEC-2023","JINDALSAW","Jindal Saw Limited","MADHUKAR SHETH","BUY","2,60,000","429.10",
"19-DEC-2023","JINDALSAW","Jindal Saw Limited","SOCIETE GENERALE","BUY","5,00,000","429.10",
"20-DEC-2023","ASTRAL","Astral Limited","ABU DHABI INVESTMENT AUTHORITY","BUY","5,25,000","1,889.80",
"20-DEC-2023","ASTRAL","Astral Limited","GOVERNMENT OF SINGAPORE","BUY","8,83,690","1,889.80",
"20-DEC-2023","ASTRAL","Astral Limited","KAIRAV CHEMICALS LIMITED","SELL","10,60,000","1,889.80",
"20-DEC-2023","ASTRAL","Astral Limited","MORGAN STANLEY ASIA SINGAPORE PTE","BUY","2,20,000","1,889.80",
"20-DEC-2023","ASTRAL","Astral Limited","MORGAN STANLEY INSTITUTIONAL FUND INC EMERGING MARKETS PORTFOLIO","BUY","13,22,890","1,889.80",
"20-DEC-2023","ASTRAL","Astral Limited","NATIONAL PENSION SYSTEM (NPS) TRUST SBI","BUY","1,05,830","1,889.80",
"20-DEC-2023","ASTRAL","Astral Limited","NIPPON INDIA MUTUAL FUND","BUY","12,00,000","1,889.80",
"20-DEC-2023","ASTRAL","Astral Limited","RELIANCE LIFE INSURANCE CO LTD","BUY","1,05,830","1,889.80",
"20-DEC-2023","ASTRAL","Astral Limited","SAUMYA POLYMERS LLP","SELL","36,20,737","1,889.80",
"20-DEC-2023","ASTRAL","Astral Limited","STAR UNION DAI-ICHI LIFE INSURANCE COMPANY LIMITED","BUY","52,917","1,889.80",
"20-DEC-2023","ASTRAL","Astral Limited","TARA EMERGING ASIA LIQUID FUND","BUY","2,64,580","1,889.80",
"20-DEC-2023","SHRIPISTON","Shriram Pist. & Ring Ltd","ABAKKUS ASSET MANAGER LLP","BUY","1,46,270","1,103.60",
"20-DEC-2023","SHRIPISTON","Shriram Pist. & Ring Ltd","ABAKKUS ASSET MANAGER LLP","BUY","15,90,450","1,103.60",
"20-DEC-2023","SHRIPISTON","Shriram Pist. & Ring Ltd","ABAKKUS DIVERSIFIED ALPHA FUND","BUY","1,81,810","1,103.60",
"20-DEC-2023","SHRIPISTON","Shriram Pist. & Ring Ltd","ABAKKUS DIVERSIFIED ALPHA FUND - 2","BUY","1,81,810","1,103.60",
"20-DEC-2023","SHRIPISTON","Shriram Pist. & Ring Ltd","ABAKKUS EMERGING OPPORTUNITIES FUND - 1","BUY","5,45,450","1,103.60",
"20-DEC-2023","SHRIPISTON","Shriram Pist. & Ring Ltd","ABAKKUS GROWTH FUND - 1","BUY","4,54,550","1,103.60",
"20-DEC-2023","SHRIPISTON","Shriram Pist. & Ring Ltd","ABAKKUS GROWTH FUND-2","BUY","3,63,630","1,103.60",
"20-DEC-2023","SHRIPISTON","Shriram Pist. & Ring Ltd","AL MEHWAR COMMERCIAL INVESTMENTS L.L.C. - (NOOSA)","BUY","4,36,030","1,103.60",
"20-DEC-2023","SHRIPISTON","Shriram Pist. & Ring Ltd","K S KOLBENSCHMIDT GMBH","SELL","39,00,000","1,103.60",
"21-DEC-2023","NYKAA","FSN E Commerce Ventures","KARAN SWAMI","SELL","6,09,000","165.00",
"21-DEC-2023","NYKAA","FSN E Commerce Ventures","MANINDER SINGH SWANI","BUY","6,09,000","165.00",
"22-DEC-2023","DALBHARAT","Dalmia Bharat Limited","DALMIA BHARAT REFRACTORIES LIMITED","BUY","6,53,000","2,201.00",
"22-DEC-2023","DALBHARAT","Dalmia Bharat Limited","KESHAV POWER PRIVATE LIMITED","SELL","6,53,000","2,201.00",
"22-DEC-2023","MOTHERSON","Samvrdhna Mthrsn Intl Ltd","RAJAT JAIN","SELL","10,75,000","93.05",
"22-DEC-2023","MOTHERSON","Samvrdhna Mthrsn Intl Ltd","RENU SEHGAL TRUST","BUY","10,75,000","93.05",
"22-DEC-2023","NYKAA","FSN E Commerce Ventures","KARAN SWAMI","SELL","6,02,000","166.40",
"22-DEC-2023","NYKAA","FSN E Commerce Ventures","MANINDER SINGH SWANI","BUY","6,02,000","166.40",
"22-DEC-2023","VGUARD","V-Guard Industries Limite","ADITYA BIRLA SUN LIFE MUTUAL FUND","BUY","35,00,000","286.00",
"22-DEC-2023","VGUARD","V-Guard Industries Limite","CHITTILAPPILLY THOMAS KOCHUOUSEPH","SELL","45,00,000","286.00",
"22-DEC-2023","VGUARD","V-Guard Industries Limite","MOTILAL OSWAL MUTUAL FUND","BUY","10,00,000","286.00",
"26-DEC-2023","LUMAXTECH","Lumax Auto Technologies L","ASIA INVESTMENT CORPORATION MAURITIUS LTD","SELL","28,11,262","386.00",
"26-DEC-2023","LUMAXTECH","Lumax Auto Technologies L","GRIFFIN GROWTH FUND VCC","BUY","28,11,262","386.00",
"27-DEC-2023","AMIORG","Ami Organics Limited","DHWANI GIRISHKUMAR CHOVATIA","SELL","86,000","1,163.25",
"27-DEC-2023","AMIORG","Ami Organics Limited","VAGHASIA CHETANKUMAR CHHAGANLAL","BUY","86,000","1,163.25",
"28-DEC-2023","ZYDUSWELL","Zydus Wellness Limited","SBI MUTUAL FUND","BUY","3,90,000","1,632.00",
"28-DEC-2023","ZYDUSWELL","Zydus Wellness Limited","THREPSI CARE LLP","SELL","7,80,000","1,632.00",
"28-DEC-2023","ZYDUSWELL","Zydus Wellness Limited","ZYDUS FAMILY TRUST","BUY","3,90,000","1,632.00",
"29-DEC-2023","DALBHARAT","Dalmia Bharat Limited","DALMIA BHARAT REFRACTORIES LIMITED","BUY","2,40,000","2,290.00",
"29-DEC-2023","DALBHARAT","Dalmia Bharat Limited","KESHAV POWER PRIVATE LIMITED","SELL","2,40,000","2,290.00",
"29-DEC-2023","RAMCOIND","Ramco Industries Ltd","NALINA RAMALAKSHMI","SELL","7,20,000","215.00",
"29-DEC-2023","RAMCOIND","Ramco Industries Ltd","THE RAMCO CEMENTS LIMITED","BUY","7,20,000","215.00",
"05-JAN-2024","INFIBEAM","Infibeam Avenues Limited","ABHISHEK MAYUR DESAI","SELL","45,00,000","22.80",
"05-JAN-2024","INFIBEAM","Infibeam Avenues Limited","SONAL DESAI","BUY","45,00,000","22.80",
"05-JAN-2024","SWANENERGY","Swan Energy Limited","ALBULA INVESTMENT FUND LTD","SELL","30,24,000","519.90",
"05-JAN-2024","SWANENERGY","Swan Energy Limited","ASHIBHADARSH VENTURES PRIVATE LIMITED","BUY","2,50,000","519.90",
"05-JAN-2024","SWANENERGY","Swan Energy Limited","BANDHAN MUTUAL FUND ( CORE EQUITY FUND)","BUY","3,50,000","519.90",
"05-JAN-2024","SWANENERGY","Swan Energy Limited","BANDHAN MUTUAL FUND(INFRASTRUCTURE FUND) ","BUY","75,000","519.90",
"05-JAN-2024","SWANENERGY","Swan Energy Limited","BNP PARIBAS ARBITRAGE","BUY","4,99,900","519.90",
"05-JAN-2024","SWANENERGY","Swan Energy Limited","RAJTARU ENTERPRISES","BUY","2,01,000","519.90",
"05-JAN-2024","SWANENERGY","Swan Energy Limited","RESONANCE OPPORTUNITIES FUND","BUY","2,01,100","519.90",
"05-JAN-2024","SWANENERGY","Swan Energy Limited","SAMCO MUTUAL FUND(SAMCO DYNAMIC ASSET ALLOCATION FUND)","BUY","2,07,000","519.90",
"05-JAN-2024","SWANENERGY","Swan Energy Limited","SOCIETE GENERALE","BUY","8,19,000","519.90",
"05-JAN-2024","SWANENERGY","Swan Energy Limited","TWENTYFIRST CENTURY MANAGEMENT SERVICES LTD","BUY","2,20,000","519.90",
"05-JAN-2024","SWANENERGY","Swan Energy Limited","VICTUS ENTERPRISE LLP","BUY","2,01,000","519.90",
"09-JAN-2024","INFIBEAM","Infibeam Avenues Limited","ABHISHEK MAYUR DESAI","SELL","45,00,000","24.25",
"09-JAN-2024","INFIBEAM","Infibeam Avenues Limited","SONAL DESAI","BUY","45,00,000","24.25",
"09-JAN-2024","YASHO","Yasho Industries Limited","NEUBERGER BERMAN BD LLC","BUY","95,000","1,625.00",
"09-JAN-2024","YASHO","Yasho Industries Limited","NISHIGANDHA POLYMERS P.LTD","SELL","95,000","1,625.00",
"11-JAN-2024","INFIBEAM","Infibeam Avenues Limited","ABHISHEK MAYUR DESAI","SELL","43,50,000","24.20",
"11-JAN-2024","INFIBEAM","Infibeam Avenues Limited","SONAL DESAI","BUY","43,50,000","24.20",
"15-JAN-2024","INFIBEAM","Infibeam Avenues Limited","ABHISHEK MAYUR DESAI","SELL","39,00,000","26.80",
"15-JAN-2024","INFIBEAM","Infibeam Avenues Limited","SONAL DESAI","BUY","39,00,000","26.80",
"15-JAN-2024","ZOMATO","Zomato Limited","BNP PARIBAS ARBITRAGE","BUY","12,00,000","138.15",
"15-JAN-2024","ZOMATO","Zomato Limited","CITIGROUP GLOBAL MARKETS MAURITIUS PVT LTD","BUY","24,00,000","138.15",
"15-JAN-2024","ZOMATO","Zomato Limited","GOLDMAN SACHS INVESTMENTS (MAURITIUS) I LIMITED  SHORT TERM","BUY","45,00,000","138.15",
"15-JAN-2024","ZOMATO","Zomato Limited","MORGAN STANLEY ASIA SINGAPORE PTE","BUY","39,00,000","138.15",
"15-JAN-2024","ZOMATO","Zomato Limited","MOTILAL OSWAL MUTUAL FUND","SELL","4,50,00,000","138.15",
"15-JAN-2024","ZOMATO","Zomato Limited","SOCIETE GENERALE","BUY","3,30,00,000","138.15",
"16-JAN-2024","SOUTHWEST","South West Pinnacle Ltd","ASSET COLUMN","SELL","6,50,000","168.00",
"16-JAN-2024","SOUTHWEST","South West Pinnacle Ltd","KAPUR RAJAN BRIJMOHAN","BUY","6,50,000","168.00",
"17-JAN-2024","JINDALSAW","Jindal Saw Limited","BNP PARIBAS ARBITRAGE","BUY","3,99,999","519.00",
"17-JAN-2024","JINDALSAW","Jindal Saw Limited","CRESTA FUND LTD","SELL","18,00,000","519.00",
"17-JAN-2024","JINDALSAW","Jindal Saw Limited","MADHUKAR SHETH","BUY","2,00,001","519.00",
"17-JAN-2024","JINDALSAW","Jindal Saw Limited","NIPPON INDIA MUTUAL FUND - SMALL CAP FUND","BUY","10,00,001","519.00",
"17-JAN-2024","JINDALSAW","Jindal Saw Limited","SOCIETE GENERALE","BUY","1,99,999","519.00",
"17-JAN-2024","PRICOLLTD","Pricol Limited","ADITYA BIRLA SUN LIFE INSURANCE COMPANY LIMITED","BUY","30,30,000","343.50",
"17-JAN-2024","PRICOLLTD","Pricol Limited","CARNELIAN ASSET MANAGEMENT & ADVISORS PRIVATE LIMITED","BUY","2,91,500","343.50",
"17-JAN-2024","PRICOLLTD","Pricol Limited","CARNELIAN ASSET MANAGEMENT & ADVISORS PRIVATE LIMITED.","BUY","2,91,500","343.50",
"17-JAN-2024","PRICOLLTD","Pricol Limited","CITY OF NEW YORK GROUP TRUST","BUY","1,15,546","343.50",
"17-JAN-2024","PRICOLLTD","Pricol Limited","EMPLOYEES PROVIDENT FUND","BUY","7,00,000","343.50",
"17-JAN-2024","PRICOLLTD","Pricol Limited","FIDELITY FUNDS.�� INDIA FOCUS FUND","BUY","30,70,947","343.50",
"17-JAN-2024","PRICOLLTD","Pricol Limited","FIDELITY INDIA FUND","BUY","2,02,714","343.50",
"17-JAN-2024","PRICOLLTD","Pricol Limited","GOLDMAN SACHS INDIA LIMITED","BUY","14,90,024","343.50",
"17-JAN-2024","PRICOLLTD","Pricol Limited","ICICI PRUDENTIAL MUTUAL FUND","BUY","11,20,000","343.50",
"17-JAN-2024","PRICOLLTD","Pricol Limited","ICICI PRUDENTIAL MUTUAL FUND","BUY","17,50,000","343.50",
"17-JAN-2024","PRICOLLTD","Pricol Limited","ICICI PRUDENTIAL MUTUAL FUND","BUY","8,75,000","343.50",
"17-JAN-2024","PRICOLLTD","Pricol Limited","MINDA CORPORATION LIMITED","SELL","1,83,76,431","343.50",
"17-JAN-2024","PRICOLLTD","Pricol Limited","ROSY BLUE SECURITIES PVT. LTD.","BUY","2,92,000","343.50",
"17-JAN-2024","PRICOLLTD","Pricol Limited","SUNDARAM ALTERNATIVE OPPORTUNITIES FUND - ACORN","BUY","3,00,000","343.50",
"17-JAN-2024","PRICOLLTD","Pricol Limited","TATA MUTUAL FUND","BUY","17,49,300","343.50",
"17-JAN-2024","PRICOLLTD","Pricol Limited","TNTBC AS THE TRUSTEE OF NOMURA INDIA STOCK MOTHER FUND","BUY","30,97,900","343.50",
"18-JAN-2024","HCLTECH","HCL Technologies Ltd.","BNP PARIBAS ARBITRAGE","SELL","4,59,303","1,575.90",
"18-JAN-2024","HCLTECH","HCL Technologies Ltd.","SOCIETE GENERALE","BUY","4,59,303","1,575.90",
"18-JAN-2024","INFIBEAM","Infibeam Avenues Limited","ABHISHEK MAYUR DESAI","SELL","39,00,000","26.15",
"18-JAN-2024","INFIBEAM","Infibeam Avenues Limited","SONAL DESAI","BUY","39,00,000","26.15",
"20-JAN-2024","INFIBEAM","Infibeam Avenues Limited","ABHISHEK MAYUR DESAI","SELL","39,00,000","26.45",
"20-JAN-2024","INFIBEAM","Infibeam Avenues Limited","SONAL DESAI","BUY","39,00,000","26.45",
"24-JAN-2024","INFIBEAM","Infibeam Avenues Limited","ABHISHEK MAYUR DESAI","SELL","39,00,000","26.85",
"24-JAN-2024","INFIBEAM","Infibeam Avenues Limited","SONAL DESAI","BUY","39,00,000","26.85",
"24-JAN-2024","POONAWALLA","Poonawalla Fincorp Ltd","MAGMA VENTURES PRIVATE LIMITED","SELL","40,33,000","495.85",
"24-JAN-2024","POONAWALLA","Poonawalla Fincorp Ltd","RISING SUN HOLDINGS PVT LTD","BUY","40,33,000","495.85",
"25-JAN-2024","ADANIPORTS","ADANI PORT & SEZ LTD","MARSHALL WACE INVESTMENT STRATEGIES  EUREKA FUND","BUY","1,84,250","1,120.60",
"25-JAN-2024","ADANIPORTS","ADANI PORT & SEZ LTD","MARSHALL WACE INVESTMENT STRATEGIES  SYSTEMATIC ALPHA PLUS FUND","BUY","5,227","1,120.60",
"25-JAN-2024","ADANIPORTS","ADANI PORT & SEZ LTD","MARSHALL WACE INVESTMENT STRATEGIES MARKET NEUTRAL TOPS FUND","BUY","9,652","1,120.60",
"25-JAN-2024","ADANIPORTS","ADANI PORT & SEZ LTD","MARSHALL WACE INVESTMENT STRATEGIES TOPS FUND","BUY","82,211","1,120.60",
"25-JAN-2024","ADANIPORTS","ADANI PORT & SEZ LTD","SOCIETE GENERALE","SELL","2,81,340","1,120.60",
"25-JAN-2024","ALKEM","Alkem Laboratories Ltd.","MARSHALL WACE INVESTMENT STRATEGIES  EUREKA FUND","BUY","1,04,939","4,999.60",
"25-JAN-2024","ALKEM","Alkem Laboratories Ltd.","MARSHALL WACE INVESTMENT STRATEGIES MARKET NEUTRAL TOPS FUND","BUY","1,169","4,999.60",
"25-JAN-2024","ALKEM","Alkem Laboratories Ltd.","MARSHALL WACE INVESTMENT STRATEGIES TOPS FUND","BUY","95","4,999.60",
"25-JAN-2024","ALKEM","Alkem Laboratories Ltd.","SOCIETE GENERALE","SELL","1,06,203","4,999.60",
"25-JAN-2024","ANANDRATHI","Anand Rathi Wealth Ltd","MARSHALL WACE INVESTMENT STRATEGIES  EUREKA FUND","BUY","35,003","2,950.05",
"25-JAN-2024","ANANDRATHI","Anand Rathi Wealth Ltd","SOCIETE GENERALE","SELL","35,003","2,950.05",
"25-JAN-2024","APOLLOTYRE","Apollo Tyres Ltd.","MARSHALL WACE INVESTMENT STRATEGIES  EUREKA FUND","BUY","1,12,517","525.75",
"25-JAN-2024","APOLLOTYRE","Apollo Tyres Ltd.","MARSHALL WACE INVESTMENT STRATEGIES  SYSTEMATIC ALPHA PLUS FUND","BUY","17,486","525.75",
"25-JAN-2024","APOLLOTYRE","Apollo Tyres Ltd.","MARSHALL WACE INVESTMENT STRATEGIES MARKET NEUTRAL TOPS FUND","BUY","1,00,971","525.75",
"25-JAN-2024","APOLLOTYRE","Apollo Tyres Ltd.","MARSHALL WACE INVESTMENT STRATEGIES TOPS FUND","BUY","47,141","525.75",
"25-JAN-2024","APOLLOTYRE","Apollo Tyres Ltd.","SOCIETE GENERALE","SELL","2,78,115","525.75",
"25-JAN-2024","ASIANPAINT","Asian Paints Limited","MARSHALL WACE INVESTMENT STRATEGIES MARKET NEUTRAL TOPS FUND","BUY","61,340","2,999.45",
"25-JAN-2024","ASIANPAINT","Asian Paints Limited","MARSHALL WACE INVESTMENT STRATEGIES TOPS FUND","BUY","5,113","2,999.45",
"25-JAN-2024","ASIANPAINT","Asian Paints Limited","SOCIETE GENERALE","SELL","66,453","2,999.45",
"25-JAN-2024","AUROPHARMA","Aurobindo Pharma Ltd.","MARSHALL WACE INVESTMENT STRATEGIES  EUREKA FUND","BUY","53,641","1,160.10",
"25-JAN-2024","AUROPHARMA","Aurobindo Pharma Ltd.","MARSHALL WACE INVESTMENT STRATEGIES  SYSTEMATIC ALPHA PLUS FUND","BUY","862","1,160.10",
"25-JAN-2024","AUROPHARMA","Aurobindo Pharma Ltd.","MARSHALL WACE INVESTMENT STRATEGIES MARKET NEUTRAL TOPS FUND","BUY","8,134","1,160.10",
"25-JAN-2024","AUROPHARMA","Aurobindo Pharma Ltd.","MARSHALL WACE INVESTMENT STRATEGIES TOPS FUND","BUY","44,921","1,160.10",
"25-JAN-2024","AUROPHARMA","Aurobindo Pharma Ltd.","SOCIETE GENERALE","SELL","1,07,558","1,160.10",
"25-JAN-2024","AXISBANK","Axis Bank Limited","MARSHALL WACE INVESTMENT STRATEGIES  EUREKA FUND","BUY","1,96,914","1,059.15",
"25-JAN-2024","AXISBANK","Axis Bank Limited","MARSHALL WACE INVESTMENT STRATEGIES  SYSTEMATIC ALPHA PLUS FUND","BUY","3,013","1,059.15",
"25-JAN-2024","AXISBANK","Axis Bank Limited","MARSHALL WACE INVESTMENT STRATEGIES MARKET NEUTRAL TOPS FUND","BUY","7,996","1,059.15",
"25-JAN-2024","AXISBANK","Axis Bank Limited","MARSHALL WACE INVESTMENT STRATEGIES TOPS FUND","BUY","6,230","1,059.15",
"25-JAN-2024","AXISBANK","Axis Bank Limited","SOCIETE GENERALE","SELL","2,14,153","1,059.15",
"25-JAN-2024","BANDHANBNK","Bandhan Bank Limited","MARSHALL WACE INVESTMENT STRATEGIES  EUREKA FUND","BUY","22,25,276","224.40",
"25-JAN-2024","BANDHANBNK","Bandhan Bank Limited","MARSHALL WACE INVESTMENT STRATEGIES GLOBAL FINANCIALS MARKET NEUTRAL FUND","BUY","40,043","224.40",
"25-JAN-2024","BANDHANBNK","Bandhan Bank Limited","SOCIETE GENERALE","SELL","22,65,319","224.40",
"25-JAN-2024","BANKBARODA","Bank of Baroda","MARSHALL WACE INVESTMENT STRATEGIES  EUREKA FUND","BUY","1,57,89,646","228.65",
"25-JAN-2024","BANKBARODA","Bank of Baroda","MARSHALL WACE INVESTMENT STRATEGIES GLOBAL FINANCIALS MARKET NEUTRAL FUND","BUY","5,00,146","228.65",
"25-JAN-2024","BANKBARODA","Bank of Baroda","SOCIETE GENERALE","SELL","1,62,89,792","228.65",
"25-JAN-2024","BANKINDIA","Bank of India","MARSHALL WACE INVESTMENT STRATEGIES  EUREKA FUND","BUY","1,36,61,922","133.15",
"25-JAN-2024","BANKINDIA","Bank of India","MARSHALL WACE INVESTMENT STRATEGIES GLOBAL FINANCIALS MARKET NEUTRAL FUND","BUY","3,17,543","133.15",
"25-JAN-2024","BANKINDIA","Bank of India","MARSHALL WACE INVESTMENT STRATEGIES TOPS FUND","BUY","1,61,752","133.15",
"25-JAN-2024","BANKINDIA","Bank of India","SOCIETE GENERALE","SELL","1,41,41,217","133.15",
"25-JAN-2024","BHEL","Bharat Heavy Elect Ltd.","MARSHALL WACE INVESTMENT STRATEGIES  EUREKA FUND","BUY","2,50,095","209.90",
"25-JAN-2024","BHEL","Bharat Heavy Elect Ltd.","MARSHALL WACE INVESTMENT STRATEGIES MARKET NEUTRAL TOPS FUND","BUY","1,49,285","209.90",
"25-JAN-2024","BHEL","Bharat Heavy Elect Ltd.","MARSHALL WACE INVESTMENT STRATEGIES TOPS FUND","BUY","1,16,323","209.90",
"25-JAN-2024","BHEL","Bharat Heavy Elect Ltd.","SOCIETE GENERALE","SELL","5,15,703","209.90",
"25-JAN-2024","BOSCHLTD","Bosch Limited","MARSHALL WACE INVESTMENT STRATEGIES  EUREKA FUND","BUY","21,667","22,444.15",
"25-JAN-2024","BOSCHLTD","Bosch Limited","MARSHALL WACE INVESTMENT STRATEGIES MARKET NEUTRAL TOPS FUND","BUY","742","22,444.15",
"25-JAN-2024","BOSCHLTD","Bosch Limited","MARSHALL WACE INVESTMENT STRATEGIES TOPS FUND","BUY","423","22,444.15",
"25-JAN-2024","BOSCHLTD","Bosch Limited","SOCIETE GENERALE","SELL","22,832","22,444.15",
"25-JAN-2024","BPCL","Bharat Petroleum Ltd","MARSHALL WACE INVESTMENT STRATEGIES  EUREKA FUND","BUY","2,69,059","477.15",
"25-JAN-2024","BPCL","Bharat Petroleum Ltd","MARSHALL WACE INVESTMENT STRATEGIES  SYSTEMATIC ALPHA PLUS FUND","BUY","92,994","477.15",
"25-JAN-2024","BPCL","Bharat Petroleum Ltd","MARSHALL WACE INVESTMENT STRATEGIES MARKET NEUTRAL TOPS FUND","BUY","8,38,185","477.15",
"25-JAN-2024","BPCL","Bharat Petroleum Ltd","MARSHALL WACE INVESTMENT STRATEGIES TOPS FUND","BUY","43,267","477.15",
"25-JAN-2024","BPCL","Bharat Petroleum Ltd","SOCIETE GENERALE","SELL","12,43,505","477.15",
"25-JAN-2024","BSE","BSE Limited","BNP PARIBAS ARBITRAGE","SELL","9,77,183","2,112.15",
"25-JAN-2024","BSE","BSE Limited","MARSHALL WACE INVESTMENT STRATEGIES  EUREKA FUND","BUY","4,42,559","2,112.15",
"25-JAN-2024","BSE","BSE Limited","MARSHALL WACE INVESTMENT STRATEGIES  SYSTEMATIC ALPHA PLUS FUND","BUY","1,87,034","2,112.15",
"25-JAN-2024","BSE","BSE Limited","MARSHALL WACE INVESTMENT STRATEGIES MARKET NEUTRAL TOPS FUND","BUY","14,576","2,112.15",
"25-JAN-2024","BSE","BSE Limited","MARSHALL WACE INVESTMENT STRATEGIES TOPS FUND","BUY","12,266","2,112.15",
"25-JAN-2024","BSE","BSE Limited","SOCIETE GENERALE","SELL","1,29,265","2,112.15",
"25-JAN-2024","BSE","BSE Limited","SOCIETE GENERALE","BUY","4,50,013","2,112.15",
"25-JAN-2024","CAMPUS","Campus Activewear Limited","MARSHALL WACE INVESTMENT STRATEGIES  EUREKA FUND","BUY","13,32,243","269.05",
"25-JAN-2024","CAMPUS","Campus Activewear Limited","SOCIETE GENERALE","SELL","13,32,243","269.05",
"25-JAN-2024","CAMS","Computer Age Mngt Ser Ltd","MARSHALL WACE INVESTMENT STRATEGIES  EUREKA FUND","BUY","39,536","2,732.90",
"25-JAN-2024","CAMS","Computer Age Mngt Ser Ltd","MARSHALL WACE INVESTMENT STRATEGIES  SYSTEMATIC ALPHA PLUS FUND","BUY","2,038","2,732.90",
"25-JAN-2024","CAMS","Computer Age Mngt Ser Ltd","MARSHALL WACE INVESTMENT STRATEGIES MARKET NEUTRAL TOPS FUND","BUY","19,732","2,732.90",
"25-JAN-2024","CAMS","Computer Age Mngt Ser Ltd","MARSHALL WACE INVESTMENT STRATEGIES TOPS FUND","BUY","22,153","2,732.90",
"25-JAN-2024","CAMS","Computer Age Mngt Ser Ltd","SOCIETE GENERALE","SELL","83,459","2,732.90",
"25-JAN-2024","CANBK","Canara Bank","MARSHALL WACE INVESTMENT STRATEGIES  EUREKA FUND","BUY","37,47,755","454.30",
"25-JAN-2024","CANBK","Canara Bank","MARSHALL WACE INVESTMENT STRATEGIES GLOBAL FINANCIALS MARKET NEUTRAL FUND","BUY","30,662","454.30",
"25-JAN-2024","CANBK","Canara Bank","SOCIETE GENERALE","SELL","37,78,417","454.30",
"25-JAN-2024","CMSINFO","CMS Info Systems Limited","MARSHALL WACE INVESTMENT STRATEGIES  EUREKA FUND","BUY","2,67,885","380.25",
"25-JAN-2024","CMSINFO","CMS Info Systems Limited","SOCIETE GENERALE","SELL","2,67,885","380.25",
"25-JAN-2024","CONCOR","Container Corp of India","MARSHALL WACE INVESTMENT STRATEGIES MARKET NEUTRAL TOPS FUND","BUY","1,41,523","841.10",
"25-JAN-2024","CONCOR","Container Corp of India","MARSHALL WACE INVESTMENT STRATEGIES TOPS FUND","BUY","11,795","841.10",
"25-JAN-2024","CONCOR","Container Corp of India","SOCIETE GENERALE","SELL","1,53,318","841.10",
"25-JAN-2024","DALBHARAT","Dalmia Bharat Limited","MARSHALL WACE INVESTMENT STRATEGIES  EUREKA FUND","BUY","1,75,702","2,154.75",
"25-JAN-2024","DALBHARAT","Dalmia Bharat Limited","MARSHALL WACE INVESTMENT STRATEGIES MARKET NEUTRAL TOPS FUND","BUY","33,259","2,154.75",
"25-JAN-2024","DALBHARAT","Dalmia Bharat Limited","MARSHALL WACE INVESTMENT STRATEGIES TOPS FUND","BUY","25,177","2,154.75",
"25-JAN-2024","DALBHARAT","Dalmia Bharat Limited","SOCIETE GENERALE","SELL","2,34,138","2,154.75",
"25-JAN-2024","DBREALTY","D B Realty Limited","GRIFFIN GROWTH FUND VCC","BUY","34,82,865","253.05",
"25-JAN-2024","DBREALTY","D B Realty Limited","TRINITY OPPORTUNITY FUND I","SELL","34,82,865","253.05",
"25-JAN-2024","DEVYANI","Devyani International Ltd","MARSHALL WACE INVESTMENT STRATEGIES  EUREKA FUND","BUY","8,16,149","176.25",
"25-JAN-2024","DEVYANI","Devyani International Ltd","MARSHALL WACE INVESTMENT STRATEGIES MARKET NEUTRAL TOPS FUND","BUY","10,227","176.25",
"25-JAN-2024","DEVYANI","Devyani International Ltd","MARSHALL WACE INVESTMENT STRATEGIES TOPS FUND","BUY","851","176.25",
"25-JAN-2024","DEVYANI","Devyani International Ltd","SOCIETE GENERALE","SELL","8,27,227","176.25",
"25-JAN-2024","DOMS","DOMS Industries Limited","MARSHALL WACE INVESTMENT STRATEGIES  EUREKA FUND","BUY","16,600","1,419.50",
"25-JAN-2024","DOMS","DOMS Industries Limited","MARSHALL WACE INVESTMENT STRATEGIES MARKET NEUTRAL TOPS FUND","BUY","53,054","1,419.50",
"25-JAN-2024","DOMS","DOMS Industries Limited","MARSHALL WACE INVESTMENT STRATEGIES TOPS FUND","BUY","7,323","1,419.50",
"25-JAN-2024","DOMS","DOMS Industries Limited","SOCIETE GENERALE","SELL","76,977","1,419.50",
"25-JAN-2024","GMRINFRA","GMR Airports Infra Ltd","MARSHALL WACE INVESTMENT STRATEGIES  EUREKA FUND","BUY","63,29,985","75.70",
"25-JAN-2024","GMRINFRA","GMR Airports Infra Ltd","SOCIETE GENERALE","SELL","63,29,985","75.70",
"25-JAN-2024","GRASIM","Grasim Ind Ltd.","ERISKA INVESTMENT FUND LTD","BUY","8,10,000","2,060.00",
"25-JAN-2024","GRASIM","Grasim Ind Ltd.","GRIFFIN GROWTH FUND VCC","SELL","8,10,000","2,060.00",
"25-JAN-2024","GRASIM","Grasim Ind Ltd.","MARSHALL WACE INVESTMENT STRATEGIES  EUREKA FUND","BUY","2,613","2,071.30",
"25-JAN-2024","GRASIM","Grasim Ind Ltd.","MARSHALL WACE INVESTMENT STRATEGIES MARKET NEUTRAL TOPS FUND","BUY","46,410","2,071.30",
"25-JAN-2024","GRASIM","Grasim Ind Ltd.","MARSHALL WACE INVESTMENT STRATEGIES TOPS FUND","BUY","5,047","2,071.30",
"25-JAN-2024","GRASIM","Grasim Ind Ltd.","SOCIETE GENERALE","SELL","54,070","2,071.30",
"25-JAN-2024","HCLTECH","HCL Technologies Ltd.","MARSHALL WACE INVESTMENT STRATEGIES MARKET NEUTRAL TOPS FUND","BUY","3,38,214","1,576.40",
"25-JAN-2024","HCLTECH","HCL Technologies Ltd.","SOCIETE GENERALE","SELL","3,38,214","1,576.40",
"25-JAN-2024","ICICIPRULI","ICICI Pru Life Ins Co Ltd","MARSHALL WACE INVESTMENT STRATEGIES  EUREKA FUND","BUY","18,745","488.55",
"25-JAN-2024","ICICIPRULI","ICICI Pru Life Ins Co Ltd","MARSHALL WACE INVESTMENT STRATEGIES MARKET NEUTRAL TOPS FUND","BUY","6,00,523","488.55",
"25-JAN-2024","ICICIPRULI","ICICI Pru Life Ins Co Ltd","MARSHALL WACE INVESTMENT STRATEGIES TOPS FUND","BUY","60,568","488.55",
"25-JAN-2024","ICICIPRULI","ICICI Pru Life Ins Co Ltd","SOCIETE GENERALE","SELL","6,79,836","488.55",
"25-JAN-2024","INDIANB","Indian Bank","MARSHALL WACE INVESTMENT STRATEGIES  EUREKA FUND","BUY","5,57,745","441.60",
"25-JAN-2024","INDIANB","Indian Bank","MARSHALL WACE INVESTMENT STRATEGIES  SYSTEMATIC ALPHA PLUS FUND","BUY","45,705","441.60",
"25-JAN-2024","INDIANB","Indian Bank","MARSHALL WACE INVESTMENT STRATEGIES GLOBAL FINANCIALS MARKET NEUTRAL FUND","BUY","13,821","441.60",
"25-JAN-2024","INDIANB","Indian Bank","MARSHALL WACE INVESTMENT STRATEGIES MARKET NEUTRAL TOPS FUND","BUY","1,82,972","441.60",
"25-JAN-2024","INDIANB","Indian Bank","MARSHALL WACE INVESTMENT STRATEGIES TOPS FUND","BUY","35,431","441.60",
"25-JAN-2024","INDIANB","Indian Bank","SOCIETE GENERALE","SELL","8,35,674","441.60",
"25-JAN-2024","INDUSINDBK","IndusInd Bank Ltd.","MARSHALL WACE INVESTMENT STRATEGIES  EUREKA FUND","BUY","15,83,206","1,490.85",
"25-JAN-2024","INDUSINDBK","IndusInd Bank Ltd.","MARSHALL WACE INVESTMENT STRATEGIES GLOBAL FINANCIALS MARKET NEUTRAL FUND","BUY","22,413","1,490.85",
"25-JAN-2024","INDUSINDBK","IndusInd Bank Ltd.","MARSHALL WACE INVESTMENT STRATEGIES MARKET NEUTRAL TOPS FUND","BUY","3,098","1,490.85",
"25-JAN-2024","INDUSINDBK","IndusInd Bank Ltd.","MARSHALL WACE INVESTMENT STRATEGIES TOPS FUND","BUY","34,646","1,490.85",
"25-JAN-2024","INDUSINDBK","IndusInd Bank Ltd.","SOCIETE GENERALE","SELL","16,43,363","1,490.85",
"25-JAN-2024","INDUSTOWER","Indus Towers Limited","MARSHALL WACE INVESTMENT STRATEGIES  EUREKA FUND","BUY","1,38,721","229.95",
"25-JAN-2024","INDUSTOWER","Indus Towers Limited","MARSHALL WACE INVESTMENT STRATEGIES MARKET NEUTRAL TOPS FUND","BUY","11,37,801","229.95",
"25-JAN-2024","INDUSTOWER","Indus Towers Limited","MARSHALL WACE INVESTMENT STRATEGIES TOPS FUND","BUY","1,87,225","229.95",
"25-JAN-2024","INDUSTOWER","Indus Towers Limited","SOCIETE GENERALE","SELL","14,63,747","229.95",
"25-JAN-2024","INFY","Infosys Limited","MARSHALL WACE INVESTMENT STRATEGIES  EUREKA FUND","BUY","69,719","1,675.40",
"25-JAN-2024","INFY","Infosys Limited","MARSHALL WACE INVESTMENT STRATEGIES MARKET NEUTRAL TOPS FUND","BUY","21,796","1,675.40",
"25-JAN-2024","INFY","Infosys Limited","MARSHALL WACE INVESTMENT STRATEGIES TOPS FUND","BUY","41,420","1,675.40",
"25-JAN-2024","INFY","Infosys Limited","SOCIETE GENERALE","SELL","1,32,935","1,675.40",
"25-JAN-2024","IOC","Indian Oil Corp. Ltd.","MARSHALL WACE INVESTMENT STRATEGIES  SYSTEMATIC ALPHA PLUS FUND","BUY","4,27,256","143.45",
"25-JAN-2024","IOC","Indian Oil Corp. Ltd.","MARSHALL WACE INVESTMENT STRATEGIES EUREKA FUND","BUY","9,58,981","143.45",
"25-JAN-2024","IOC","Indian Oil Corp. Ltd.","MARSHALL WACE INVESTMENT STRATEGIES MARKET NEUTRAL TOPS FUND","BUY","5,97,485","143.45",
"25-JAN-2024","IOC","Indian Oil Corp. Ltd.","SOCIETE GENERALE","SELL","19,83,722","143.45",
"25-JAN-2024","IREDA","Indian Renewable Energy","MARSHALL WACE INVESTMENT STRATEGIES  EUREKA FUND","BUY","6,43,157","161.75",
"25-JAN-2024","IREDA","Indian Renewable Energy","MARSHALL WACE INVESTMENT STRATEGIES GLOBAL FINANCIALS MARKET NEUTRAL FUND","BUY","8,081","161.75",
"25-JAN-2024","IREDA","Indian Renewable Energy","SOCIETE GENERALE","SELL","6,51,238","161.75",
"25-JAN-2024","JYOTHYLAB","Jyothy Labs Limited","MARSHALL WACE INVESTMENT STRATEGIES  EUREKA FUND","BUY","3,28,141","535.95",
"25-JAN-2024","JYOTHYLAB","Jyothy Labs Limited","SOCIETE GENERALE","SELL","3,28,141","535.95",
"25-JAN-2024","KALAMANDIR","Sai Silks (Kalamandir) L","MARSHALL WACE INVESTMENT STRATEGIES  EUREKA FUND","BUY","5,13,295","240.90",
"25-JAN-2024","KALAMANDIR","Sai Silks (Kalamandir) L","MARSHALL WACE INVESTMENT STRATEGIES MARKET NEUTRAL TOPS FUND","BUY","20,026","240.90",
"25-JAN-2024","KALAMANDIR","Sai Silks (Kalamandir) L","SOCIETE GENERALE","SELL","5,33,321","240.90",
"25-JAN-2024","KAYNES","Kaynes Technology Ind Ltd","MARSHALL WACE INVESTMENT STRATEGIES  EUREKA FUND","BUY","46,410","2,851.15",
"25-JAN-2024","KAYNES","Kaynes Technology Ind Ltd","SOCIETE GENERALE","SELL","46,410","2,851.15",
"25-JAN-2024","LICI","Life Insura Corp of India","MARSHALL WACE INVESTMENT STRATEGIES  EUREKA FUND","BUY","66,507","907.20",
"25-JAN-2024","LICI","Life Insura Corp of India","MARSHALL WACE INVESTMENT STRATEGIES TOPS FUND","BUY","61,307","907.20",
"25-JAN-2024","LICI","Life Insura Corp of India","SOCIETE GENERALE","SELL","1,27,814","907.20",
"25-JAN-2024","LODHA","Macrotech Developers Ltd","MARSHALL WACE INVESTMENT STRATEGIES  EUREKA FUND","BUY","7,15,703","1,061.15",
"25-JAN-2024","LODHA","Macrotech Developers Ltd","SOCIETE GENERALE","SELL","7,15,703","1,061.15",
"25-JAN-2024","LT","Larsen & Toubro Limited","MARSHALL WACE INVESTMENT STRATEGIES MARKET NEUTRAL TOPS FUND","BUY","2,28,477","3,589.20",
"25-JAN-2024","LT","Larsen & Toubro Limited","MARSHALL WACE INVESTMENT STRATEGIES TOPS FUND","BUY","5,175","3,589.20",
"25-JAN-2024","LT","Larsen & Toubro Limited","SOCIETE GENERALE","SELL","2,33,652","3,589.20",
"25-JAN-2024","MANAPPURAM","Manappuram Finance Ltd","MARSHALL WACE INVESTMENT STRATEGIES  EUREKA FUND","BUY","51,27,647","174.55",
"25-JAN-2024","MANAPPURAM","Manappuram Finance Ltd","MARSHALL WACE INVESTMENT STRATEGIES GLOBAL FINANCIALS MARKET NEUTRAL FUND","BUY","1,45,084","174.55",
"25-JAN-2024","MANAPPURAM","Manappuram Finance Ltd","SOCIETE GENERALE","SELL","52,72,731","174.55",
"25-JAN-2024","MANKIND","Mankind Pharma Limited","MARSHALL WACE INVESTMENT STRATEGIES  EUREKA FUND","BUY","69,763","2,060.65",
"25-JAN-2024","MANKIND","Mankind Pharma Limited","MARSHALL WACE INVESTMENT STRATEGIES  SYSTEMATIC ALPHA PLUS FUND","BUY","11,642","2,060.65",
"25-JAN-2024","MANKIND","Mankind Pharma Limited","MARSHALL WACE INVESTMENT STRATEGIES MARKET NEUTRAL TOPS FUND","BUY","10,638","2,060.65",
"25-JAN-2024","MANKIND","Mankind Pharma Limited","MARSHALL WACE INVESTMENT STRATEGIES TOPS FUND","BUY","18,862","2,060.65",
"25-JAN-2024","MANKIND","Mankind Pharma Limited","SOCIETE GENERALE","SELL","1,10,905","2,060.65",
"25-JAN-2024","MANYAVAR","Vedant Fashions Limited","MARSHALL WACE INVESTMENT STRATEGIES  EUREKA FUND","BUY","3,30,430","1,072.45",
"25-JAN-2024","MANYAVAR","Vedant Fashions Limited","SOCIETE GENERALE","SELL","3,30,430","1,072.45",
"25-JAN-2024","NHPC","NHPC Ltd","MARSHALL WACE INVESTMENT STRATEGIES  EUREKA FUND","BUY","66,45,638","80.40",
"25-JAN-2024","NHPC","NHPC Ltd","SOCIETE GENERALE","SELL","66,45,638","80.40",
"25-JAN-2024","NXST","Nexus Select Trust","MARSHALL WACE INVESTMENT STRATEGIES  EUREKA FUND","BUY","19,21,574","129.99",
"25-JAN-2024","NXST","Nexus Select Trust","SOCIETE GENERALE","SELL","19,21,574","129.99",
"25-JAN-2024","NYKAA","FSN E Commerce Ventures","MARSHALL WACE INVESTMENT STRATEGIES  EUREKA FUND","BUY","42,17,075","162.45",
"25-JAN-2024","NYKAA","FSN E Commerce Ventures","MARSHALL WACE INVESTMENT STRATEGIES MARKET NEUTRAL TOPS FUND","BUY","3,29,705","162.45",
"25-JAN-2024","NYKAA","FSN E Commerce Ventures","MARSHALL WACE INVESTMENT STRATEGIES TOPS FUND","BUY","1,88,043","162.45",
"25-JAN-2024","NYKAA","FSN E Commerce Ventures","SOCIETE GENERALE","SELL","47,34,823","162.45",
"25-JAN-2024","OBEROIRLTY","Oberoi Realty Limited","MARSHALL WACE INVESTMENT STRATEGIES  EUREKA FUND","BUY","3,65,650","1,304.00",
"25-JAN-2024","OBEROIRLTY","Oberoi Realty Limited","MARSHALL WACE INVESTMENT STRATEGIES MARKET NEUTRAL TOPS FUND","BUY","13,013","1,304.00",
"25-JAN-2024","OBEROIRLTY","Oberoi Realty Limited","MARSHALL WACE INVESTMENT STRATEGIES TOPS FUND","BUY","7,422","1,304.00",
"25-JAN-2024","OBEROIRLTY","Oberoi Realty Limited","SOCIETE GENERALE","SELL","3,86,085","1,304.00",
"25-JAN-2024","PAYTM","One 97 Communications Ltd","MARSHALL WACE INVESTMENT STRATEGIES  EUREKA FUND","BUY","10,63,528","753.75",
"25-JAN-2024","PAYTM","One 97 Communications Ltd","SOCIETE GENERALE","SELL","10,63,528","753.75",
"25-JAN-2024","PGINVIT","POWERGRID Infra. INVITs","MARSHALL WACE INVESTMENT STRATEGIES  EUREKA FUND","BUY","15,99,231","100.09",
"25-JAN-2024","PGINVIT","POWERGRID Infra. INVITs","SOCIETE GENERALE","SELL","15,99,231","100.09",
"25-JAN-2024","PHOENIXLTD","The Phoenix Mills Limited","MARSHALL WACE INVESTMENT STRATEGIES  EUREKA FUND","BUY","2,10,299","2,367.05",
"25-JAN-2024","PHOENIXLTD","The Phoenix Mills Limited","MARSHALL WACE INVESTMENT STRATEGIES MARKET NEUTRAL TOPS FUND","BUY","7,869","2,367.05",
"25-JAN-2024","PHOENIXLTD","The Phoenix Mills Limited","MARSHALL WACE INVESTMENT STRATEGIES TOPS FUND","BUY","1,560","2,367.05",
"25-JAN-2024","PHOENIXLTD","The Phoenix Mills Limited","SOCIETE GENERALE","SELL","2,19,728","2,367.05",
"25-JAN-2024","POLICYBZR","PB Fintech Limited","MARSHALL WACE INVESTMENT STRATEGIES  EUREKA FUND","BUY","8,82,868","922.95",
"25-JAN-2024","POLICYBZR","PB Fintech Limited","MARSHALL WACE INVESTMENT STRATEGIES MARKET NEUTRAL TOPS FUND","BUY","45,547","922.95",
"25-JAN-2024","POLICYBZR","PB Fintech Limited","MARSHALL WACE INVESTMENT STRATEGIES TOPS FUND","BUY","2,50,450","922.95",
"25-JAN-2024","POLICYBZR","PB Fintech Limited","SOCIETE GENERALE","SELL","11,78,865","922.95",
"25-JAN-2024","POWERGRID","Power Grid Corporation of","MARSHALL WACE INVESTMENT STRATEGIES MARKET NEUTRAL TOPS FUND","BUY","12,80,076","246.20",
"25-JAN-2024","POWERGRID","Power Grid Corporation of","SOCIETE GENERALE","SELL","12,80,076","246.20",
"25-JAN-2024","SAPPHIRE","Sapphire Foods India Ltd","MARSHALL WACE INVESTMENT STRATEGIES  EUREKA FUND","BUY","2,38,189","1,438.90",
"25-JAN-2024","SAPPHIRE","Sapphire Foods India Ltd","MARSHALL WACE INVESTMENT STRATEGIES MARKET NEUTRAL TOPS FUND","BUY","1,923","1,438.90",
"25-JAN-2024","SAPPHIRE","Sapphire Foods India Ltd","MARSHALL WACE INVESTMENT STRATEGIES TOPS FUND","BUY","158","1,438.90",
"25-JAN-2024","SAPPHIRE","Sapphire Foods India Ltd","SOCIETE GENERALE","SELL","2,40,270","1,438.90",
"25-JAN-2024","SHRIRAMFIN","Shriram Finance Limited","MARSHALL WACE INVESTMENT STRATEGIES  EUREKA FUND","BUY","14,72,746","2,302.45",
"25-JAN-2024","SHRIRAMFIN","Shriram Finance Limited","MARSHALL WACE INVESTMENT STRATEGIES  SYSTEMATIC ALPHA PLUS FUND","BUY","2,611","2,302.45",
"25-JAN-2024","SHRIRAMFIN","Shriram Finance Limited","MARSHALL WACE INVESTMENT STRATEGIES GLOBAL FINANCIALS MARKET NEUTRAL FUND","BUY","46,187","2,302.45",
"25-JAN-2024","SHRIRAMFIN","Shriram Finance Limited","MARSHALL WACE INVESTMENT STRATEGIES MARKET NEUTRAL TOPS FUND","BUY","62,049","2,302.45",
"25-JAN-2024","SHRIRAMFIN","Shriram Finance Limited","MARSHALL WACE INVESTMENT STRATEGIES TOPS FUND","BUY","16,751","2,302.45",
"25-JAN-2024","SHRIRAMFIN","Shriram Finance Limited","SOCIETE GENERALE","SELL","16,00,344","2,302.45",
"25-JAN-2024","STAR","Strides Pharma ScienceLtd","MARSHALL WACE INVESTMENT STRATEGIES  EUREKA FUND","BUY","1,99,486","671.85",
"25-JAN-2024","STAR","Strides Pharma ScienceLtd","SOCIETE GENERALE","SELL","1,99,486","671.85",
"25-JAN-2024","SUNDARMFIN","Sundaram Finance Ltd.","MARSHALL WACE INVESTMENT STRATEGIES  EUREKA FUND","BUY","95,628","3,596.85",
"25-JAN-2024","SUNDARMFIN","Sundaram Finance Ltd.","SOCIETE GENERALE","SELL","95,628","3,596.85",
"25-JAN-2024","SUNPHARMA","Sun Pharma Industries Ltd","MARSHALL WACE INVESTMENT STRATEGIES  EUREKA FUND","BUY","26","1,382.10",
"25-JAN-2024","SUNPHARMA","Sun Pharma Industries Ltd","MARSHALL WACE INVESTMENT STRATEGIES MARKET NEUTRAL TOPS FUND","BUY","1,27,712","1,382.10",
"25-JAN-2024","SUNPHARMA","Sun Pharma Industries Ltd","MARSHALL WACE INVESTMENT STRATEGIES TOPS FUND","BUY","3,160","1,382.10",
"25-JAN-2024","SUNPHARMA","Sun Pharma Industries Ltd","SOCIETE GENERALE","SELL","1,30,898","1,382.10",
"25-JAN-2024","SYRMA","Syrma SGS Technology Ltd","MARSHALL WACE INVESTMENT STRATEGIES  EUREKA FUND","BUY","1,68,276","595.30",
"25-JAN-2024","SYRMA","Syrma SGS Technology Ltd","SOCIETE GENERALE","SELL","1,68,276","595.30",
"25-JAN-2024","TATASTEEL","Tata Steel Limited","MARSHALL WACE INVESTMENT STRATEGIES MARKET NEUTRAL TOPS FUND","BUY","11,44,996","135.15",
"25-JAN-2024","TATASTEEL","Tata Steel Limited","SOCIETE GENERALE","SELL","11,44,996","135.15",
"25-JAN-2024","TCS","Tata Consultancy Serv Ltd","MARSHALL WACE INVESTMENT STRATEGIES MARKET NEUTRAL TOPS FUND","BUY","25,078","3,841.80",
"25-JAN-2024","TCS","Tata Consultancy Serv Ltd","MARSHALL WACE INVESTMENT STRATEGIES TOPS FUND","BUY","1,946","3,841.80",
"25-JAN-2024","TCS","Tata Consultancy Serv Ltd","SOCIETE GENERALE","SELL","27,024","3,841.80",
"25-JAN-2024","TITAN","Titan Company Limited","MARSHALL WACE INVESTMENT STRATEGIES  EUREKA FUND","BUY","3,586","3,767.85",
"25-JAN-2024","TITAN","Titan Company Limited","MARSHALL WACE INVESTMENT STRATEGIES MARKET NEUTRAL TOPS FUND","BUY","55,458","3,767.85",
"25-JAN-2024","TITAN","Titan Company Limited","MARSHALL WACE INVESTMENT STRATEGIES TOPS FUND","BUY","5,208","3,767.85",
"25-JAN-2024","TITAN","Titan Company Limited","SOCIETE GENERALE","SELL","64,252","3,767.85",
"25-JAN-2024","UBL","United Breweries Limited","MARSHALL WACE INVESTMENT STRATEGIES MARKET NEUTRAL TOPS FUND","BUY","63,597","1,876.70",
"25-JAN-2024","UBL","United Breweries Limited","MARSHALL WACE INVESTMENT STRATEGIES TOPS FUND","BUY","4,793","1,876.70",
"25-JAN-2024","UBL","United Breweries Limited","SOCIETE GENERALE","SELL","68,390","1,876.70",
"25-JAN-2024","UNIONBANK","Union Bank of India","MARSHALL WACE INVESTMENT STRATEGIES  EUREKA FUND","BUY","1,16,01,714","142.85",
"25-JAN-2024","UNIONBANK","Union Bank of India","MARSHALL WACE INVESTMENT STRATEGIES GLOBAL FINANCIALS MARKET NEUTRAL FUND","BUY","1,76,100","142.85",
"25-JAN-2024","UNIONBANK","Union Bank of India","MARSHALL WACE INVESTMENT STRATEGIES MARKET NEUTRAL TOPS FUND","BUY","20,338","142.85",
"25-JAN-2024","UNIONBANK","Union Bank of India","MARSHALL WACE INVESTMENT STRATEGIES TOPS FUND","BUY","6,77,384","142.85",
"25-JAN-2024","UNIONBANK","Union Bank of India","SOCIETE GENERALE","SELL","1,24,75,536","142.85",
"25-JAN-2024","WIPRO","Wipro Ltd","MARSHALL WACE INVESTMENT STRATEGIES  EUREKA FUND","BUY","1,75,224","478.05",
"25-JAN-2024","WIPRO","Wipro Ltd","MARSHALL WACE INVESTMENT STRATEGIES TOPS FUND","BUY","1,74,348","478.05",
"25-JAN-2024","WIPRO","Wipro Ltd","SOCIETE GENERALE","SELL","3,49,572","478.05",
"25-JAN-2024","ZOMATO","Zomato Limited","MARSHALL WACE INVESTMENT STRATEGIES  EUREKA FUND","BUY","52,90,264","136.20",
"25-JAN-2024","ZOMATO","Zomato Limited","MARSHALL WACE INVESTMENT STRATEGIES  SYSTEMATIC ALPHA PLUS FUND","BUY","5,35,329","136.20",
"25-JAN-2024","ZOMATO","Zomato Limited","MARSHALL WACE INVESTMENT STRATEGIES MARKET NEUTRAL TOPS FUND","BUY","21,43,213","136.20",
"25-JAN-2024","ZOMATO","Zomato Limited","MARSHALL WACE INVESTMENT STRATEGIES TOPS FUND","BUY","6,81,638","136.20",
"25-JAN-2024","ZOMATO","Zomato Limited","SOCIETE GENERALE","SELL","86,50,444","136.20",
"29-JAN-2024","INFIBEAM","Infibeam Avenues Limited","ABHISHEK MAYUR DESAI","SELL","30,00,000","34.90",
"29-JAN-2024","INFIBEAM","Infibeam Avenues Limited","SONAL DESAI","BUY","30,00,000","34.90",
"31-JAN-2024","INFIBEAM","Infibeam Avenues Limited","ABHISHEK MAYUR DESAI","SELL","29,00,000","35.55",
"31-JAN-2024","INFIBEAM","Infibeam Avenues Limited","SONAL DESAI","BUY","29,00,000","35.55",
"02-FEB-2024","INFIBEAM","Infibeam Avenues Limited","ABHISHEK MAYUR DESAI","SELL","31,50,000","38.00",
"02-FEB-2024","INFIBEAM","Infibeam Avenues Limited","SONAL DESAI","BUY","31,50,000","38.00",
"07-FEB-2024","BSE","BSE Limited","MARSHALL WACE INVESTMENT STRATEGIES - SYSTEMATIC ALPHA PLUS FUND","SELL","88,700","2,469.35",
"07-FEB-2024","BSE","BSE Limited","SOCIETE GENERALE","BUY","88,700","2,469.35",
"08-FEB-2024","KALYANKJIL","Kalyan Jewellers Ind Ltd","AEMV","BUY","26,883","334.00",
"08-FEB-2024","KALYANKJIL","Kalyan Jewellers Ind Ltd","AVAW","BUY","1,34,604","334.00",
"08-FEB-2024","KALYANKJIL","Kalyan Jewellers Ind Ltd","AVS MF","BUY","53,990","334.00",
"08-FEB-2024","KALYANKJIL","Kalyan Jewellers Ind Ltd","CITIGROUP GLOBAL MARKETS MAURITIUS PVT LTD","BUY","12,30,000","334.00",
"08-FEB-2024","KALYANKJIL","Kalyan Jewellers Ind Ltd","EMPLOYEES PROVIDENT FUND","BUY","11,68,451","334.00",
"08-FEB-2024","KALYANKJIL","Kalyan Jewellers Ind Ltd","FRANKLIN TEMPLETON MUTUAL FUND","BUY","30,63,102","344.20",
"08-FEB-2024","KALYANKJIL","Kalyan Jewellers Ind Ltd","GOLDMAN SACHS FUNDS - GOLDMAN SACHS INDIA EQUITY PORTFOLIO","BUY","58,47,101","334.00",
"08-FEB-2024","KALYANKJIL","Kalyan Jewellers Ind Ltd","GREATER INDIA PORTFOLIO","BUY","4,71,249","334.00",
"08-FEB-2024","KALYANKJIL","Kalyan Jewellers Ind Ltd","GS INDIA EQUITY","BUY","2,42,208","334.00",
"08-FEB-2024","KALYANKJIL","Kalyan Jewellers Ind Ltd","HIGHDELL INVESTMENT LIMITED","SELL","3,83,35,390","339.59",
"08-FEB-2024","KALYANKJIL","Kalyan Jewellers Ind Ltd","HIGHDELL INVESTMENT LTD","SELL","79,39,581","334.00",
"08-FEB-2024","KALYANKJIL","Kalyan Jewellers Ind Ltd","HIGHDELL INVESTMENT LTD","SELL","2,24,55,000","334.00",
"08-FEB-2024","KALYANKJIL","Kalyan Jewellers Ind Ltd","INVESCO MUTUAL FUND","BUY","55,38,922","334.00",
"08-FEB-2024","KALYANKJIL","Kalyan Jewellers Ind Ltd","INVESTERINGSFORENINGEN NORDEA INVEST EMERGING STARS","BUY","4,86,710","334.00",
"08-FEB-2024","KALYANKJIL","Kalyan Jewellers Ind Ltd","MEDIOLANUM BEST BRANDS - MEDIOLANUM INDIA OPPORTUNITIES","BUY","2,85,826","334.00",
"08-FEB-2024","KALYANKJIL","Kalyan Jewellers Ind Ltd","MOTILAL OSWAL MUTUAL FUND A/C  MOTILAL OSWAL MIDCAP 30 FUND","BUY","1,79,36,898","344.20",
"08-FEB-2024","KALYANKJIL","Kalyan Jewellers Ind Ltd","NEW YORK STATE TEACHERS RETIREMENT SYSTEM","BUY","2,12,970","334.00",
"08-FEB-2024","KALYANKJIL","Kalyan Jewellers Ind Ltd","NOMURA FUNDS IRELAND PLC NOMURA FUNDS IRELAND INDIA EQUITY FUND","BUY","54,25,997","334.00",
"08-FEB-2024","KALYANKJIL","Kalyan Jewellers Ind Ltd","NOMURA FUNDS IRELAND PLCNOMURA FUNDS IRELAND   ASIA EX JAPAN HIGH CONVICTION FUND","BUY","12,44,842","334.00",
"08-FEB-2024","KALYANKJIL","Kalyan Jewellers Ind Ltd","NORDEA 1 SICAV","BUY","49,30,649","334.00",
"08-FEB-2024","KALYANKJIL","Kalyan Jewellers Ind Ltd","NORDEA 1 SICAV","BUY","4,19,522","334.00",
"08-FEB-2024","KALYANKJIL","Kalyan Jewellers Ind Ltd","NORDEA 1 SICAV","BUY","1,42,044","334.00",
"08-FEB-2024","KALYANKJIL","Kalyan Jewellers Ind Ltd","NORDEA EQUITY OPPORTUNITIES FUND","BUY","67,483","334.00",
"08-FEB-2024","KALYANKJIL","Kalyan Jewellers Ind Ltd","NORDEAFAREASTFUND","BUY","6,63,173","334.00",
"08-FEB-2024","KALYANKJIL","Kalyan Jewellers Ind Ltd","SEETHARAMA IYER THRIKUR KALYANARAMAN","BUY","7,48,503","334.00",
"08-FEB-2024","KALYANKJIL","Kalyan Jewellers Ind Ltd","SUNDARAM MUTUAL FUND","BUY","26,94,611","334.00",
"08-FEB-2024","KALYANKJIL","Kalyan Jewellers Ind Ltd","THE MASTER TRUST BANK OF JAPAN LIMITED AC NOMURA INDIA INVESTMENT FUND MOTHER FUND","BUY","1,30,59,079","334.00",
"08-FEB-2024","KALYANKJIL","Kalyan Jewellers Ind Ltd","THE NOMURA TRUST AND BANKING CO.LTD AS THE TRUSTEE OF NOMURA INDIA STOCK MOTHER FUND","BUY","4,20,437","334.00",
"08-FEB-2024","KALYANKJIL","Kalyan Jewellers Ind Ltd","THORNBURG DEVELOPING WORLD FUND","BUY","12,94,000","334.00",
"08-FEB-2024","KALYANKJIL","Kalyan Jewellers Ind Ltd","TINIESA","BUY","26,770","334.00",
"08-FEB-2024","KALYANKJIL","Kalyan Jewellers Ind Ltd","UNIVERSAL-INVESTMENT-GESELLSCHAFT MBH FOR UI-BA-FONDS","BUY","7,00,886","334.00",
"08-FEB-2024","KALYANKJIL","Kalyan Jewellers Ind Ltd","UNIVERSAL-INVESTMENT-GESELLSCHAFT MBH FOR UI-ZW-FONDS","BUY","1,93,061","334.00",
"08-FEB-2024","MANKIND","Mankind Pharma Limited","ABUDHABI INVESTMENT AUTHORITY MONSOON ","BUY","47,645","2,107.35",
"08-FEB-2024","MANKIND","Mankind Pharma Limited","AMERICAN FUNDS INSURANCE SERIES NEW WORLD FUND","BUY","1,08,345","2,107.35",
"08-FEB-2024","MANKIND","Mankind Pharma Limited","ARJUN  JUNEJA","SELL","12,00,564","2,107.35",
"08-FEB-2024","MANKIND","Mankind Pharma Limited","ARJUN JUNEJA","SELL","12,00,564","2,107.35",
"08-FEB-2024","MANKIND","Mankind Pharma Limited","ASK EMERGING OPPORTUNITIES FUND","BUY","50,043","2,107.35",
"08-FEB-2024","MANKIND","Mankind Pharma Limited","AXIS MUTUAL FUND","BUY","98,437","2,107.35",
"08-FEB-2024","MANKIND","Mankind Pharma Limited","AXIS MUTUAL FUND","BUY","98,438","2,107.35",
"08-FEB-2024","MANKIND","Mankind Pharma Limited","BAJAJ ALLIANZ LIFE INSURANCE COMPANY LIMITED","BUY","50,043","2,107.35",
"08-FEB-2024","MANKIND","Mankind Pharma Limited","BANDHAN MUTUAL FUND","BUY","50,043","2,107.35",
"08-FEB-2024","MANKIND","Mankind Pharma Limited","BLACKSTONE AQUA MASTER SUB-FUND","BUY","50,043","2,107.35",
"08-FEB-2024","MANKIND","Mankind Pharma Limited","BNP PARIBAS ARBITRAGE","BUY","47,645","2,107.35",
"08-FEB-2024","MANKIND","Mankind Pharma Limited","BOFA SECURITIES EUROPE SA","BUY","47,645","2,107.35",
"08-FEB-2024","MANKIND","Mankind Pharma Limited","CANARA HSBC LIFE INSURANCE COMPANY LIMITED","BUY","50,043","2,107.35",
"08-FEB-2024","MANKIND","Mankind Pharma Limited","CAPITAL GROUP NEW WORLD FUND (LUX)","BUY","15,211","2,107.35",
"08-FEB-2024","MANKIND","Mankind Pharma Limited","CITIGROUP GLOBAL MARKETS MAURITIUS PVT LTD","BUY","59,062","2,107.35",
"08-FEB-2024","MANKIND","Mankind Pharma Limited","COPTHALL MAURITIUS INVESTMENT LIMITED","BUY","47,645","2,107.35",
"08-FEB-2024","MANKIND","Mankind Pharma Limited","COPTHALL MAURITIUS INVESTMENT LTD","BUY","2,06,718","2,107.35",
"08-FEB-2024","MANKIND","Mankind Pharma Limited","EDELWEISS MUTUAL FUND","BUY","50,043","2,107.35",
"08-FEB-2024","MANKIND","Mankind Pharma Limited","GHISALLO MASTER FUND LP","BUY","50,043","2,107.35",
"08-FEB-2024","MANKIND","Mankind Pharma Limited","GOLDMAN SACHS INVESTMENTS (MAURITIUS) I LIMITED","BUY","50,043","2,107.35",
"08-FEB-2024","MANKIND","Mankind Pharma Limited","GOVERNMENT OF SINGAPORE","BUY","16,80,714","2,107.35",
"08-FEB-2024","MANKIND","Mankind Pharma Limited","HSBC ASIAPACIFIC FUND","BUY","591","2,107.35",
"08-FEB-2024","MANKIND","Mankind Pharma Limited","HSBC GLOBAL INVESTMENT FUNDS - ASIA EX JAPAN EQUITY","BUY","8,283","2,107.35",
"08-FEB-2024","MANKIND","Mankind Pharma Limited","HSBC GLOBAL INVESTMENT FUNDS - MANAGED SOLUTIONS ASIA FOCUSED GROWTH","BUY","338","2,107.35",
"08-FEB-2024","MANKIND","Mankind Pharma Limited","HSBC POOLED INVESTMENT FUND HSBC POOLED ASIAN EQUITY FUND","BUY","35,624","2,107.35",
"08-FEB-2024","MANKIND","Mankind Pharma Limited","ICICI PRUDENTIAL LIFE INSURANCE COMPANY LIMITED","BUY","54,160","2,107.35",
"08-FEB-2024","MANKIND","Mankind Pharma Limited","INTERNATIONAL MONETARY FUND (IN RESPECT OF THE INTERNATIONAL MONETARY FUND RETIRED STAFF BENEFITS IN","BUY","640","2,107.35",
"08-FEB-2024","MANKIND","Mankind Pharma Limited","INTERNATIONAL MONETARY FUND (IN RESPECT OF THE INTERNATIONAL MONETARY FUND STAFF RETIREMENT PLAN)","BUY","2,169","2,107.35",
"08-FEB-2024","MANKIND","Mankind Pharma Limited","INVESCO MUTUAL FUND","BUY","87,749","2,107.35",
"08-FEB-2024","MANKIND","Mankind Pharma Limited","MONETARY AUTHORITY OF SINGAPORE","BUY","2,09,276","2,107.35",
"08-FEB-2024","MANKIND","Mankind Pharma Limited","MORGAN STANLEY ASIA SINGAPORE PTE","BUY","50,043","2,107.35",
"08-FEB-2024","MANKIND","Mankind Pharma Limited","MOTILAL OSWAL ASSET MANAGEMENT COMPANY LIMITED","BUY","86,009","2,107.35",
"08-FEB-2024","MANKIND","Mankind Pharma Limited","MOTILAL OSWAL MUTUAL FUND","BUY","73,010","2,107.35",
"08-FEB-2024","MANKIND","Mankind Pharma Limited","NEW WORLD FUND INC","BUY","17,66,434","2,107.35",
"08-FEB-2024","MANKIND","Mankind Pharma Limited","NOMURA A/C NOMURA FUND IRELAND PUBLIC LIMITED COMPANY NOMURA FUND IRELAND INDIA EQUITY FUND","BUY","2,67,343","2,107.35",
"08-FEB-2024","MANKIND","Mankind Pharma Limited","NOMURA FUNDS IRELAND PLC - NOMURA FUNDS IRELAND INDIA EQUITY FUND","BUY","47,643","2,107.35",
"08-FEB-2024","MANKIND","Mankind Pharma Limited","NOMURA SINGAPORE LIMITED","BUY","50,043","2,107.35",
"08-FEB-2024","MANKIND","Mankind Pharma Limited","NORGES BANK ON ACCOUNT OF THE GOVERNMENT PENSION FUND GLOBAL","BUY","1,26,516","2,107.35",
"08-FEB-2024","MANKIND","Mankind Pharma Limited","PUJA  JUNEJA","SELL","11,35,668","2,107.35",
"08-FEB-2024","MANKIND","Mankind Pharma Limited","PUJA JUNEJA","SELL","11,35,668","2,107.35",
"08-FEB-2024","MANKIND","Mankind Pharma Limited","SBI MUTUAL FUND","BUY","2,85,467","2,107.35",
"08-FEB-2024","MANKIND","Mankind Pharma Limited","SBI MUTUAL FUND","BUY","2,85,465","2,107.35",
"08-FEB-2024","MANKIND","Mankind Pharma Limited","SHEETAL  ARORA","SELL","9,08,535","2,107.35",
"08-FEB-2024","MANKIND","Mankind Pharma Limited","SHEETAL ARORA","SELL","9,08,535","2,107.35",
"08-FEB-2024","MANKIND","Mankind Pharma Limited","SOCIETE GENERALE","BUY","1,94,882","2,107.35",
"08-FEB-2024","VENUSPIPES","Venus Pipes & Tubes Ltd","HIMALAYA FINANCE AND INVESTMENT CO","SELL","2,53,800","1,500.00",
"08-FEB-2024","VENUSPIPES","Venus Pipes & Tubes Ltd","PIONEER INVESTMENT FUND SCHEME II","BUY","2,53,800","1,500.00",
"12-FEB-2024","PEL","Piramal Enterprises Ltd.","EAST BRIDGE CAPITAL MASTER FUND I LIMITED","BUY","9,28,000","883.25",
"12-FEB-2024","PEL","Piramal Enterprises Ltd.","EAST BRIDGE CAPITAL MASTER FUND LIMITED","SELL","9,28,000","883.25",
"14-FEB-2024","BAJAJFINSV","Bajaj Finserv Limited","BACHHRAJ & CO PRIVATE LIMITED","BUY","14,26,965","1,582.00",
"14-FEB-2024","BAJAJFINSV","Bajaj Finserv Limited","DEEPA BAJAJ","SELL","1,24,125","1,582.00",
"14-FEB-2024","BAJAJFINSV","Bajaj Finserv Limited","RAJIVNAYAN BAJAJ","SELL","3,20,590","1,582.00",
"14-FEB-2024","BAJAJFINSV","Bajaj Finserv Limited","RISHAB FAMILY TRUST","SELL","9,82,250","1,582.00",
"14-FEB-2024","JSL","Jindal Stainless Limited","ELM PARK FUND LIMITED","SELL","29,00,000","575.35",
"14-FEB-2024","JSL","Jindal Stainless Limited","JSL OVERSEAS HOLDING LIMITED","BUY","29,00,000","575.35",
"20-FEB-2024","JINDALSAW","Jindal Saw Limited","COPTHALL MAURITIUS INVESTMENT LIMITED","BUY","3,50,000","521.00",
"20-FEB-2024","JINDALSAW","Jindal Saw Limited","ERISKA INVESTMENT FUND LTD","SELL","23,50,000","521.00",
"20-FEB-2024","JINDALSAW","Jindal Saw Limited","NIPPON INDIA MUTUAL FUND - SMALL CAP FUND","BUY","12,00,000","521.00",
"20-FEB-2024","JINDALSAW","Jindal Saw Limited","SAMCO MUTUAL FUND(ACTIVE MOMENTUM FUND)","BUY","3,00,000","521.00",
"20-FEB-2024","JINDALSAW","Jindal Saw Limited","SAMCO MUTUAL FUND(DYNAMIC ASSET ALLOCATION FUND)","BUY","2,50,000","521.00",
"20-FEB-2024","JINDALSAW","Jindal Saw Limited","SOCIETE GENERALE","BUY","2,50,000","521.00",
"20-FEB-2024","JSL","Jindal Stainless Limited","ELM PARK FUND LIMITED","SELL","11,30,000","640.00",
"20-FEB-2024","JSL","Jindal Stainless Limited","JSL OVERSEAS HOLDING LIMITED","BUY","11,30,000","640.00",
"20-FEB-2024","TFCILTD","Tourism Finance Corp","ADITYA KUMAR HALWASIYA","BUY","1,18,02,094","209.75",
"20-FEB-2024","TFCILTD","Tourism Finance Corp","KOPPARA SAJEEVE THOMAS","SELL","34,44,133","209.75",
"20-FEB-2024","TFCILTD","Tourism Finance Corp","PRANSATREE HOLDINGS PTE. LIMITED","SELL","42,56,100","209.75",
"20-FEB-2024","TFCILTD","Tourism Finance Corp","VARANIUM CAPITAL ADVISORS PRIVATE LIMITED","SELL","10,04,400","209.75",
"20-FEB-2024","TFCILTD","Tourism Finance Corp","VARANIUM INDIA OPPORTUNITY LTD","SELL","30,97,461","209.75",
"21-FEB-2024","CAMPUS","Campus Activewear Limited","QRG INVESTMENTS AND HOLDINGS LIMITED","SELL","40,65,000","245.00",
"21-FEB-2024","CAMPUS","Campus Activewear Limited","SBI MUTUAL FUND","BUY","40,65,000","245.00",
"21-FEB-2024","DEVYANI","Devyani International Ltd","AXIS MUTUAL FUND","BUY","30,00,000","164.10",
"21-FEB-2024","DEVYANI","Devyani International Ltd","BANDHAN MUTUAL FUND","BUY","3,57,142","164.10",
"21-FEB-2024","DEVYANI","Devyani International Ltd","BANDHAN MUTUAL FUND","BUY","10,71,429","164.10",
"21-FEB-2024","DEVYANI","Devyani International Ltd","BANDHAN MUTUAL FUND.","BUY","10,71,429","164.10",
"21-FEB-2024","DEVYANI","Devyani International Ltd","CITIGROUP GLOBAL MARKETS MAURITIUS PVT LTD","BUY","9,60,000","164.10",
"21-FEB-2024","DEVYANI","Devyani International Ltd","COPTHALL MAURITIUS INVESTMENT LIMITED","BUY","20,00,000","164.10",
"21-FEB-2024","DEVYANI","Devyani International Ltd","EMPLOYEES PROVIDENT FUND","BUY","38,00,000","164.10",
"21-FEB-2024","DEVYANI","Devyani International Ltd","FRANKLIN TEMPLETON MUTUAL FUND","BUY","50,00,000","164.10",
"21-FEB-2024","DEVYANI","Devyani International Ltd","GHISALLO MASTER FUND LP","BUY","22,23,330","164.10",
"21-FEB-2024","DEVYANI","Devyani International Ltd","GOLDMAN SACHS (SINGAPORE) PTE","BUY","10,00,000","164.10",
"21-FEB-2024","DEVYANI","Devyani International Ltd","GOLDMAN SACHS FUNDS - GOLDMAN SACHS INDIA EQUITY PORTFOLIO","BUY","18,51,955","164.10",
"21-FEB-2024","DEVYANI","Devyani International Ltd","GOVERNMENT OF SINGAPORE","BUY","44,43,479","164.10",
"21-FEB-2024","DEVYANI","Devyani International Ltd","GS INDIA EQUITY","BUY","63,066","164.10",
"21-FEB-2024","DEVYANI","Devyani International Ltd","HDFC MUTUAL FUND","BUY","7,50,000","164.10",
"21-FEB-2024","DEVYANI","Devyani International Ltd","HDFC STANDARD LIFE INSURANCE COMPANY LIMITED","BUY","28,00,000","164.10",
"21-FEB-2024","DEVYANI","Devyani International Ltd","MEDIOLANUM BEST BRANDS- MEDIOLANUM INDIA OPPORTUNITIES","BUY","84,979","164.10",
"21-FEB-2024","DEVYANI","Devyani International Ltd","MONETARY AUTHORITY OF SINGAPORE","BUY","5,56,521","164.10",
"21-FEB-2024","DEVYANI","Devyani International Ltd","MORGAN STANLEY ASIA SINGAPORE PTE","BUY","5,50,000","164.10",
"21-FEB-2024","DEVYANI","Devyani International Ltd","MORGAN STANLEY ASIA SINGAPORE PTE","BUY","18,75,000","164.10",
"21-FEB-2024","DEVYANI","Devyani International Ltd","NIPPON INDIA MUTUAL FUND","BUY","80,00,000","164.10",
"21-FEB-2024","DEVYANI","Devyani International Ltd","PGIM INDIA MUTUAL FUND","BUY","17,50,000","164.10",
"21-FEB-2024","DEVYANI","Devyani International Ltd","SOCIETE GENERALE","BUY","50,75,000","164.10",
"21-FEB-2024","DEVYANI","Devyani International Ltd","SUNDARAM MUTUAL FUND","BUY","48,00,000","164.10",
"21-FEB-2024","DEVYANI","Devyani International Ltd","YUM RESTAURANTS INDIA PVT LTD","SELL","5,30,83,330","164.10",
"27-FEB-2024","BSE","BSE Limited","MARSHALL WACE INVESTMENT STRATEGIES - SYSTEMATIC ALPHA PLUS FUND","SELL","47,014","2,278.95",
"27-FEB-2024","BSE","BSE Limited","SOCIETE GENERALE","BUY","47,014","2,278.95",
"28-FEB-2024","APTUS","Aptus Value Hsg Fin I Ltd","STEADVIEW CAPITAL MAURITIUS LIMITED","BUY","32,05,000","328.50",
"28-FEB-2024","APTUS","Aptus Value Hsg Fin I Ltd","STEADVIEW CAPITAL OPPORTUNITIES PCC","SELL","32,05,000","328.50",
"28-FEB-2024","CUPID","Cupid Limited","DOVETAIL INDIA FUND","BUY","45,000","2,700.00",
"28-FEB-2024","CUPID","Cupid Limited","EBENE GLOBAL OPPORTUNITY FUND","SELL","45,000","2,700.00",
"28-FEB-2024","KAMDHENU","Kamdhenu Ispat Limited","DOVETAIL INDIA FUND","BUY","5,00,000","581.40",
"28-FEB-2024","KAMDHENU","Kamdhenu Ispat Limited","THREE DEE EXIM PRIVATE LIMITED","SELL","5,00,000","581.40",
"29-FEB-2024","JSL","Jindal Stainless Limited","ELM PARK FUND LIMITED","SELL","32,50,000","647.10",
"29-FEB-2024","JSL","Jindal Stainless Limited","VIRTUOUS TRADECORP PRIVATE LIMITED","BUY","32,50,000","647.10",
"01-MAR-2024","JSL","Jindal Stainless Limited","ELM PARK FUND LIMITED","SELL","30,75,000","652.00",
"01-MAR-2024","JSL","Jindal Stainless Limited","VIRTUOUS TRADECORP PRIVATE LIMITED","BUY","30,75,000","652.00",
"05-MAR-2024","HATSUN","Hatsun Agro Product Ltd.","CHANDRAMOGAN R G","BUY","1,00,162","1,129.55",
"05-MAR-2024","HATSUN","Hatsun Agro Product Ltd.","MALABAR VALUE FUND   - AIF","SELL","1,00,162","1,129.55",
"06-MAR-2024","DOLLAR","Dollar Industries Limited","BAJRANG KUMAR GUPTA","SELL","5,00,000","490.00",
"06-MAR-2024","DOLLAR","Dollar Industries Limited","FIDELITY ASIAN VALUES PLC","BUY","1,36,779","490.00",
"06-MAR-2024","DOLLAR","Dollar Industries Limited","FIDELITY FUNDS ASIAN SMALLER COMPANIES POOL","BUY","3,63,221","490.00",
"06-MAR-2024","WELCORP","Welspun Corp Limited","VIPUL  MATHUR","SELL","4,50,000","541.50",
"06-MAR-2024","WELCORP","Welspun Corp Limited","WELSPUN GROUP MASTER TRUST","BUY","4,50,000","541.50",
"07-MAR-2024","BHARTIARTL","Bharti Airtel Limited","ABU DHABI INVESTMENT AUTHORITY - GULAB","BUY","2,07,677","1,193.70",
"07-MAR-2024","BHARTIARTL","Bharti Airtel Limited","ACTIVE EMERGING MARKETS EQUITY FUND","BUY","2,99,609","1,193.70",
"07-MAR-2024","BHARTIARTL","Bharti Airtel Limited","AUSTRALIANSUPER","BUY","16,94,349","1,193.70",
"07-MAR-2024","BHARTIARTL","Bharti Airtel Limited","BBH GQG PARTNERS EMERGING MARKETS EQUITY MASTER FUND LP","BUY","10,10,479","1,193.70",
"07-MAR-2024","BHARTIARTL","Bharti Airtel Limited","CARE SUPER PTY LTD AS TRUSTEE FOR CARE SUPER","BUY","2,33,918","1,193.70",
"07-MAR-2024","BHARTIARTL","Bharti Airtel Limited","GENERAL ORGANIZATION FOR SOCIAL INSURANCE","BUY","5,07,076","1,193.70",
"07-MAR-2024","BHARTIARTL","Bharti Airtel Limited","GOLDMAN SACHS TRUST II - GOLDMAN SACHS GQG PARTNERS INTERNATIONAL OPPORTUNITIES FUND","BUY","1,82,02,353","1,193.70",
"07-MAR-2024","BHARTIARTL","Bharti Airtel Limited","GQG PARTNERS EMERGING MARKETS EQUITY FUND","BUY","6,09,553","1,193.70",
"07-MAR-2024","BHARTIARTL","Bharti Airtel Limited","GQG PARTNERS EMERGING MARKETS EQUITY FUND","BUY","1,74,38,276","1,193.70",
"07-MAR-2024","BHARTIARTL","Bharti Airtel Limited","GQG PARTNERS EMERGING MARKETS EQUITY FUND A SERIES OF GQG PARTNERS SERIES LLC","BUY","27,93,636","1,193.70",
"07-MAR-2024","BHARTIARTL","Bharti Airtel Limited","GQG PARTNERS EMERGING MARKETS EQUITY FUND A SUB FUND OF GQG GLOBAL UCITS ICAV","BUY","22,70,684","1,193.70",
"07-MAR-2024","BHARTIARTL","Bharti Airtel Limited","GQG PARTNERS INTERNATIONAL EQUITY FUND A SERIES OF GQG PARTNERS SERIES LLC","BUY","1,79,831","1,193.70",
"07-MAR-2024","BHARTIARTL","Bharti Airtel Limited","GQG PARTNERS INTERNATIONAL QUALITY EQUITY FUND","BUY","1,30,209","1,193.70",
"07-MAR-2024","BHARTIARTL","Bharti Airtel Limited","GSF II GOLDMAN SACHS GLOBAL MULTI MANAGER ALTERNATIVES PORTFOLIO","BUY","7,163","1,193.70",
"07-MAR-2024","BHARTIARTL","Bharti Airtel Limited","JNL/GQG EMERGING MARKETS EQUITY FUND","BUY","7,27,746","1,193.70",
"07-MAR-2024","BHARTIARTL","Bharti Airtel Limited","PASTEL LIMITED","SELL","4,90,00,000","1,193.70",
"07-MAR-2024","BHARTIARTL","Bharti Airtel Limited","RELIANCE TRUST INSTITUTIONAL RETIREMENT TRUST SERIES ELEVEN","BUY","16,59,987","1,193.70",
"07-MAR-2024","BHARTIARTL","Bharti Airtel Limited","RELIANCE TRUST INSTITUTIONAL RETIREMENT TRUST SERIES TWELVE","BUY","7,51,583","1,193.70",
"07-MAR-2024","BHARTIARTL","Bharti Airtel Limited","UNITED SUPER PTY LTD AS TRUSTEE FOR CONSTRUCTION AND BUILDING UNIONS SUPERANNUATION FUND","BUY","1,82,022","1,193.70",
"07-MAR-2024","BHARTIARTL","Bharti Airtel Limited","WITAN INVESTMENT TRUST PLC RE GQG PARTNERS LLC","BUY","93,849","1,193.70",
"07-MAR-2024","BSOFT","BIRLASOFT LIMITED","SEB ASIENFOND EX JAPAN","BUY","2,03,544","769.10",
"07-MAR-2024","BSOFT","BIRLASOFT LIMITED","SEB FUND 3 SEB PENSION FUND","SELL","2,03,544","769.10",
"07-MAR-2024","HINDZINC","Hindustan Zinc Limited","SEB ASIENFOND EX JAPAN","BUY","3,27,175","307.55",
"07-MAR-2024","HINDZINC","Hindustan Zinc Limited","SEB FUND 3 SEB PENSION FUND","SELL","3,27,175","307.55",
"07-MAR-2024","INDIGO","InterGlobe Aviation Ltd","SEB ASIENFOND EX JAPAN","BUY","57,049","3,069.80",
"07-MAR-2024","INDIGO","InterGlobe Aviation Ltd","SEB FUND 3 SEB PENSION FUND","SELL","57,049","3,069.80",
"07-MAR-2024","LODHA","Macrotech Developers Ltd","SEB ASIENFOND EX JAPAN","BUY","1,17,093","1,196.65",
"07-MAR-2024","LODHA","Macrotech Developers Ltd","SEB FUND 3 SEB PENSION FUND","SELL","1,17,093","1,196.65",
"07-MAR-2024","TATAMOTORS","Tata Motors Limited","SEB ASIENFOND EX JAPAN","BUY","1,85,410","1,017.65",
"07-MAR-2024","TATAMOTORS","Tata Motors Limited","SEB FUND 3 SEB PENSION FUND","SELL","1,85,410","1,017.65",
"07-MAR-2024","TORNTPHARM","Torrent Pharma Ltd.","SEB ASIENFOND EX JAPAN","BUY","63,294","2,691.20",
"07-MAR-2024","TORNTPHARM","Torrent Pharma Ltd.","SEB FUND 3 SEB PENSION FUND","SELL","63,294","2,691.20",
"12-MAR-2024","INFIBEAM","Infibeam Avenues Limited","ABHISHEK MAYUR DESAI","SELL","60,00,000","39.60",
"12-MAR-2024","INFIBEAM","Infibeam Avenues Limited","SONAL DESAI","BUY","60,00,000","39.60",
"14-MAR-2024","INFIBEAM","Infibeam Avenues Limited","ABHISHEK MAYUR DESAI","SELL","70,00,000","36.95",
"14-MAR-2024","INFIBEAM","Infibeam Avenues Limited","SONAL DESAI","BUY","70,00,000","36.95",
"18-MAR-2024","INFIBEAM","Infibeam Avenues Limited","ABHISHEK MAYUR DESAI","SELL","70,00,000","37.05",
"18-MAR-2024","INFIBEAM","Infibeam Avenues Limited","SONAL DESAI","BUY","70,00,000","37.05",
"19-MAR-2024","LORDSCHLO","Lords Chloro Alkali Ltd","MADHAV  DHIR","BUY","11,50,000","127.80",
"19-MAR-2024","LORDSCHLO","Lords Chloro Alkali Ltd","SHIVA CONSULTANTS PRIVATE LIMITED","SELL","11,50,000","127.80",
"20-MAR-2024","INFIBEAM","Infibeam Avenues Limited","ABHISHEK MAYUR DESAI","SELL","60,00,000","35.90",
"20-MAR-2024","INFIBEAM","Infibeam Avenues Limited","SONAL DESAI","BUY","60,00,000","35.90",
"22-MAR-2024","INFIBEAM","Infibeam Avenues Limited","ABHISHEK MAYUR DESAI","SELL","60,00,000","35.00",
"22-MAR-2024","INFIBEAM","Infibeam Avenues Limited","SONAL DESAI","BUY","60,00,000","35.00",
"22-MAR-2024","SHRIRAMFIN","Shriram Finance Limited","SHRIRAM OWNERSHIP TRUST","SELL","77,78,000","2,310.00",
"22-MAR-2024","SHRIRAMFIN","Shriram Finance Limited","SHRIRAM VALUE SERVICES LIMITED","BUY","77,78,000","2,310.00",
"22-MAR-2024","SOTL","Savita Oil Technologies L","MEHRA SYNDICATE","SELL","20,73,000","408.00",
"22-MAR-2024","SOTL","Savita Oil Technologies L","SBI MUTUAL FUND","BUY","20,73,000","408.00",
"22-MAR-2024","SUNDARMHLD","Sundaram Finance Hold Ltd","ARJUN RANGARAJAN","BUY","9,00,000","191.00",
"22-MAR-2024","SUNDARMHLD","Sundaram Finance Hold Ltd","SRIVATS RAM","BUY","6,83,000","191.00",
"22-MAR-2024","SUNDARMHLD","Sundaram Finance Hold Ltd","SUNDARAM FINANCE  LTD","SELL","55,56,529","191.00",
"22-MAR-2024","SUNDARMHLD","Sundaram Finance Hold Ltd","TRICHUR SUNDARAM SANTHANAM & FAMILY PRIVATE LIMITED .","BUY","39,73,529","191.00",
"27-MAR-2024","SAMHI","Samhi Hotels Limited","BLUE CHANDRA PTE. LTD","SELL","1,01,73,756","206.10",
"27-MAR-2024","SAMHI","Samhi Hotels Limited","DNB FUND - ASIAN SMALL CAP","BUY","3,94,700","206.10",
"27-MAR-2024","SAMHI","Samhi Hotels Limited","DNB FUND - INDIA","BUY","3,44,600","206.10",
"27-MAR-2024","SAMHI","Samhi Hotels Limited","SOCIETE GENERALE","BUY","11,51,677","206.10",
"27-MAR-2024","SAMHI","Samhi Hotels Limited","TT ASIA-PACIFIC EQUITY FUND","BUY","82,82,779","206.10",
"27-MAR-2024","VIJAYA","Vijaya Diagnostic Cen Ltd","KOTAK MAHINDRA MUTUAL FUND","BUY","8,10,000","630.00",
"27-MAR-2024","VIJAYA","Vijaya Diagnostic Cen Ltd","SUNIL CHANDRA KONDAPALLY","SELL","5,10,000","630.00",
"27-MAR-2024","VIJAYA","Vijaya Diagnostic Cen Ltd","SURENDRANATH REDDY SURA","SELL","3,00,000","630.00",
"28-MAR-2024","DHANI","Dhani Services Limited","ACM GLOBAL FUND VCC","BUY","1,00,00,000","39.20",
"28-MAR-2024","DHANI","Dhani Services Limited","INUUS DEVELOPERS PRIVATE LIMITED","SELL","1,00,00,000","39.20",
"28-MAR-2024","SHRIRAMFIN","Shriram Finance Limited","SANLAM LIFE INSURANCE LIMITED","SELL","59,80,000","2,386.00",
"28-MAR-2024","SHRIRAMFIN","Shriram Finance Limited","SHRIRAM VALUE SERVICES LIMITED","BUY","59,80,000","2,386.00",
"09-APR-2024","AXISBANK","Axis Bank Limited","STICHTING CUST ROBECO INST RE:CALYP","SELL","4,58,401","1,076.05",
"09-APR-2024","AXISBANK","Axis Bank Limited","STICHTING PENSIOENFONDS RAIL & OPENBAAR VERVOER","BUY","4,58,401","1,076.05",
"09-APR-2024","HCLTECH","HCL Technologies Ltd.","STICHTING CUST ROBECO INST RE:CALYP","SELL","4,46,825","1,540.05",
"09-APR-2024","HCLTECH","HCL Technologies Ltd.","STICHTING PENSIOENFONDS RAIL & OPENBAAR VERVOER","BUY","4,46,825","1,540.05",
"09-APR-2024","HDFCBANK","HDFC Bank Ltd.","STICHTING CUST ROBECO INST RE:CALYP","SELL","4,09,783","1,546.60",
"09-APR-2024","HDFCBANK","HDFC Bank Ltd.","STICHTING PENSIOENFONDS RAIL & OPENBAAR VERVOER","BUY","4,09,783","1,546.60",
"09-APR-2024","M&M","Mah & Mah Ltd.","STICHTING CUST ROBECO INST RE:CALYP","SELL","2,80,386","2,078.10",
"09-APR-2024","M&M","Mah & Mah Ltd.","STICHTING PENSIOENFONDS RAIL & OPENBAAR VERVOER","BUY","2,80,386","2,078.10",
"09-APR-2024","MGL","Mahanagar Gas Ltd.","STICHTING CUST ROBECO INST RE:CALYP","SELL","1,33,121","1,483.10",
"09-APR-2024","MGL","Mahanagar Gas Ltd.","STICHTING PENSIOENFONDS RAIL & OPENBAAR VERVOER","BUY","1,33,121","1,483.10",
"09-APR-2024","PETRONET","Petronet LNG Limited","STICHTING CUST ROBECO INST RE:CALYP","SELL","6,05,855","281.00",
"09-APR-2024","PETRONET","Petronet LNG Limited","STICHTING PENSIOENFONDS RAIL & OPENBAAR VERVOER","BUY","6,05,855","281.00",
"23-APR-2024","BANDHANBNK","Bandhan Bank Limited","MARSHALL WACE INVESTMENT STRATEGIES - EUREKA FUND","SELL","1,17,48,919","180.80",
"23-APR-2024","BANDHANBNK","Bandhan Bank Limited","MARSHALL WACE INVESTMENT STRATEGIES-GLOBAL FINANCIALS MARKET NEUTRAL FUND","SELL","3,67,179","180.80",
"23-APR-2024","BANDHANBNK","Bandhan Bank Limited","SOCIETE GENERALE","BUY","1,21,16,098","180.80",
"23-APR-2024","BANKBARODA","Bank of Baroda","MARSHALL WACE INVESTMENT STRATEGIES - EUREKA FUND","SELL","3,16,25,157","261.30",
"23-APR-2024","BANKBARODA","Bank of Baroda","MARSHALL WACE INVESTMENT STRATEGIES-GLOBAL FINANCIALS MARKET NEUTRAL FUND","SELL","10,13,140","261.30",
"23-APR-2024","BANKBARODA","Bank of Baroda","SOCIETE GENERALE","BUY","3,26,38,297","261.30",
"23-APR-2024","BANKINDIA","Bank of India","MARSHALL WACE INVESTMENT STRATEGIES - EUREKA FUND","SELL","25,66,792","141.25",
"23-APR-2024","BANKINDIA","Bank of India","SOCIETE GENERALE","BUY","25,66,792","141.25",
"23-APR-2024","BIKAJI","Bikaji Foods Intern Ltd","MARSHALL WACE INVESTMENT STRATEGIES - EUREKA FUND","SELL","2,46,568","514.05",
"23-APR-2024","BIKAJI","Bikaji Foods Intern Ltd","SOCIETE GENERALE","BUY","2,46,568","514.05",
"23-APR-2024","CAMPUS","Campus Activewear Limited","MARSHALL WACE INVESTMENT STRATEGIES - EUREKA FUND","SELL","7,37,249","233.50",
"23-APR-2024","CAMPUS","Campus Activewear Limited","SOCIETE GENERALE","BUY","7,37,249","233.50",
"23-APR-2024","CANBK","Canara Bank","MARSHALL WACE INVESTMENT STRATEGIES - EUREKA FUND","SELL","68,35,174","599.80",
"23-APR-2024","CANBK","Canara Bank","MARSHALL WACE INVESTMENT STRATEGIES-GLOBAL FINANCIALS MARKET NEUTRAL FUND","SELL","2,05,538","599.80",
"23-APR-2024","CANBK","Canara Bank","SOCIETE GENERALE","BUY","70,40,712","599.80",
"23-APR-2024","CHALET","Chalet Hotels Limited","MARSHALL WACE INVESTMENT STRATEGIES - EUREKA FUND","SELL","1,30,585","887.55",
"23-APR-2024","CHALET","Chalet Hotels Limited","SOCIETE GENERALE","BUY","1,30,585","887.55",
"23-APR-2024","DEVYANI","Devyani International Ltd","MARSHALL WACE INVESTMENT STRATEGIES - EUREKA FUND","SELL","17,92,817","163.00",
"23-APR-2024","DEVYANI","Devyani International Ltd","SOCIETE GENERALE","BUY","17,92,817","163.00",
"23-APR-2024","ISEC","ICICI Securities Limited","MARSHALL WACE INVESTMENT STRATEGIES - EUREKA FUND","SELL","3,17,816","723.15",
"23-APR-2024","ISEC","ICICI Securities Limited","SOCIETE GENERALE","BUY","3,17,816","723.15",
"23-APR-2024","LICI","Life Insura Corp of India","MARSHALL WACE INVESTMENT STRATEGIES - EUREKA FUND","SELL","1,41,807","974.60",
"23-APR-2024","LICI","Life Insura Corp of India","SOCIETE GENERALE","BUY","1,41,807","974.60",
"23-APR-2024","MANAPPURAM","Manappuram Finance Ltd","MARSHALL WACE INVESTMENT STRATEGIES - EUREKA FUND","SELL","71,30,120","191.00",
"23-APR-2024","MANAPPURAM","Manappuram Finance Ltd","MARSHALL WACE INVESTMENT STRATEGIES-GLOBAL FINANCIALS MARKET NEUTRAL FUND","SELL","2,28,459","191.00",
"23-APR-2024","MANAPPURAM","Manappuram Finance Ltd","SOCIETE GENERALE","BUY","73,58,579","191.00",
"23-APR-2024","MANYAVAR","Vedant Fashions Limited","MARSHALL WACE INVESTMENT STRATEGIES - EUREKA FUND","SELL","3,70,643","932.90",
"23-APR-2024","MANYAVAR","Vedant Fashions Limited","SOCIETE GENERALE","BUY","3,70,643","932.90",
"23-APR-2024","NXST","Nexus Select Trust","MARSHALL WACE INVESTMENT STRATEGIES - EUREKA FUND","SELL","19,95,349","133.86",
"23-APR-2024","NXST","Nexus Select Trust","SOCIETE GENERALE","BUY","19,95,349","133.86",
"23-APR-2024","PFC","Power Finance Corporation","MARSHALL WACE INVESTMENT STRATEGIES - EUREKA FUND","SELL","29,56,814","404.35",
"23-APR-2024","PFC","Power Finance Corporation","MARSHALL WACE INVESTMENT STRATEGIES-GLOBAL FINANCIALS MARKET NEUTRAL FUND","SELL","1,01,777","404.35",
"23-APR-2024","PFC","Power Finance Corporation","SOCIETE GENERALE","BUY","30,58,591","404.35",
"23-APR-2024","PNBHOUSING","PNB Housing Fin Ltd.","MARSHALL WACE INVESTMENT STRATEGIES - EUREKA FUND","SELL","2,30,477","769.90",
"23-APR-2024","PNBHOUSING","PNB Housing Fin Ltd.","SOCIETE GENERALE","BUY","2,30,477","769.90",
"23-APR-2024","POLICYBZR","PB Fintech Limited","MARSHALL WACE INVESTMENT STRATEGIES - EUREKA FUND","SELL","3,79,064","1,201.70",
"23-APR-2024","POLICYBZR","PB Fintech Limited","SOCIETE GENERALE","BUY","3,79,064","1,201.70",
"23-APR-2024","PRESTIGE","Prestige Estate Ltd","MARSHALL WACE INVESTMENT STRATEGIES - EUREKA FUND","SELL","2,19,284","1,242.90",
"23-APR-2024","PRESTIGE","Prestige Estate Ltd","SOCIETE GENERALE","BUY","2,19,284","1,242.90",
"23-APR-2024","RECLTD","Rural Electrification Cor","MARSHALL WACE INVESTMENT STRATEGIES - EUREKA FUND","SELL","12,18,481","434.50",
"23-APR-2024","RECLTD","Rural Electrification Cor","MARSHALL WACE INVESTMENT STRATEGIES-GLOBAL FINANCIALS MARKET NEUTRAL FUND","SELL","40,013","434.50",
"23-APR-2024","RECLTD","Rural Electrification Cor","SOCIETE GENERALE","BUY","12,58,494","434.50",
"23-APR-2024","SAMHI","Samhi Hotels Limited","MARSHALL WACE INVESTMENT STRATEGIES - EUREKA FUND","SELL","7,97,045","193.45",
"23-APR-2024","SAMHI","Samhi Hotels Limited","SOCIETE GENERALE","BUY","7,97,045","193.45",
"23-APR-2024","UNIONBANK","Union Bank of India","MARSHALL WACE INVESTMENT STRATEGIES - EUREKA FUND","SELL","1,23,77,844","150.60",
"23-APR-2024","UNIONBANK","Union Bank of India","MARSHALL WACE INVESTMENT STRATEGIES-GLOBAL FINANCIALS MARKET NEUTRAL FUND","SELL","2,86,566","150.60",
"23-APR-2024","UNIONBANK","Union Bank of India","SOCIETE GENERALE","BUY","1,26,64,410","150.60",
"23-APR-2024","ZOMATO","Zomato Limited","MARSHALL WACE INVESTMENT STRATEGIES - EUREKA FUND","SELL","26,24,714","193.35",
"23-APR-2024","ZOMATO","Zomato Limited","SOCIETE GENERALE","BUY","26,24,714","193.35",
"24-APR-2024","DELHIVERY","Delhivery Limited","AMERICAN FUND INSURANCE A/C AMERICAN INSURANCE SERIES GLOBAL SMALL CAPITALISATION FUND","BUY","21,10,711","444.30",
"24-APR-2024","DELHIVERY","Delhivery Limited","CANADA PENSION PLAN INVESTMENT BOARD","SELL","2,04,50,000","444.30",
"24-APR-2024","DELHIVERY","Delhivery Limited","FIDELITY INTERNATIONAL DISCOVERY COMMINGLED POOL","BUY","2,27,800","444.30",
"24-APR-2024","DELHIVERY","Delhivery Limited","FIDELITY INVESTMENT TRUST A/C. FIDELITY SOUTHEAST ASIA FUND   F351","BUY","2,82,700","444.30",
"24-APR-2024","DELHIVERY","Delhivery Limited","FIDELITY INVESTMENT TRUST FIDELITY INTERNATIONAL DISCOVERY K6 FUND","BUY","2,03,400","444.30",
"24-APR-2024","DELHIVERY","Delhivery Limited","FIDELITY MANAGEMENT  AND RESEARCH CO. A/C FIDELITY FAR EAST FUND","BUY","73,900","444.30",
"24-APR-2024","DELHIVERY","Delhivery Limited","FIDELITY MANAGEMENT AND RESEARCH CO A/C FIDELITY INVESTMENT TRUST FIDELITY INT DISCOVERY FUND","BUY","28,43,400","444.30",
"24-APR-2024","DELHIVERY","Delhivery Limited","FIDELITY MGT AND RESEARCH CO. A/C FIDELITY ADVISOR SERIES VIII : FIDELITY ADVISOR EMERGING ASIA FUND","BUY","1,18,800","444.30",
"24-APR-2024","DELHIVERY","Delhivery Limited","HSBC COLLECTIVE INVESTMENT TRUST  HSBC INDIA MULTI INCOME FUND","BUY","4,769","444.30",
"24-APR-2024","DELHIVERY","Delhivery Limited","HSBC GLOBAL INVESTMENT FUNDS INDIAN EQUITY","BUY","1,74,693","444.30",
"24-APR-2024","DELHIVERY","Delhivery Limited","HSBC INDIA INFRASTRUCTURE EQUITY MOTHER FUND  (HSBC GLOBAL) (HK1018480)","BUY","3,78,762","444.30",
"24-APR-2024","DELHIVERY","Delhivery Limited","HSBC INDIAN EQUITY FUND (HSBC GLOBAL ) (SG1020932/CANADA)","BUY","2,623","444.30",
"24-APR-2024","DELHIVERY","Delhivery Limited","HSBC INDIEN","BUY","60,587","444.30",
"24-APR-2024","DELHIVERY","Delhivery Limited","SMALLER CAP WORLD FUND INC (35 SCWF/000035)","BUY","1,38,19,289","444.30",
"24-APR-2024","DELHIVERY","Delhivery Limited","THE MASTER TRUST BANKER JAPAN LTD A/C HSBC INDIAN EQUITY  MOTHER FUND (HK0991950)","BUY","1,48,566","444.30",
"02-MAY-2024","ZAGGLE","Zaggle Prepa Ocean Ser L","ACM GLOBAL FUND VCC","BUY","4,06,246","302.00",
"02-MAY-2024","ZAGGLE","Zaggle Prepa Ocean Ser L","ASTORNE CAPITAL VCC   ARVEN","BUY","3,31,126","302.00",
"02-MAY-2024","ZAGGLE","Zaggle Prepa Ocean Ser L","ICICI PRUDENTIAL MUTUAL FUND","BUY","11,58,940","302.00",
"02-MAY-2024","ZAGGLE","Zaggle Prepa Ocean Ser L","TARA EMERGING ASIA LIQUID FUND","BUY","3,31,126","302.00",
"02-MAY-2024","ZAGGLE","Zaggle Prepa Ocean Ser L","VENTUREAST PROACTIVE FUND LLC","SELL","22,27,438","302.00",
"03-MAY-2024","GRAVITA","Gravita India Limited","ABUDHABI INVESTMENT AUTHORITY MONSOON (IEDPASIVE/EMIINDIA)","BUY","7,50,000","934.40",
"03-MAY-2024","GRAVITA","Gravita India Limited","RAJAT AGRAWAL","SELL","7,50,000","934.40",
"10-MAY-2024","JINDALSAW","Jindal Saw Limited","CRESTA FUND LTD","SELL","4,15,000","525.00",
"10-MAY-2024","JINDALSAW","Jindal Saw Limited","ITI MUTUAL FUND(ELSS TAX SAVER FUND)","BUY","15,000","525.00",
"10-MAY-2024","JINDALSAW","Jindal Saw Limited","ITI MUTUAL FUND(ITI VALUE FUND)","BUY","60,000","525.00",
"10-MAY-2024","JINDALSAW","Jindal Saw Limited","ITI MUTUAL FUND(MIDCAP FUND)","BUY","1,40,000","525.00",
"10-MAY-2024","JINDALSAW","Jindal Saw Limited","SOCIETE GENERALE","BUY","2,00,000","525.00",
"15-MAY-2024","CIPLA","Cipla Ltd","ADITYA BIRLA SUN LIFE MUTUAL FUND","BUY","22,96,000","1,345.00",
"15-MAY-2024","CIPLA","Cipla Ltd","ADVISORS'' INNER CIRCLE FUND III-NINETY ONE EMERGING MARKETS EQUITY FUND","BUY","1,25,974","1,345.00",
"15-MAY-2024","CIPLA","Cipla Ltd","AMP CAP FD MGMT LIMITED AS RES ENT FOR THE FUTURE DIRE EMRG MKTS SHARE FUND (AMP)","BUY","92,435","1,345.00",
"15-MAY-2024","CIPLA","Cipla Ltd","ASSOCIATION DE BIENFAISANCE RETRAITE DES POLICIERS ERES VILLE DE MONTREAL","BUY","48,722","1,345.00",
"15-MAY-2024","CIPLA","Cipla Ltd","AXIS MUTUAL FUND","BUY","6,20,900","1,345.00",
"15-MAY-2024","CIPLA","Cipla Ltd","BOFA SECURITIES EUROPE SA - ODI","BUY","1,86,000","1,345.00",
"15-MAY-2024","CIPLA","Cipla Ltd","CANADIAN PACIFIC RAILWAY COMPANY PENSION PLAN","BUY","97,837","1,345.00",
"15-MAY-2024","CIPLA","Cipla Ltd","CITIGROUP GLOBAL MARKETS MAURITIUS PVT LTD","BUY","1,24,000","1,345.00",
"15-MAY-2024","CIPLA","Cipla Ltd","COPTHALL MAURITIUS INVESTMENT LTD","BUY","3,59,925","1,345.00",
"15-MAY-2024","CIPLA","Cipla Ltd","DESJARDINS EMERGING MARKETS FUND","BUY","1,08,119","1,345.00",
"15-MAY-2024","CIPLA","Cipla Ltd","DSP MUTUAL FUND","BUY","9,93,000","1,345.00",
"15-MAY-2024","CIPLA","Cipla Ltd","EASTSPRING INVESTMENTS INDIA CONSUMER EQUITY OPEN LIMITED","BUY","6,20,900","1,345.00",
"15-MAY-2024","CIPLA","Cipla Ltd","EMPLOYEES PROVIDENT FUND (EPF ASIA)","BUY","1,98,400","1,345.00",
"15-MAY-2024","CIPLA","Cipla Ltd","EMPLOYEES PROVIDENT FUND (EPF SHASIA)","BUY","49,600","1,345.00",
"15-MAY-2024","CIPLA","Cipla Ltd","ENTSORGUNGSFONDS","BUY","3,17,076","1,345.00",
"15-MAY-2024","CIPLA","Cipla Ltd","FLORIDA RETIREMENT SYSTEM","BUY","3,45,884","1,345.00",
"15-MAY-2024","CIPLA","Cipla Ltd","FP BRUNEL EMERGING MARKETS EQUITY FUND","BUY","1,67,297","1,345.00",
"15-MAY-2024","CIPLA","Cipla Ltd","GHISALLO MASTER FUND LP","BUY","3,10,000","1,345.00",
"15-MAY-2024","CIPLA","Cipla Ltd","GOVERNMENT EMPLOYEES SUPERANNUATION BOARD","BUY","3,16,910","1,345.00",
"15-MAY-2024","CIPLA","Cipla Ltd","GOVERNMENT OF SINGAPORE","BUY","2,21,146","1,345.00",
"15-MAY-2024","CIPLA","Cipla Ltd","HDFC MUTUAL FUND","BUY","5,58,000","1,345.00",
"15-MAY-2024","CIPLA","Cipla Ltd","HELABA INVEST KAPITALANLAGEGESELLSCHAFT MBH ON BEHALF OF HI-KAPPA-FONDS","BUY","27,550","1,345.00",
"15-MAY-2024","CIPLA","Cipla Ltd","HOSTPLUS POOLED SUPERANNUATION TRUST","BUY","4,71,516","1,345.00",
"15-MAY-2024","CIPLA","Cipla Ltd","IBM DIVERSIFIED GLOBAL EQUITY FUND","BUY","25,072","1,345.00",
"15-MAY-2024","CIPLA","Cipla Ltd","ICICI PRUDENTIAL LIFE INSURANCE (IPLCIL-U)","BUY","1,11,000","1,345.00",
"15-MAY-2024","CIPLA","Cipla Ltd","ICICI PRUDENTIAL MUTUAL FUND","BUY","55,25,999","1,345.00",
"15-MAY-2024","CIPLA","Cipla Ltd","INVESTEC GLOBAL STRATEGY FUND EMERGING MARKETS EQUITY FUND ( GME)","BUY","6,02,856","1,345.00",
"15-MAY-2024","CIPLA","Cipla Ltd","KEYA VIMAL SALOT","BUY","1,49,000","1,345.00",
"15-MAY-2024","CIPLA","Cipla Ltd","KOTAK SECURITIES LIMITED - ERROR ACCOUNT","BUY","1","1,345.00",
"15-MAY-2024","CIPLA","Cipla Ltd","MADHAV STOCK VISION PVT LTD","BUY","74,500","1,345.00",
"15-MAY-2024","CIPLA","Cipla Ltd","MERCER GE INTERNATIONAL EQUITY FUND","BUY","40,077","1,345.00",
"15-MAY-2024","CIPLA","Cipla Ltd","MERCER UCITS CCF - NFU MUTUAL GLOBAL ALPHA FUND","BUY","1,59,817","1,345.00",
"15-MAY-2024","CIPLA","Cipla Ltd","MIRAE ASSET MUTUAL FUND","BUY","3,41,000","1,345.00",
"15-MAY-2024","CIPLA","Cipla Ltd","MONETARY AUTHORITY OF SINGAPORE","BUY","27,154","1,345.00",
"15-MAY-2024","CIPLA","Cipla Ltd","MORGAN STANLEY ASIA SINGAPORE PTE","BUY","6,31,500","1,345.00",
"15-MAY-2024","CIPLA","Cipla Ltd","NINETY ONE AUSTRALIA FUNDS - EMERGING MARKETS EQUITY FUND","BUY","1,13,525","1,345.00",
"15-MAY-2024","CIPLA","Cipla Ltd","NINETY ONE FUNDS SERIES IV - EMERGING MARKETS EQUITY FUND","BUY","10,859","1,345.00",
"15-MAY-2024","CIPLA","Cipla Ltd","NINETY ONE GLOBAL SELECT LLC - NINETY ONE EMERGING MARKETS EQUITY FUND","BUY","4,74,344","1,345.00",
"15-MAY-2024","CIPLA","Cipla Ltd","NINETY ONE GLOBAL STRATEGY FUND - ASIA PACIFIC EQUITY OPPORTUNITIES FUND","BUY","61,095","1,345.00",
"15-MAY-2024","CIPLA","Cipla Ltd","NINETY ONE GLOBAL STRATEGY FUND - ASIAN EQUITY FUND","BUY","2,85,925","1,345.00",
"15-MAY-2024","CIPLA","Cipla Ltd","NINETY ONE GLOBAL STRATEGY FUND - EMERGING MARKETS MULTI-ASSET FUND","BUY","68,110","1,345.00",
"15-MAY-2024","CIPLA","Cipla Ltd","NORGES BANK ON ACCOUNT OF THE GOVERNMENT PENSION FUND GLOBAL","BUY","3,10,400","1,345.00",
"15-MAY-2024","CIPLA","Cipla Ltd","OKASA PHARMA PRIVATE LIMITED","SELL","1,89,375","1,345.00",
"15-MAY-2024","CIPLA","Cipla Ltd","PAULOMI KETAN DOSHI","BUY","1,98,500","1,345.00",
"15-MAY-2024","CIPLA","Cipla Ltd","RUMANA HAMIED","SELL","49,43,250","1,345.00",
"15-MAY-2024","CIPLA","Cipla Ltd","SAMINA HAMIED","SELL","89,54,750","1,345.00",
"15-MAY-2024","CIPLA","Cipla Ltd","SAS TRUSTEE CORPORATION POOLED FUND","BUY","1,24,407","1,345.00",
"15-MAY-2024","CIPLA","Cipla Ltd","SAUDI CENTRAL BANK","BUY","9,55,365","1,345.00",
"15-MAY-2024","CIPLA","Cipla Ltd","SEGANTII INDIA MAURITIUS","BUY","1,24,000","1,345.00",
"15-MAY-2024","CIPLA","Cipla Ltd","SHIRIN HAMIED","SELL","63,63,000","1,345.00",
"15-MAY-2024","CIPLA","Cipla Ltd","SHREE BAHUBALI STOCK BROKING LTD","BUY","74,500","1,345.00",
"15-MAY-2024","CIPLA","Cipla Ltd","SIEFORE XXI BANORTE BASICA 60-64 SOCIEDAD ANONIMA DE CAPITAL VARIABLE","BUY","4,000","1,345.00",
"15-MAY-2024","CIPLA","Cipla Ltd","SIEFORE XXI BANORTE BASICA 65-69 SOCIEDAD ANONIMA DE CAPITAL VARIABLE","BUY","16,626","1,345.00",
"15-MAY-2024","CIPLA","Cipla Ltd","SIEFORE XXI BANORTE BASICA 70-74 SOCIEDAD ANONIMA DE CAPITAL VARIABLE","BUY","22,550","1,345.00",
"15-MAY-2024","CIPLA","Cipla Ltd","SIEFORE XXI BANORTE BASICA 75-79 SOCIEDAD ANONIMA DE CAPITAL VARIABLE","BUY","20,148","1,345.00",
"15-MAY-2024","CIPLA","Cipla Ltd","SIEFORE XXI BANORTE BASICA 80-84 SOCIEDAD ANONIMA DE CAPITAL VARIABLE","BUY","21,347","1,345.00",
"15-MAY-2024","CIPLA","Cipla Ltd","SIEFORE XXI BANORTE BASICA 85-89 SOCIEDAD ANONIMA DE CAPITAL VARIABLE","BUY","13,580","1,345.00",
"15-MAY-2024","CIPLA","Cipla Ltd","SIEFORE XXI BANORTE BASICA 90-94 SOCIEDAD ANONIMA DE CAPITAL VARIABLE","BUY","4,014","1,345.00",
"15-MAY-2024","CIPLA","Cipla Ltd","SOCIETE GENERALE","BUY","5,08,500","1,345.00",
"15-MAY-2024","CIPLA","Cipla Ltd","SPIRIT SUPER","BUY","63,480","1,345.00",
"15-MAY-2024","CIPLA","Cipla Ltd","TCORPIM EMERGING MARKET SHARE FUND","BUY","2,70,419","1,345.00",
"15-MAY-2024","CIPLA","Cipla Ltd","THE HPE EMERGING MARKETS EQUITY SUB-FUND","BUY","49,064","1,345.00",
"15-MAY-2024","CIPLA","Cipla Ltd","THE JUPITER GLOBAL FUND-JUPITER INDIA SELECT","BUY","80,275","1,345.00",
"15-MAY-2024","CIPLA","Cipla Ltd","THE ROYAL BANK OF SCOTLAND PLC AS TRUSTEE OF JUPITER INDIA FUND (JUPITER ASSET MGT LTD) (FUND382)","BUY","2,30,175","1,345.00",
"16-MAY-2024","JINDALSAW","Jindal Saw Limited","CRESTA FUND LTD","SELL","20,00,000","541.45",
"16-MAY-2024","JINDALSAW","Jindal Saw Limited","NIPPON INDIA SMALL CAP FUND","BUY","18,00,000","541.45",
"16-MAY-2024","JINDALSAW","Jindal Saw Limited","SOCIETE GENERALE","BUY","2,00,000","541.45",
"17-MAY-2024","POLICYBZR","PB Fintech Limited","ABU DHABI INVESTMENT AUTHORITY - WAY","BUY","1,54,000","1,325.15",
"17-MAY-2024","POLICYBZR","PB Fintech Limited","AL MEHWAR COMMERCIAL INVESTMENTS L.L.C. - (WHITING","BUY","76,000","1,325.15",
"17-MAY-2024","POLICYBZR","PB Fintech Limited","ALOK BANSAL","SELL","29,70,578","1,325.15",
"17-MAY-2024","POLICYBZR","PB Fintech Limited","AMERICAN FUNDS INSURANCE SERIES A/C AMERICAN FUNDS","BUY","26,756","1,325.15",
"17-MAY-2024","POLICYBZR","PB Fintech Limited","ASHOKA INDIA EQUITY INVESTMENT TRUST PLC","BUY","56,000","1,325.15",
"17-MAY-2024","POLICYBZR","PB Fintech Limited","AXIS MUTUAL FUND","BUY","1,25,000","1,325.15",
"17-MAY-2024","POLICYBZR","PB Fintech Limited","AXIS MUTUAL FUND","BUY","8,75,000","1,325.15",
"17-MAY-2024","POLICYBZR","PB Fintech Limited","AXIS MUTUAL FUND-AXIS GROWTH OPPORTUNITIES FUND","BUY","3,00,000","1,325.15",
"17-MAY-2024","POLICYBZR","PB Fintech Limited","BNP PARIBAS ARBITRAGE - ODI","BUY","80,000","1,325.15",
"17-MAY-2024","POLICYBZR","PB Fintech Limited","CAISSE DE DEPOT ET PLACEMENT DU QUEBEC - WHITE OAK","BUY","36,000","1,325.15",
"17-MAY-2024","POLICYBZR","PB Fintech Limited","CAPITAL GROUP GLOBAL EQUITY FUND (CANADA)","BUY","1,92,689","1,325.15",
"17-MAY-2024","POLICYBZR","PB Fintech Limited","CAPITAL GROUP NEW WORLD FUND (LUX)","BUY","3,929","1,325.15",
"17-MAY-2024","POLICYBZR","PB Fintech Limited","DENDANA INVESTMENTS (MAURITIUS) LIMITED","BUY","4,600","1,325.15",
"17-MAY-2024","POLICYBZR","PB Fintech Limited","GHISALLO MASTER FUND LP","BUY","4,20,000","1,325.15",
"17-MAY-2024","POLICYBZR","PB Fintech Limited","GOLDMAN SACHS (SINGAPORE) PTE.- ODI","BUY","3,45,000","1,325.15",
"17-MAY-2024","POLICYBZR","PB Fintech Limited","HDFC MUTUAL FUND","BUY","3,75,000","1,325.15",
"17-MAY-2024","POLICYBZR","PB Fintech Limited","HDFC STANDARD LIFE INSURANCE COMPANY LIMITED","BUY","3,50,000","1,325.15",
"17-MAY-2024","POLICYBZR","PB Fintech Limited","HSBC ASIAPACIFIC FUND","BUY","3,565","1,325.15",
"17-MAY-2024","POLICYBZR","PB Fintech Limited","HSBC GLOBAL INVESTMENT FUNDS - ASIA EX JAPAN EQUIT","BUY","46,353","1,325.15",
"17-MAY-2024","POLICYBZR","PB Fintech Limited","HSBC GLOBAL INVESTMENT FUNDS - MANAGED SOLUTIONS -","BUY","1,838","1,325.15",
"17-MAY-2024","POLICYBZR","PB Fintech Limited","HSBC POOLED INVESTMENT FUND -HSBC POOLED ASIA PACI","BUY","2,29,814","1,325.15",
"17-MAY-2024","POLICYBZR","PB Fintech Limited","ICICI PRUDENTIAL LIFE INSURANCE COMPANY LTD","BUY","3,50,000","1,325.15",
"17-MAY-2024","POLICYBZR","PB Fintech Limited","INDIA ACORN FUND LTD","BUY","31,000","1,325.15",
"17-MAY-2024","POLICYBZR","PB Fintech Limited","INDIA ACORN ICAV","BUY","2,42,775","1,325.15",
"17-MAY-2024","POLICYBZR","PB Fintech Limited","INDIA ACORN ICAV ASHOKA INDIA ESG FUND","BUY","2,220","1,325.15",
"17-MAY-2024","POLICYBZR","PB Fintech Limited","INTERNATIONAL MONETARY FUND (IN RESPECT OF THE INT","BUY","4,195","1,325.15",
"17-MAY-2024","POLICYBZR","PB Fintech Limited","INTERNATIONAL MONETARY FUND (IN RESPECT OF THE INT","BUY","14,235","1,325.15",
"17-MAY-2024","POLICYBZR","PB Fintech Limited","MARSHALL WACE INVESTMENT STRATEGIES - EUREKA FUND","BUY","44,909","1,325.15",
"17-MAY-2024","POLICYBZR","PB Fintech Limited","MARSHALL WACE INVESTMENT STRATEGIES - SYSTEMATIC A","BUY","5,101","1,325.15",
"17-MAY-2024","POLICYBZR","PB Fintech Limited","MARSHALL WACE INVESTMENT STRATEGIES TOPS FUND","BUY","10,261","1,325.15",
"17-MAY-2024","POLICYBZR","PB Fintech Limited","MARSHALL WACE INVESTMENT STRATEGIES-MARKET NEUTRAL","BUY","61,769","1,325.15",
"17-MAY-2024","POLICYBZR","PB Fintech Limited","MARSHALL WACE INVESTMENT STRATEGIES-TOPS EMERGING","BUY","3,610","1,325.15",
"17-MAY-2024","POLICYBZR","PB Fintech Limited","MARSHALL WACE INVESTMENT STRATEGIES-TOPS INTERNATI","BUY","3,153","1,325.15",
"17-MAY-2024","POLICYBZR","PB Fintech Limited","MARSHALL WACE INVESTMENT STRATEGIES-TOPS WORLD EQU","BUY","11,468","1,325.15",
"17-MAY-2024","POLICYBZR","PB Fintech Limited","MORGAN STANLEY ASIA (SINGAPORE) PTE.","BUY","2,00,000","1,325.15",
"17-MAY-2024","POLICYBZR","PB Fintech Limited","MORGAN STANLEY ASIA (SINGAPORE) PTE. - ODI","BUY","14,65,000","1,325.15",
"17-MAY-2024","POLICYBZR","PB Fintech Limited","MWIS - TOPS EMERGING MARKETS ABSOLUTE RETURN FUND","BUY","9,218","1,325.15",
"17-MAY-2024","POLICYBZR","PB Fintech Limited","MWIS - WORLD TOPS ENVIRONMENTAL FOCUS LONG FUND","BUY","511","1,325.15",
"17-MAY-2024","POLICYBZR","PB Fintech Limited","NEW WORLD FUND INC","BUY","4,49,609","1,325.15",
"17-MAY-2024","POLICYBZR","PB Fintech Limited","RELIANCE CAPITAL TRUSTEE CO. LTD- A/C RELIANCE NRI","BUY","1,65,000","1,325.15",
"17-MAY-2024","POLICYBZR","PB Fintech Limited","SOCIETE GENERALE - ODI","BUY","15,95,000","1,325.15",
"17-MAY-2024","POLICYBZR","PB Fintech Limited","YASHISH DAHIYA","SELL","54,00,000","1,325.15",
"22-MAY-2024","GRANULES","Granules India Limited","AXIS MUTUAL FUND","BUY","25,26,000","405.10",
"22-MAY-2024","GRANULES","Granules India Limited","DENDANA INVESTMENTS (MAURITIUS) LIMITED","BUY","51,399","405.00",
"22-MAY-2024","GRANULES","Granules India Limited","FIDELITY FUNDS �� INDIA FOCUS FUND","BUY","10,93,806","405.00",
"22-MAY-2024","GRANULES","Granules India Limited","FIDELITY INDIA FUND","BUY","76,234","405.00",
"22-MAY-2024","GRANULES","Granules India Limited","FIDELITY KOREA - INDIA EQUITY INVESTMENT TRUST - MOTHER","BUY","47,561","405.00",
"22-MAY-2024","GRANULES","Granules India Limited","KRISHNA PRASAD CHIGURUPATI","SELL","75,00,000","405.08",
"22-MAY-2024","GRANULES","Granules India Limited","LONG TERM EQUITY FUND","BUY","5,56,000","405.10",
"22-MAY-2024","GRANULES","Granules India Limited","MASSACHUSETTS INSTITUTE OF TECHNOLOGY","BUY","25,93,000","405.10",
"22-MAY-2024","GRANULES","Granules India Limited","OLD BRIDGE CAPITAL MANAGEMENT PRIVATE LIMITED","BUY","5,56,000","405.10",
"23-MAY-2024","INTLCONV","Intl Conveyors Limited","I G E (INDIA) PRIVATE LIMITED","BUY","27,30,000","84.10",
"23-MAY-2024","INTLCONV","Intl Conveyors Limited","SURBHIT DABRIWALA","SELL","27,30,000","84.10",
"23-MAY-2024","STARHEALTH","Star Health & Al Ins Co L","3P INDIA EQUITY FUND 1","BUY","14,90,000","535.00",
"23-MAY-2024","STARHEALTH","Star Health & Al Ins Co L","ADITYA BIRLA SUN LIFE MUTUAL FUND","BUY","28,00,000","535.00",
"23-MAY-2024","STARHEALTH","Star Health & Al Ins Co L","APIS GROWTH 6 LTD","SELL","1,52,58,134","535.00",
"23-MAY-2024","STARHEALTH","Star Health & Al Ins Co L","BNP PARIBAS ARBITRAGE","BUY","6,50,000","535.00",
"23-MAY-2024","STARHEALTH","Star Health & Al Ins Co L","CHANAKYA WEALTH CREATION FUND","BUY","1,87,000","535.00",
"23-MAY-2024","STARHEALTH","Star Health & Al Ins Co L","CITIGROUP GLOBAL MARKETS MAURITIUS PRIVATE LTD","BUY","4,65,000","535.00",
"23-MAY-2024","STARHEALTH","Star Health & Al Ins Co L","CLARUS CAPITAL 1","BUY","2,50,000","535.00",
"23-MAY-2024","STARHEALTH","Star Health & Al Ins Co L","EAST BRIDGE CAPITAL MASTER FUND I LTD","BUY","55,00,000","535.00",
"23-MAY-2024","STARHEALTH","Star Health & Al Ins Co L","EMERGE CAPITAL OPPORTUNITIES SCHEME","BUY","2,00,000","535.00",
"23-MAY-2024","STARHEALTH","Star Health & Al Ins Co L","GOLDMAN SACHS (SINGAPORE) PTE","BUY","3,43,120","535.00",
"23-MAY-2024","STARHEALTH","Star Health & Al Ins Co L","GOLDMAN SACHS INVESTMENTS MAURITIUS I LIMITED","BUY","6,50,000","535.00",
"23-MAY-2024","STARHEALTH","Star Health & Al Ins Co L","HDFC MUTUAL FUND","BUY","56,08,000","535.00",
"23-MAY-2024","STARHEALTH","Star Health & Al Ins Co L","ICICI PRUDENTIAL LIFE INSURANCE COMPANY LTD.","BUY","1,17,00,000","535.00",
"23-MAY-2024","STARHEALTH","Star Health & Al Ins Co L","MIO IV STAR","SELL","1,40,17,112","535.00",
"23-MAY-2024","STARHEALTH","Star Health & Al Ins Co L","MIO STAR","SELL","61,34,978","535.00",
"23-MAY-2024","STARHEALTH","Star Health & Al Ins Co L","MORGAN STANLEY ASIA SINGAPORE PTE","BUY","14,39,485","535.00",
"23-MAY-2024","STARHEALTH","Star Health & Al Ins Co L","MORGAN STANLEY ASIA SINGAPORE PTE","BUY","29,18,134","535.00",
"23-MAY-2024","STARHEALTH","Star Health & Al Ins Co L","PLUTUS WEALTH MANAGEMENT LLP","BUY","20,00,000","535.00",
"23-MAY-2024","STARHEALTH","Star Health & Al Ins Co L","PLUTUS WEALTH MANAGEMENT LLP","BUY","30,00,000","535.00",
"23-MAY-2024","STARHEALTH","Star Health & Al Ins Co L","QUEST INVESTMENT ADVISORS PRIVATE LIMITED","BUY","2,13,627","535.00",
"23-MAY-2024","STARHEALTH","Star Health & Al Ins Co L","QUEST SMART ALPHA - SECTOR ROTATION","BUY","3,67,000","535.00",
"23-MAY-2024","STARHEALTH","Star Health & Al Ins Co L","ROC STAR INVESTMENT TRUST","SELL","59,08,142","535.00",
"23-MAY-2024","STARHEALTH","Star Health & Al Ins Co L","SOCIETE GENERALE","BUY","5,00,000","535.00",
"23-MAY-2024","STARHEALTH","Star Health & Al Ins Co L","STEINBERG INDIA EMERGING OPPORTUNITIES FUND LTD","BUY","8,50,000","535.00",
"23-MAY-2024","STARHEALTH","Star Health & Al Ins Co L","UTI MUTUAL FUND","BUY","1,87,000","535.00",
"27-MAY-2024","LUMAXTECH","Lumax Auto Technologies L","ALBULA INVESTMENT FUND LTD","SELL","6,06,000","478.00",
"27-MAY-2024","LUMAXTECH","Lumax Auto Technologies L","AMARA PARTNERS GROWTH FUND I","BUY","6,06,000","478.00",
"04-JUN-2024","HGS","Hinduja Global Sols Ltd","AASIA EXPORTS","SELL","11,60,000","804.00",
"04-JUN-2024","HGS","Hinduja Global Sols Ltd","HINDUJA GROUP LIMITED","BUY","11,60,000","804.00",
"06-JUN-2024","PONNIERODE","Ponni Sugars (Erode) Limi","EMPLOYEES RETIREMENT PLAN OF DUKE UNIVERSITY","SELL","19,000","422.00",
"06-JUN-2024","PONNIERODE","Ponni Sugars (Erode) Limi","GOTHIC CORPORATION","SELL","2,73,000","422.00",
"06-JUN-2024","PONNIERODE","Ponni Sugars (Erode) Limi","GOTHIC HSP CORPORATION","SELL","53,000","422.00",
"06-JUN-2024","PONNIERODE","Ponni Sugars (Erode) Limi","SESHASAYEE PAPER AND BOARDS LIMITED","BUY","4,20,000","422.00",
"06-JUN-2024","PONNIERODE","Ponni Sugars (Erode) Limi","THE DUKE ENDOWMENT","SELL","75,000","422.00",
"11-JUN-2024","IWEL","Inox Wind Energy Limited","ANJANA PROJECTS PRIVATE LIMITED","SELL","40,000","7,169.00",
"11-JUN-2024","IWEL","Inox Wind Energy Limited","INDIA OPPORTUNITIES GROWTH FUND LTD PINEWOOD STRATEGY","BUY","40,000","7,169.00",
"11-JUN-2024","RRKABEL","R R Kabel Limited","KIRTIDEVI SHREEGOPAL KABRA","SELL","58,000","1,750.00",
"11-JUN-2024","RRKABEL","R R Kabel Limited","RAM RATNA INFRASTRUCTURE PVT LTD","BUY","58,000","1,750.00",
"13-JUN-2024","INDIGO","InterGlobe Aviation Ltd","CITIGROUP GLOBAL MARKETS MAURITIUS PVT LTD","SELL","5,21,183","4,300.40",
"13-JUN-2024","INDIGO","InterGlobe Aviation Ltd","SOCIETE GENERALE","BUY","5,21,183","4,300.40",
"14-JUN-2024","DALBHARAT","Dalmia Bharat Limited","DALMIA BHARAT REFRACTORIES LIMITED","BUY","16,00,000","1,876.00",
"14-JUN-2024","DALBHARAT","Dalmia Bharat Limited","KESHAV POWER PRIVATE LIMITED","SELL","16,00,000","1,876.00",
"14-JUN-2024","PAYTM","One 97 Communications Ltd","BNP PARIBAS FINANCIAL MARKETS","BUY","5,85,938","428.05",
"14-JUN-2024","PAYTM","One 97 Communications Ltd","MARSHALL WACE INVESTMENT STRATEGIES - EUREKA FUND","SELL","5,85,938","428.05",
"14-JUN-2024","SHRIRAMFIN","Shriram Finance Limited","BNP PARIBAS FINANCIAL MARKETS","BUY","14,67,823","2,684.30",
"14-JUN-2024","SHRIRAMFIN","Shriram Finance Limited","MARSHALL WACE INVESTMENT STRATEGIES - EUREKA FUND","SELL","14,67,823","2,684.30",
"18-JUN-2024","JSL","Jindal Stainless Limited","ALBULA INVESTMENT FUND LTD","SELL","4,00,000","814.35",
"18-JUN-2024","JSL","Jindal Stainless Limited","ERISKA INVESTMENT FUND LTD","BUY","1,50,000","814.35",
"18-JUN-2024","JSL","Jindal Stainless Limited","GRIFFIN GROWTH FUND VCC","BUY","2,50,000","814.35",
"18-JUN-2024","MOTHERSON","Samvrdhna Mthrsn Intl Ltd","MOTHERSON ENGINEERING RESEARCH & INTEGRATED TECHNOLOGIES LIMITED","BUY","8,25,000","180.00",
"18-JUN-2024","MOTHERSON","Samvrdhna Mthrsn Intl Ltd","SONI ARVIND","SELL","8,25,000","180.00",
"18-JUN-2024","PAYTM","One 97 Communications Ltd","BNP PARIBAS FINANCIAL MARKETS","BUY","5,85,938","425.05",
"18-JUN-2024","PAYTM","One 97 Communications Ltd","MARSHALL WACE INVESTMENT STRATEGIES - EUREKA FUND","SELL","5,85,938","425.05",
"18-JUN-2024","SHRIRAMFIN","Shriram Finance Limited","BNP PARIBAS FINANCIAL MARKETS","BUY","14,67,822","2,732.15",
"18-JUN-2024","SHRIRAMFIN","Shriram Finance Limited","MARSHALL WACE INVESTMENT STRATEGIES - EUREKA FUND","SELL","14,67,822","2,732.15",
"19-JUN-2024","ADVENZYMES","Advanced Enzyme Tech Ltd","MOTILAL OSWAL FINANCIAL SERVICES LIMITED","BUY","1,10,53,245","385.00",
"19-JUN-2024","ADVENZYMES","Advanced Enzyme Tech Ltd","ORBIMED ASIA III MAURITIUS LIMITED","SELL","1,10,53,245","385.00",
"19-JUN-2024","PEL","Piramal Enterprises Ltd.","ANUTHAM REALTY PRIVATE LIMITED","BUY","1,08,40,000","900.80",
"19-JUN-2024","PEL","Piramal Enterprises Ltd.","THE SRIKRISHNA TRUST","SELL","1,08,40,000","900.80",
"19-JUN-2024","SANSERA","Sansera Engineering Ltd","AMUNDI FUNDS NEW SILK ROAD","BUY","1,25,003","1,200.00",
"19-JUN-2024","SANSERA","Sansera Engineering Ltd","AXIS MUTUAL FUND","BUY","1,66,670","1,200.00",
"19-JUN-2024","SANSERA","Sansera Engineering Ltd","BANDHAN MUTUAL FUND","BUY","24,916","1,200.00",
"19-JUN-2024","SANSERA","Sansera Engineering Ltd","BANDHAN MUTUAL FUND","BUY","61,630","1,200.00",
"19-JUN-2024","SANSERA","Sansera Engineering Ltd","CLIENT EBENE LIMITED","SELL","50,30,005","1,200.00",
"19-JUN-2024","SANSERA","Sansera Engineering Ltd","CUSTODY BANK OF JAPAN LTD RE RB AMUNDI INDIA SMALL CAP EQUITY MOTHER FUND","BUY","10,93,753","1,200.00",
"19-JUN-2024","SANSERA","Sansera Engineering Ltd","CVCIGP II EMPLOYEE EBENE LIMITED","SELL","12,23,267","1,200.00",
"19-JUN-2024","SANSERA","Sansera Engineering Ltd","DSP MUTUAL FUND","BUY","6,94,051","1,200.00",
"19-JUN-2024","SANSERA","Sansera Engineering Ltd","DSP MUTUAL FUND","BUY","2,37,049","1,200.00",
"19-JUN-2024","SANSERA","Sansera Engineering Ltd","DSP MUTUAL FUND","BUY","5,12,630","1,200.00",
"19-JUN-2024","SANSERA","Sansera Engineering Ltd","DSP MUTUAL FUND","BUY","6,39,607","1,200.00",
"19-JUN-2024","SANSERA","Sansera Engineering Ltd","HDFC STANDARD LIFE INSURANCE CO LTD","BUY","2,91,670","1,200.00",
"19-JUN-2024","SANSERA","Sansera Engineering Ltd","ICICI PRUDENTIAL LIFE INSURANCE COMPANY LTD","BUY","2,91,670","1,200.00",
"19-JUN-2024","SANSERA","Sansera Engineering Ltd","IKIGAI EMERGING EQUITY FUND","BUY","1,66,670","1,200.00",
"19-JUN-2024","SANSERA","Sansera Engineering Ltd","KOTAK MAHINDRA MUTUAL FUND","BUY","1,00,002","1,200.00",
"19-JUN-2024","SANSERA","Sansera Engineering Ltd","KOTAK MAHINDRA MUTUAL FUND","BUY","25,001","1,200.00",
"19-JUN-2024","SANSERA","Sansera Engineering Ltd","MATTHEWS INDIA FUND","BUY","2,08,337","1,200.00",
"19-JUN-2024","SANSERA","Sansera Engineering Ltd","MIRAE ASSET INDIA SMALL - MID CAP FOCUS EQUITY MASTER INVESTMENT TRUST","BUY","1,41,670","1,200.00",
"19-JUN-2024","SANSERA","Sansera Engineering Ltd","MIRAE ASSET MUTUAL FUND","BUY","1,66,670","1,200.00",
"19-JUN-2024","SANSERA","Sansera Engineering Ltd","MORGAN STANLEY ASIA SINGAPORE PTE","BUY","2,50,003","1,200.00",
"19-JUN-2024","SANSERA","Sansera Engineering Ltd","MORGAN STANLEY ASIA SINGAPORE PTE","BUY","3,33,343","1,200.00",
"19-JUN-2024","SANSERA","Sansera Engineering Ltd","SBI MUTUAL FUND","BUY","3,64,584","1,200.00",
"19-JUN-2024","SANSERA","Sansera Engineering Ltd","SOCIETE GENERALE","BUY","3,58,343","1,200.00",
"20-JUN-2024","PEL","Piramal Enterprises Ltd.","ANUTHAM REALTY PRIVATE LIMITED","BUY","1,07,75,000","906.00",
"20-JUN-2024","PEL","Piramal Enterprises Ltd.","THE SRIKRISHNA TRUST","SELL","1,07,75,000","906.00",
"20-JUN-2024","RATEGAIN","Rategain Travel Techn ltd","AVATAAR HOLDINGS","SELL","21,56,960","745.00",
"20-JUN-2024","RATEGAIN","Rategain Travel Techn ltd","AXIS MUTUAL FUND","BUY","9,48,692","745.00",
"20-JUN-2024","RATEGAIN","Rategain Travel Techn ltd","ICICI PRUDENTIAL MUTUAL FUND","BUY","6,04,026","745.00",
"20-JUN-2024","RATEGAIN","Rategain Travel Techn ltd","MORGAN STANLEY ASIA SINGAPORE PTE","BUY","1,34,300","745.00",
"20-JUN-2024","RATEGAIN","Rategain Travel Techn ltd","MORGAN STANLEY ASIA SINGAPORE PTE.","BUY","1,34,300","745.00",
"20-JUN-2024","RATEGAIN","Rategain Travel Techn ltd","SOCIETE GENERALE","BUY","1,34,300","745.00",
"20-JUN-2024","RATEGAIN","Rategain Travel Techn ltd","TATA MUTUAL FUND","BUY","2,01,342","745.00",
"21-JUN-2024","PEL","Piramal Enterprises Ltd.","ANUTHAM REALTY PRIVATE LIMITED","BUY","1,08,54,000","899.00",
"21-JUN-2024","PEL","Piramal Enterprises Ltd.","THE SRIKRISHNA TRUST","SELL","1,08,54,000","899.00",
"24-JUN-2024","JSL","Jindal Stainless Limited","ALBULA INVESTMENT FUND LTD","SELL","9,61,000","807.90",
"24-JUN-2024","JSL","Jindal Stainless Limited","GRIFFIN GROWTH FUND VCC","BUY","9,61,000","807.90",
"24-JUN-2024","PEL","Piramal Enterprises Ltd.","ANUTHAM REALTY PRIVATE LIMITED","BUY","1,03,64,500","869.45",
"24-JUN-2024","PEL","Piramal Enterprises Ltd.","THE SRIKRISHNA TRUST","SELL","1,03,64,500","869.45",
"25-JUN-2024","ALKEM","Alkem Laboratories Ltd.","ADITYA BIRLA SUN LIFE MUTUAL FUND","BUY","70,000","4,956.00",
"25-JUN-2024","ALKEM","Alkem Laboratories Ltd.","ICICI PRUDENTIAL LIFE INSURANCE COMPANY LTD","BUY","20,200","4,956.00",
"25-JUN-2024","ALKEM","Alkem Laboratories Ltd.","ICICI PRUDENTIAL MUTUAL FUND","BUY","1,70,000","4,956.00",
"25-JUN-2024","ALKEM","Alkem Laboratories Ltd.","MORGAN STANLEY ASIA SINGAPORE PTE","BUY","98,495","4,956.00",
"25-JUN-2024","ALKEM","Alkem Laboratories Ltd.","SEEMA SINGH","SELL","3,58,695","4,956.00",
"25-JUN-2024","PEL","Piramal Enterprises Ltd.","ANUTHAM REALTY PRIVATE LIMITED","BUY","1,02,99,000","875.00",
"25-JUN-2024","PEL","Piramal Enterprises Ltd.","THE SRIKRISHNA TRUST","SELL","1,02,99,000","875.00",
"26-JUN-2024","HNDFDS","Hindustan Foods Limited","ADITYA BIRLA SUN LIFE INSURANCE COMPANY LIMITED","BUY","29,88,047","502.00",
"26-JUN-2024","HNDFDS","Hindustan Foods Limited","CLARUS CAPITAL 1","BUY","4,18,872","502.00",
"26-JUN-2024","HNDFDS","Hindustan Foods Limited","EMKAY EMERGING STARS FUND V","BUY","2,36,555","502.00",
"26-JUN-2024","HNDFDS","Hindustan Foods Limited","HSBC MUTUAL FUND","BUY","2,98,009","502.00",
"26-JUN-2024","HNDFDS","Hindustan Foods Limited","ICICI LOMBARD GENERAL INSURANCE CO LTD","BUY","2,00,000","502.00",
"26-JUN-2024","HNDFDS","Hindustan Foods Limited","ICICI PRUDENTIAL LIFE INSURANCE CO.LTD.","BUY","56,77,290","502.00",
"26-JUN-2024","HNDFDS","Hindustan Foods Limited","INFINITY CONSUMER HOLDINGS","SELL","31,00,000","502.00",
"26-JUN-2024","HNDFDS","Hindustan Foods Limited","JWALAMUKHI INVESTMENT HOLDINGS","SELL","62,81,871","502.00",
"26-JUN-2024","HNDFDS","Hindustan Foods Limited","KONARK TRUST","SELL","2,36,555","502.00",
"26-JUN-2024","HNDFDS","Hindustan Foods Limited","MORGAN STANLEY ASIA SINGAPORE PTE","BUY","10,70,000","502.00",
"26-JUN-2024","HNDFDS","Hindustan Foods Limited","NIPPON INDIA EQUITY OPPORTUNITIES AIF - SCHEME 5","BUY","2,00,000","502.00",
"26-JUN-2024","HNDFDS","Hindustan Foods Limited","NIPPON INDIA EQUITY OPPORTUNITIES AIF - SCHEME 6","BUY","2,00,000","502.00",
"26-JUN-2024","HNDFDS","Hindustan Foods Limited","NISHTHA INVESTMENT AND CONSULTANCY SERVICES PRIVATE LIMITED","BUY","2,00,000","502.00",
"26-JUN-2024","HNDFDS","Hindustan Foods Limited","SAMSUNG INDIA 2.0 EQUITY MASTER INVESTMENT TRUST","BUY","8,30,000","502.00",
"26-JUN-2024","HNDFDS","Hindustan Foods Limited","SIXTH SENSE INDIA OPPORTUNITIES 11","SELL","7,00,000","502.00",
"26-JUN-2024","HNDFDS","Hindustan Foods Limited","TARA EMERGING ASIA LIQUID FUND","BUY","3,98,400","502.00",
"26-JUN-2024","HNDFDS","Hindustan Foods Limited","WESTBRIDGE AIF I","SELL","23,98,747","502.00",
"26-JUN-2024","PEL","Piramal Enterprises Ltd.","ANUTHAM REALTY PRIVATE LIMITED","BUY","30,33,425","907.30",
"26-JUN-2024","PEL","Piramal Enterprises Ltd.","THE SRIKRISHNA TRUST","SELL","30,33,425","907.30",
"26-JUN-2024","SHARDAMOTR","Sharda Motor Inds Ltd","3P INDIA EQUITY FUND 1","BUY","1,25,241","1,996.10",
"26-JUN-2024","SHARDAMOTR","Sharda Motor Inds Ltd","AXIS INDIA MANUFACTURING FUND","BUY","1,54,985","1,996.10",
"26-JUN-2024","SHARDAMOTR","Sharda Motor Inds Ltd","AXIS SMALL CAP FUND","BUY","2,58,310","1,996.10",
"26-JUN-2024","SHARDAMOTR","Sharda Motor Inds Ltd","BIRLA SUN LIFE INSURANCE COMPANY LIMITED","BUY","50,192","1,996.10",
"26-JUN-2024","SHARDAMOTR","Sharda Motor Inds Ltd","EASTSPRING INVESTMENTS INDIA FUND","BUY","1,25,241","1,996.10",
"26-JUN-2024","SHARDAMOTR","Sharda Motor Inds Ltd","EDELWEISS MUTUAL FUND","BUY","1,10,212","1,996.10",
"26-JUN-2024","SHARDAMOTR","Sharda Motor Inds Ltd","HDFC MULTI CAP FUND","BUY","1,16,702","1,996.10",
"26-JUN-2024","SHARDAMOTR","Sharda Motor Inds Ltd","HDFC MUTUAL FUND - HDFC MANUFACTURING FUND","BUY","3,11,205","1,996.10",
"26-JUN-2024","SHARDAMOTR","Sharda Motor Inds Ltd","HDFC MUTUAL FUND - HDFC TRANSPORTATION AND LOGISTICS FUND","BUY","85,581","1,996.10",
"26-JUN-2024","SHARDAMOTR","Sharda Motor Inds Ltd","HSBC MUTUAL FUND","BUY","1,85,356","1,996.10",
"26-JUN-2024","SHARDAMOTR","Sharda Motor Inds Ltd","ICICI PRUDENTIAL MUTUAL FUND","BUY","5,13,488","1,996.10",
"26-JUN-2024","SHARDAMOTR","Sharda Motor Inds Ltd","MALA RELAN","SELL","25,00,000","1,996.10",
"26-JUN-2024","SHARDAMOTR","Sharda Motor Inds Ltd","NIPPON INDIA MUTUAL FUND","BUY","4,13,295","1,996.10",
"26-JUN-2024","SHARDAMOTR","Sharda Motor Inds Ltd","PGIM INDIA MUTUAL FUND","BUY","50,192","1,996.10",
"27-JUN-2024","CSBBANK","CSB Bank Limited","ABU DHABI INVESTMENT AUTHORITY - WAY","BUY","10,15,000","352.75",
"27-JUN-2024","CSBBANK","CSB Bank Limited","AMANSA HOLDINGS PRIVATE LIMITED","BUY","82,77,500","352.75",
"27-JUN-2024","CSBBANK","CSB Bank Limited","ASHOKA INDIA EQUITY INVESTMENT TRUST PLC","BUY","2,31,000","352.75",
"27-JUN-2024","CSBBANK","CSB Bank Limited","DSP HIGH CONVICTION FUND SERIES 2","BUY","3,49,725","352.75",
"27-JUN-2024","CSBBANK","CSB Bank Limited","DSP MUTUAL FUND A/C - DSP BANKING AND FINANCIAL SERVICES FUND","BUY","3,00,275","352.75",
"27-JUN-2024","CSBBANK","CSB Bank Limited","EDELWEISS TOKIO LIFE INSURANCE COMPANY LIMITED","BUY","2,83,488","352.75",
"27-JUN-2024","CSBBANK","CSB Bank Limited","FIH MAURITIUS INVESTMENTS LTD","SELL","1,68,68,645","352.75",
"27-JUN-2024","CSBBANK","CSB Bank Limited","GOLDMAN SACHS INVESTMENTS (MAURITIUS) I LIMITED","BUY","2,84,000","352.75",
"27-JUN-2024","CSBBANK","CSB Bank Limited","ICICI PRUDENTIAL MUTUAL FUND","BUY","12,00,000","352.75",
"27-JUN-2024","CSBBANK","CSB Bank Limited","INDIA ACORN FUND LTD","BUY","1,48,000","352.75",
"27-JUN-2024","CSBBANK","CSB Bank Limited","INDIA ACORN ICAV - ASHOKA INDIA OPPORTUNITIES FUND","BUY","16,06,000","352.75",
"27-JUN-2024","CSBBANK","CSB Bank Limited","MORGAN STANLEY ASIA SINGAPORE PTE","BUY","5,90,831","352.75",
"27-JUN-2024","CSBBANK","CSB Bank Limited","SUNDARAM MUTUAL FUND","BUY","7,94,326","352.75",
"27-JUN-2024","CSBBANK","CSB Bank Limited","THELEME INDIA MASTER FUND LIMITED","BUY","6,00,000","352.75",
"27-JUN-2024","CSBBANK","CSB Bank Limited","UTI MUTUAL FUND","BUY","3,00,000","352.75",
"27-JUN-2024","CSBBANK","CSB Bank Limited","VERITABLE L.P. - VEMF-A LP","BUY","3,22,500","352.75",
"27-JUN-2024","CSBBANK","CSB Bank Limited","WHITEOAK CAPITAL MUTUAL FUND","BUY","5,66,000","352.75",
"28-JUN-2024","HCLTECH","HCL Technologies Ltd.","BLACKSTONE AQUA MASTER SUB FUND","BUY","1,44,848","1,440.50",
"28-JUN-2024","HCLTECH","HCL Technologies Ltd.","CITIGROUP GLOBAL MARKETS MAURITIUS PVT LTD","BUY","8,86,469","1,440.50",
"28-JUN-2024","HCLTECH","HCL Technologies Ltd.","COPTHALL MAURITIUS INVESTMENT LIMITED","BUY","7,41,621","1,440.50",
"28-JUN-2024","HCLTECH","HCL Technologies Ltd.","FIAM INTERNATIONAL CAPITAL APPRECIATION COMMINGLED POOL","SELL","94,651","1,440.50",
"28-JUN-2024","HCLTECH","HCL Technologies Ltd.","FIDELITY ADVISOR SERIES VIII-FIDELITY ADVISOR INTERNATIONAL CAPITAL APPRECIATION FUND","SELL","59,51,855","1,440.50",
"28-JUN-2024","HCLTECH","HCL Technologies Ltd.","FIDELITY INSTITUTIONAL AM INTERNATIONAL CORE CIT","SELL","4,40,260","1,440.50",
"28-JUN-2024","HCLTECH","HCL Technologies Ltd.","FIDELITY INVESTMENT TRUST FIDELITY INTERNATIONAL CAPITAL APPRECIATION FUND","SELL","39,86,351","1,440.50",
"28-JUN-2024","HCLTECH","HCL Technologies Ltd.","FIDELITY INVESTMENT TRUST FIDELITY INTERNATIONAL CAPITAL APPRECIATION K6 FUND","SELL","12,43,624","1,440.50",
"28-JUN-2024","HCLTECH","HCL Technologies Ltd.","FIDELITY SUSTAINABLE WORLD ETF","SELL","14,228","1,440.50",
"28-JUN-2024","HCLTECH","HCL Technologies Ltd.","GHISALLO MASTER FUND LP","BUY","7,41,621","1,440.50",
"28-JUN-2024","HCLTECH","HCL Technologies Ltd.","GOLDMAN SACHS (SINGAPORE) PTE","BUY","2,89,696","1,440.50",
"28-JUN-2024","HCLTECH","HCL Technologies Ltd.","ICICI PRUDENTIAL MUTUAL FUND","BUY","69,52,695","1,440.50",
"28-JUN-2024","HCLTECH","HCL Technologies Ltd.","KOTAK MAHINDRA MUTUAL FUND","BUY","5,15,633","1,440.50",
"28-JUN-2024","HCLTECH","HCL Technologies Ltd.","MORGAN STANLEY ASIA SINGAPORE PTE","BUY","10,31,316","1,440.50",
"28-JUN-2024","HCLTECH","HCL Technologies Ltd.","NATIONAL PENSION SERVICE MANAGED BY BLACKROCK INSTIONAL TR CO N A","BUY","2,36,000","1,440.50",
"28-JUN-2024","HCLTECH","HCL Technologies Ltd.","PGGM WORLD EQUITY II BV","BUY","69,000","1,440.50",
"28-JUN-2024","HCLTECH","HCL Technologies Ltd.","SBI MUTUAL FUND","BUY","5,15,633","1,440.50",
"28-JUN-2024","HCLTECH","HCL Technologies Ltd.","SOCIETE GENERALE","BUY","1,44,848","1,440.50",
"28-JUN-2024","HCLTECH","HCL Technologies Ltd.","SUNAMERICA SERIES TRUST SA FIDELITY INSTITUTIONAL AM INTL GROWTH PORTFOLIO","SELL","1,96,545","1,440.50",
"28-JUN-2024","HCLTECH","HCL Technologies Ltd.","VERITION MULTI-STRATEGY MASTER FUND LTD.","BUY","1,44,848","1,440.50",
"28-JUN-2024","HCLTECH","HCL Technologies Ltd.","VIP INTL CAP APP PORT","SELL","4,86,714","1,440.50",
"28-JUN-2024","SOLARA","Solara Active Pha Sci Ltd","AUTHUM INVESTMENT AND INFRASTRUCTURE LIMITED","BUY","20,00,000","495.00",
"28-JUN-2024","SOLARA","Solara Active Pha Sci Ltd","TPG GROWTH IV SF PTE LTD","SELL","20,00,000","495.00",
"08-JUL-2024","SWANENERGY","Swan Energy Limited","2I CAPITAL PCC","SELL","15,00,000","666.20",
"08-JUL-2024","SWANENERGY","Swan Energy Limited","BLACKROCK EMERGING FRONTIERS MASTER FUND LIMITED","BUY","24,58,508","668.27",
"08-JUL-2024","SWANENERGY","Swan Energy Limited","BLACKROCK GLOBAL FUNDS  INDIA FUND","BUY","18,20,108","668.27",
"08-JUL-2024","SWANENERGY","Swan Energy Limited","BLACKROCK STRATEGIC FUNDS - BLACKROCK ASIA PACIFIC ABSOLUTE RETURN FUND","BUY","2,78,017","668.27",
"08-JUL-2024","SWANENERGY","Swan Energy Limited","DOVETAIL INDIA FUND","SELL","12,00,000","666.20",
"08-JUL-2024","SWANENERGY","Swan Energy Limited","EOS MULTI-STRATEGY FUND AIFLNP V.C.I.C.LTD","SELL","15,00,000","666.20",
"08-JUL-2024","SWANENERGY","Swan Energy Limited","EPITOME TRADING AND INVESTMENTS","SELL","1,76,633","692.60",
"08-JUL-2024","SWANENERGY","Swan Energy Limited","PAULOMI KETAN DOSHI","SELL","1,80,000","692.60",
"10-JUL-2024","MANKIND","Mankind Pharma Limited","AURIGIN MASTER FUND LIMITED","BUY","48,032","2,082.00",
"10-JUL-2024","MANKIND","Mankind Pharma Limited","BOFA SECURITIES EUROPE SA - ODI","BUY","72,048","2,082.00",
"10-JUL-2024","MANKIND","Mankind Pharma Limited","CITIGROUP GLOBAL MARKETS MAURITIUS PRIVATE LIMITED (ODI)","BUY","48,032","2,082.00",
"10-JUL-2024","MANKIND","Mankind Pharma Limited","CITIGROUP GLOBAL MARKETS MAURITIUS PVT LTD","BUY","96,063","2,082.00",
"10-JUL-2024","MANKIND","Mankind Pharma Limited","COPTHALL MAURITIUS INVESTMENT LTD","BUY","48,032","2,082.00",
"10-JUL-2024","MANKIND","Mankind Pharma Limited","FUTURE GENERALI INDIA LIFE INSURANCE COMPANY LIMITED","BUY","48,031","2,082.00",
"10-JUL-2024","MANKIND","Mankind Pharma Limited","GHISALLO MASTER FUND LP","BUY","48,031","2,082.00",
"10-JUL-2024","MANKIND","Mankind Pharma Limited","GHISALLO MASTER FUND LP","BUY","1,06,032","2,082.00",
"10-JUL-2024","MANKIND","Mankind Pharma Limited","GOLDMAN SACHS (SINGAPORE) PTE","BUY","48,032","2,082.00",
"10-JUL-2024","MANKIND","Mankind Pharma Limited","GOLDMAN SACHS INVESTMENTS (MAURITIUS) I LIMITED","BUY","96,062","2,082.00",
"10-JUL-2024","MANKIND","Mankind Pharma Limited","HEMA CIPEF (I) LIMITED","SELL","18,50,850","2,082.00",
"10-JUL-2024","MANKIND","Mankind Pharma Limited","ICICI PRUDENTIAL MUTUAL FUND","BUY","3,62,331","2,082.00",
"10-JUL-2024","MANKIND","Mankind Pharma Limited","ICICI PRUDENTIAL MUTUAL FUND A/C ICICI PRUDENTIAL INDIA OPPORTUNITIES FUND","BUY","4,37,238","2,082.00",
"10-JUL-2024","MANKIND","Mankind Pharma Limited","ICICI PRUDENTIAL MUTUAL FUND A/C ICICI PRUDENTIAL MULTICAP FUND (POWER)","BUY","1,05,261","2,082.00",
"10-JUL-2024","MANKIND","Mankind Pharma Limited","ICICI PRUDENTIAL MUTUAL FUND A/C ICICI PRUDENTIAL PHARMA HEALTHCARE & DIAGNOSTICS FUND","BUY","1,05,261","2,082.00",
"10-JUL-2024","MANKIND","Mankind Pharma Limited","INTERNATIONAL OPPORTUNITIES FUNDS INDIA EQUITY","BUY","85,700","2,082.00",
"10-JUL-2024","MANKIND","Mankind Pharma Limited","LIC MUTUAL FUND A/C FLEXI CAP FUND 17","BUY","24,016","2,082.00",
"10-JUL-2024","MANKIND","Mankind Pharma Limited","LIC MUTUAL FUND A/C LARGE CAP FUND 19","BUY","24,016","2,082.00",
"10-JUL-2024","MANKIND","Mankind Pharma Limited","MORGAN STANLEY ASIA SINGAPORE PTE","BUY","2,88,626","2,082.00",
"10-JUL-2024","MANKIND","Mankind Pharma Limited","MORGAN STANLEY ASIA SINGAPORE PTE","BUY","48,032","2,082.00",
"10-JUL-2024","MANKIND","Mankind Pharma Limited","MORGAN STANLEY ASIA SINGAPORE PTE","BUY","48,031","2,082.00",
"10-JUL-2024","MANKIND","Mankind Pharma Limited","MORGAN STANLEY ASIA SINGAPORE PTE","BUY","3,36,672","2,082.00",
"10-JUL-2024","MANKIND","Mankind Pharma Limited","NATIONAL PENSION SERVICE","BUY","37,447","2,082.00",
"10-JUL-2024","MANKIND","Mankind Pharma Limited","NATIONAL PENSION SERVICE","BUY","37,446","2,082.00",
"10-JUL-2024","MANKIND","Mankind Pharma Limited","NORGES BANK ON ACCOUNT OF THE GOVERNMENT PENSION FUND GLOBAL","BUY","2,88,631","2,082.00",
"10-JUL-2024","MANKIND","Mankind Pharma Limited","NUVAMA ENHANCED DYNAMIC GROWTH EQUITY (EDGE) FUND","BUY","48,031","2,082.00",
"10-JUL-2024","MANKIND","Mankind Pharma Limited","PGGM WORLD EQUITY II B.V.","BUY","10,585","2,082.00",
"10-JUL-2024","MANKIND","Mankind Pharma Limited","PICTET - INDIAN EQUITIES","BUY","3,21,221","2,082.00",
"10-JUL-2024","MANKIND","Mankind Pharma Limited","PICTET - INDIAN EQUITIES","BUY","1,60,001","2,082.00",
"10-JUL-2024","MANKIND","Mankind Pharma Limited","SOCIETE GENERALE","BUY","1,20,078","2,082.00",
"10-JUL-2024","MANKIND","Mankind Pharma Limited","SOCIETE GENERALE","BUY","96,064","2,082.00",
"10-JUL-2024","MANKIND","Mankind Pharma Limited","VERITION MULTI-STRATEGY MASTER FUND LTD.","BUY","48,032","2,082.00",
"10-JUL-2024","NYKAA","FSN E Commerce Ventures","CANADA PENSION PLAN INVESTMENT BOARD","SELL","1,47,34,000","174.04",
"10-JUL-2024","NYKAA","FSN E Commerce Ventures","ICICI PRUDENTIAL MUTUAL FUND A/C ICICI PRUDENTIAL INDIA OPPORTUNITIES FUND","BUY","1,30,46,901","174.04",
"10-JUL-2024","NYKAA","FSN E Commerce Ventures","ICICI PRUDENTIAL MUTUAL FUND A/C ICICI PRUDENTIAL TECHNOLOGY FUND","BUY","16,87,099","174.04",
"11-JUL-2024","GODREJAGRO","Godrej Agrovet Limited","FREYAN CRISHNA BIERI","BUY","6,91,026","800.05",
"11-JUL-2024","GODREJAGRO","Godrej Agrovet Limited","JAMSHYD NAOROJI GODREJ","BUY","10,36,539","800.05",
"11-JUL-2024","GODREJAGRO","Godrej Agrovet Limited","NAVROZE JAMSHYD GODREJ","BUY","10,36,539","800.05",
"11-JUL-2024","GODREJAGRO","Godrej Agrovet Limited","NYRIKA HOLKAR","BUY","6,91,026","800.05",
"11-JUL-2024","GODREJAGRO","Godrej Agrovet Limited","R K N ENTERPRISES","SELL","41,46,156","800.05",
"11-JUL-2024","GODREJAGRO","Godrej Agrovet Limited","SMITA GODREJ CRISHNA","BUY","6,91,026","800.05",
"11-JUL-2024","GODREJPROP","Godrej Properties Ltd","FREYAN CRISHNA BIERI","BUY","6,64,400","3,313.90",
"11-JUL-2024","GODREJPROP","Godrej Properties Ltd","JAMSHYD NAOROJI GODREJ","BUY","9,96,600","3,313.90",
"11-JUL-2024","GODREJPROP","Godrej Properties Ltd","NAVROZE JAMSHYD GODREJ","BUY","9,96,600","3,313.90",
"11-JUL-2024","GODREJPROP","Godrej Properties Ltd","NYRIKA HOLKAR","BUY","6,64,400","3,313.90",
"11-JUL-2024","GODREJPROP","Godrej Properties Ltd","R K N ENTERPRISES","SELL","39,86,400","3,313.90",
"11-JUL-2024","GODREJPROP","Godrej Properties Ltd","SMITA GODREJ CRISHNA","BUY","6,64,400","3,313.90",
"11-JUL-2024","INDIGRID","India Grid Trust","ADITYA BIRLA SUN LIFE MUTUAL FUND","SELL","14,54,545","137.50",
"11-JUL-2024","INDIGRID","India Grid Trust","BENNETT COLEMAN AND  CO LTD","BUY","14,54,545","137.50",
"15-JUL-2024","GODREJCP","Godrej Cons Products Ltd","FREYAN CRISHNA BIERI","BUY","18,98,809","1,443.90",
"15-JUL-2024","GODREJCP","Godrej Cons Products Ltd","JAMSHYD NAOROJI GODREJ","BUY","28,48,215","1,443.90",
"15-JUL-2024","GODREJCP","Godrej Cons Products Ltd","NAVROZE JAMSHYD GODREJ","BUY","28,48,214","1,443.90",
"15-JUL-2024","GODREJCP","Godrej Cons Products Ltd","NYRIKA HOLKAR","BUY","18,98,809","1,443.90",
"15-JUL-2024","GODREJCP","Godrej Cons Products Ltd","R K N ENTERPRISES","SELL","1,13,92,858","1,443.90",
"15-JUL-2024","GODREJCP","Godrej Cons Products Ltd","SMITA GODREJ CRISHNA","BUY","18,98,811","1,443.90",
"16-JUL-2024","ZOMATO","Zomato Limited","AXIS MUTUAL FUND A/C AXIS FOCUSED 25 FUND","BUY","44,00,000","226.85",
"16-JUL-2024","ZOMATO","Zomato Limited","BNP PARIBAS ARBITRAGE","BUY","7,35,000","226.85",
"16-JUL-2024","ZOMATO","Zomato Limited","CITIGROUP GLOBAL MARKETS MAURITIUS PRIVATE LIMITED (ODI)","BUY","13,98,000","226.85",
"16-JUL-2024","ZOMATO","Zomato Limited","GOLDMAN SACHS INVESTMENTS (MAURITIUS) I LIMITED  SHORT TERM","BUY","9,20,000","226.85",
"16-JUL-2024","ZOMATO","Zomato Limited","MATTHEWS ASIA FUNDS PACIFIC TIGER FUND","BUY","90,413","226.85",
"16-JUL-2024","ZOMATO","Zomato Limited","MATTHEWS ASIA INSTITUTIONAL FUNDS LLC ASIA EX CHINA EQUITY SERIES","BUY","26,411","226.85",
"16-JUL-2024","ZOMATO","Zomato Limited","MATTHEWS PACIFIC TIGER ACTIVE ETF","BUY","45,771","226.85",
"16-JUL-2024","ZOMATO","Zomato Limited","MATTHEWS PACIFIC TIGER FUND","BUY","5,58,514","226.85",
"16-JUL-2024","ZOMATO","Zomato Limited","MORGAN STANLEY ASIA SINGAPORE PTE","BUY","4,40,998","226.85",
"16-JUL-2024","ZOMATO","Zomato Limited","MOTILAL OSWAL MUTUAL FUND","SELL","2,84,70,148","226.85",
"16-JUL-2024","ZOMATO","Zomato Limited","OPTIMAS GLOBAL ALPHA FUND","BUY","7,35,000","226.85",
"16-JUL-2024","ZOMATO","Zomato Limited","POLAR CAPITAL FUNDS PLC-GLOBAL TECHNOLOGY FUND","BUY","63,50,856","226.85",
"16-JUL-2024","ZOMATO","Zomato Limited","SOCIETE GENERALE","BUY","1,27,69,185","226.85",
"29-JUL-2024","INDHOTEL","Indian Hotels Co. Ltd.","DODONA HOLDINGS LIMITED","SELL","3,21,741","645.00",
"29-JUL-2024","INDHOTEL","Indian Hotels Co. Ltd.","SIDDHARTHA YOG","BUY","3,21,741","645.00",
"29-JUL-2024","JYOTICNC","Jyoti CNC Automation Ltd","ASTORNE CAPITAL VCC   ARVEN","BUY","89,048","1,123.00",
"29-JUL-2024","JYOTICNC","Jyoti CNC Automation Ltd","AXIS BALANCED ADVANTAGE FUND","BUY","13,357","1,123.00",
"29-JUL-2024","JYOTICNC","Jyoti CNC Automation Ltd","AXIS BUSINESS CYCLES FUND","BUY","89,047","1,123.00",
"29-JUL-2024","JYOTICNC","Jyoti CNC Automation Ltd","AXIS CHILDREN S GIFT FUND","BUY","35,619","1,123.00",
"29-JUL-2024","JYOTICNC","Jyoti CNC Automation Ltd","AXIS EQUITY HYBRID FUND","BUY","66,785","1,123.00",
"29-JUL-2024","JYOTICNC","Jyoti CNC Automation Ltd","AXIS GROWTH OPPORTUNITIES FUND","BUY","3,56,189","1,123.00",
"29-JUL-2024","JYOTICNC","Jyoti CNC Automation Ltd","AXIS INDIA MANUFACTURING FUND","BUY","2,67,141","1,123.00",
"29-JUL-2024","JYOTICNC","Jyoti CNC Automation Ltd","AXIS MIDCAP FUND","BUY","9,43,901","1,123.00",
"29-JUL-2024","JYOTICNC","Jyoti CNC Automation Ltd","AXIS MULTICAP FUND","BUY","2,67,141","1,123.00",
"29-JUL-2024","JYOTICNC","Jyoti CNC Automation Ltd","AXIS RETIREMENT SAVINGS FUND AGGRESSIVE PLAN","BUY","35,619","1,123.00",
"29-JUL-2024","JYOTICNC","Jyoti CNC Automation Ltd","AXIS RETIREMENT SAVINGS FUND DYNAMIC PLAN","BUY","17,809","1,123.00",
"29-JUL-2024","JYOTICNC","Jyoti CNC Automation Ltd","AXIS SPECIAL SITUATIONS FUND","BUY","1,33,571","1,123.00",
"29-JUL-2024","JYOTICNC","Jyoti CNC Automation Ltd","EDELWEISS BALANCE ADVANTAGE FUND","BUY","4,45,235","1,123.00",
"29-JUL-2024","JYOTICNC","Jyoti CNC Automation Ltd","FLORIDA RETIREMENT SYSTEM","BUY","2,67,141","1,123.00",
"29-JUL-2024","JYOTICNC","Jyoti CNC Automation Ltd","HSBC LARGE AND MID CAP EQUITY FUND","BUY","1,76,000","1,123.00",
"29-JUL-2024","JYOTICNC","Jyoti CNC Automation Ltd","HSBC MULTI ASSET ALLOCATION FUND","BUY","88,000","1,123.00",
"29-JUL-2024","JYOTICNC","Jyoti CNC Automation Ltd","MORGAN STANLEY ASIA (SINGAPORE) PTE.","BUY","3,56,188","1,123.00",
"29-JUL-2024","JYOTICNC","Jyoti CNC Automation Ltd","MORGAN STANLEY ASIA SINGAPORE PTE","BUY","13,77,180","1,123.00",
"29-JUL-2024","JYOTICNC","Jyoti CNC Automation Ltd","PARESH MOHANLAL PAREKH","SELL","29,70,692","1,123.00",
"29-JUL-2024","JYOTICNC","Jyoti CNC Automation Ltd","SOCIETE GENERALE","BUY","2,60,949","1,123.00",
"29-JUL-2024","JYOTICNC","Jyoti CNC Automation Ltd","TARA EMERGING ASIA LIQUID FUND","BUY","2,60,949","1,123.00",
"29-JUL-2024","JYOTICNC","Jyoti CNC Automation Ltd","VIJAY MOHANLAL PAREKH","SELL","25,76,177","1,123.00",
"30-JUL-2024","BAJAJFINSV","Bajaj Finserv Limited","ARYAMAN FAMILY TRUST","SELL","75,000","1,662.00",
"30-JUL-2024","BAJAJFINSV","Bajaj Finserv Limited","BACHHRAJ & CO PRIVATE LIMITED","BUY","2,25,000","1,662.00",
"30-JUL-2024","BAJAJFINSV","Bajaj Finserv Limited","NIRVAAN FAMILY TRUST","SELL","75,000","1,662.00",
"30-JUL-2024","BAJAJFINSV","Bajaj Finserv Limited","SUNAINA KEJRIWAL","SELL","75,000","1,662.00",
"30-JUL-2024","SARDAEN","Sarda Energy & Min Ltd","FORTUNE COURIERS LTD","SELL","15,00,000","279.00",
"30-JUL-2024","SARDAEN","Sarda Energy & Min Ltd","JOHNSON DYE WORKS PRIVATE LTD","BUY","7,50,000","279.00",
"30-JUL-2024","SARDAEN","Sarda Energy & Min Ltd","NEW ERA FABRICS LIMITED","BUY","7,50,000","279.00",
"02-AUG-2024","NETWEB","Netweb Tech India Ltd","CITIGROUP GLOBAL MARKETS MAURITIUS PRIVATE LIMITED - ODI","BUY","4,48,010","2,232.10",
"02-AUG-2024","NETWEB","Netweb Tech India Ltd","DISCOVERY GLOBAL OPPORTUNITY MAURITIUS LIMITED","BUY","1,50,040","2,232.10",
"02-AUG-2024","NETWEB","Netweb Tech India Ltd","ICICI PRUDENTIAL MUTUAL FUND","BUY","10,75,230","2,232.10",
"02-AUG-2024","NETWEB","Netweb Tech India Ltd","INVESCO MUTUAL FUND","BUY","44,810","2,232.10",
"02-AUG-2024","NETWEB","Netweb Tech India Ltd","NAVIN  LODHA","SELL","4,10,959","2,232.10",
"02-AUG-2024","NETWEB","Netweb Tech India Ltd","NIRAJ  LODHA","SELL","4,10,959","2,232.10",
"02-AUG-2024","NETWEB","Netweb Tech India Ltd","SANJAY  LODHA","SELL","8,21,918","2,232.10",
"02-AUG-2024","NETWEB","Netweb Tech India Ltd","SOCIETE GENERALE","BUY","2,73,975","2,232.10",
"02-AUG-2024","NETWEB","Netweb Tech India Ltd","UNION MUTUAL FUND","BUY","62,730","2,232.10",
"02-AUG-2024","NETWEB","Netweb Tech India Ltd","VIVEK  LODHA","SELL","4,10,959","2,232.10",
"05-AUG-2024","JUBLPHARMA","Jubilant Pharmova Ltd","EAST BRIDGE CAPITAL MASTER FUND I LTD","BUY","14,05,000","851.00",
"05-AUG-2024","JUBLPHARMA","Jubilant Pharmova Ltd","EAST BRIDGE CAPITAL MASTER FUND LIMITED","SELL","14,05,000","851.00",
"06-AUG-2024","ZYDUSWELL","Zydus Wellness Limited","QUANT MUTUAL FUND","BUY","17,00,000","2,201.40",
"06-AUG-2024","ZYDUSWELL","Zydus Wellness Limited","THREPSI CARE LLP","SELL","17,00,000","2,201.40",
"07-AUG-2024","ADANIENSOL","Adani Energy Solution Ltd","BNP PARIBAS FINANCIAL MARKETS","BUY","1,23,000","1,113.65",
"07-AUG-2024","ADANIENSOL","Adani Energy Solution Ltd","CITIGROUP GLOBAL MARKETS MAURITIUS PVT LTD","SELL","1,23,000","1,113.65",
"07-AUG-2024","ADFFOODS","ADF Foods Limited","DOVETAIL GLOBAL FUND PCC - MARCELLUS INDIA FUND","BUY","38,45,000","220.00",
"07-AUG-2024","ADFFOODS","ADF Foods Limited","INFINITY HOLDINGS","SELL","38,45,000","220.00",
"07-AUG-2024","ORIENTCER","ORIENT CERATECH LIMITED","ALBULA INVESTMENT FUND LTD","BUY","32,64,273","48.00",
"07-AUG-2024","ORIENTCER","ORIENT CERATECH LIMITED","LTS INVESTMENT FUND LTD","SELL","32,64,273","48.00",
"07-AUG-2024","TRENT","Trent Ltd.","DODONA HOLDINGS LIMITED","SELL","24,500","5,220.00",
"07-AUG-2024","TRENT","Trent Ltd.","SIDDHARTHA YOG","BUY","24,500","5,220.00",
"08-AUG-2024","DCW","DCW Ltd","ALBULA INVESTMENT FUND LTD","BUY","24,64,733","71.35",
"08-AUG-2024","DCW","DCW Ltd","LTS INVESTMENT FUND LTD","SELL","24,64,733","71.35",
"13-AUG-2024","SUNDRMFAST","Sundram Fasteners Ltd","NIPPON INDIA MUTUAL FUND","BUY","10,95,196","1,318.00",
"13-AUG-2024","SUNDRMFAST","Sundram Fasteners Ltd","SBI MUTUAL FUND","BUY","22,00,304","1,318.00",
"13-AUG-2024","SUNDRMFAST","Sundram Fasteners Ltd","TVS SUNDRAM FASTENERS PRIVATE LIMITED","SELL","32,95,500","1,318.00",
"14-AUG-2024","ASHAPURMIN","Ashapura Minechem Ltd","GRIFFIN GROWTH FUND VCC","BUY","34,67,750","340.00",
"14-AUG-2024","ASHAPURMIN","Ashapura Minechem Ltd","LTS INVESTMENT FUND LTD","SELL","34,67,750","340.00",
"19-AUG-2024","ETHOSLTD","Ethos Limited","BANDHAN MUTUAL FUND","BUY","1,10,000","3,346.00",
"19-AUG-2024","ETHOSLTD","Ethos Limited","BANDHAN MUTUAL FUND","BUY","1,60,000","3,346.00",
"19-AUG-2024","ETHOSLTD","Ethos Limited","BANDHAN MUTUAL FUND","BUY","30,000","3,346.00",
"19-AUG-2024","ETHOSLTD","Ethos Limited","MAHEN DISTRIBUTION LIMITED","SELL","1,60,000","3,346.00",
"19-AUG-2024","ETHOSLTD","Ethos Limited","MASTER CAPITAL SERVICES LIMITED","SELL","1,40,000","3,346.00",
"19-AUG-2024","SHRIRAMFIN","Shriram Finance Limited","BOFA SECURITIES EUROPE SA","BUY","2,96,373","2,981.50",
"19-AUG-2024","SHRIRAMFIN","Shriram Finance Limited","MARSHALL WACE INVESTMENT STRATEGIES - EUREKA FUND","SELL","5,92,745","2,981.50",
"19-AUG-2024","SHRIRAMFIN","Shriram Finance Limited","SOCIETE GENERALE","BUY","2,96,372","2,981.50",
"20-AUG-2024","ADFFOODS","ADF Foods Limited","INFINITY HOLDINGS","SELL","44,00,000","227.51",
"20-AUG-2024","ADFFOODS","ADF Foods Limited","INFINITY PORTFOLIO HOLDINGS","BUY","44,00,000","227.51",
"20-AUG-2024","VERTOZ","Vertoz Limited","EBENE GLOBAL OPPORTUNITY FUND","BUY","40,00,000","33.55",
"20-AUG-2024","VERTOZ","Vertoz Limited","MINERVA VENTURES FUND","SELL","40,00,000","33.55",
"21-AUG-2024","KIRIINDUS","Kiri Industries Limited","GRIFFIN GROWTH FUND VCC","BUY","40,98,052","373.85",
"21-AUG-2024","KIRIINDUS","Kiri Industries Limited","LOTUS GLOBAL INVESTMENTS LIMITED","SELL","40,98,052","373.85",
"21-AUG-2024","TRENT","Trent Ltd.","DODONA HOLDINGS LIMITED","SELL","2,46,100","6,790.00",
"21-AUG-2024","TRENT","Trent Ltd.","SIDDHARTHA YOG","BUY","2,46,100","6,790.00",
"22-AUG-2024","ALKEM","Alkem Laboratories Ltd.","BNP PARIBAS ARBITRAGE -NON ODI","BUY","35,000","5,732.15",
"22-AUG-2024","ALKEM","Alkem Laboratories Ltd.","CITIGROUP GLOBAL MARKETS MAURITIUS PRIVATE LIMITED-ODI","BUY","75,000","5,732.15",
"22-AUG-2024","ALKEM","Alkem Laboratories Ltd.","CITIGROUP GLOBAL MARKETS MAURITIUS PRIVATE LTD","BUY","35,000","5,732.15",
"22-AUG-2024","ALKEM","Alkem Laboratories Ltd.","COPTHALL MAURITIUS INVESTMENT LIMITED-NON ODI ACCOUNT","BUY","17,500","5,732.15",
"22-AUG-2024","ALKEM","Alkem Laboratories Ltd.","GOLDMAN SACHS INVESTMENTS MAURITIUS I LIMITED","BUY","35,000","5,732.15",
"22-AUG-2024","ALKEM","Alkem Laboratories Ltd.","ICICI PRUDENTIAL LIFE INSURANCE COMPANY LTD","BUY","1,97,000","5,732.15",
"22-AUG-2024","ALKEM","Alkem Laboratories Ltd.","ITI MUTUAL FUND","BUY","50,000","5,732.15",
"22-AUG-2024","ALKEM","Alkem Laboratories Ltd.","JM FINANCIAL MUTUAL FUND","BUY","17,500","5,732.15",
"22-AUG-2024","ALKEM","Alkem Laboratories Ltd.","KOTAK MAHINDRA MUTUAL FUND","BUY","61,000","5,732.15",
"22-AUG-2024","ALKEM","Alkem Laboratories Ltd.","MORGAN STANLEY ASIA SINGAPORE PTE","BUY","35,000","5,732.15",
"22-AUG-2024","ALKEM","Alkem Laboratories Ltd.","MORGAN STANLEY ASIA SINGAPORE PTE-ODI","BUY","98,000","5,732.15",
"22-AUG-2024","ALKEM","Alkem Laboratories Ltd.","RELIANCE NIPPON LIFE INSURANCE COMPANY LIMITED","BUY","61,000","5,732.15",
"22-AUG-2024","ALKEM","Alkem Laboratories Ltd.","SAMPRADA&NANHAMATI SINGH FAMILY TRUST","SELL","8,50,000","5,732.15",
"22-AUG-2024","ALKEM","Alkem Laboratories Ltd.","SOCIETE GENERALE","BUY","46,000","5,732.15",
"22-AUG-2024","ALKEM","Alkem Laboratories Ltd.","TATA MUTUAL FUND","BUY","87,000","5,732.15",
"22-AUG-2024","ALMONDZ","Almondz Global Securities","AVONMORE CAPITAL & MANAGEMENT SERVICES LIMITED","SELL","58,53,802","31.07",
"22-AUG-2024","ALMONDZ","Almondz Global Securities","SANTHANA RAJAGOPALAN NANDAKUMAR","BUY","58,53,802","31.07",
"22-AUG-2024","ERIS","Eris Lifesciences Limited","EMERALD INVESTMENTS LIMITED","SELL","98,86,882","1,201.00",
"22-AUG-2024","ERIS","Eris Lifesciences Limited","INFINITY PARTNERS","BUY","98,86,882","1,201.00",
"22-AUG-2024","KALYANKJIL","Kalyan Jewellers Ind Ltd","AEMV","BUY","13,656","539.10",
"22-AUG-2024","KALYANKJIL","Kalyan Jewellers Ind Ltd","AVAW","BUY","68,441","539.10",
"22-AUG-2024","KALYANKJIL","Kalyan Jewellers Ind Ltd","AVS-MF","BUY","26,817","539.10",
"22-AUG-2024","KALYANKJIL","Kalyan Jewellers Ind Ltd","CHALLENGE FUNDS CHALLENGE PACIFIC EQUITY FUND","BUY","66,987","539.10",
"22-AUG-2024","KALYANKJIL","Kalyan Jewellers Ind Ltd","CITIGROUP GLOBAL MARKETS MAURITIUS PRIVATE LIMITED","BUY","10,20,219","539.10",
"22-AUG-2024","KALYANKJIL","Kalyan Jewellers Ind Ltd","DAIWA HOUSE INDUSTRY PENSION FUND","BUY","7,227","539.10",
"22-AUG-2024","KALYANKJIL","Kalyan Jewellers Ind Ltd","EMPLOYEES PROVIDENT FUND","BUY","12,45,001","539.10",
"22-AUG-2024","KALYANKJIL","Kalyan Jewellers Ind Ltd","FIDELITY FUNDS - SUSTAINABLE ASIA EQUITY FUND","BUY","21,21,519","539.10",
"22-AUG-2024","KALYANKJIL","Kalyan Jewellers Ind Ltd","FIDELITY FUNDS - SUSTAINABLE ASIA EQUITY II POOL","BUY","7,43,588","539.10",
"22-AUG-2024","KALYANKJIL","Kalyan Jewellers Ind Ltd","FIDELITY INVESTMENT FUNDS - FIDELITY SUSTAINABLE ASIA EQUITY FUND","BUY","66,245","539.10",
"22-AUG-2024","KALYANKJIL","Kalyan Jewellers Ind Ltd","GOVERNMENT OF SINGAPORE","BUY","72,51,796","539.10",
"22-AUG-2024","KALYANKJIL","Kalyan Jewellers Ind Ltd","HIGHDELL INVESTMENT LIMITED","SELL","3,66,16,583","539.10",
"22-AUG-2024","KALYANKJIL","Kalyan Jewellers Ind Ltd","HIGHDELL INVESTMENT LTD","SELL","1,85,49,434","539.10",
"22-AUG-2024","KALYANKJIL","Kalyan Jewellers Ind Ltd","HIGHDELL INVESTMENT LTD","SELL","1,13,23,649","539.10",
"22-AUG-2024","KALYANKJIL","Kalyan Jewellers Ind Ltd","HSBC MUTUAL FUND","BUY","20,40,438","539.10",
"22-AUG-2024","KALYANKJIL","Kalyan Jewellers Ind Ltd","INVESCO MUTUAL FUND A/C INVESCO TAX PLAN","BUY","18,63,437","539.10",
"22-AUG-2024","KALYANKJIL","Kalyan Jewellers Ind Ltd","MONETARY AUTHORITY OF SINGAPORE","BUY","12,62,394","539.10",
"22-AUG-2024","KALYANKJIL","Kalyan Jewellers Ind Ltd","MOTILAL OSWAL MUTUAL FUND","BUY","92,74,717","539.10",
"22-AUG-2024","KALYANKJIL","Kalyan Jewellers Ind Ltd","NOMURA FUNDS IRELAND PLC NOMURA FUNDS IRELAND INDIA EQUITY FUND","BUY","70,06,202","539.10",
"22-AUG-2024","KALYANKJIL","Kalyan Jewellers Ind Ltd","NOMURA FUNDS IRELAND PLC-ASIA EX JAPAN HIGH CONVICTION FUND","BUY","13,94,825","539.10",
"22-AUG-2024","KALYANKJIL","Kalyan Jewellers Ind Ltd","NOMURA INDIA INVESTMENT FUND MOTHER FUND","BUY","1,14,02,427","539.10",
"22-AUG-2024","KALYANKJIL","Kalyan Jewellers Ind Ltd","SUNDARAM MUTUAL FUND","BUY","12,98,460","539.10",
"22-AUG-2024","KALYANKJIL","Kalyan Jewellers Ind Ltd","TCSBL AS TRUSTE FOR GLOBAL NEW GENERATION STOCK FUND","BUY","74,19,774","539.10",
"22-AUG-2024","KALYANKJIL","Kalyan Jewellers Ind Ltd","THE MASTER TR BK OF JPN LIMITED AS TRSTEE OF FIDELITY ASIA EQTY MOTHER FD","BUY","62,318","539.10",
"22-AUG-2024","KALYANKJIL","Kalyan Jewellers Ind Ltd","TINIESA","BUY","13,478","539.10",
"22-AUG-2024","KALYANKJIL","Kalyan Jewellers Ind Ltd","TNTBC AS THE TRUSTEE OF NOMURA INDIA STOCK MOTHER FUND","BUY","8,29,962","539.10",
"22-AUG-2024","KALYANKJIL","Kalyan Jewellers Ind Ltd","UNIVERSAL INVESTMENT GESELLSCHAFT MBH FOR UI-ZW-FONDS","BUY","1,52,117","539.10",
"22-AUG-2024","KALYANKJIL","Kalyan Jewellers Ind Ltd","UNIVERSAL-INVESTMENT-GESELLSCHAFT MBH FOR UI-BA-FONDS","BUY","5,62,904","539.10",
"22-AUG-2024","NIITLTD","NIIT Limited","HORNBILL ORCHID INDIA FUND","SELL","35,38,051","118.00",
"22-AUG-2024","NIITLTD","NIIT Limited","PAWAR FAMILY TRUST","BUY","17,69,026","118.00",
"22-AUG-2024","NIITLTD","NIIT Limited","THADANI FAMILY TRUST","BUY","17,69,025","118.00",
"23-AUG-2024","AMBUJACEM","Ambuja Cements Ltd","AURIGIN MASTER FUND LIMITED","BUY","1,61,000","625.55",
"23-AUG-2024","AMBUJACEM","Ambuja Cements Ltd","AXIS MUTUAL FUND","BUY","12,70,000","625.50",
"23-AUG-2024","AMBUJACEM","Ambuja Cements Ltd","BARODA BNP PARIBAS MUTUAL FUND","BUY","9,30,000","625.50",
"23-AUG-2024","AMBUJACEM","Ambuja Cements Ltd","CANARA HSBC LIFE INSURANCE COMPANY LIMITED","BUY","5,30,000","625.50",
"23-AUG-2024","AMBUJACEM","Ambuja Cements Ltd","GHISALLO MASTER FUND LP","BUY","1,61,000","625.55",
"23-AUG-2024","AMBUJACEM","Ambuja Cements Ltd","GQG PARTNERS EMERGING MARKETS EQUITY FUND","BUY","2,68,40,000","625.50",
"23-AUG-2024","AMBUJACEM","Ambuja Cements Ltd","HOLDERIND INVESTMENTS LIMITED","SELL","6,79,56,000","625.50",
"23-AUG-2024","AMBUJACEM","Ambuja Cements Ltd","ICICI PRUDENTIAL LIFE INSURANCE COMPANY LIMITED","BUY","1,60,000","625.50",
"23-AUG-2024","AMBUJACEM","Ambuja Cements Ltd","ICICI PRUDENTIAL MUTUAL FUND","BUY","31,90,000","625.50",
"23-AUG-2024","AMBUJACEM","Ambuja Cements Ltd","INVESCO MUTUAL FUND","BUY","27,90,000","625.50",
"23-AUG-2024","AMBUJACEM","Ambuja Cements Ltd","KADENSA MASTER FUND","BUY","1,61,000","625.50",
"23-AUG-2024","AMBUJACEM","Ambuja Cements Ltd","KIFS FINSTOCK LIMITED","BUY","9,61,000","625.50",
"23-AUG-2024","AMBUJACEM","Ambuja Cements Ltd","KOTAK MAHINDRA LIFE INSURANCE COMPANY LIMITED","BUY","9,30,000","625.50",
"23-AUG-2024","AMBUJACEM","Ambuja Cements Ltd","LMR MULTI-STRATEGY MASTER FUND LIMITED","BUY","1,61,000","625.50",
"23-AUG-2024","AMBUJACEM","Ambuja Cements Ltd","MC JAIN INFOSERVICES PRIVATE LIMITED","BUY","1,60,000","625.50",
"23-AUG-2024","AMBUJACEM","Ambuja Cements Ltd","MIRAE ASSET MUTUAL FUND","BUY","40,20,000","625.50",
"23-AUG-2024","AMBUJACEM","Ambuja Cements Ltd","MORGAN STANLEY ASIA SINGAPORE PTE","BUY","38,80,000","625.50",
"23-AUG-2024","AMBUJACEM","Ambuja Cements Ltd","NATIONAL PENSION SYSTEM (NPS) TRUST","BUY","12,00,000","625.50",
"23-AUG-2024","AMBUJACEM","Ambuja Cements Ltd","NATIONAL PENSION SYSTEM (NPS) TRUST","BUY","71,90,000","625.50",
"23-AUG-2024","AMBUJACEM","Ambuja Cements Ltd","NORGES BANK ON ACCOUNT OF THE GOVERNMENT PENSION FUND GLOBAL","BUY","26,60,000","625.50",
"23-AUG-2024","AMBUJACEM","Ambuja Cements Ltd","SAURABH HEMRAJ BORA","BUY","1,61,000","625.50",
"23-AUG-2024","AMBUJACEM","Ambuja Cements Ltd","SBI LIFE INSURANCE COMPANY LIMITED","BUY","79,90,000","625.50",
"23-AUG-2024","AMBUJACEM","Ambuja Cements Ltd","TARA EMERGING ASIA LIQUID FUND","BUY","1,60,000","625.50",
"23-AUG-2024","AMBUJACEM","Ambuja Cements Ltd","TATA MUTUAL FUND","BUY","7,90,000","625.50",
"23-AUG-2024","AMBUJACEM","Ambuja Cements Ltd","VANGUARD EMERGING MARKETS SHARES INDEX FUND","BUY","13,40,000","625.50",
"23-AUG-2024","AMBUJACEM","Ambuja Cements Ltd","VERITION MULTI-STRATEGY MASTER FUND LTD.","BUY","1,60,000","625.50",
"23-AUG-2024","SEAMECLTD","SEAMEC Limited","LEGENDS GLOBAL OPPORTUNITIES (SINGAPORE) PTE. LTD.","BUY","2,79,000","1,500.00",
"23-AUG-2024","SEAMECLTD","SEAMEC Limited","NOMURA SINGAPORE LIMITED","SELL","2,79,000","1,500.00",
"23-AUG-2024","WEL","Wonder Electricals Ltd","UNICO GLOBAL OPPORTUNITIES FUND LIMITED","BUY","5,00,000","1,465.00",
"23-AUG-2024","WEL","Wonder Electricals Ltd","VESPERA FUND LIMITED","SELL","5,00,000","1,465.00",
"26-AUG-2024","ADANIPOWER","Adani Power Limited","CITIGROUP GLOBAL MARKETS MAURITIUS PRIVATE LIMITED","SELL","8,38,000","662.50",
"26-AUG-2024","ADANIPOWER","Adani Power Limited","CITIGROUP GLOBAL MARKETS SINGAPORE PTE LIMITED","BUY","8,38,000","662.50",
"26-AUG-2024","AUBANK","AU Small Finance Bank Ltd","BOFA SECURITIES EUROPE SA","BUY","79,000","630.00",
"26-AUG-2024","AUBANK","AU Small Finance Bank Ltd","BOFA SECURITIES EUROPE SA","BUY","80,003","630.00",
"26-AUG-2024","AUBANK","AU Small Finance Bank Ltd","CITIGROUP GLOBAL MARKETS MAURITIUS PVT LTD","BUY","5,30,002","630.00",
"26-AUG-2024","AUBANK","AU Small Finance Bank Ltd","DSP MUTUAL FUND","BUY","1,03,17,460","630.00",
"26-AUG-2024","AUBANK","AU Small Finance Bank Ltd","FINCARE BUSINESS SERVICES LIMITED","SELL","1,27,56,118","630.00",
"26-AUG-2024","AUBANK","AU Small Finance Bank Ltd","MORGAN STANLEY ASIA SINGAPORE PTE","BUY","10,60,001","630.00",
"26-AUG-2024","AUBANK","AU Small Finance Bank Ltd","SOCIETE GENERALE","BUY","6,89,652","630.00",
"26-AUG-2024","CGPOWER","CG Power & Ind. Sol. Ltd.","CITIGROUP GLOBAL MARKETS MAURITIUS PRIVATE LIMITED","SELL","7,03,000","738.00",
"26-AUG-2024","CGPOWER","CG Power & Ind. Sol. Ltd.","CITIGROUP GLOBAL MARKETS SINGAPORE PTE LIMITED","BUY","7,03,000","738.00",
"26-AUG-2024","SEAMECLTD","SEAMEC Limited","LEGENDS GLOBAL OPPORTUNITIES (SINGAPORE) PTE. LTD.","BUY","1,90,000","1,525.00",
"26-AUG-2024","SEAMECLTD","SEAMEC Limited","NOMURA SINGAPORE LIMITED","SELL","1,90,000","1,525.00",
"26-AUG-2024","VBL","Varun Beverages Limited","CITIGROUP GLOBAL MARKETS MAURITIUS PRIVATE LIMITED","SELL","5,07,000","1,578.50",
"26-AUG-2024","VBL","Varun Beverages Limited","CITIGROUP GLOBAL MARKETS SINGAPORE PTE LIMITED","BUY","5,07,000","1,578.50",
"26-AUG-2024","WEL","Wonder Electricals Ltd","UNICO GLOBAL OPPORTUNITIES FUND LIMITED","BUY","5,00,000","1,375.00",
"26-AUG-2024","WEL","Wonder Electricals Ltd","VESPERA FUND LIMITED","SELL","5,00,000","1,375.00",
"27-AUG-2024","BAJAJFINSV","Bajaj Finserv Limited","ARYAMAN FAMILY TRUST","SELL","75,000","1,713.00",
"27-AUG-2024","BAJAJFINSV","Bajaj Finserv Limited","BACHHRAJ & CO PRIVATE LIMITED","BUY","2,25,000","1,713.00",
"27-AUG-2024","BAJAJFINSV","Bajaj Finserv Limited","NIRVAAN FAMILY TRUST","SELL","75,000","1,713.00",
"27-AUG-2024","BAJAJFINSV","Bajaj Finserv Limited","SUNAINA KEJRIWAL","SELL","75,000","1,713.00",
"27-AUG-2024","TRENT","Trent Ltd.","DODONA HOLDINGS LIMITED","SELL","6,78,200","6,925.00",
"27-AUG-2024","TRENT","Trent Ltd.","SIDDHARTHA YOG","BUY","6,78,200","6,925.00",
"28-AUG-2024","ADANIGREEN","Adani Green Energy Ltd","CITIGROUP GLOBAL MARKETS MAURITIUS PRIVATE LIMITED","SELL","3,30,000","1,855.00",
"28-AUG-2024","ADANIGREEN","Adani Green Energy Ltd","CITIGROUP GLOBAL MARKETS SINGAPORE PTE LIMITED","BUY","3,30,000","1,855.00",
"28-AUG-2024","ADFFOODS","ADF Foods Limited","INFINITY HOLDINGS","SELL","17,55,000","269.24",
"28-AUG-2024","ADFFOODS","ADF Foods Limited","INFINITY PORTFOLIO HOLDINGS","BUY","17,55,000","269.24",
"28-AUG-2024","DMART","Avenue Supermarts Limited","CITIGROUP GLOBAL MARKETS MAURITIUS PRIVATE LIMITED","SELL","1,63,000","4,937.00",
"28-AUG-2024","DMART","Avenue Supermarts Limited","CITIGROUP GLOBAL MARKETS SINGAPORE PTE LIMITED","BUY","1,63,000","4,937.00",
"28-AUG-2024","GMMPFAUDLR","GMM Pfaudler Limited","ATREIDES INVESTMENTS B.V.","SELL","4,12,194","1,352.00",
"28-AUG-2024","GMMPFAUDLR","GMM Pfaudler Limited","GERANIUM INVESTMENTS LIMITED","SELL","37,09,766","1,352.00",
"28-AUG-2024","GMMPFAUDLR","GMM Pfaudler Limited","INFINITY PARTNERS","BUY","41,21,960","1,352.00",
"28-AUG-2024","HNDFDS","Hindustan Foods Limited","INFINITY HOLDINGS","SELL","2,55,540","570.60",
"28-AUG-2024","HNDFDS","Hindustan Foods Limited","INFINITY PORTFOLIO HOLDINGS","BUY","2,55,540","570.60",
"28-AUG-2024","KIMS","Krishna Inst of Med Sci L","EMERALD INVESTMENTS LIMITED","SELL","15,70,000","2,497.00",
"28-AUG-2024","KIMS","Krishna Inst of Med Sci L","INFINITY PARTNERS","BUY","15,70,000","2,497.00",
"28-AUG-2024","MAXHEALTH","Max Healthcare Ins Ltd","CITIGROUP GLOBAL MARKETS MAURITIUS PRIVATE LIMITED","SELL","6,69,000","862.00",
"28-AUG-2024","MAXHEALTH","Max Healthcare Ins Ltd","CITIGROUP GLOBAL MARKETS SINGAPORE PTE LIMITED","BUY","6,69,000","862.00",
"29-AUG-2024","JLHL","Jupiter Life Line Hosp L","BRINDHA RAGHAVAN","SELL","1,00,000","1,310.00",
"29-AUG-2024","JLHL","Jupiter Life Line Hosp L","RAGHAVAN  VADAPATRA SAYEE","SELL","1,00,000","1,310.00",
"29-AUG-2024","JLHL","Jupiter Life Line Hosp L","THINK INDIA OPPORTUNITIES MASTER FUND LP","BUY","2,00,000","1,310.00",
"29-AUG-2024","WELSPUNLIV","Welspun Living Limited","ADITYA BIRLA SUN LIFE MUTUAL FUND","BUY","19,29,943","205.21",
"29-AUG-2024","WELSPUNLIV","Welspun Living Limited","AUTHUM INVESTMENT & INFRASTRUCTURE LIMITED","BUY","55,93,052","205.21",
"29-AUG-2024","WELSPUNLIV","Welspun Living Limited","COPTHALL MAURITIUS INVESTMENT LIMITED","BUY","1,09,12,547","205.21",
"29-AUG-2024","WELSPUNLIV","Welspun Living Limited","GHISALLO MASTER FUND LP","BUY","9,74,706","205.21",
"29-AUG-2024","WELSPUNLIV","Welspun Living Limited","INDUS INDIA FUND MAURITIUS LIMITED","BUY","5,11,720","205.21",
"29-AUG-2024","WELSPUNLIV","Welspun Living Limited","NORGES BANK ON ACCOUNT OF THE GOVERNMENT PENSION FUND GLOBAL","BUY","20,46,081","205.21",
"29-AUG-2024","WELSPUNLIV","Welspun Living Limited","SAHASTRAA ADVISORS PRIVATE LIMITED","BUY","35,00,000","205.21",
"29-AUG-2024","WELSPUNLIV","Welspun Living Limited","SBI LIFE INSURANCE COMPANY LTD","BUY","97,47,063","205.21",
"29-AUG-2024","WELSPUNLIV","Welspun Living Limited","TARA EMERGING ASIA LIQUID FUND","BUY","5,16,594","205.21",
"29-AUG-2024","WELSPUNLIV","Welspun Living Limited","TRADE CORNER","BUY","8,50,000","205.21",
"29-AUG-2024","WELSPUNLIV","Welspun Living Limited","WELSPUN GROUP MASTER TRUST","SELL","3,80,81,706","205.21",
"29-AUG-2024","WELSPUNLIV","Welspun Living Limited","WINRO COMMERCIAL INDIA LIMITED","BUY","15,00,000","205.21",
"02-SEP-2024","HDFCBANK","HDFC Bank Ltd.","BUREAU OF LABOR FUNDS - LABOR PENSION FUND","BUY","68,547","1,636.90",
"02-SEP-2024","HDFCBANK","HDFC Bank Ltd.","COPTHALL MAURITIUS INVESTMENT LIMITED","SELL","10,20,085","1,636.90",
"02-SEP-2024","HDFCBANK","HDFC Bank Ltd.","HOSPITAL AUTHORITY PROVIDENT FUND SCHEME","BUY","10,550","1,636.90",
"02-SEP-2024","HDFCBANK","HDFC Bank Ltd.","SSGA SPDR ETFS EUROPE I PLC SPDR MSCI EM ASIA UCITS ETF","BUY","40,000","1,636.90",
"02-SEP-2024","HDFCBANK","HDFC Bank Ltd.","SSGA SPDR ETFS EUROPE I PLC SPDR MSCI EMERGING MARKETS UCITS ETF","BUY","20,000","1,636.90",
"02-SEP-2024","HDFCBANK","HDFC Bank Ltd.","STATE ST GL ADV LUXEMBOURG SICV ST STR GLO EM MKTS IND EQ FD","BUY","28,000","1,636.90",
"02-SEP-2024","HDFCBANK","HDFC Bank Ltd.","STATE STREET ICAV - SS EM MRKTS ESG SCRD INX EQ FND","BUY","7,538","1,636.90",
"02-SEP-2024","HDFCBANK","HDFC Bank Ltd.","THE MTBJ LTD AS TRST FOR GOVERNMENT PENSION INVESTMENT FUND MTBJ400045849","BUY","5,28,644","1,636.90",
"02-SEP-2024","HDFCBANK","HDFC Bank Ltd.","THE MTBJ LTD. AS TRST FOR GOVERNMNT PENSION INVSTMNT FUND MUTB400045794","BUY","3,16,806","1,636.90",
"02-SEP-2024","TRENT","Trent Ltd.","DODONA HOLDINGS LIMITED","SELL","10,09,200","7,115.00",
"02-SEP-2024","TRENT","Trent Ltd.","SIDDHARTHA YOG","BUY","10,09,200","7,115.00",
"03-SEP-2024","CYIENTDLM","Cyient DLM Limited","CITIGROUP GLOBAL MARKETS MAURITIUS PVT LTD","BUY","2,59,753","732.35",
"03-SEP-2024","CYIENTDLM","Cyient DLM Limited","MORGAN STANLEY ASIA (SINGAPORE) PTE. - ODI","SELL","2,59,753","732.35",
"03-SEP-2024","KPIGREEN","KPI Green Energy Limited","CITIGROUP GLOBAL MARKETS MAURITIUS PVT LTD","BUY","1,57,157","886.60",
"03-SEP-2024","KPIGREEN","KPI Green Energy Limited","MORGAN STANLEY ASIA (SINGAPORE) PTE. - ODI","SELL","1,57,157","886.60",
"03-SEP-2024","MEDIASSIST","Medi Assist Health Ser L","ADITYA BIRLA SUN LIFE INSURANCE COMPANY LIMITED","BUY","1,63,484","611.70",
"03-SEP-2024","MEDIASSIST","Medi Assist Health Ser L","ADITYA BIRLA SUN LIFE MUTUAL FUND","BUY","13,11,019","611.70",
"03-SEP-2024","MEDIASSIST","Medi Assist Health Ser L","BESSEMER INDIA CAPITAL HOLDINGS II LIMITED","SELL","94,90,258","611.70",
"03-SEP-2024","MEDIASSIST","Medi Assist Health Ser L","CITIGROUP GLOBAL MARKETS MAURITIUS PRIVATE LIMITED","BUY","1,63,484","611.70",
"03-SEP-2024","MEDIASSIST","Medi Assist Health Ser L","GOLDMAN SACHS FUNDS - GOLDMAN SACHS INDIA EQUITY PORTFOLIO","BUY","11,55,631","611.70",
"03-SEP-2024","MEDIASSIST","Medi Assist Health Ser L","GS INDIA EQUITY","BUY","40,432","611.70",
"03-SEP-2024","MEDIASSIST","Medi Assist Health Ser L","HDFC MUTUAL FUND","BUY","31,06,098","611.70",
"03-SEP-2024","MEDIASSIST","Medi Assist Health Ser L","ICICI PRUDENTIAL MUTUAL FUND","BUY","8,20,581","611.70",
"03-SEP-2024","MEDIASSIST","Medi Assist Health Ser L","INVESCO MUTUAL FUND","BUY","2,37,315","611.70",
"03-SEP-2024","MEDIASSIST","Medi Assist Health Ser L","MEDIOLANUM BEST BRANDS- MEDIOLANUM INDIA OPPORTUNITIES","BUY","79,146","611.70",
"03-SEP-2024","MEDIASSIST","Medi Assist Health Ser L","MORGAN STANLEY ASIA SINGAPORE PTE","BUY","1,63,484","611.70",
"03-SEP-2024","MEDIASSIST","Medi Assist Health Ser L","NEW YORK STATE TEACHERS RETIREMENT SYSTEM","BUY","35,815","611.70",
"03-SEP-2024","MEDIASSIST","Medi Assist Health Ser L","NOVO HOLDINGS A/S","SELL","5,00,000","611.70",
"03-SEP-2024","MEDIASSIST","Medi Assist Health Ser L","RISING INDIA FOCUS FUND LIMITED","BUY","1,63,484","611.70",
"03-SEP-2024","MEDIASSIST","Medi Assist Health Ser L","SBI GENERAL INSURANCE COMPANY LTD","BUY","1,63,484","611.70",
"03-SEP-2024","MEDIASSIST","Medi Assist Health Ser L","SMALLCAP WORLD FUND INC","BUY","20,59,833","611.70",
"03-SEP-2024","MEDIASSIST","Medi Assist Health Ser L","SOCIETE GENERALE","BUY","1,63,484","611.70",
"03-SEP-2024","MEDIASSIST","Medi Assist Health Ser L","SUNDARAM MUTUAL FUND","BUY","1,63,484","611.70",
"03-SEP-2024","RBLBANK","RBL Bank Limited","CITIGROUP GLOBAL MARKETS MAURITIUS PVT LTD","BUY","9,28,070","227.79",
"03-SEP-2024","RBLBANK","RBL Bank Limited","MORGAN STANLEY ASIA (SINGAPORE) PTE. - ODI","SELL","9,28,070","227.79",
"03-SEP-2024","SULA","Sula Vineyards Limited","CITIGROUP GLOBAL MARKETS MAURITIUS PVT LTD","BUY","2,28,235","487.90",
"03-SEP-2024","SULA","Sula Vineyards Limited","MORGAN STANLEY ASIA (SINGAPORE) PTE. - ODI","SELL","2,28,235","487.90",
"03-SEP-2024","TFCILTD","Tourism Finance Corp","CONNECOR INVESTMENT ENTERPRISE LIMITED .","SELL","11,00,000","178.40",
"03-SEP-2024","TFCILTD","Tourism Finance Corp","LEGENDS GLOBAL OPPORTUNITIES (SINGAPORE) PTE. LTD.","BUY","11,00,000","178.40",
"04-SEP-2024","CAMLINFINE","Camlin Fine Sciences Ltd","INFINITY DIRECT HOLDINGS","SELL","13,38,600","102.98",
"04-SEP-2024","CAMLINFINE","Camlin Fine Sciences Ltd","INFINITY PORTFOLIO HOLDINGS","BUY","13,38,600","102.98",
"04-SEP-2024","SASTASUNDR","Sastasundar Ventures Ltd","MICROSEC VISION TRUST ONE","SELL","5,00,000","307.00",
"04-SEP-2024","SASTASUNDR","Sastasundar Ventures Ltd","RAVI KANT SHARMA","BUY","5,00,000","307.00",
"04-SEP-2024","TRENT","Trent Ltd.","DODONA HOLDINGS LIMITED","SELL","1,21,100","6,966.00",
"04-SEP-2024","TRENT","Trent Ltd.","SIDDHARTHA YOG","BUY","1,21,100","6,966.00",
"06-SEP-2024","HGS","Hinduja Global Sols Ltd","ALLSTARS INVESTMENTS LIMITED","BUY","4,70,000","881.90",
"06-SEP-2024","HGS","Hinduja Global Sols Ltd","AVIATOR GLOBAL INVESTMENT FUND","SELL","4,70,000","881.90",
"06-SEP-2024","METROBRAND","Metro Brands Limited","ALISHA RAFIQUE MALIK","SELL","11,90,000","1,260.00",
"06-SEP-2024","METROBRAND","Metro Brands Limited","BARODA BNP PARIBAS MUTUAL FUND","BUY","80,000","1,260.00",
"06-SEP-2024","METROBRAND","Metro Brands Limited","CITIGROUP GLOBAL MARKETS MAURITIUS PRIVATE LIMITED","BUY","80,000","1,260.00",
"06-SEP-2024","METROBRAND","Metro Brands Limited","FARAH MALIK BHANJI","SELL","11,90,000","1,260.00",
"06-SEP-2024","METROBRAND","Metro Brands Limited","INVESCO MUTUAL FUND","BUY","4,67,000","1,260.00",
"06-SEP-2024","METROBRAND","Metro Brands Limited","KOTAK INFINITY FUND","BUY","13,49,000","1,260.00",
"06-SEP-2024","METROBRAND","Metro Brands Limited","KOTAK MAHINDRA MUTUAL FUND","BUY","39,74,000","1,260.00",
"06-SEP-2024","METROBRAND","Metro Brands Limited","SABINA MALIK HADI","SELL","11,90,000","1,260.00",
"06-SEP-2024","METROBRAND","Metro Brands Limited","ZARAH RAFIQUE MALIK","SELL","11,90,000","1,260.00",
"06-SEP-2024","METROBRAND","Metro Brands Limited","ZIA MALIK LALJI","SELL","11,90,000","1,260.00",
"06-SEP-2024","SHRIPISTON","Shriram Pist. & Ring Ltd","ASTRAL INDIAN EQUITIES FUND I","BUY","47,000","2,197.60",
"06-SEP-2024","SHRIPISTON","Shriram Pist. & Ring Ltd","DSP MUTUAL FUND","BUY","4,40,750","2,197.60",
"06-SEP-2024","SHRIPISTON","Shriram Pist. & Ring Ltd","EAST LANE CAPITAL LLP","BUY","1,29,500","2,197.60",
"06-SEP-2024","SHRIPISTON","Shriram Pist. & Ring Ltd","LUV D. SHRIRAM","SELL","6,60,500","2,181.77",
"06-SEP-2024","SHRIPISTON","Shriram Pist. & Ring Ltd","MEENAKSHI DASS","SELL","6,60,500","2,197.60",
"06-SEP-2024","SHRIPISTON","Shriram Pist. & Ring Ltd","TATA MUTUAL FUND","BUY","2,19,750","2,197.60",
"06-SEP-2024","SHRIPISTON","Shriram Pist. & Ring Ltd","THELEME INDIA MASTER FUND LIMITED","BUY","4,84,000","2,176.00",